timestamp,k,comando_l_hip_roll,real_l_hip_roll,erro_l_hip_roll,comando_l_knee,real_l_knee,erro_l_knee
1.76291e+09,0,-0.0783383,0,0.0783383,1.0586,0,-1.0586
1.76291e+09,1,-0.0783376,0,0.0783376,1.0586,0,-1.0586
1.76291e+09,2,-0.0783359,0,0.0783359,1.0586,0,-1.0586
1.76291e+09,3,-0.0783328,0,0.0783328,1.05861,0,-1.05861
1.76291e+09,4,-0.0783281,0,0.0783281,1.05861,0,-1.05861
1.76291e+09,5,-0.0783216,0,0.0783216,1.05861,0,-1.05861
1.76291e+09,6,-0.0783132,0,0.0783132,1.05861,0,-1.05861
1.76291e+09,7,-0.0783028,0,0.0783028,1.05861,0,-1.05861
1.76291e+09,8,-0.0782906,0,0.0782906,1.05862,0,-1.05862
1.76291e+09,9,-0.0782764,0,0.0782764,1.05862,0,-1.05862
1.76291e+09,10,-0.0782605,0,0.0782605,1.05863,0,-1.05863
1.76291e+09,11,-0.078243,0,0.078243,1.05863,0,-1.05863
1.76291e+09,12,-0.0782238,0,0.0782238,1.05864,0,-1.05864
1.76291e+09,13,-0.0782033,0,0.0782033,1.05864,0,-1.05864
1.76291e+09,14,-0.0781815,0,0.0781815,1.05865,0,-1.05865
1.76291e+09,15,-0.0781586,0,0.0781586,1.05865,0,-1.05865
1.76291e+09,16,-0.0781346,0,0.0781346,1.05866,0,-1.05866
1.76291e+09,17,-0.0781099,0,0.0781099,1.05867,0,-1.05867
1.76291e+09,18,-0.0780844,0,0.0780844,1.05867,0,-1.05867
1.76291e+09,19,-0.0780583,0,0.0780583,1.05868,0,-1.05868
1.76291e+09,20,-0.0780317,0,0.0780317,1.05869,0,-1.05869
1.76291e+09,21,-0.0780048,0,0.0780048,1.0587,0,-1.0587
1.76291e+09,22,-0.0779776,0,0.0779776,1.0587,0,-1.0587
1.76291e+09,23,-0.0779502,0,0.0779502,1.05871,0,-1.05871
1.76291e+09,24,-0.0779227,0,0.0779227,1.05872,0,-1.05872
1.76291e+09,25,-0.0778951,0,0.0778951,1.05872,0,-1.05872
1.76291e+09,26,-0.0778676,0,0.0778676,1.05873,0,-1.05873
1.76291e+09,27,-0.0778401,0,0.0778401,1.05874,0,-1.05874
1.76291e+09,28,-0.0778127,0,0.0778127,1.05875,0,-1.05875
1.76291e+09,29,-0.0777855,0,0.0777855,1.05875,0,-1.05875
1.76291e+09,30,-0.0777584,0,0.0777584,1.05876,0,-1.05876
1.76291e+09,31,-0.0777315,0,0.0777315,1.05877,0,-1.05877
1.76291e+09,32,-0.0777048,0,0.0777048,1.05878,0,-1.05878
1.76291e+09,33,-0.0776783,0,0.0776783,1.05878,0,-1.05878
1.76291e+09,34,-0.077652,0,0.077652,1.05879,0,-1.05879
1.76291e+09,35,-0.077626,0,0.077626,1.0588,0,-1.0588
1.76291e+09,36,-0.0776002,0,0.0776002,1.0588,0,-1.0588
1.76291e+09,37,-0.0775746,0,0.0775746,1.05881,0,-1.05881
1.76291e+09,38,-0.0775492,0,0.0775492,1.05882,0,-1.05882
1.76291e+09,39,-0.077524,0,0.077524,1.05882,0,-1.05882
1.76291e+09,40,-0.0774991,0,0.0774991,1.05883,0,-1.05883
1.76291e+09,41,-0.0774743,0,0.0774743,1.05884,0,-1.05884
1.76291e+09,42,-0.0774498,0,0.0774498,1.05884,0,-1.05884
1.76291e+09,43,-0.0774254,0,0.0774254,1.05885,0,-1.05885
1.76291e+09,44,-0.0774012,0,0.0774012,1.05886,0,-1.05886
1.76291e+09,45,-0.0773771,0,0.0773771,1.05886,0,-1.05886
1.76291e+09,46,-0.0773532,0,0.0773532,1.05887,0,-1.05887
1.76291e+09,47,-0.0773295,0,0.0773295,1.05887,0,-1.05887
1.76291e+09,48,-0.0773059,0,0.0773059,1.05888,0,-1.05888
1.76291e+09,49,-0.0772825,0,0.0772825,1.05889,0,-1.05889
1.76291e+09,50,-0.0772592,0,0.0772592,1.05889,0,-1.05889
1.76291e+09,51,-0.077236,0,0.077236,1.0589,0,-1.0589
1.76291e+09,52,-0.0772129,0,0.0772129,1.05891,0,-1.05891
1.76291e+09,53,-0.0771899,0,0.0771899,1.05891,0,-1.05891
1.76291e+09,54,-0.077167,0,0.077167,1.05892,0,-1.05892
1.76291e+09,55,-0.0771443,0,0.0771443,1.05892,0,-1.05892
1.76291e+09,56,-0.0771216,0,0.0771216,1.05893,0,-1.05893
1.76291e+09,57,-0.077099,0,0.077099,1.05893,0,-1.05893
1.76291e+09,58,-0.0770765,0,0.0770765,1.05894,0,-1.05894
1.76291e+09,59,-0.0770541,0,0.0770541,1.05895,0,-1.05895
1.76291e+09,60,-0.0770318,0,0.0770318,1.05895,0,-1.05895
1.76291e+09,61,-0.0770095,0,0.0770095,1.05896,0,-1.05896
1.76291e+09,62,-0.0769873,0,0.0769873,1.05896,0,-1.05896
1.76291e+09,63,-0.0769652,0,0.0769652,1.05897,0,-1.05897
1.76291e+09,64,-0.0769432,0,0.0769432,1.05897,0,-1.05897
1.76291e+09,65,-0.0769213,0,0.0769213,1.05898,0,-1.05898
1.76291e+09,66,-0.0768994,0,0.0768994,1.05899,0,-1.05899
1.76291e+09,67,-0.0768775,0,0.0768775,1.05899,0,-1.05899
1.76291e+09,68,-0.0768558,0,0.0768558,1.059,0,-1.059
1.76291e+09,69,-0.0768341,0,0.0768341,1.059,0,-1.059
1.76291e+09,70,-0.0768124,0,0.0768124,1.05901,0,-1.05901
1.76291e+09,71,-0.0767908,0,0.0767908,1.05901,0,-1.05901
1.76291e+09,72,-0.0767693,0,0.0767693,1.05902,0,-1.05902
1.76291e+09,73,-0.0767478,0,0.0767478,1.05902,0,-1.05902
1.76291e+09,74,-0.0767264,0,0.0767264,1.05903,0,-1.05903
1.76291e+09,75,-0.0767051,0,0.0767051,1.05904,0,-1.05904
1.76291e+09,76,-0.0766838,0,0.0766838,1.05904,0,-1.05904
1.76291e+09,77,-0.0766625,0,0.0766625,1.05905,0,-1.05905
1.76291e+09,78,-0.0766413,0,0.0766413,1.05905,0,-1.05905
1.76291e+09,79,-0.0766201,0,0.0766201,1.05906,0,-1.05906
1.76291e+09,80,-0.076599,0,0.076599,1.05906,0,-1.05906
1.76291e+09,81,-0.0765779,0,0.0765779,1.05907,0,-1.05907
1.76291e+09,82,-0.0765568,0,0.0765568,1.05907,0,-1.05907
1.76291e+09,83,-0.0765358,0,0.0765358,1.05908,0,-1.05908
1.76291e+09,84,-0.0765149,0,0.0765149,1.05908,0,-1.05908
1.76291e+09,85,-0.0764939,0,0.0764939,1.05909,0,-1.05909
1.76291e+09,86,-0.0764731,0,0.0764731,1.05909,0,-1.05909
1.76291e+09,87,-0.0764522,0,0.0764522,1.0591,0,-1.0591
1.76291e+09,88,-0.0764314,0,0.0764314,1.0591,0,-1.0591
1.76291e+09,89,-0.0764106,0,0.0764106,1.05911,0,-1.05911
1.76291e+09,90,-0.0763898,0,0.0763898,1.05911,0,-1.05911
1.76291e+09,91,-0.0763691,0,0.0763691,1.05912,0,-1.05912
1.76291e+09,92,-0.0763483,0,0.0763483,1.05912,0,-1.05912
1.76291e+09,93,-0.0763277,0,0.0763277,1.05913,0,-1.05913
1.76291e+09,94,-0.076307,0,0.076307,1.05913,0,-1.05913
1.76291e+09,95,-0.0762863,0,0.0762863,1.05914,0,-1.05914
1.76291e+09,96,-0.0762657,0,0.0762657,1.05914,0,-1.05914
1.76291e+09,97,-0.0762451,0,0.0762451,1.05915,0,-1.05915
1.76291e+09,98,-0.0762245,0,0.0762245,1.05916,0,-1.05916
1.76291e+09,99,-0.0762039,0,0.0762039,1.05916,0,-1.05916
1.76291e+09,100,-0.0761833,0,0.0761833,1.05917,0,-1.05917
1.76291e+09,101,-0.0761628,0,0.0761628,1.05917,0,-1.05917
1.76291e+09,102,-0.0761422,0,0.0761422,1.05918,0,-1.05918
1.76291e+09,103,-0.0761216,0,0.0761216,1.05918,0,-1.05918
1.76291e+09,104,-0.0761011,0,0.0761011,1.05919,0,-1.05919
1.76291e+09,105,-0.0760806,0,0.0760806,1.05919,0,-1.05919
1.76291e+09,106,-0.07606,0,0.07606,1.0592,0,-1.0592
1.76291e+09,107,-0.0760395,0,0.0760395,1.0592,0,-1.0592
1.76291e+09,108,-0.076019,0,0.076019,1.05921,0,-1.05921
1.76291e+09,109,-0.0759984,0,0.0759984,1.05921,0,-1.05921
1.76291e+09,110,-0.0759779,0,0.0759779,1.05922,0,-1.05922
1.76291e+09,111,-0.0759573,0,0.0759573,1.05922,0,-1.05922
1.76291e+09,112,-0.0759368,0,0.0759368,1.05923,0,-1.05923
1.76291e+09,113,-0.0759162,0,0.0759162,1.05923,0,-1.05923
1.76291e+09,114,-0.0758956,0,0.0758956,1.05924,0,-1.05924
1.76291e+09,115,-0.075875,0,0.075875,1.05924,0,-1.05924
1.76291e+09,116,-0.0758544,0,0.0758544,1.05925,0,-1.05925
1.76291e+09,117,-0.0758338,0,0.0758338,1.05925,0,-1.05925
1.76291e+09,118,-0.0758132,0,0.0758132,1.05926,0,-1.05926
1.76291e+09,119,-0.0757925,0,0.0757925,1.05926,0,-1.05926
1.76291e+09,120,-0.0757718,0,0.0757718,1.05927,0,-1.05927
1.76291e+09,121,-0.0757511,0,0.0757511,1.05927,0,-1.05927
1.76291e+09,122,-0.0757304,0,0.0757304,1.05928,0,-1.05928
1.76291e+09,123,-0.0757097,0,0.0757097,1.05928,0,-1.05928
1.76291e+09,124,-0.0756889,0,0.0756889,1.05929,0,-1.05929
1.76291e+09,125,-0.0756681,0,0.0756681,1.05929,0,-1.05929
1.76291e+09,126,-0.0756473,0,0.0756473,1.05929,0,-1.05929
1.76291e+09,127,-0.0756264,0,0.0756264,1.0593,0,-1.0593
1.76291e+09,128,-0.0756055,0,0.0756055,1.0593,0,-1.0593
1.76291e+09,129,-0.0755846,0,0.0755846,1.05931,0,-1.05931
1.76291e+09,130,-0.0755637,0,0.0755637,1.05931,0,-1.05931
1.76291e+09,131,-0.0755427,0,0.0755427,1.05932,0,-1.05932
1.76291e+09,132,-0.0755216,0,0.0755216,1.05932,0,-1.05932
1.76291e+09,133,-0.0755005,0,0.0755005,1.05933,0,-1.05933
1.76291e+09,134,-0.0754794,0,0.0754794,1.05933,0,-1.05933
1.76291e+09,135,-0.0754583,0,0.0754583,1.05934,0,-1.05934
1.76291e+09,136,-0.0754371,0,0.0754371,1.05934,0,-1.05934
1.76291e+09,137,-0.0754158,0,0.0754158,1.05935,0,-1.05935
1.76291e+09,138,-0.0753945,0,0.0753945,1.05935,0,-1.05935
1.76291e+09,139,-0.0753732,0,0.0753732,1.05936,0,-1.05936
1.76291e+09,140,-0.0753518,0,0.0753518,1.05936,0,-1.05936
1.76291e+09,141,-0.0753303,0,0.0753303,1.05937,0,-1.05937
1.76291e+09,142,-0.0753088,0,0.0753088,1.05937,0,-1.05937
1.76291e+09,143,-0.0752873,0,0.0752873,1.05938,0,-1.05938
1.76291e+09,144,-0.0752657,0,0.0752657,1.05938,0,-1.05938
1.76291e+09,145,-0.075244,0,0.075244,1.05939,0,-1.05939
1.76291e+09,146,-0.0752223,0,0.0752223,1.0594,0,-1.0594
1.76291e+09,147,-0.0752005,0,0.0752005,1.0594,0,-1.0594
1.76291e+09,148,-0.0751786,0,0.0751786,1.05941,0,-1.05941
1.76291e+09,149,-0.0751567,0,0.0751567,1.05941,0,-1.05941
1.76291e+09,150,-0.0751347,0,0.0751347,1.05942,0,-1.05942
1.76291e+09,151,-0.0751127,0,0.0751127,1.05942,0,-1.05942
1.76291e+09,152,-0.0750906,0,0.0750906,1.05943,0,-1.05943
1.76291e+09,153,-0.0750684,0,0.0750684,1.05943,0,-1.05943
1.76291e+09,154,-0.0750461,0,0.0750461,1.05944,0,-1.05944
1.76291e+09,155,-0.0750238,0,0.0750238,1.05944,0,-1.05944
1.76291e+09,156,-0.0750014,0,0.0750014,1.05945,0,-1.05945
1.76291e+09,157,-0.0749789,0,0.0749789,1.05945,0,-1.05945
1.76291e+09,158,-0.0749563,0,0.0749563,1.05946,0,-1.05946
1.76291e+09,159,-0.0749337,0,0.0749337,1.05946,0,-1.05946
1.76291e+09,160,-0.074911,0,0.074911,1.05947,0,-1.05947
1.76291e+09,161,-0.0748882,0,0.0748882,1.05947,0,-1.05947
1.76291e+09,162,-0.0748653,0,0.0748653,1.05948,0,-1.05948
1.76291e+09,163,-0.0748423,0,0.0748423,1.05948,0,-1.05948
1.76291e+09,164,-0.0748193,0,0.0748193,1.05949,0,-1.05949
1.76291e+09,165,-0.0747961,0,0.0747961,1.05949,0,-1.05949
1.76291e+09,166,-0.0747729,0,0.0747729,1.0595,0,-1.0595
1.76291e+09,167,-0.0747496,0,0.0747496,1.0595,0,-1.0595
1.76291e+09,168,-0.0747262,0,0.0747262,1.05951,0,-1.05951
1.76291e+09,169,-0.0747026,0,0.0747026,1.05951,0,-1.05951
1.76291e+09,170,-0.074679,0,0.074679,1.05952,0,-1.05952
1.76291e+09,171,-0.0746553,0,0.0746553,1.05952,0,-1.05952
1.76291e+09,172,-0.0746315,0,0.0746315,1.05953,0,-1.05953
1.76291e+09,173,-0.0746076,0,0.0746076,1.05954,0,-1.05954
1.76291e+09,174,-0.0745836,0,0.0745836,1.05954,0,-1.05954
1.76291e+09,175,-0.0745595,0,0.0745595,1.05955,0,-1.05955
1.76291e+09,176,-0.0745353,0,0.0745353,1.05955,0,-1.05955
1.76291e+09,177,-0.074511,0,0.074511,1.05956,0,-1.05956
1.76291e+09,178,-0.0744866,0,0.0744866,1.05956,0,-1.05956
1.76291e+09,179,-0.0744621,0,0.0744621,1.05957,0,-1.05957
1.76291e+09,180,-0.0744374,0,0.0744374,1.05957,0,-1.05957
1.76291e+09,181,-0.0744127,0,0.0744127,1.05958,0,-1.05958
1.76291e+09,182,-0.0743878,0,0.0743878,1.05958,0,-1.05958
1.76291e+09,183,-0.0743628,0,0.0743628,1.05959,0,-1.05959
1.76291e+09,184,-0.0743377,0,0.0743377,1.0596,0,-1.0596
1.76291e+09,185,-0.0743125,0,0.0743125,1.0596,0,-1.0596
1.76291e+09,186,-0.0742872,0,0.0742872,1.05961,0,-1.05961
1.76291e+09,187,-0.0742617,0,0.0742617,1.05961,0,-1.05961
1.76291e+09,188,-0.0742361,0,0.0742361,1.05962,0,-1.05962
1.76291e+09,189,-0.0742104,0,0.0742104,1.05962,0,-1.05962
1.76291e+09,190,-0.0741846,0,0.0741846,1.05963,0,-1.05963
1.76291e+09,191,-0.0741586,0,0.0741586,1.05963,0,-1.05963
1.76291e+09,192,-0.0741325,0,0.0741325,1.05964,0,-1.05964
1.76291e+09,193,-0.0741063,0,0.0741063,1.05965,0,-1.05965
1.76291e+09,194,-0.07408,0,0.07408,1.05965,0,-1.05965
1.76291e+09,195,-0.0740535,0,0.0740535,1.05966,0,-1.05966
1.76291e+09,196,-0.0740269,0,0.0740269,1.05966,0,-1.05966
1.76291e+09,197,-0.0740001,0,0.0740001,1.05967,0,-1.05967
1.76291e+09,198,-0.0739732,0,0.0739732,1.05967,0,-1.05967
1.76291e+09,199,-0.0739462,0,0.0739462,1.05968,0,-1.05968
1.76291e+09,200,-0.073919,0,0.073919,1.05969,0,-1.05969
1.76291e+09,201,-0.0738917,0,0.0738917,1.05969,0,-1.05969
1.76291e+09,202,-0.0738643,0,0.0738643,1.0597,0,-1.0597
1.76291e+09,203,-0.0738367,0,0.0738367,1.0597,0,-1.0597
1.76291e+09,204,-0.0738089,0,0.0738089,1.05971,0,-1.05971
1.76291e+09,205,-0.073781,0,0.073781,1.05972,0,-1.05972
1.76291e+09,206,-0.0737529,0,0.0737529,1.05972,0,-1.05972
1.76291e+09,207,-0.0737247,0,0.0737247,1.05973,0,-1.05973
1.76291e+09,208,-0.0736964,0,0.0736964,1.05973,0,-1.05973
1.76291e+09,209,-0.0736679,0,0.0736679,1.05974,0,-1.05974
1.76291e+09,210,-0.0736392,0,0.0736392,1.05975,0,-1.05975
1.76291e+09,211,-0.0736103,0,0.0736103,1.05975,0,-1.05975
1.76291e+09,212,-0.0735814,0,0.0735814,1.05976,0,-1.05976
1.76291e+09,213,-0.0735522,0,0.0735522,1.05976,0,-1.05976
1.76291e+09,214,-0.0735229,0,0.0735229,1.05977,0,-1.05977
1.76291e+09,215,-0.0734934,0,0.0734934,1.05978,0,-1.05978
1.76291e+09,216,-0.0734637,0,0.0734637,1.05978,0,-1.05978
1.76291e+09,217,-0.0734339,0,0.0734339,1.05979,0,-1.05979
1.76291e+09,218,-0.0734039,0,0.0734039,1.0598,0,-1.0598
1.76291e+09,219,-0.0733738,0,0.0733738,1.0598,0,-1.0598
1.76291e+09,220,-0.0733434,0,0.0733434,1.05981,0,-1.05981
1.76291e+09,221,-0.0733129,0,0.0733129,1.05981,0,-1.05981
1.76291e+09,222,-0.0732822,0,0.0732822,1.05982,0,-1.05982
1.76291e+09,223,-0.0732514,0,0.0732514,1.05983,0,-1.05983
1.76291e+09,224,-0.0732203,0,0.0732203,1.05983,0,-1.05983
1.76291e+09,225,-0.0731891,0,0.0731891,1.05984,0,-1.05984
1.76291e+09,226,-0.0731577,0,0.0731577,1.05985,0,-1.05985
1.76291e+09,227,-0.0731261,0,0.0731261,1.05985,0,-1.05985
1.76291e+09,228,-0.0730943,0,0.0730943,1.05986,0,-1.05986
1.76291e+09,229,-0.0730623,0,0.0730623,1.05987,0,-1.05987
1.76291e+09,230,-0.0730301,0,0.0730301,1.05987,0,-1.05987
1.76291e+09,231,-0.0729978,0,0.0729978,1.05988,0,-1.05988
1.76291e+09,232,-0.0729652,0,0.0729652,1.05989,0,-1.05989
1.76291e+09,233,-0.0729325,0,0.0729325,1.05989,0,-1.05989
1.76291e+09,234,-0.0728995,0,0.0728995,1.0599,0,-1.0599
1.76291e+09,235,-0.0728664,0,0.0728664,1.05991,0,-1.05991
1.76291e+09,236,-0.072833,0,0.072833,1.05991,0,-1.05991
1.76291e+09,237,-0.0727995,0,0.0727995,1.05992,0,-1.05992
1.76291e+09,238,-0.0727657,0,0.0727657,1.05993,0,-1.05993
1.76291e+09,239,-0.0727318,0,0.0727318,1.05993,0,-1.05993
1.76291e+09,240,-0.0726976,0,0.0726976,1.05994,0,-1.05994
1.76291e+09,241,-0.0726632,0,0.0726632,1.05995,0,-1.05995
1.76291e+09,242,-0.0726286,0,0.0726286,1.05995,0,-1.05995
1.76291e+09,243,-0.0725938,0,0.0725938,1.05996,0,-1.05996
1.76291e+09,244,-0.0725588,0,0.0725588,1.05997,0,-1.05997
1.76291e+09,245,-0.0725235,0,0.0725235,1.05997,0,-1.05997
1.76291e+09,246,-0.0724881,0,0.0724881,1.05998,0,-1.05998
1.76291e+09,247,-0.0724524,0,0.0724524,1.05999,0,-1.05999
1.76291e+09,248,-0.0724165,0,0.0724165,1.05999,0,-1.05999
1.76291e+09,249,-0.0723804,0,0.0723804,1.06,0,-1.06
1.76291e+09,250,-0.072344,0,0.072344,1.06001,0,-1.06001
1.76291e+09,251,-0.0723074,0,0.0723074,1.06002,0,-1.06002
1.76291e+09,252,-0.0722706,0,0.0722706,1.06002,0,-1.06002
1.76291e+09,253,-0.0722336,0,0.0722336,1.06003,0,-1.06003
1.76291e+09,254,-0.0721963,0,0.0721963,1.06004,0,-1.06004
1.76291e+09,255,-0.0721588,0,0.0721588,1.06004,0,-1.06004
1.76291e+09,256,-0.072121,0,0.072121,1.06005,0,-1.06005
1.76291e+09,257,-0.072083,0,0.072083,1.06006,0,-1.06006
1.76291e+09,258,-0.0720448,0,0.0720448,1.06007,0,-1.06007
1.76291e+09,259,-0.0720063,0,0.0720063,1.06007,0,-1.06007
1.76291e+09,260,-0.0719676,0,0.0719676,1.06008,0,-1.06008
1.76291e+09,261,-0.0719286,0,0.0719286,1.06009,0,-1.06009
1.76291e+09,262,-0.0718893,0,0.0718893,1.06009,0,-1.06009
1.76291e+09,263,-0.0718499,0,0.0718499,1.0601,0,-1.0601
1.76291e+09,264,-0.0718101,0,0.0718101,1.06011,0,-1.06011
1.76291e+09,265,-0.0717701,0,0.0717701,1.06012,0,-1.06012
1.76291e+09,266,-0.0717299,0,0.0717299,1.06012,0,-1.06012
1.76291e+09,267,-0.0716894,0,0.0716894,1.06013,0,-1.06013
1.76291e+09,268,-0.0716486,0,0.0716486,1.06014,0,-1.06014
1.76291e+09,269,-0.0716076,0,0.0716076,1.06015,0,-1.06015
1.76291e+09,270,-0.0715663,0,0.0715663,1.06015,0,-1.06015
1.76291e+09,271,-0.0715247,0,0.0715247,1.06016,0,-1.06016
1.76291e+09,272,-0.0714829,0,0.0714829,1.06017,0,-1.06017
1.76291e+09,273,-0.0714408,0,0.0714408,1.06018,0,-1.06018
1.76291e+09,274,-0.0713984,0,0.0713984,1.06019,0,-1.06019
1.76291e+09,275,-0.0713557,0,0.0713557,1.06019,0,-1.06019
1.76291e+09,276,-0.0713128,0,0.0713128,1.0602,0,-1.0602
1.76291e+09,277,-0.0712696,0,0.0712696,1.06021,0,-1.06021
1.76291e+09,278,-0.071226,0,0.071226,1.06022,0,-1.06022
1.76291e+09,279,-0.0711823,0,0.0711823,1.06022,0,-1.06022
1.76291e+09,280,-0.0711382,0,0.0711382,1.06023,0,-1.06023
1.76291e+09,281,-0.0710938,0,0.0710938,1.06024,0,-1.06024
1.76291e+09,282,-0.0710491,0,0.0710491,1.06025,0,-1.06025
1.76291e+09,283,-0.0710042,0,0.0710042,1.06026,0,-1.06026
1.76291e+09,284,-0.0709589,0,0.0709589,1.06026,0,-1.06026
1.76291e+09,285,-0.0709134,0,0.0709134,1.06027,0,-1.06027
1.76291e+09,286,-0.0708675,0,0.0708675,1.06028,0,-1.06028
1.76291e+09,287,-0.0708214,0,0.0708214,1.06029,0,-1.06029
1.76291e+09,288,-0.0707749,0,0.0707749,1.0603,0,-1.0603
1.76291e+09,289,-0.0707282,0,0.0707282,1.0603,0,-1.0603
1.76291e+09,290,-0.0706811,0,0.0706811,1.06031,0,-1.06031
1.76291e+09,291,-0.0706337,0,0.0706337,1.06032,0,-1.06032
1.76291e+09,292,-0.070586,0,0.070586,1.06033,0,-1.06033
1.76291e+09,293,-0.070538,0,0.070538,1.06034,0,-1.06034
1.76291e+09,294,-0.0704896,0,0.0704896,1.06034,0,-1.06034
1.76291e+09,295,-0.070441,0,0.070441,1.06035,0,-1.06035
1.76291e+09,296,-0.070392,0,0.070392,1.06036,0,-1.06036
1.76291e+09,297,-0.0703427,0,0.0703427,1.06037,0,-1.06037
1.76291e+09,298,-0.070293,0,0.070293,1.06038,0,-1.06038
1.76291e+09,299,-0.0702431,0,0.0702431,1.06038,0,-1.06038
1.76291e+09,300,-0.0701928,0,0.0701928,1.06039,0,-1.06039
1.76291e+09,301,-0.0701421,0,0.0701421,1.0604,0,-1.0604
1.76291e+09,302,-0.0700912,0,0.0700912,1.06041,0,-1.06041
1.76291e+09,303,-0.0700398,0,0.0700398,1.06042,0,-1.06042
1.76291e+09,304,-0.0699882,0,0.0699882,1.06043,0,-1.06043
1.76291e+09,305,-0.0699362,0,0.0699362,1.06043,0,-1.06043
1.76291e+09,306,-0.0698838,0,0.0698838,1.06044,0,-1.06044
1.76291e+09,307,-0.0698311,0,0.0698311,1.06045,0,-1.06045
1.76291e+09,308,-0.069778,0,0.069778,1.06046,0,-1.06046
1.76291e+09,309,-0.0697246,0,0.0697246,1.06047,0,-1.06047
1.76291e+09,310,-0.0696708,0,0.0696708,1.06048,0,-1.06048
1.76291e+09,311,-0.0696167,0,0.0696167,1.06049,0,-1.06049
1.76291e+09,312,-0.0695622,0,0.0695622,1.06049,0,-1.06049
1.76291e+09,313,-0.0695073,0,0.0695073,1.0605,0,-1.0605
1.76291e+09,314,-0.0694521,0,0.0694521,1.06051,0,-1.06051
1.76291e+09,315,-0.0693965,0,0.0693965,1.06052,0,-1.06052
1.76291e+09,316,-0.0693405,0,0.0693405,1.06053,0,-1.06053
1.76291e+09,317,-0.0692842,0,0.0692842,1.06054,0,-1.06054
1.76291e+09,318,-0.0692274,0,0.0692274,1.06055,0,-1.06055
1.76291e+09,319,-0.0691703,0,0.0691703,1.06055,0,-1.06055
1.76291e+09,320,-0.0691128,0,0.0691128,1.06056,0,-1.06056
1.76291e+09,321,-0.0690549,0,0.0690549,1.06057,0,-1.06057
1.76291e+09,322,-0.0689966,0,0.0689966,1.06058,0,-1.06058
1.76291e+09,323,-0.068938,0,0.068938,1.06059,0,-1.06059
1.76291e+09,324,-0.0688789,0,0.0688789,1.0606,0,-1.0606
1.76291e+09,325,-0.0688194,0,0.0688194,1.06061,0,-1.06061
1.76291e+09,326,-0.0687595,0,0.0687595,1.06061,0,-1.06061
1.76291e+09,327,-0.0686993,0,0.0686993,1.06062,0,-1.06062
1.76291e+09,328,-0.0686386,0,0.0686386,1.06063,0,-1.06063
1.76291e+09,329,-0.0685775,0,0.0685775,1.06064,0,-1.06064
1.76291e+09,330,-0.068516,0,0.068516,1.06065,0,-1.06065
1.76291e+09,331,-0.068454,0,0.068454,1.06066,0,-1.06066
1.76291e+09,332,-0.0683917,0,0.0683917,1.06067,0,-1.06067
1.76291e+09,333,-0.0683289,0,0.0683289,1.06068,0,-1.06068
1.76291e+09,334,-0.0682658,0,0.0682658,1.06068,0,-1.06068
1.76291e+09,335,-0.0682021,0,0.0682021,1.06069,0,-1.06069
1.76291e+09,336,-0.0681381,0,0.0681381,1.0607,0,-1.0607
1.76291e+09,337,-0.0680736,0,0.0680736,1.06071,0,-1.06071
1.76291e+09,338,-0.0680087,0,0.0680087,1.06072,0,-1.06072
1.76291e+09,339,-0.0679433,0,0.0679433,1.06073,0,-1.06073
1.76291e+09,340,-0.0678775,0,0.0678775,1.06074,0,-1.06074
1.76291e+09,341,-0.0678113,0,0.0678113,1.06075,0,-1.06075
1.76291e+09,342,-0.0677446,0,0.0677446,1.06075,0,-1.06075
1.76291e+09,343,-0.0676774,0,0.0676774,1.06076,0,-1.06076
1.76291e+09,344,-0.0676098,0,0.0676098,1.06077,0,-1.06077
1.76291e+09,345,-0.0675418,0,0.0675418,1.06078,0,-1.06078
1.76291e+09,346,-0.0674732,0,0.0674732,1.06079,0,-1.06079
1.76291e+09,347,-0.0674042,0,0.0674042,1.0608,0,-1.0608
1.76291e+09,348,-0.0673348,0,0.0673348,1.06081,0,-1.06081
1.76291e+09,349,-0.0672649,0,0.0672649,1.06082,0,-1.06082
1.76291e+09,350,-0.0671944,0,0.0671944,1.06083,0,-1.06083
1.76291e+09,351,-0.0671236,0,0.0671236,1.06083,0,-1.06083
1.76291e+09,352,-0.0670522,0,0.0670522,1.06084,0,-1.06084
1.76291e+09,353,-0.0669804,0,0.0669804,1.06085,0,-1.06085
1.76291e+09,354,-0.066908,0,0.066908,1.06086,0,-1.06086
1.76291e+09,355,-0.0668352,0,0.0668352,1.06087,0,-1.06087
1.76291e+09,356,-0.0667619,0,0.0667619,1.06088,0,-1.06088
1.76291e+09,357,-0.066688,0,0.066688,1.06089,0,-1.06089
1.76291e+09,358,-0.0666137,0,0.0666137,1.06089,0,-1.06089
1.76291e+09,359,-0.0665389,0,0.0665389,1.0609,0,-1.0609
1.76291e+09,360,-0.0664636,0,0.0664636,1.06091,0,-1.06091
1.76291e+09,361,-0.0663877,0,0.0663877,1.06092,0,-1.06092
1.76291e+09,362,-0.0663113,0,0.0663113,1.06093,0,-1.06093
1.76291e+09,363,-0.0662345,0,0.0662345,1.06094,0,-1.06094
1.76291e+09,364,-0.066157,0,0.066157,1.06095,0,-1.06095
1.76291e+09,365,-0.0660791,0,0.0660791,1.06095,0,-1.06095
1.76291e+09,366,-0.0660007,0,0.0660007,1.06096,0,-1.06096
1.76291e+09,367,-0.0659217,0,0.0659217,1.06097,0,-1.06097
1.76291e+09,368,-0.0658421,0,0.0658421,1.06098,0,-1.06098
1.76291e+09,369,-0.065762,0,0.065762,1.06099,0,-1.06099
1.76291e+09,370,-0.0656814,0,0.0656814,1.061,0,-1.061
1.76291e+09,371,-0.0656003,0,0.0656003,1.06101,0,-1.06101
1.76291e+09,372,-0.0655185,0,0.0655185,1.06101,0,-1.06101
1.76291e+09,373,-0.0654363,0,0.0654363,1.06102,0,-1.06102
1.76291e+09,374,-0.0653534,0,0.0653534,1.06103,0,-1.06103
1.76291e+09,375,-0.06527,0,0.06527,1.06104,0,-1.06104
1.76291e+09,376,-0.0651861,0,0.0651861,1.06105,0,-1.06105
1.76291e+09,377,-0.0651015,0,0.0651015,1.06105,0,-1.06105
1.76291e+09,378,-0.0650164,0,0.0650164,1.06106,0,-1.06106
1.76291e+09,379,-0.0649307,0,0.0649307,1.06107,0,-1.06107
1.76291e+09,380,-0.0648445,0,0.0648445,1.06108,0,-1.06108
1.76291e+09,381,-0.0647576,0,0.0647576,1.06109,0,-1.06109
1.76291e+09,382,-0.0646701,0,0.0646701,1.06109,0,-1.06109
1.76291e+09,383,-0.0645821,0,0.0645821,1.0611,0,-1.0611
1.76291e+09,384,-0.0644934,0,0.0644934,1.06111,0,-1.06111
1.76291e+09,385,-0.0644042,0,0.0644042,1.06112,0,-1.06112
1.76291e+09,386,-0.0643143,0,0.0643143,1.06113,0,-1.06113
1.76291e+09,387,-0.0642239,0,0.0642239,1.06113,0,-1.06113
1.76291e+09,388,-0.0641328,0,0.0641328,1.06114,0,-1.06114
1.76291e+09,389,-0.0640411,0,0.0640411,1.06115,0,-1.06115
1.76291e+09,390,-0.0639488,0,0.0639488,1.06116,0,-1.06116
1.76291e+09,391,-0.0638558,0,0.0638558,1.06116,0,-1.06116
1.76291e+09,392,-0.0637622,0,0.0637622,1.06117,0,-1.06117
1.76291e+09,393,-0.063668,0,0.063668,1.06118,0,-1.06118
1.76291e+09,394,-0.0635731,0,0.0635731,1.06118,0,-1.06118
1.76291e+09,395,-0.0634776,0,0.0634776,1.06119,0,-1.06119
1.76291e+09,396,-0.0633815,0,0.0633815,1.0612,0,-1.0612
1.76291e+09,397,-0.0632846,0,0.0632846,1.06121,0,-1.06121
1.76291e+09,398,-0.0631872,0,0.0631872,1.06121,0,-1.06121
1.76291e+09,399,-0.063089,0,0.063089,1.06122,0,-1.06122
1.76291e+09,400,-0.0629902,0,0.0629902,1.06123,0,-1.06123
1.76291e+09,401,-0.0628908,0,0.0628908,1.06123,0,-1.06123
1.76291e+09,402,-0.0627906,0,0.0627906,1.06124,0,-1.06124
1.76291e+09,403,-0.0626898,0,0.0626898,1.06125,0,-1.06125
1.76291e+09,404,-0.0625882,0,0.0625882,1.06125,0,-1.06125
1.76291e+09,405,-0.062486,0,0.062486,1.06126,0,-1.06126
1.76291e+09,406,-0.0623831,0,0.0623831,1.06126,0,-1.06126
1.76291e+09,407,-0.0622795,0,0.0622795,1.06127,0,-1.06127
1.76291e+09,408,-0.0621752,0,0.0621752,1.06128,0,-1.06128
1.76291e+09,409,-0.0620702,0,0.0620702,1.06128,0,-1.06128
1.76291e+09,410,-0.0619645,0,0.0619645,1.06129,0,-1.06129
1.76291e+09,411,-0.061858,0,0.061858,1.06129,0,-1.06129
1.76291e+09,412,-0.0617508,0,0.0617508,1.0613,0,-1.0613
1.76291e+09,413,-0.0616429,0,0.0616429,1.0613,0,-1.0613
1.76291e+09,414,-0.0615343,0,0.0615343,1.06131,0,-1.06131
1.76291e+09,415,-0.0614249,0,0.0614249,1.06131,0,-1.06131
1.76291e+09,416,-0.0613148,0,0.0613148,1.06132,0,-1.06132
1.76291e+09,417,-0.0612039,0,0.0612039,1.06132,0,-1.06132
1.76291e+09,418,-0.0610923,0,0.0610923,1.06133,0,-1.06133
1.76291e+09,419,-0.0609799,0,0.0609799,1.06133,0,-1.06133
1.76291e+09,420,-0.0608668,0,0.0608668,1.06134,0,-1.06134
1.76291e+09,421,-0.0607528,0,0.0607528,1.06134,0,-1.06134
1.76291e+09,422,-0.0606382,0,0.0606382,1.06135,0,-1.06135
1.76291e+09,423,-0.0605227,0,0.0605227,1.06135,0,-1.06135
1.76291e+09,424,-0.0604064,0,0.0604064,1.06135,0,-1.06135
1.76291e+09,425,-0.0602894,0,0.0602894,1.06136,0,-1.06136
1.76291e+09,426,-0.0601715,0,0.0601715,1.06136,0,-1.06136
1.76291e+09,427,-0.0600529,0,0.0600529,1.06136,0,-1.06136
1.76291e+09,428,-0.0599335,0,0.0599335,1.06137,0,-1.06137
1.76291e+09,429,-0.0598132,0,0.0598132,1.06137,0,-1.06137
1.76291e+09,430,-0.0596921,0,0.0596921,1.06137,0,-1.06137
1.76291e+09,431,-0.0595702,0,0.0595702,1.06138,0,-1.06138
1.76291e+09,432,-0.0594475,0,0.0594475,1.06138,0,-1.06138
1.76291e+09,433,-0.0593239,0,0.0593239,1.06138,0,-1.06138
1.76291e+09,434,-0.0591995,0,0.0591995,1.06138,0,-1.06138
1.76291e+09,435,-0.0590743,0,0.0590743,1.06139,0,-1.06139
1.76291e+09,436,-0.0589482,0,0.0589482,1.06139,0,-1.06139
1.76291e+09,437,-0.0588212,0,0.0588212,1.06139,0,-1.06139
1.76291e+09,438,-0.0586934,0,0.0586934,1.06139,0,-1.06139
1.76291e+09,439,-0.0585648,0,0.0585648,1.06139,0,-1.06139
1.76291e+09,440,-0.0584352,0,0.0584352,1.06139,0,-1.06139
1.76291e+09,441,-0.0583048,0,0.0583048,1.06139,0,-1.06139
1.76291e+09,442,-0.0581735,0,0.0581735,1.06139,0,-1.06139
1.76291e+09,443,-0.0580412,0,0.0580412,1.06139,0,-1.06139
1.76291e+09,444,-0.0579081,0,0.0579081,1.06139,0,-1.06139
1.76291e+09,445,-0.0577741,0,0.0577741,1.06139,0,-1.06139
1.76291e+09,446,-0.0576392,0,0.0576392,1.06139,0,-1.06139
1.76291e+09,447,-0.0575034,0,0.0575034,1.06139,0,-1.06139
1.76291e+09,448,-0.0573666,0,0.0573666,1.06139,0,-1.06139
1.76291e+09,449,-0.0572289,0,0.0572289,1.06139,0,-1.06139
1.76291e+09,450,-0.0570903,0,0.0570903,1.06139,0,-1.06139
1.76291e+09,451,-0.0569507,0,0.0569507,1.06139,0,-1.06139
1.76291e+09,452,-0.0568102,0,0.0568102,1.06138,0,-1.06138
1.76291e+09,453,-0.0566688,0,0.0566688,1.06138,0,-1.06138
1.76291e+09,454,-0.0565263,0,0.0565263,1.06138,0,-1.06138
1.76291e+09,455,-0.056383,0,0.056383,1.06137,0,-1.06137
1.76291e+09,456,-0.0562386,0,0.0562386,1.06137,0,-1.06137
1.76291e+09,457,-0.0560932,0,0.0560932,1.06137,0,-1.06137
1.76291e+09,458,-0.0559469,0,0.0559469,1.06136,0,-1.06136
1.76291e+09,459,-0.0557996,0,0.0557996,1.06136,0,-1.06136
1.76291e+09,460,-0.0556513,0,0.0556513,1.06136,0,-1.06136
1.76291e+09,461,-0.0555019,0,0.0555019,1.06135,0,-1.06135
1.76291e+09,462,-0.0553516,0,0.0553516,1.06134,0,-1.06134
1.76291e+09,463,-0.0552002,0,0.0552002,1.06134,0,-1.06134
1.76291e+09,464,-0.0550478,0,0.0550478,1.06133,0,-1.06133
1.76291e+09,465,-0.0548943,0,0.0548943,1.06133,0,-1.06133
1.76291e+09,466,-0.0547398,0,0.0547398,1.06132,0,-1.06132
1.76291e+09,467,-0.0545843,0,0.0545843,1.06131,0,-1.06131
1.76291e+09,468,-0.0544276,0,0.0544276,1.06131,0,-1.06131
1.76291e+09,469,-0.05427,0,0.05427,1.0613,0,-1.0613
1.76291e+09,470,-0.0541112,0,0.0541112,1.06129,0,-1.06129
1.76291e+09,471,-0.0539514,0,0.0539514,1.06128,0,-1.06128
1.76291e+09,472,-0.0537904,0,0.0537904,1.06127,0,-1.06127
1.76291e+09,473,-0.0536284,0,0.0536284,1.06126,0,-1.06126
1.76291e+09,474,-0.0534652,0,0.0534652,1.06125,0,-1.06125
1.76291e+09,475,-0.053301,0,0.053301,1.06124,0,-1.06124
1.76291e+09,476,-0.0531356,0,0.0531356,1.06123,0,-1.06123
1.76291e+09,477,-0.0529691,0,0.0529691,1.06122,0,-1.06122
1.76291e+09,478,-0.0528015,0,0.0528015,1.06121,0,-1.06121
1.76291e+09,479,-0.0526327,0,0.0526327,1.0612,0,-1.0612
1.76291e+09,480,-0.0524595,0,0.0524595,1.06117,0,-1.06117
1.76291e+09,481,-0.0522852,0,0.0522852,1.06114,0,-1.06114
1.76291e+09,482,-0.0521098,0,0.0521098,1.06111,0,-1.06111
1.76291e+09,483,-0.0519332,0,0.0519332,1.06108,0,-1.06108
1.76291e+09,484,-0.0517554,0,0.0517554,1.06105,0,-1.06105
1.76291e+09,485,-0.0515766,0,0.0515766,1.06102,0,-1.06102
1.76291e+09,486,-0.0513966,0,0.0513966,1.06099,0,-1.06099
1.76291e+09,487,-0.0512154,0,0.0512154,1.06096,0,-1.06096
1.76291e+09,488,-0.0510331,0,0.0510331,1.06092,0,-1.06092
1.76291e+09,489,-0.0508497,0,0.0508497,1.06089,0,-1.06089
1.76291e+09,490,-0.0506651,0,0.0506651,1.06086,0,-1.06086
1.76291e+09,491,-0.0504794,0,0.0504794,1.06082,0,-1.06082
1.76291e+09,492,-0.0502926,0,0.0502926,1.06079,0,-1.06079
1.76291e+09,493,-0.0501046,0,0.0501046,1.06075,0,-1.06075
1.76291e+09,494,-0.0499155,0,0.0499155,1.06071,0,-1.06071
1.76291e+09,495,-0.0497253,0,0.0497253,1.06068,0,-1.06068
1.76291e+09,496,-0.049534,0,0.049534,1.06064,0,-1.06064
1.76291e+09,497,-0.0493416,0,0.0493416,1.0606,0,-1.0606
1.76291e+09,498,-0.0491482,0,0.0491482,1.06056,0,-1.06056
1.76291e+09,499,-0.0489536,0,0.0489536,1.06052,0,-1.06052
1.76291e+09,500,-0.048758,0,0.048758,1.06048,0,-1.06048
1.76291e+09,501,-0.0485614,0,0.0485614,1.06044,0,-1.06044
1.76291e+09,502,-0.0483637,0,0.0483637,1.0604,0,-1.0604
1.76291e+09,503,-0.048165,0,0.048165,1.06036,0,-1.06036
1.76291e+09,504,-0.0479653,0,0.0479653,1.06032,0,-1.06032
1.76291e+09,505,-0.0477647,0,0.0477647,1.06027,0,-1.06027
1.76291e+09,506,-0.0475631,0,0.0475631,1.06023,0,-1.06023
1.76291e+09,507,-0.0473605,0,0.0473605,1.06019,0,-1.06019
1.76291e+09,508,-0.047157,0,0.047157,1.06014,0,-1.06014
1.76291e+09,509,-0.0469526,0,0.0469526,1.06009,0,-1.06009
1.76291e+09,510,-0.0467473,0,0.0467473,1.06005,0,-1.06005
1.76291e+09,511,-0.0465412,0,0.0465412,1.06,0,-1.06
1.76291e+09,512,-0.0463342,0,0.0463342,1.05995,0,-1.05995
1.76291e+09,513,-0.0461264,0,0.0461264,1.0599,0,-1.0599
1.76291e+09,514,-0.0459178,0,0.0459178,1.05985,0,-1.05985
1.76291e+09,515,-0.0457085,0,0.0457085,1.0598,0,-1.0598
1.76291e+09,516,-0.0454985,0,0.0454985,1.05975,0,-1.05975
1.76291e+09,517,-0.0452877,0,0.0452877,1.0597,0,-1.0597
1.76291e+09,518,-0.0450762,0,0.0450762,1.05965,0,-1.05965
1.76291e+09,519,-0.0448641,0,0.0448641,1.05959,0,-1.05959
1.76291e+09,520,-0.0446514,0,0.0446514,1.05954,0,-1.05954
1.76291e+09,521,-0.044438,0,0.044438,1.05949,0,-1.05949
1.76291e+09,522,-0.0442242,0,0.0442242,1.05943,0,-1.05943
1.76291e+09,523,-0.0440097,0,0.0440097,1.05937,0,-1.05937
1.76291e+09,524,-0.0437948,0,0.0437948,1.05932,0,-1.05932
1.76291e+09,525,-0.0435794,0,0.0435794,1.05926,0,-1.05926
1.76291e+09,526,-0.0433635,0,0.0433635,1.0592,0,-1.0592
1.76291e+09,527,-0.0431472,0,0.0431472,1.05914,0,-1.05914
1.76291e+09,528,-0.0429305,0,0.0429305,1.05908,0,-1.05908
1.76291e+09,529,-0.0427135,0,0.0427135,1.05902,0,-1.05902
1.76291e+09,530,-0.0424962,0,0.0424962,1.05896,0,-1.05896
1.76291e+09,531,-0.0422786,0,0.0422786,1.0589,0,-1.0589
1.76291e+09,532,-0.0420607,0,0.0420607,1.05884,0,-1.05884
1.76291e+09,533,-0.0418426,0,0.0418426,1.05877,0,-1.05877
1.76291e+09,534,-0.0416244,0,0.0416244,1.05871,0,-1.05871
1.76291e+09,535,-0.0414059,0,0.0414059,1.05864,0,-1.05864
1.76291e+09,536,-0.0411874,0,0.0411874,1.05858,0,-1.05858
1.76291e+09,537,-0.0409688,0,0.0409688,1.05851,0,-1.05851
1.76291e+09,538,-0.0407501,0,0.0407501,1.05844,0,-1.05844
1.76291e+09,539,-0.0405314,0,0.0405314,1.05838,0,-1.05838
1.76291e+09,540,-0.0403127,0,0.0403127,1.05831,0,-1.05831
1.76291e+09,541,-0.0400941,0,0.0400941,1.05824,0,-1.05824
1.76291e+09,542,-0.0398755,0,0.0398755,1.05817,0,-1.05817
1.76291e+09,543,-0.0396571,0,0.0396571,1.0581,0,-1.0581
1.76291e+09,544,-0.0394388,0,0.0394388,1.05803,0,-1.05803
1.76291e+09,545,-0.0392207,0,0.0392207,1.05795,0,-1.05795
1.76291e+09,546,-0.0390029,0,0.0390029,1.05788,0,-1.05788
1.76291e+09,547,-0.0387852,0,0.0387852,1.05781,0,-1.05781
1.76291e+09,548,-0.0385679,0,0.0385679,1.05774,0,-1.05774
1.76291e+09,549,-0.0383509,0,0.0383509,1.05766,0,-1.05766
1.76291e+09,550,-0.0381343,0,0.0381343,1.05759,0,-1.05759
1.76291e+09,551,-0.037918,0,0.037918,1.05751,0,-1.05751
1.76291e+09,552,-0.0377022,0,0.0377022,1.05743,0,-1.05743
1.76291e+09,553,-0.0374868,0,0.0374868,1.05736,0,-1.05736
1.76291e+09,554,-0.0372719,0,0.0372719,1.05728,0,-1.05728
1.76291e+09,555,-0.0370576,0,0.0370576,1.0572,0,-1.0572
1.76291e+09,556,-0.0368438,0,0.0368438,1.05712,0,-1.05712
1.76291e+09,557,-0.0366305,0,0.0366305,1.05705,0,-1.05705
1.76291e+09,558,-0.0364179,0,0.0364179,1.05697,0,-1.05697
1.76291e+09,559,-0.0362059,0,0.0362059,1.05689,0,-1.05689
1.76291e+09,560,-0.0359946,0,0.0359946,1.05681,0,-1.05681
1.76291e+09,561,-0.0357841,0,0.0357841,1.05673,0,-1.05673
1.76291e+09,562,-0.0355742,0,0.0355742,1.05664,0,-1.05664
1.76291e+09,563,-0.0353651,0,0.0353651,1.05656,0,-1.05656
1.76291e+09,564,-0.0351568,0,0.0351568,1.05648,0,-1.05648
1.76291e+09,565,-0.0349494,0,0.0349494,1.0564,0,-1.0564
1.76291e+09,566,-0.0347428,0,0.0347428,1.05631,0,-1.05631
1.76291e+09,567,-0.034537,0,0.034537,1.05623,0,-1.05623
1.76291e+09,568,-0.0343322,0,0.0343322,1.05615,0,-1.05615
1.76291e+09,569,-0.0341283,0,0.0341283,1.05606,0,-1.05606
1.76291e+09,570,-0.0339253,0,0.0339253,1.05598,0,-1.05598
1.76291e+09,571,-0.0337234,0,0.0337234,1.05589,0,-1.05589
1.76291e+09,572,-0.0335224,0,0.0335224,1.05581,0,-1.05581
1.76291e+09,573,-0.0333225,0,0.0333225,1.05572,0,-1.05572
1.76291e+09,574,-0.0331236,0,0.0331236,1.05564,0,-1.05564
1.76291e+09,575,-0.0329258,0,0.0329258,1.05555,0,-1.05555
1.76291e+09,576,-0.0327291,0,0.0327291,1.05547,0,-1.05547
1.76291e+09,577,-0.0325334,0,0.0325334,1.05538,0,-1.05538
1.76291e+09,578,-0.032339,0,0.032339,1.05529,0,-1.05529
1.76291e+09,579,-0.0321456,0,0.0321456,1.0552,0,-1.0552
1.76291e+09,580,-0.0319535,0,0.0319535,1.05512,0,-1.05512
1.76291e+09,581,-0.0317625,0,0.0317625,1.05503,0,-1.05503
1.76291e+09,582,-0.0315727,0,0.0315727,1.05494,0,-1.05494
1.76291e+09,583,-0.0313841,0,0.0313841,1.05485,0,-1.05485
1.76291e+09,584,-0.0311968,0,0.0311968,1.05477,0,-1.05477
1.76291e+09,585,-0.0310107,0,0.0310107,1.05468,0,-1.05468
1.76291e+09,586,-0.0308258,0,0.0308258,1.05459,0,-1.05459
1.76291e+09,587,-0.0306423,0,0.0306423,1.0545,0,-1.0545
1.76291e+09,588,-0.0304599,0,0.0304599,1.05441,0,-1.05441
1.76291e+09,589,-0.0302789,0,0.0302789,1.05432,0,-1.05432
1.76291e+09,590,-0.0300991,0,0.0300991,1.05424,0,-1.05424
1.76291e+09,591,-0.0299207,0,0.0299207,1.05415,0,-1.05415
1.76291e+09,592,-0.0297435,0,0.0297435,1.05406,0,-1.05406
1.76291e+09,593,-0.0295676,0,0.0295676,1.05397,0,-1.05397
1.76291e+09,594,-0.029393,0,0.029393,1.05388,0,-1.05388
1.76291e+09,595,-0.0292198,0,0.0292198,1.05379,0,-1.05379
1.76291e+09,596,-0.0290478,0,0.0290478,1.0537,0,-1.0537
1.76291e+09,597,-0.0288772,0,0.0288772,1.05361,0,-1.05361
1.76291e+09,598,-0.0287079,0,0.0287079,1.05352,0,-1.05352
1.76291e+09,599,-0.0285398,0,0.0285398,1.05343,0,-1.05343
1.76291e+09,600,-0.0284144,0,0.0284144,1.05806,0,-1.05806
1.76291e+09,601,-0.0282899,0,0.0282899,1.06267,0,-1.06267
1.76291e+09,602,-0.0281663,0,0.0281663,1.06726,0,-1.06726
1.76291e+09,603,-0.0280437,0,0.0280437,1.07184,0,-1.07184
1.76291e+09,604,-0.027922,0,0.027922,1.07639,0,-1.07639
1.76291e+09,605,-0.0278012,0,0.0278012,1.08093,0,-1.08093
1.76291e+09,606,-0.0276814,0,0.0276814,1.08545,0,-1.08545
1.76291e+09,607,-0.0275625,0,0.0275625,1.08996,0,-1.08996
1.76291e+09,608,-0.0274445,0,0.0274445,1.09444,0,-1.09444
1.76291e+09,609,-0.0273275,0,0.0273275,1.09891,0,-1.09891
1.76291e+09,610,-0.0272113,0,0.0272113,1.10337,0,-1.10337
1.76291e+09,611,-0.0270961,0,0.0270961,1.1078,0,-1.1078
1.76291e+09,612,-0.0269818,0,0.0269818,1.11222,0,-1.11222
1.76291e+09,613,-0.0268683,0,0.0268683,1.11662,0,-1.11662
1.76291e+09,614,-0.0267558,0,0.0267558,1.121,0,-1.121
1.76291e+09,615,-0.0266442,0,0.0266442,1.12537,0,-1.12537
1.76291e+09,616,-0.0265335,0,0.0265335,1.12972,0,-1.12972
1.76291e+09,617,-0.0264236,0,0.0264236,1.13405,0,-1.13405
1.76291e+09,618,-0.0263147,0,0.0263147,1.13836,0,-1.13836
1.76291e+09,619,-0.0262066,0,0.0262066,1.14266,0,-1.14266
1.76291e+09,620,-0.0260993,0,0.0260993,1.14694,0,-1.14694
1.76291e+09,621,-0.025993,0,0.025993,1.1512,0,-1.1512
1.76291e+09,622,-0.0258875,0,0.0258875,1.15545,0,-1.15545
1.76291e+09,623,-0.0257828,0,0.0257828,1.15967,0,-1.15967
1.76291e+09,624,-0.0256791,0,0.0256791,1.16389,0,-1.16389
1.76291e+09,625,-0.0255761,0,0.0255761,1.16808,0,-1.16808
1.76291e+09,626,-0.025474,0,0.025474,1.17226,0,-1.17226
1.76291e+09,627,-0.0253728,0,0.0253728,1.17642,0,-1.17642
1.76291e+09,628,-0.0252724,0,0.0252724,1.18056,0,-1.18056
1.76291e+09,629,-0.0251728,0,0.0251728,1.18469,0,-1.18469
1.76291e+09,630,-0.025074,0,0.025074,1.1888,0,-1.1888
1.76291e+09,631,-0.0249761,0,0.0249761,1.19289,0,-1.19289
1.76291e+09,632,-0.024879,0,0.024879,1.19696,0,-1.19696
1.76291e+09,633,-0.0247827,0,0.0247827,1.20102,0,-1.20102
1.76291e+09,634,-0.0246872,0,0.0246872,1.20506,0,-1.20506
1.76291e+09,635,-0.0245925,0,0.0245925,1.20908,0,-1.20908
1.76291e+09,636,-0.0244986,0,0.0244986,1.21309,0,-1.21309
1.76291e+09,637,-0.0244056,0,0.0244056,1.21708,0,-1.21708
1.76291e+09,638,-0.0243133,0,0.0243133,1.22105,0,-1.22105
1.76291e+09,639,-0.0242218,0,0.0242218,1.22501,0,-1.22501
1.76291e+09,640,-0.0241311,0,0.0241311,1.22895,0,-1.22895
1.76291e+09,641,-0.0240413,0,0.0240413,1.23287,0,-1.23287
1.76291e+09,642,-0.0239521,0,0.0239521,1.23677,0,-1.23677
1.76291e+09,643,-0.0238638,0,0.0238638,1.24066,0,-1.24066
1.76291e+09,644,-0.0237763,0,0.0237763,1.24453,0,-1.24453
1.76291e+09,645,-0.0236895,0,0.0236895,1.24838,0,-1.24838
1.76291e+09,646,-0.0236035,0,0.0236035,1.25221,0,-1.25221
1.76291e+09,647,-0.0235183,0,0.0235183,1.25603,0,-1.25603
1.76291e+09,648,-0.0234338,0,0.0234338,1.25983,0,-1.25983
1.76291e+09,649,-0.0233501,0,0.0233501,1.26362,0,-1.26362
1.76291e+09,650,-0.0232672,0,0.0232672,1.26738,0,-1.26738
1.76291e+09,651,-0.0231851,0,0.0231851,1.27113,0,-1.27113
1.76291e+09,652,-0.0231036,0,0.0231036,1.27486,0,-1.27486
1.76291e+09,653,-0.023023,0,0.023023,1.27858,0,-1.27858
1.76291e+09,654,-0.0229431,0,0.0229431,1.28228,0,-1.28228
1.76291e+09,655,-0.0228639,0,0.0228639,1.28596,0,-1.28596
1.76291e+09,656,-0.0227855,0,0.0227855,1.28962,0,-1.28962
1.76291e+09,657,-0.0227079,0,0.0227079,1.29327,0,-1.29327
1.76291e+09,658,-0.0226309,0,0.0226309,1.29689,0,-1.29689
1.76291e+09,659,-0.0225548,0,0.0225548,1.3005,0,-1.3005
1.76291e+09,660,-0.0224793,0,0.0224793,1.3041,0,-1.3041
1.76291e+09,661,-0.0224046,0,0.0224046,1.30767,0,-1.30767
1.76291e+09,662,-0.0223306,0,0.0223306,1.31123,0,-1.31123
1.76291e+09,663,-0.0222574,0,0.0222574,1.31477,0,-1.31477
1.76291e+09,664,-0.0221849,0,0.0221849,1.3183,0,-1.3183
1.76291e+09,665,-0.0221131,0,0.0221131,1.3218,0,-1.3218
1.76291e+09,666,-0.022042,0,0.022042,1.32529,0,-1.32529
1.76291e+09,667,-0.0219716,0,0.0219716,1.32876,0,-1.32876
1.76291e+09,668,-0.021902,0,0.021902,1.33222,0,-1.33222
1.76291e+09,669,-0.0218331,0,0.0218331,1.33565,0,-1.33565
1.76291e+09,670,-0.0217649,0,0.0217649,1.33907,0,-1.33907
1.76291e+09,671,-0.0216974,0,0.0216974,1.34247,0,-1.34247
1.76291e+09,672,-0.0216306,0,0.0216306,1.34586,0,-1.34586
1.76291e+09,673,-0.0215646,0,0.0215646,1.34922,0,-1.34922
1.76291e+09,674,-0.0214992,0,0.0214992,1.35257,0,-1.35257
1.76291e+09,675,-0.0214346,0,0.0214346,1.3559,0,-1.3559
1.76291e+09,676,-0.0213706,0,0.0213706,1.35921,0,-1.35921
1.76291e+09,677,-0.0213074,0,0.0213074,1.36251,0,-1.36251
1.76291e+09,678,-0.0212448,0,0.0212448,1.36578,0,-1.36578
1.76291e+09,679,-0.021183,0,0.021183,1.36904,0,-1.36904
1.76291e+09,680,-0.0211218,0,0.0211218,1.37228,0,-1.37228
1.76291e+09,681,-0.0210614,0,0.0210614,1.37551,0,-1.37551
1.76291e+09,682,-0.0210016,0,0.0210016,1.37871,0,-1.37871
1.76291e+09,683,-0.0209426,0,0.0209426,1.3819,0,-1.3819
1.76291e+09,684,-0.0208842,0,0.0208842,1.38507,0,-1.38507
1.76291e+09,685,-0.0208265,0,0.0208265,1.38822,0,-1.38822
1.76291e+09,686,-0.0207695,0,0.0207695,1.39135,0,-1.39135
1.76291e+09,687,-0.0207132,0,0.0207132,1.39447,0,-1.39447
1.76291e+09,688,-0.0206576,0,0.0206576,1.39756,0,-1.39756
1.76291e+09,689,-0.0206026,0,0.0206026,1.40064,0,-1.40064
1.76291e+09,690,-0.0205484,0,0.0205484,1.40371,0,-1.40371
1.76291e+09,691,-0.0204948,0,0.0204948,1.40675,0,-1.40675
1.76291e+09,692,-0.0204419,0,0.0204419,1.40977,0,-1.40977
1.76291e+09,693,-0.0203897,0,0.0203897,1.41278,0,-1.41278
1.76291e+09,694,-0.0203381,0,0.0203381,1.41577,0,-1.41577
1.76291e+09,695,-0.0202873,0,0.0202873,1.41874,0,-1.41874
1.76291e+09,696,-0.0202371,0,0.0202371,1.42169,0,-1.42169
1.76291e+09,697,-0.0201876,0,0.0201876,1.42462,0,-1.42462
1.76291e+09,698,-0.0201387,0,0.0201387,1.42754,0,-1.42754
1.76291e+09,699,-0.0200905,0,0.0200905,1.43043,0,-1.43043
1.76291e+09,700,-0.020043,0,0.020043,1.43331,0,-1.43331
1.76291e+09,701,-0.0199962,0,0.0199962,1.43617,0,-1.43617
1.76291e+09,702,-0.01995,0,0.01995,1.43901,0,-1.43901
1.76291e+09,703,-0.0199045,0,0.0199045,1.44184,0,-1.44184
1.76291e+09,704,-0.0198597,0,0.0198597,1.44464,0,-1.44464
1.76291e+09,705,-0.0198155,0,0.0198155,1.44743,0,-1.44743
1.76291e+09,706,-0.019772,0,0.019772,1.45019,0,-1.45019
1.76291e+09,707,-0.0197292,0,0.0197292,1.45294,0,-1.45294
1.76291e+09,708,-0.019687,0,0.019687,1.45567,0,-1.45567
1.76291e+09,709,-0.0196455,0,0.0196455,1.45838,0,-1.45838
1.76291e+09,710,-0.0196046,0,0.0196046,1.46107,0,-1.46107
1.76291e+09,711,-0.0195644,0,0.0195644,1.46375,0,-1.46375
1.76291e+09,712,-0.0195249,0,0.0195249,1.4664,0,-1.4664
1.76291e+09,713,-0.019486,0,0.019486,1.46904,0,-1.46904
1.76291e+09,714,-0.0194478,0,0.0194478,1.47166,0,-1.47166
1.76291e+09,715,-0.0194103,0,0.0194103,1.47425,0,-1.47425
1.76291e+09,716,-0.0193734,0,0.0193734,1.47683,0,-1.47683
1.76291e+09,717,-0.0193371,0,0.0193371,1.47939,0,-1.47939
1.76291e+09,718,-0.0193015,0,0.0193015,1.48194,0,-1.48194
1.76291e+09,719,-0.0192666,0,0.0192666,1.48446,0,-1.48446
1.76291e+09,720,-0.0192323,0,0.0192323,1.48696,0,-1.48696
1.76291e+09,721,-0.0191987,0,0.0191987,1.48945,0,-1.48945
1.76291e+09,722,-0.0191657,0,0.0191657,1.49191,0,-1.49191
1.76291e+09,723,-0.0191334,0,0.0191334,1.49436,0,-1.49436
1.76291e+09,724,-0.0191017,0,0.0191017,1.49679,0,-1.49679
1.76291e+09,725,-0.0190707,0,0.0190707,1.49919,0,-1.49919
1.76291e+09,726,-0.0190403,0,0.0190403,1.50158,0,-1.50158
1.76291e+09,727,-0.0190106,0,0.0190106,1.50395,0,-1.50395
1.76291e+09,728,-0.0189816,0,0.0189816,1.5063,0,-1.5063
1.76291e+09,729,-0.0189532,0,0.0189532,1.50863,0,-1.50863
1.76291e+09,730,-0.0189254,0,0.0189254,1.51095,0,-1.51095
1.76291e+09,731,-0.0188983,0,0.0188983,1.51324,0,-1.51324
1.76291e+09,732,-0.0188718,0,0.0188718,1.51551,0,-1.51551
1.76291e+09,733,-0.018846,0,0.018846,1.51777,0,-1.51777
1.76291e+09,734,-0.0188208,0,0.0188208,1.52,0,-1.52
1.76291e+09,735,-0.0187963,0,0.0187963,1.52221,0,-1.52221
1.76291e+09,736,-0.0187724,0,0.0187724,1.52441,0,-1.52441
1.76291e+09,737,-0.0187492,0,0.0187492,1.52659,0,-1.52659
1.76291e+09,738,-0.0187266,0,0.0187266,1.52874,0,-1.52874
1.76291e+09,739,-0.0187047,0,0.0187047,1.53088,0,-1.53088
1.76291e+09,740,-0.0186834,0,0.0186834,1.53299,0,-1.53299
1.76291e+09,741,-0.0186628,0,0.0186628,1.53509,0,-1.53509
1.76291e+09,742,-0.0186428,0,0.0186428,1.53717,0,-1.53717
1.76291e+09,743,-0.0186235,0,0.0186235,1.53923,0,-1.53923
1.76291e+09,744,-0.0186048,0,0.0186048,1.54127,0,-1.54127
1.76291e+09,745,-0.0185867,0,0.0185867,1.54328,0,-1.54328
1.76291e+09,746,-0.0185693,0,0.0185693,1.54528,0,-1.54528
1.76291e+09,747,-0.0185526,0,0.0185526,1.54726,0,-1.54726
1.76291e+09,748,-0.0185364,0,0.0185364,1.54922,0,-1.54922
1.76291e+09,749,-0.018521,0,0.018521,1.55116,0,-1.55116
1.76291e+09,750,-0.0185062,0,0.0185062,1.55308,0,-1.55308
1.76291e+09,751,-0.018492,0,0.018492,1.55498,0,-1.55498
1.76291e+09,752,-0.0184785,0,0.0184785,1.55686,0,-1.55686
1.76291e+09,753,-0.0184656,0,0.0184656,1.55872,0,-1.55872
1.76291e+09,754,-0.0184533,0,0.0184533,1.56056,0,-1.56056
1.76291e+09,755,-0.0184417,0,0.0184417,1.56238,0,-1.56238
1.76291e+09,756,-0.0184308,0,0.0184308,1.56418,0,-1.56418
1.76291e+09,757,-0.0184205,0,0.0184205,1.56595,0,-1.56595
1.76291e+09,758,-0.0184108,0,0.0184108,1.56771,0,-1.56771
1.76291e+09,759,-0.0184018,0,0.0184018,1.56945,0,-1.56945
1.76291e+09,760,-0.0183934,0,0.0183934,1.57117,0,-1.57117
1.76291e+09,761,-0.0183857,0,0.0183857,1.57287,0,-1.57287
1.76291e+09,762,-0.0183786,0,0.0183786,1.57455,0,-1.57455
1.76291e+09,763,-0.0183722,0,0.0183722,1.57621,0,-1.57621
1.76291e+09,764,-0.0183664,0,0.0183664,1.57784,0,-1.57784
1.76291e+09,765,-0.0183613,0,0.0183613,1.57946,0,-1.57946
1.76291e+09,766,-0.0183568,0,0.0183568,1.58106,0,-1.58106
1.76291e+09,767,-0.0183529,0,0.0183529,1.58264,0,-1.58264
1.76291e+09,768,-0.0183497,0,0.0183497,1.58419,0,-1.58419
1.76291e+09,769,-0.0183472,0,0.0183472,1.58573,0,-1.58573
1.76291e+09,770,-0.0183453,0,0.0183453,1.58724,0,-1.58724
1.76291e+09,771,-0.018344,0,0.018344,1.58874,0,-1.58874
1.76291e+09,772,-0.0183434,0,0.0183434,1.59021,0,-1.59021
1.76291e+09,773,-0.0183434,0,0.0183434,1.59167,0,-1.59167
1.76291e+09,774,-0.0183441,0,0.0183441,1.5931,0,-1.5931
1.76291e+09,775,-0.0183454,0,0.0183454,1.59452,0,-1.59452
1.76291e+09,776,-0.0183474,0,0.0183474,1.59591,0,-1.59591
1.76291e+09,777,-0.01835,0,0.01835,1.59728,0,-1.59728
1.76291e+09,778,-0.0183533,0,0.0183533,1.59863,0,-1.59863
1.76291e+09,779,-0.0183572,0,0.0183572,1.59996,0,-1.59996
1.76291e+09,780,-0.0183617,0,0.0183617,1.60127,0,-1.60127
1.76291e+09,781,-0.0183669,0,0.0183669,1.60256,0,-1.60256
1.76291e+09,782,-0.0183728,0,0.0183728,1.60383,0,-1.60383
1.76291e+09,783,-0.0183793,0,0.0183793,1.60508,0,-1.60508
1.76291e+09,784,-0.0183864,0,0.0183864,1.60631,0,-1.60631
1.76291e+09,785,-0.0183942,0,0.0183942,1.60751,0,-1.60751
1.76291e+09,786,-0.0184027,0,0.0184027,1.6087,0,-1.6087
1.76291e+09,787,-0.0184118,0,0.0184118,1.60987,0,-1.60987
1.76291e+09,788,-0.0184215,0,0.0184215,1.61101,0,-1.61101
1.76291e+09,789,-0.0184319,0,0.0184319,1.61213,0,-1.61213
1.76291e+09,790,-0.018443,0,0.018443,1.61324,0,-1.61324
1.76291e+09,791,-0.0184547,0,0.0184547,1.61432,0,-1.61432
1.76291e+09,792,-0.018467,0,0.018467,1.61538,0,-1.61538
1.76291e+09,793,-0.01848,0,0.01848,1.61642,0,-1.61642
1.76291e+09,794,-0.0184937,0,0.0184937,1.61744,0,-1.61744
1.76291e+09,795,-0.018508,0,0.018508,1.61844,0,-1.61844
1.76291e+09,796,-0.0185229,0,0.0185229,1.61941,0,-1.61941
1.76291e+09,797,-0.0185385,0,0.0185385,1.62037,0,-1.62037
1.76291e+09,798,-0.0185548,0,0.0185548,1.6213,0,-1.6213
1.76291e+09,799,-0.0185717,0,0.0185717,1.62222,0,-1.62222
1.76291e+09,800,-0.0185893,0,0.0185893,1.62311,0,-1.62311
1.76291e+09,801,-0.0186075,0,0.0186075,1.62398,0,-1.62398
1.76291e+09,802,-0.0186263,0,0.0186263,1.62483,0,-1.62483
1.76291e+09,803,-0.0186459,0,0.0186459,1.62566,0,-1.62566
1.76291e+09,804,-0.018666,0,0.018666,1.62647,0,-1.62647
1.76291e+09,805,-0.0186869,0,0.0186869,1.62726,0,-1.62726
1.76291e+09,806,-0.0187083,0,0.0187083,1.62803,0,-1.62803
1.76291e+09,807,-0.0187305,0,0.0187305,1.62877,0,-1.62877
1.76291e+09,808,-0.0187533,0,0.0187533,1.62949,0,-1.62949
1.76291e+09,809,-0.0187767,0,0.0187767,1.6302,0,-1.6302
1.76291e+09,810,-0.0188008,0,0.0188008,1.63088,0,-1.63088
1.76291e+09,811,-0.0188256,0,0.0188256,1.63154,0,-1.63154
1.76291e+09,812,-0.018851,0,0.018851,1.63218,0,-1.63218
1.76291e+09,813,-0.018877,0,0.018877,1.6328,0,-1.6328
1.76291e+09,814,-0.0189038,0,0.0189038,1.63339,0,-1.63339
1.76291e+09,815,-0.0189312,0,0.0189312,1.63397,0,-1.63397
1.76291e+09,816,-0.0189592,0,0.0189592,1.63452,0,-1.63452
1.76291e+09,817,-0.0189879,0,0.0189879,1.63506,0,-1.63506
1.76291e+09,818,-0.0190172,0,0.0190172,1.63557,0,-1.63557
1.76291e+09,819,-0.0190472,0,0.0190472,1.63606,0,-1.63606
1.76291e+09,820,-0.0190779,0,0.0190779,1.63653,0,-1.63653
1.76291e+09,821,-0.0191092,0,0.0191092,1.63698,0,-1.63698
1.76291e+09,822,-0.0191412,0,0.0191412,1.6374,0,-1.6374
1.76291e+09,823,-0.0191739,0,0.0191739,1.63781,0,-1.63781
1.76291e+09,824,-0.0192072,0,0.0192072,1.63819,0,-1.63819
1.76291e+09,825,-0.0192411,0,0.0192411,1.63855,0,-1.63855
1.76291e+09,826,-0.0192758,0,0.0192758,1.63889,0,-1.63889
1.76291e+09,827,-0.019311,0,0.019311,1.63921,0,-1.63921
1.76291e+09,828,-0.019347,0,0.019347,1.63951,0,-1.63951
1.76291e+09,829,-0.0193836,0,0.0193836,1.63979,0,-1.63979
1.76291e+09,830,-0.0194209,0,0.0194209,1.64004,0,-1.64004
1.76291e+09,831,-0.0194588,0,0.0194588,1.64028,0,-1.64028
1.76291e+09,832,-0.0194974,0,0.0194974,1.64049,0,-1.64049
1.76291e+09,833,-0.0195366,0,0.0195366,1.64068,0,-1.64068
1.76291e+09,834,-0.0195766,0,0.0195766,1.64085,0,-1.64085
1.76291e+09,835,-0.0196171,0,0.0196171,1.641,0,-1.641
1.76291e+09,836,-0.0196584,0,0.0196584,1.64113,0,-1.64113
1.76291e+09,837,-0.0197003,0,0.0197003,1.64123,0,-1.64123
1.76291e+09,838,-0.0197429,0,0.0197429,1.64132,0,-1.64132
1.76291e+09,839,-0.0197861,0,0.0197861,1.64138,0,-1.64138
1.76291e+09,840,-0.01983,0,0.01983,1.64142,0,-1.64142
1.76291e+09,841,-0.0198746,0,0.0198746,1.64144,0,-1.64144
1.76291e+09,842,-0.0199198,0,0.0199198,1.64144,0,-1.64144
1.76291e+09,843,-0.0199657,0,0.0199657,1.64141,0,-1.64141
1.76291e+09,844,-0.0200123,0,0.0200123,1.64137,0,-1.64137
1.76291e+09,845,-0.0200595,0,0.0200595,1.6413,0,-1.6413
1.76291e+09,846,-0.0201074,0,0.0201074,1.64122,0,-1.64122
1.76291e+09,847,-0.020156,0,0.020156,1.64111,0,-1.64111
1.76291e+09,848,-0.0202052,0,0.0202052,1.64098,0,-1.64098
1.76291e+09,849,-0.0202551,0,0.0202551,1.64082,0,-1.64082
1.76291e+09,850,-0.0203057,0,0.0203057,1.64065,0,-1.64065
1.76291e+09,851,-0.0203569,0,0.0203569,1.64045,0,-1.64045
1.76291e+09,852,-0.0204089,0,0.0204089,1.64024,0,-1.64024
1.76291e+09,853,-0.0204614,0,0.0204614,1.64,0,-1.64
1.76291e+09,854,-0.0205147,0,0.0205147,1.63974,0,-1.63974
1.76291e+09,855,-0.0205686,0,0.0205686,1.63946,0,-1.63946
1.76291e+09,856,-0.0206232,0,0.0206232,1.63916,0,-1.63916
1.76291e+09,857,-0.0206785,0,0.0206785,1.63883,0,-1.63883
1.76291e+09,858,-0.0207344,0,0.0207344,1.63849,0,-1.63849
1.76291e+09,859,-0.0207911,0,0.0207911,1.63812,0,-1.63812
1.76291e+09,860,-0.0208483,0,0.0208483,1.63773,0,-1.63773
1.76291e+09,861,-0.0209063,0,0.0209063,1.63732,0,-1.63732
1.76291e+09,862,-0.0209649,0,0.0209649,1.63689,0,-1.63689
1.76291e+09,863,-0.0210243,0,0.0210243,1.63643,0,-1.63643
1.76291e+09,864,-0.0210842,0,0.0210842,1.63596,0,-1.63596
1.76291e+09,865,-0.0211449,0,0.0211449,1.63546,0,-1.63546
1.76291e+09,866,-0.0212063,0,0.0212063,1.63495,0,-1.63495
1.76291e+09,867,-0.0212683,0,0.0212683,1.63441,0,-1.63441
1.76291e+09,868,-0.021331,0,0.021331,1.63385,0,-1.63385
1.76291e+09,869,-0.0213943,0,0.0213943,1.63327,0,-1.63327
1.76291e+09,870,-0.0214584,0,0.0214584,1.63266,0,-1.63266
1.76291e+09,871,-0.0215231,0,0.0215231,1.63204,0,-1.63204
1.76291e+09,872,-0.0215886,0,0.0215886,1.63139,0,-1.63139
1.76291e+09,873,-0.0216546,0,0.0216546,1.63072,0,-1.63072
1.76291e+09,874,-0.0217214,0,0.0217214,1.63004,0,-1.63004
1.76291e+09,875,-0.0217889,0,0.0217889,1.62932,0,-1.62932
1.76291e+09,876,-0.021857,0,0.021857,1.62859,0,-1.62859
1.76291e+09,877,-0.0219258,0,0.0219258,1.62784,0,-1.62784
1.76291e+09,878,-0.0219954,0,0.0219954,1.62707,0,-1.62707
1.76291e+09,879,-0.0220656,0,0.0220656,1.62627,0,-1.62627
1.76291e+09,880,-0.0221364,0,0.0221364,1.62545,0,-1.62545
1.76291e+09,881,-0.022208,0,0.022208,1.62461,0,-1.62461
1.76291e+09,882,-0.0222802,0,0.0222802,1.62375,0,-1.62375
1.76291e+09,883,-0.0223532,0,0.0223532,1.62287,0,-1.62287
1.76291e+09,884,-0.0224268,0,0.0224268,1.62197,0,-1.62197
1.76291e+09,885,-0.0225011,0,0.0225011,1.62105,0,-1.62105
1.76291e+09,886,-0.0225761,0,0.0225761,1.6201,0,-1.6201
1.76291e+09,887,-0.0226518,0,0.0226518,1.61913,0,-1.61913
1.76291e+09,888,-0.0227282,0,0.0227282,1.61815,0,-1.61815
1.76291e+09,889,-0.0228053,0,0.0228053,1.61714,0,-1.61714
1.76291e+09,890,-0.0228831,0,0.0228831,1.61611,0,-1.61611
1.76291e+09,891,-0.0229616,0,0.0229616,1.61506,0,-1.61506
1.76291e+09,892,-0.0230407,0,0.0230407,1.61398,0,-1.61398
1.76291e+09,893,-0.0231206,0,0.0231206,1.61289,0,-1.61289
1.76291e+09,894,-0.0232011,0,0.0232011,1.61177,0,-1.61177
1.76291e+09,895,-0.0232824,0,0.0232824,1.61064,0,-1.61064
1.76291e+09,896,-0.0233644,0,0.0233644,1.60948,0,-1.60948
1.76291e+09,897,-0.023447,0,0.023447,1.6083,0,-1.6083
1.76291e+09,898,-0.0235304,0,0.0235304,1.6071,0,-1.6071
1.76291e+09,899,-0.0236144,0,0.0236144,1.60588,0,-1.60588
1.76291e+09,900,-0.0236992,0,0.0236992,1.60464,0,-1.60464
1.76291e+09,901,-0.0237846,0,0.0237846,1.60337,0,-1.60337
1.76291e+09,902,-0.0238708,0,0.0238708,1.60209,0,-1.60209
1.76291e+09,903,-0.0239577,0,0.0239577,1.60078,0,-1.60078
1.76291e+09,904,-0.0240453,0,0.0240453,1.59946,0,-1.59946
1.76291e+09,905,-0.0241336,0,0.0241336,1.59811,0,-1.59811
1.76291e+09,906,-0.0242226,0,0.0242226,1.59674,0,-1.59674
1.76291e+09,907,-0.0243123,0,0.0243123,1.59535,0,-1.59535
1.76291e+09,908,-0.0244027,0,0.0244027,1.59394,0,-1.59394
1.76291e+09,909,-0.0244938,0,0.0244938,1.59251,0,-1.59251
1.76291e+09,910,-0.0245857,0,0.0245857,1.59106,0,-1.59106
1.76291e+09,911,-0.0246782,0,0.0246782,1.58958,0,-1.58958
1.76291e+09,912,-0.0247715,0,0.0247715,1.58809,0,-1.58809
1.76291e+09,913,-0.0248655,0,0.0248655,1.58657,0,-1.58657
1.76291e+09,914,-0.0249602,0,0.0249602,1.58504,0,-1.58504
1.76291e+09,915,-0.0250557,0,0.0250557,1.58348,0,-1.58348
1.76291e+09,916,-0.0251518,0,0.0251518,1.5819,0,-1.5819
1.76291e+09,917,-0.0252487,0,0.0252487,1.5803,0,-1.5803
1.76291e+09,918,-0.0253463,0,0.0253463,1.57868,0,-1.57868
1.76291e+09,919,-0.0254447,0,0.0254447,1.57704,0,-1.57704
1.76291e+09,920,-0.0255438,0,0.0255438,1.57538,0,-1.57538
1.76291e+09,921,-0.0256436,0,0.0256436,1.5737,0,-1.5737
1.76291e+09,922,-0.0257441,0,0.0257441,1.57199,0,-1.57199
1.76291e+09,923,-0.0258454,0,0.0258454,1.57027,0,-1.57027
1.76291e+09,924,-0.0259474,0,0.0259474,1.56853,0,-1.56853
1.76291e+09,925,-0.0260501,0,0.0260501,1.56676,0,-1.56676
1.76291e+09,926,-0.0261536,0,0.0261536,1.56498,0,-1.56498
1.76291e+09,927,-0.0262578,0,0.0262578,1.56317,0,-1.56317
1.76291e+09,928,-0.0263627,0,0.0263627,1.56134,0,-1.56134
1.76291e+09,929,-0.0264684,0,0.0264684,1.5595,0,-1.5595
1.76291e+09,930,-0.0265749,0,0.0265749,1.55763,0,-1.55763
1.76291e+09,931,-0.0266821,0,0.0266821,1.55574,0,-1.55574
1.76291e+09,932,-0.02679,0,0.02679,1.55383,0,-1.55383
1.76291e+09,933,-0.0268987,0,0.0268987,1.5519,0,-1.5519
1.76291e+09,934,-0.0270082,0,0.0270082,1.54995,0,-1.54995
1.76291e+09,935,-0.0271184,0,0.0271184,1.54798,0,-1.54798
1.76291e+09,936,-0.0272293,0,0.0272293,1.54599,0,-1.54599
1.76291e+09,937,-0.027341,0,0.027341,1.54398,0,-1.54398
1.76291e+09,938,-0.0274535,0,0.0274535,1.54194,0,-1.54194
1.76291e+09,939,-0.0275668,0,0.0275668,1.53989,0,-1.53989
1.76291e+09,940,-0.0276808,0,0.0276808,1.53782,0,-1.53782
1.76291e+09,941,-0.0277955,0,0.0277955,1.53572,0,-1.53572
1.76291e+09,942,-0.0279111,0,0.0279111,1.53361,0,-1.53361
1.76291e+09,943,-0.0280274,0,0.0280274,1.53148,0,-1.53148
1.76291e+09,944,-0.0281445,0,0.0281445,1.52932,0,-1.52932
1.76291e+09,945,-0.0282624,0,0.0282624,1.52715,0,-1.52715
1.76291e+09,946,-0.028381,0,0.028381,1.52495,0,-1.52495
1.76291e+09,947,-0.0285005,0,0.0285005,1.52274,0,-1.52274
1.76291e+09,948,-0.0286207,0,0.0286207,1.5205,0,-1.5205
1.76291e+09,949,-0.0287417,0,0.0287417,1.51825,0,-1.51825
1.76291e+09,950,-0.0288635,0,0.0288635,1.51597,0,-1.51597
1.76291e+09,951,-0.0289861,0,0.0289861,1.51368,0,-1.51368
1.76291e+09,952,-0.0291094,0,0.0291094,1.51136,0,-1.51136
1.76291e+09,953,-0.0292336,0,0.0292336,1.50903,0,-1.50903
1.76291e+09,954,-0.0293586,0,0.0293586,1.50667,0,-1.50667
1.76291e+09,955,-0.0294844,0,0.0294844,1.5043,0,-1.5043
1.76291e+09,956,-0.0296109,0,0.0296109,1.5019,0,-1.5019
1.76291e+09,957,-0.0297383,0,0.0297383,1.49948,0,-1.49948
1.76291e+09,958,-0.0298665,0,0.0298665,1.49705,0,-1.49705
1.76291e+09,959,-0.0299956,0,0.0299956,1.49459,0,-1.49459
1.76291e+09,960,-0.0301254,0,0.0301254,1.49212,0,-1.49212
1.76291e+09,961,-0.0302561,0,0.0302561,1.48962,0,-1.48962
1.76291e+09,962,-0.0303875,0,0.0303875,1.48711,0,-1.48711
1.76291e+09,963,-0.0305198,0,0.0305198,1.48457,0,-1.48457
1.76291e+09,964,-0.030653,0,0.030653,1.48202,0,-1.48202
1.76291e+09,965,-0.0307869,0,0.0307869,1.47944,0,-1.47944
1.76291e+09,966,-0.0309217,0,0.0309217,1.47685,0,-1.47685
1.76291e+09,967,-0.0310574,0,0.0310574,1.47423,0,-1.47423
1.76291e+09,968,-0.0311939,0,0.0311939,1.4716,0,-1.4716
1.76291e+09,969,-0.0313312,0,0.0313312,1.46894,0,-1.46894
1.76291e+09,970,-0.0314694,0,0.0314694,1.46627,0,-1.46627
1.76291e+09,971,-0.0316084,0,0.0316084,1.46358,0,-1.46358
1.76291e+09,972,-0.0317483,0,0.0317483,1.46086,0,-1.46086
1.76291e+09,973,-0.0318891,0,0.0318891,1.45813,0,-1.45813
1.76291e+09,974,-0.0320307,0,0.0320307,1.45538,0,-1.45538
1.76291e+09,975,-0.0321732,0,0.0321732,1.45261,0,-1.45261
1.76291e+09,976,-0.0323165,0,0.0323165,1.44982,0,-1.44982
1.76291e+09,977,-0.0324607,0,0.0324607,1.44701,0,-1.44701
1.76291e+09,978,-0.0326058,0,0.0326058,1.44418,0,-1.44418
1.76291e+09,979,-0.0327518,0,0.0327518,1.44133,0,-1.44133
1.76291e+09,980,-0.0328987,0,0.0328987,1.43846,0,-1.43846
1.76291e+09,981,-0.0330465,0,0.0330465,1.43557,0,-1.43557
1.76291e+09,982,-0.0331951,0,0.0331951,1.43266,0,-1.43266
1.76291e+09,983,-0.0333447,0,0.0333447,1.42973,0,-1.42973
1.76291e+09,984,-0.0334951,0,0.0334951,1.42679,0,-1.42679
1.76291e+09,985,-0.0336465,0,0.0336465,1.42382,0,-1.42382
1.76291e+09,986,-0.0337988,0,0.0337988,1.42083,0,-1.42083
1.76291e+09,987,-0.033952,0,0.033952,1.41783,0,-1.41783
1.76291e+09,988,-0.0341061,0,0.0341061,1.4148,0,-1.4148
1.76291e+09,989,-0.0342611,0,0.0342611,1.41176,0,-1.41176
1.76291e+09,990,-0.0344171,0,0.0344171,1.4087,0,-1.4087
1.76291e+09,991,-0.034574,0,0.034574,1.40561,0,-1.40561
1.76291e+09,992,-0.0347318,0,0.0347318,1.40251,0,-1.40251
1.76291e+09,993,-0.0348906,0,0.0348906,1.39939,0,-1.39939
1.76291e+09,994,-0.0350503,0,0.0350503,1.39625,0,-1.39625
1.76291e+09,995,-0.035211,0,0.035211,1.39309,0,-1.39309
1.76291e+09,996,-0.0353726,0,0.0353726,1.38991,0,-1.38991
1.76291e+09,997,-0.0355352,0,0.0355352,1.38672,0,-1.38672
1.76291e+09,998,-0.0356988,0,0.0356988,1.3835,0,-1.3835
1.76291e+09,999,-0.0358633,0,0.0358633,1.38026,0,-1.38026
1.76291e+09,1000,-0.0360288,0,0.0360288,1.37701,0,-1.37701
1.76291e+09,1001,-0.0361953,0,0.0361953,1.37374,0,-1.37374
1.76291e+09,1002,-0.0363628,0,0.0363628,1.37044,0,-1.37044
1.76291e+09,1003,-0.0365312,0,0.0365312,1.36713,0,-1.36713
1.76291e+09,1004,-0.0367007,0,0.0367007,1.3638,0,-1.3638
1.76291e+09,1005,-0.0368712,0,0.0368712,1.36045,0,-1.36045
1.76291e+09,1006,-0.0370426,0,0.0370426,1.35708,0,-1.35708
1.76291e+09,1007,-0.0372151,0,0.0372151,1.35369,0,-1.35369
1.76291e+09,1008,-0.0373886,0,0.0373886,1.35028,0,-1.35028
1.76291e+09,1009,-0.0375632,0,0.0375632,1.34686,0,-1.34686
1.76291e+09,1010,-0.0377387,0,0.0377387,1.34341,0,-1.34341
1.76291e+09,1011,-0.0379153,0,0.0379153,1.33995,0,-1.33995
1.76291e+09,1012,-0.0380929,0,0.0380929,1.33646,0,-1.33646
1.76291e+09,1013,-0.0382716,0,0.0382716,1.33296,0,-1.33296
1.76291e+09,1014,-0.0384514,0,0.0384514,1.32944,0,-1.32944
1.76291e+09,1015,-0.0386321,0,0.0386321,1.3259,0,-1.3259
1.76291e+09,1016,-0.038814,0,0.038814,1.32234,0,-1.32234
1.76291e+09,1017,-0.0389969,0,0.0389969,1.31876,0,-1.31876
1.76291e+09,1018,-0.0391809,0,0.0391809,1.31517,0,-1.31517
1.76291e+09,1019,-0.039366,0,0.039366,1.31155,0,-1.31155
1.76291e+09,1020,-0.0395522,0,0.0395522,1.30792,0,-1.30792
1.76291e+09,1021,-0.0397395,0,0.0397395,1.30426,0,-1.30426
1.76291e+09,1022,-0.0399279,0,0.0399279,1.30059,0,-1.30059
1.76291e+09,1023,-0.0401173,0,0.0401173,1.2969,0,-1.2969
1.76291e+09,1024,-0.0403079,0,0.0403079,1.29319,0,-1.29319
1.76291e+09,1025,-0.0404997,0,0.0404997,1.28946,0,-1.28946
1.76291e+09,1026,-0.0406925,0,0.0406925,1.28571,0,-1.28571
1.76291e+09,1027,-0.0408865,0,0.0408865,1.28194,0,-1.28194
1.76291e+09,1028,-0.0410816,0,0.0410816,1.27816,0,-1.27816
1.76291e+09,1029,-0.0412779,0,0.0412779,1.27435,0,-1.27435
1.76291e+09,1030,-0.0414753,0,0.0414753,1.27053,0,-1.27053
1.76291e+09,1031,-0.0416739,0,0.0416739,1.26668,0,-1.26668
1.76291e+09,1032,-0.0418737,0,0.0418737,1.26282,0,-1.26282
1.76291e+09,1033,-0.0420747,0,0.0420747,1.25894,0,-1.25894
1.76291e+09,1034,-0.0422768,0,0.0422768,1.25504,0,-1.25504
1.76291e+09,1035,-0.0424801,0,0.0424801,1.25112,0,-1.25112
1.76291e+09,1036,-0.0426846,0,0.0426846,1.24718,0,-1.24718
1.76291e+09,1037,-0.0428904,0,0.0428904,1.24323,0,-1.24323
1.76291e+09,1038,-0.0430973,0,0.0430973,1.23925,0,-1.23925
1.76291e+09,1039,-0.0433055,0,0.0433055,1.23525,0,-1.23525
1.76291e+09,1040,-0.0435149,0,0.0435149,1.23124,0,-1.23124
1.76291e+09,1041,-0.0437255,0,0.0437255,1.22721,0,-1.22721
1.76291e+09,1042,-0.0439374,0,0.0439374,1.22316,0,-1.22316
1.76291e+09,1043,-0.0441505,0,0.0441505,1.21908,0,-1.21908
1.76291e+09,1044,-0.0443649,0,0.0443649,1.21499,0,-1.21499
1.76291e+09,1045,-0.0445805,0,0.0445805,1.21088,0,-1.21088
1.76291e+09,1046,-0.0447975,0,0.0447975,1.20676,0,-1.20676
1.76291e+09,1047,-0.0450157,0,0.0450157,1.20261,0,-1.20261
1.76291e+09,1048,-0.0452352,0,0.0452352,1.19844,0,-1.19844
1.76291e+09,1049,-0.045456,0,0.045456,1.19425,0,-1.19425
1.76291e+09,1050,-0.0456782,0,0.0456782,1.19005,0,-1.19005
1.76291e+09,1051,-0.0459016,0,0.0459016,1.18582,0,-1.18582
1.76291e+09,1052,-0.0461264,0,0.0461264,1.18158,0,-1.18158
1.76291e+09,1053,-0.0463525,0,0.0463525,1.17732,0,-1.17732
1.76291e+09,1054,-0.04658,0,0.04658,1.17303,0,-1.17303
1.76291e+09,1055,-0.0468088,0,0.0468088,1.16873,0,-1.16873
1.76291e+09,1056,-0.047039,0,0.047039,1.16441,0,-1.16441
1.76291e+09,1057,-0.0472706,0,0.0472706,1.16007,0,-1.16007
1.76291e+09,1058,-0.0475035,0,0.0475035,1.1557,0,-1.1557
1.76291e+09,1059,-0.0477379,0,0.0477379,1.15132,0,-1.15132
1.76291e+09,1060,-0.0479737,0,0.0479737,1.14692,0,-1.14692
1.76291e+09,1061,-0.0482108,0,0.0482108,1.1425,0,-1.1425
1.76291e+09,1062,-0.0484494,0,0.0484494,1.13806,0,-1.13806
1.76291e+09,1063,-0.0486895,0,0.0486895,1.1336,0,-1.1336
1.76291e+09,1064,-0.048931,0,0.048931,1.12912,0,-1.12912
1.76291e+09,1065,-0.0491739,0,0.0491739,1.12462,0,-1.12462
1.76291e+09,1066,-0.0494184,0,0.0494184,1.1201,0,-1.1201
1.76291e+09,1067,-0.0496643,0,0.0496643,1.11556,0,-1.11556
1.76291e+09,1068,-0.0499117,0,0.0499117,1.111,0,-1.111
1.76291e+09,1069,-0.0501606,0,0.0501606,1.10642,0,-1.10642
1.76291e+09,1070,-0.050411,0,0.050411,1.10182,0,-1.10182
1.76291e+09,1071,-0.050663,0,0.050663,1.0972,0,-1.0972
1.76291e+09,1072,-0.0509165,0,0.0509165,1.09256,0,-1.09256
1.76291e+09,1073,-0.0511715,0,0.0511715,1.08789,0,-1.08789
1.76291e+09,1074,-0.0514281,0,0.0514281,1.08321,0,-1.08321
1.76291e+09,1075,-0.0516863,0,0.0516863,1.07851,0,-1.07851
1.76291e+09,1076,-0.051946,0,0.051946,1.07378,0,-1.07378
1.76291e+09,1077,-0.0522074,0,0.0522074,1.06904,0,-1.06904
1.76291e+09,1078,-0.0524703,0,0.0524703,1.06427,0,-1.06427
1.76291e+09,1079,-0.0527348,0,0.0527348,1.05948,0,-1.05948
1.76291e+09,1080,-0.0530774,0,0.0530774,1.05939,0,-1.05939
1.76291e+09,1081,-0.0534223,0,0.0534223,1.0593,0,-1.0593
1.76291e+09,1082,-0.0537696,0,0.0537696,1.05921,0,-1.05921
1.76291e+09,1083,-0.0541193,0,0.0541193,1.05911,0,-1.05911
1.76291e+09,1084,-0.0544714,0,0.0544714,1.05901,0,-1.05901
1.76291e+09,1085,-0.0548259,0,0.0548259,1.05891,0,-1.05891
1.76291e+09,1086,-0.0551828,0,0.0551828,1.05882,0,-1.05882
1.76291e+09,1087,-0.0555421,0,0.0555421,1.05871,0,-1.05871
1.76291e+09,1088,-0.0559039,0,0.0559039,1.05861,0,-1.05861
1.76291e+09,1089,-0.056268,0,0.056268,1.05851,0,-1.05851
1.76291e+09,1090,-0.0566345,0,0.0566345,1.0584,0,-1.0584
1.76291e+09,1091,-0.0570034,0,0.0570034,1.05829,0,-1.05829
1.76291e+09,1092,-0.0573747,0,0.0573747,1.05818,0,-1.05818
1.76291e+09,1093,-0.0577484,0,0.0577484,1.05807,0,-1.05807
1.76291e+09,1094,-0.0581244,0,0.0581244,1.05796,0,-1.05796
1.76291e+09,1095,-0.0585028,0,0.0585028,1.05785,0,-1.05785
1.76291e+09,1096,-0.0588835,0,0.0588835,1.05773,0,-1.05773
1.76291e+09,1097,-0.0592665,0,0.0592665,1.05761,0,-1.05761
1.76291e+09,1098,-0.0596518,0,0.0596518,1.05749,0,-1.05749
1.76291e+09,1099,-0.0600394,0,0.0600394,1.05737,0,-1.05737
1.76291e+09,1100,-0.0604292,0,0.0604292,1.05725,0,-1.05725
1.76291e+09,1101,-0.0608212,0,0.0608212,1.05713,0,-1.05713
1.76291e+09,1102,-0.0612155,0,0.0612155,1.057,0,-1.057
1.76291e+09,1103,-0.0616118,0,0.0616118,1.05687,0,-1.05687
1.76291e+09,1104,-0.0620103,0,0.0620103,1.05674,0,-1.05674
1.76291e+09,1105,-0.0624109,0,0.0624109,1.05661,0,-1.05661
1.76291e+09,1106,-0.0628135,0,0.0628135,1.05648,0,-1.05648
1.76291e+09,1107,-0.0632181,0,0.0632181,1.05635,0,-1.05635
1.76291e+09,1108,-0.0636248,0,0.0636248,1.05621,0,-1.05621
1.76291e+09,1109,-0.0640333,0,0.0640333,1.05607,0,-1.05607
1.76291e+09,1110,-0.0644437,0,0.0644437,1.05593,0,-1.05593
1.76291e+09,1111,-0.064856,0,0.064856,1.05579,0,-1.05579
1.76291e+09,1112,-0.0652701,0,0.0652701,1.05565,0,-1.05565
1.76291e+09,1113,-0.0656859,0,0.0656859,1.0555,0,-1.0555
1.76291e+09,1114,-0.0661034,0,0.0661034,1.05536,0,-1.05536
1.76291e+09,1115,-0.0665226,0,0.0665226,1.05521,0,-1.05521
1.76291e+09,1116,-0.0669434,0,0.0669434,1.05506,0,-1.05506
1.76291e+09,1117,-0.0673657,0,0.0673657,1.05491,0,-1.05491
1.76291e+09,1118,-0.0677896,0,0.0677896,1.05476,0,-1.05476
1.76291e+09,1119,-0.0682148,0,0.0682148,1.0546,0,-1.0546
1.76291e+09,1120,-0.0686415,0,0.0686415,1.05444,0,-1.05444
1.76291e+09,1121,-0.0690694,0,0.0690694,1.05429,0,-1.05429
1.76291e+09,1122,-0.0694987,0,0.0694987,1.05413,0,-1.05413
1.76291e+09,1123,-0.0699291,0,0.0699291,1.05397,0,-1.05397
1.76291e+09,1124,-0.0703607,0,0.0703607,1.0538,0,-1.0538
1.76291e+09,1125,-0.0707934,0,0.0707934,1.05364,0,-1.05364
1.76291e+09,1126,-0.0712271,0,0.0712271,1.05347,0,-1.05347
1.76291e+09,1127,-0.0716618,0,0.0716618,1.05331,0,-1.05331
1.76291e+09,1128,-0.0720973,0,0.0720973,1.05314,0,-1.05314
1.76291e+09,1129,-0.0725337,0,0.0725337,1.05297,0,-1.05297
1.76291e+09,1130,-0.0729709,0,0.0729709,1.05279,0,-1.05279
1.76291e+09,1131,-0.0734088,0,0.0734088,1.05262,0,-1.05262
1.76291e+09,1132,-0.0738473,0,0.0738473,1.05245,0,-1.05245
1.76291e+09,1133,-0.0742864,0,0.0742864,1.05227,0,-1.05227
1.76291e+09,1134,-0.074726,0,0.074726,1.05209,0,-1.05209
1.76291e+09,1135,-0.0751661,0,0.0751661,1.05191,0,-1.05191
1.76291e+09,1136,-0.0756065,0,0.0756065,1.05173,0,-1.05173
1.76291e+09,1137,-0.0760472,0,0.0760472,1.05155,0,-1.05155
1.76291e+09,1138,-0.0764882,0,0.0764882,1.05137,0,-1.05137
1.76291e+09,1139,-0.0769294,0,0.0769294,1.05119,0,-1.05119
1.76291e+09,1140,-0.0773706,0,0.0773706,1.051,0,-1.051
1.76291e+09,1141,-0.0778119,0,0.0778119,1.05081,0,-1.05081
1.76291e+09,1142,-0.0782532,0,0.0782532,1.05063,0,-1.05063
1.76291e+09,1143,-0.0786943,0,0.0786943,1.05044,0,-1.05044
1.76291e+09,1144,-0.0791353,0,0.0791353,1.05025,0,-1.05025
1.76291e+09,1145,-0.0795761,0,0.0795761,1.05006,0,-1.05006
1.76291e+09,1146,-0.0800166,0,0.0800166,1.04986,0,-1.04986
1.76291e+09,1147,-0.0804567,0,0.0804567,1.04967,0,-1.04967
1.76291e+09,1148,-0.0808963,0,0.0808963,1.04948,0,-1.04948
1.76291e+09,1149,-0.0813355,0,0.0813355,1.04928,0,-1.04928
1.76291e+09,1150,-0.0817741,0,0.0817741,1.04908,0,-1.04908
1.76291e+09,1151,-0.082212,0,0.082212,1.04889,0,-1.04889
1.76291e+09,1152,-0.0826493,0,0.0826493,1.04869,0,-1.04869
1.76291e+09,1153,-0.0830858,0,0.0830858,1.04849,0,-1.04849
1.76291e+09,1154,-0.0835214,0,0.0835214,1.04829,0,-1.04829
1.76291e+09,1155,-0.0839562,0,0.0839562,1.04809,0,-1.04809
1.76291e+09,1156,-0.08439,0,0.08439,1.04789,0,-1.04789
1.76291e+09,1157,-0.0848228,0,0.0848228,1.04769,0,-1.04769
1.76291e+09,1158,-0.0852545,0,0.0852545,1.04749,0,-1.04749
1.76291e+09,1159,-0.085685,0,0.085685,1.04729,0,-1.04729
1.76291e+09,1160,-0.0861144,0,0.0861144,1.04708,0,-1.04708
1.76291e+09,1161,-0.0865424,0,0.0865424,1.04688,0,-1.04688
1.76291e+09,1162,-0.0869692,0,0.0869692,1.04667,0,-1.04667
1.76291e+09,1163,-0.0873945,0,0.0873945,1.04647,0,-1.04647
1.76291e+09,1164,-0.0878185,0,0.0878185,1.04627,0,-1.04627
1.76291e+09,1165,-0.0882409,0,0.0882409,1.04606,0,-1.04606
1.76291e+09,1166,-0.0886618,0,0.0886618,1.04585,0,-1.04585
1.76291e+09,1167,-0.089081,0,0.089081,1.04565,0,-1.04565
1.76291e+09,1168,-0.0894987,0,0.0894987,1.04544,0,-1.04544
1.76291e+09,1169,-0.0899146,0,0.0899146,1.04524,0,-1.04524
1.76291e+09,1170,-0.0903287,0,0.0903287,1.04503,0,-1.04503
1.76291e+09,1171,-0.090741,0,0.090741,1.04482,0,-1.04482
1.76291e+09,1172,-0.0911515,0,0.0911515,1.04462,0,-1.04462
1.76291e+09,1173,-0.0915601,0,0.0915601,1.04441,0,-1.04441
1.76291e+09,1174,-0.0919667,0,0.0919667,1.0442,0,-1.0442
1.76291e+09,1175,-0.0923713,0,0.0923713,1.044,0,-1.044
1.76291e+09,1176,-0.0927739,0,0.0927739,1.04379,0,-1.04379
1.76291e+09,1177,-0.0931745,0,0.0931745,1.04358,0,-1.04358
1.76291e+09,1178,-0.0935729,0,0.0935729,1.04338,0,-1.04338
1.76291e+09,1179,-0.0939692,0,0.0939692,1.04317,0,-1.04317
1.76291e+09,1180,-0.0943633,0,0.0943633,1.04297,0,-1.04297
1.76291e+09,1181,-0.0947551,0,0.0947551,1.04276,0,-1.04276
1.76291e+09,1182,-0.0951448,0,0.0951448,1.04255,0,-1.04255
1.76291e+09,1183,-0.0955322,0,0.0955322,1.04235,0,-1.04235
1.76291e+09,1184,-0.0959172,0,0.0959172,1.04214,0,-1.04214
1.76291e+09,1185,-0.0963,0,0.0963,1.04194,0,-1.04194
1.76291e+09,1186,-0.0966804,0,0.0966804,1.04174,0,-1.04174
1.76291e+09,1187,-0.0970584,0,0.0970584,1.04153,0,-1.04153
1.76291e+09,1188,-0.0974341,0,0.0974341,1.04133,0,-1.04133
1.76291e+09,1189,-0.0978074,0,0.0978074,1.04113,0,-1.04113
1.76291e+09,1190,-0.0981782,0,0.0981782,1.04093,0,-1.04093
1.76291e+09,1191,-0.0985467,0,0.0985467,1.04072,0,-1.04072
1.76291e+09,1192,-0.0989126,0,0.0989126,1.04052,0,-1.04052
1.76291e+09,1193,-0.0992762,0,0.0992762,1.04032,0,-1.04032
1.76291e+09,1194,-0.0996373,0,0.0996373,1.04012,0,-1.04012
1.76291e+09,1195,-0.0999959,0,0.0999959,1.03992,0,-1.03992
1.76291e+09,1196,-0.100352,0,0.100352,1.03972,0,-1.03972
1.76291e+09,1197,-0.100706,0,0.100706,1.03953,0,-1.03953
1.76291e+09,1198,-0.101057,0,0.101057,1.03933,0,-1.03933
1.76291e+09,1199,-0.101406,0,0.101406,1.03913,0,-1.03913
1.76291e+09,1200,-0.101746,0,0.101746,1.03892,0,-1.03892
1.76291e+09,1201,-0.102085,0,0.102085,1.03871,0,-1.03871
1.76291e+09,1202,-0.10242,0,0.10242,1.0385,0,-1.0385
1.76291e+09,1203,-0.102753,0,0.102753,1.03829,0,-1.03829
1.76291e+09,1204,-0.103084,0,0.103084,1.03808,0,-1.03808
1.76291e+09,1205,-0.103412,0,0.103412,1.03787,0,-1.03787
1.76291e+09,1206,-0.103738,0,0.103738,1.03766,0,-1.03766
1.76291e+09,1207,-0.104061,0,0.104061,1.03745,0,-1.03745
1.76291e+09,1208,-0.104382,0,0.104382,1.03724,0,-1.03724
1.76291e+09,1209,-0.104701,0,0.104701,1.03704,0,-1.03704
1.76291e+09,1210,-0.105017,0,0.105017,1.03683,0,-1.03683
1.76291e+09,1211,-0.105331,0,0.105331,1.03663,0,-1.03663
1.76291e+09,1212,-0.105642,0,0.105642,1.03642,0,-1.03642
1.76291e+09,1213,-0.105951,0,0.105951,1.03622,0,-1.03622
1.76291e+09,1214,-0.106258,0,0.106258,1.03602,0,-1.03602
1.76291e+09,1215,-0.106563,0,0.106563,1.03581,0,-1.03581
1.76291e+09,1216,-0.106865,0,0.106865,1.03561,0,-1.03561
1.76291e+09,1217,-0.107165,0,0.107165,1.03541,0,-1.03541
1.76291e+09,1218,-0.107463,0,0.107463,1.03521,0,-1.03521
1.76291e+09,1219,-0.107758,0,0.107758,1.03501,0,-1.03501
1.76291e+09,1220,-0.108051,0,0.108051,1.03482,0,-1.03482
1.76291e+09,1221,-0.108342,0,0.108342,1.03462,0,-1.03462
1.76291e+09,1222,-0.108631,0,0.108631,1.03442,0,-1.03442
1.76291e+09,1223,-0.108917,0,0.108917,1.03423,0,-1.03423
1.76291e+09,1224,-0.109202,0,0.109202,1.03403,0,-1.03403
1.76291e+09,1225,-0.109484,0,0.109484,1.03384,0,-1.03384
1.76291e+09,1226,-0.109764,0,0.109764,1.03365,0,-1.03365
1.76291e+09,1227,-0.110042,0,0.110042,1.03345,0,-1.03345
1.76291e+09,1228,-0.110318,0,0.110318,1.03326,0,-1.03326
1.76291e+09,1229,-0.110591,0,0.110591,1.03307,0,-1.03307
1.76291e+09,1230,-0.110863,0,0.110863,1.03288,0,-1.03288
1.76291e+09,1231,-0.111133,0,0.111133,1.03269,0,-1.03269
1.76291e+09,1232,-0.1114,0,0.1114,1.0325,0,-1.0325
1.76291e+09,1233,-0.111666,0,0.111666,1.03232,0,-1.03232
1.76291e+09,1234,-0.111929,0,0.111929,1.03213,0,-1.03213
1.76291e+09,1235,-0.11219,0,0.11219,1.03194,0,-1.03194
1.76291e+09,1236,-0.11245,0,0.11245,1.03176,0,-1.03176
1.76291e+09,1237,-0.112707,0,0.112707,1.03157,0,-1.03157
1.76291e+09,1238,-0.112962,0,0.112962,1.03139,0,-1.03139
1.76291e+09,1239,-0.113216,0,0.113216,1.03121,0,-1.03121
1.76291e+09,1240,-0.113467,0,0.113467,1.03102,0,-1.03102
1.76291e+09,1241,-0.113716,0,0.113716,1.03084,0,-1.03084
1.76291e+09,1242,-0.113964,0,0.113964,1.03066,0,-1.03066
1.76291e+09,1243,-0.114209,0,0.114209,1.03048,0,-1.03048
1.76291e+09,1244,-0.114453,0,0.114453,1.03031,0,-1.03031
1.76291e+09,1245,-0.114695,0,0.114695,1.03013,0,-1.03013
1.76291e+09,1246,-0.114935,0,0.114935,1.02995,0,-1.02995
1.76291e+09,1247,-0.115172,0,0.115172,1.02977,0,-1.02977
1.76291e+09,1248,-0.115409,0,0.115409,1.0296,0,-1.0296
1.76291e+09,1249,-0.115643,0,0.115643,1.02942,0,-1.02942
1.76291e+09,1250,-0.115875,0,0.115875,1.02925,0,-1.02925
1.76291e+09,1251,-0.116106,0,0.116106,1.02908,0,-1.02908
1.76291e+09,1252,-0.116334,0,0.116334,1.0289,0,-1.0289
1.76291e+09,1253,-0.116561,0,0.116561,1.02873,0,-1.02873
1.76291e+09,1254,-0.116786,0,0.116786,1.02856,0,-1.02856
1.76291e+09,1255,-0.117009,0,0.117009,1.02839,0,-1.02839
1.76291e+09,1256,-0.117231,0,0.117231,1.02822,0,-1.02822
1.76291e+09,1257,-0.11745,0,0.11745,1.02806,0,-1.02806
1.76291e+09,1258,-0.117668,0,0.117668,1.02789,0,-1.02789
1.76291e+09,1259,-0.117885,0,0.117885,1.02772,0,-1.02772
1.76291e+09,1260,-0.118099,0,0.118099,1.02756,0,-1.02756
1.76291e+09,1261,-0.118312,0,0.118312,1.02739,0,-1.02739
1.76291e+09,1262,-0.118522,0,0.118522,1.02723,0,-1.02723
1.76291e+09,1263,-0.118732,0,0.118732,1.02706,0,-1.02706
1.76291e+09,1264,-0.118939,0,0.118939,1.0269,0,-1.0269
1.76291e+09,1265,-0.119145,0,0.119145,1.02674,0,-1.02674
1.76291e+09,1266,-0.119349,0,0.119349,1.02658,0,-1.02658
1.76291e+09,1267,-0.119552,0,0.119552,1.02642,0,-1.02642
1.76291e+09,1268,-0.119752,0,0.119752,1.02626,0,-1.02626
1.76291e+09,1269,-0.119951,0,0.119951,1.0261,0,-1.0261
1.76291e+09,1270,-0.120149,0,0.120149,1.02595,0,-1.02595
1.76291e+09,1271,-0.120345,0,0.120345,1.02579,0,-1.02579
1.76291e+09,1272,-0.120539,0,0.120539,1.02563,0,-1.02563
1.76291e+09,1273,-0.120731,0,0.120731,1.02548,0,-1.02548
1.76291e+09,1274,-0.120922,0,0.120922,1.02532,0,-1.02532
1.76291e+09,1275,-0.121112,0,0.121112,1.02517,0,-1.02517
1.76291e+09,1276,-0.121299,0,0.121299,1.02502,0,-1.02502
1.76291e+09,1277,-0.121486,0,0.121486,1.02486,0,-1.02486
1.76291e+09,1278,-0.12167,0,0.12167,1.02471,0,-1.02471
1.76291e+09,1279,-0.121853,0,0.121853,1.02456,0,-1.02456
1.76291e+09,1280,-0.122035,0,0.122035,1.02441,0,-1.02441
1.76291e+09,1281,-0.122215,0,0.122215,1.02426,0,-1.02426
1.76291e+09,1282,-0.122393,0,0.122393,1.02412,0,-1.02412
1.76291e+09,1283,-0.12257,0,0.12257,1.02397,0,-1.02397
1.76291e+09,1284,-0.122745,0,0.122745,1.02382,0,-1.02382
1.76291e+09,1285,-0.122919,0,0.122919,1.02368,0,-1.02368
1.76291e+09,1286,-0.123091,0,0.123091,1.02353,0,-1.02353
1.76291e+09,1287,-0.123262,0,0.123262,1.02339,0,-1.02339
1.76291e+09,1288,-0.123431,0,0.123431,1.02325,0,-1.02325
1.76291e+09,1289,-0.123599,0,0.123599,1.0231,0,-1.0231
1.76291e+09,1290,-0.123765,0,0.123765,1.02296,0,-1.02296
1.76291e+09,1291,-0.12393,0,0.12393,1.02282,0,-1.02282
1.76291e+09,1292,-0.124093,0,0.124093,1.02268,0,-1.02268
1.76291e+09,1293,-0.124255,0,0.124255,1.02254,0,-1.02254
1.76291e+09,1294,-0.124416,0,0.124416,1.0224,0,-1.0224
1.76291e+09,1295,-0.124575,0,0.124575,1.02226,0,-1.02226
1.76291e+09,1296,-0.124732,0,0.124732,1.02213,0,-1.02213
1.76291e+09,1297,-0.124888,0,0.124888,1.02199,0,-1.02199
1.76291e+09,1298,-0.125043,0,0.125043,1.02186,0,-1.02186
1.76291e+09,1299,-0.125197,0,0.125197,1.02172,0,-1.02172
1.76291e+09,1300,-0.125348,0,0.125348,1.02159,0,-1.02159
1.76291e+09,1301,-0.125499,0,0.125499,1.02145,0,-1.02145
1.76291e+09,1302,-0.125648,0,0.125648,1.02132,0,-1.02132
1.76291e+09,1303,-0.125796,0,0.125796,1.02119,0,-1.02119
1.76291e+09,1304,-0.125942,0,0.125942,1.02106,0,-1.02106
1.76291e+09,1305,-0.126087,0,0.126087,1.02093,0,-1.02093
1.76291e+09,1306,-0.126231,0,0.126231,1.0208,0,-1.0208
1.76291e+09,1307,-0.126373,0,0.126373,1.02067,0,-1.02067
1.76291e+09,1308,-0.126514,0,0.126514,1.02054,0,-1.02054
1.76291e+09,1309,-0.126654,0,0.126654,1.02041,0,-1.02041
1.76291e+09,1310,-0.126792,0,0.126792,1.02029,0,-1.02029
1.76291e+09,1311,-0.126929,0,0.126929,1.02016,0,-1.02016
1.76291e+09,1312,-0.127065,0,0.127065,1.02004,0,-1.02004
1.76291e+09,1313,-0.127199,0,0.127199,1.01991,0,-1.01991
1.76291e+09,1314,-0.127332,0,0.127332,1.01979,0,-1.01979
1.76291e+09,1315,-0.127464,0,0.127464,1.01967,0,-1.01967
1.76291e+09,1316,-0.127594,0,0.127594,1.01954,0,-1.01954
1.76291e+09,1317,-0.127723,0,0.127723,1.01942,0,-1.01942
1.76291e+09,1318,-0.127851,0,0.127851,1.0193,0,-1.0193
1.76291e+09,1319,-0.127978,0,0.127978,1.01918,0,-1.01918
1.76291e+09,1320,-0.128103,0,0.128103,1.01906,0,-1.01906
1.76291e+09,1321,-0.128227,0,0.128227,1.01894,0,-1.01894
1.76291e+09,1322,-0.12835,0,0.12835,1.01882,0,-1.01882
1.76291e+09,1323,-0.128471,0,0.128471,1.01871,0,-1.01871
1.76291e+09,1324,-0.128591,0,0.128591,1.01859,0,-1.01859
1.76291e+09,1325,-0.12871,0,0.12871,1.01847,0,-1.01847
1.76291e+09,1326,-0.128828,0,0.128828,1.01836,0,-1.01836
1.76291e+09,1327,-0.128945,0,0.128945,1.01825,0,-1.01825
1.76291e+09,1328,-0.12906,0,0.12906,1.01813,0,-1.01813
1.76291e+09,1329,-0.129174,0,0.129174,1.01802,0,-1.01802
1.76291e+09,1330,-0.129287,0,0.129287,1.01791,0,-1.01791
1.76291e+09,1331,-0.129399,0,0.129399,1.01779,0,-1.01779
1.76291e+09,1332,-0.129509,0,0.129509,1.01768,0,-1.01768
1.76291e+09,1333,-0.129618,0,0.129618,1.01757,0,-1.01757
1.76291e+09,1334,-0.129726,0,0.129726,1.01746,0,-1.01746
1.76291e+09,1335,-0.129833,0,0.129833,1.01735,0,-1.01735
1.76291e+09,1336,-0.129939,0,0.129939,1.01725,0,-1.01725
1.76291e+09,1337,-0.130043,0,0.130043,1.01714,0,-1.01714
1.76291e+09,1338,-0.130147,0,0.130147,1.01703,0,-1.01703
1.76291e+09,1339,-0.130249,0,0.130249,1.01693,0,-1.01693
1.76291e+09,1340,-0.13035,0,0.13035,1.01682,0,-1.01682
1.76291e+09,1341,-0.13045,0,0.13045,1.01671,0,-1.01671
1.76291e+09,1342,-0.130548,0,0.130548,1.01661,0,-1.01661
1.76291e+09,1343,-0.130646,0,0.130646,1.01651,0,-1.01651
1.76291e+09,1344,-0.130742,0,0.130742,1.0164,0,-1.0164
1.76291e+09,1345,-0.130838,0,0.130838,1.0163,0,-1.0163
1.76291e+09,1346,-0.130932,0,0.130932,1.0162,0,-1.0162
1.76291e+09,1347,-0.131025,0,0.131025,1.0161,0,-1.0161
1.76291e+09,1348,-0.131116,0,0.131116,1.016,0,-1.016
1.76291e+09,1349,-0.131207,0,0.131207,1.0159,0,-1.0159
1.76291e+09,1350,-0.131297,0,0.131297,1.0158,0,-1.0158
1.76291e+09,1351,-0.131385,0,0.131385,1.0157,0,-1.0157
1.76291e+09,1352,-0.131473,0,0.131473,1.0156,0,-1.0156
1.76291e+09,1353,-0.131559,0,0.131559,1.01551,0,-1.01551
1.76291e+09,1354,-0.131644,0,0.131644,1.01541,0,-1.01541
1.76291e+09,1355,-0.131728,0,0.131728,1.01531,0,-1.01531
1.76291e+09,1356,-0.131811,0,0.131811,1.01522,0,-1.01522
1.76291e+09,1357,-0.131893,0,0.131893,1.01512,0,-1.01512
1.76291e+09,1358,-0.131974,0,0.131974,1.01503,0,-1.01503
1.76291e+09,1359,-0.132053,0,0.132053,1.01494,0,-1.01494
1.76291e+09,1360,-0.132132,0,0.132132,1.01484,0,-1.01484
1.76291e+09,1361,-0.13221,0,0.13221,1.01475,0,-1.01475
1.76291e+09,1362,-0.132286,0,0.132286,1.01466,0,-1.01466
1.76291e+09,1363,-0.132361,0,0.132361,1.01457,0,-1.01457
1.76291e+09,1364,-0.132436,0,0.132436,1.01448,0,-1.01448
1.76291e+09,1365,-0.132509,0,0.132509,1.01439,0,-1.01439
1.76291e+09,1366,-0.132581,0,0.132581,1.0143,0,-1.0143
1.76291e+09,1367,-0.132652,0,0.132652,1.01421,0,-1.01421
1.76291e+09,1368,-0.132722,0,0.132722,1.01412,0,-1.01412
1.76291e+09,1369,-0.132792,0,0.132792,1.01403,0,-1.01403
1.76291e+09,1370,-0.13286,0,0.13286,1.01395,0,-1.01395
1.76291e+09,1371,-0.132926,0,0.132926,1.01386,0,-1.01386
1.76291e+09,1372,-0.132992,0,0.132992,1.01377,0,-1.01377
1.76291e+09,1373,-0.133057,0,0.133057,1.01369,0,-1.01369
1.76291e+09,1374,-0.133121,0,0.133121,1.0136,0,-1.0136
1.76291e+09,1375,-0.133184,0,0.133184,1.01352,0,-1.01352
1.76291e+09,1376,-0.133246,0,0.133246,1.01344,0,-1.01344
1.76291e+09,1377,-0.133307,0,0.133307,1.01335,0,-1.01335
1.76291e+09,1378,-0.133366,0,0.133366,1.01327,0,-1.01327
1.76291e+09,1379,-0.133425,0,0.133425,1.01319,0,-1.01319
1.76291e+09,1380,-0.133483,0,0.133483,1.01311,0,-1.01311
1.76291e+09,1381,-0.13354,0,0.13354,1.01303,0,-1.01303
1.76291e+09,1382,-0.133595,0,0.133595,1.01295,0,-1.01295
1.76291e+09,1383,-0.13365,0,0.13365,1.01287,0,-1.01287
1.76291e+09,1384,-0.133704,0,0.133704,1.01279,0,-1.01279
1.76291e+09,1385,-0.133756,0,0.133756,1.01271,0,-1.01271
1.76291e+09,1386,-0.133808,0,0.133808,1.01263,0,-1.01263
1.76291e+09,1387,-0.133859,0,0.133859,1.01255,0,-1.01255
1.76291e+09,1388,-0.133908,0,0.133908,1.01248,0,-1.01248
1.76291e+09,1389,-0.133957,0,0.133957,1.0124,0,-1.0124
1.76291e+09,1390,-0.134005,0,0.134005,1.01233,0,-1.01233
1.76291e+09,1391,-0.134052,0,0.134052,1.01225,0,-1.01225
1.76291e+09,1392,-0.134097,0,0.134097,1.01218,0,-1.01218
1.76291e+09,1393,-0.134142,0,0.134142,1.0121,0,-1.0121
1.76291e+09,1394,-0.134186,0,0.134186,1.01203,0,-1.01203
1.76291e+09,1395,-0.134229,0,0.134229,1.01196,0,-1.01196
1.76291e+09,1396,-0.134271,0,0.134271,1.01188,0,-1.01188
1.76291e+09,1397,-0.134311,0,0.134311,1.01181,0,-1.01181
1.76291e+09,1398,-0.134351,0,0.134351,1.01174,0,-1.01174
1.76291e+09,1399,-0.13439,0,0.13439,1.01167,0,-1.01167
1.76291e+09,1400,-0.134428,0,0.134428,1.0116,0,-1.0116
1.76291e+09,1401,-0.134465,0,0.134465,1.01153,0,-1.01153
1.76291e+09,1402,-0.134501,0,0.134501,1.01146,0,-1.01146
1.76291e+09,1403,-0.134536,0,0.134536,1.01139,0,-1.01139
1.76291e+09,1404,-0.13457,0,0.13457,1.01132,0,-1.01132
1.76291e+09,1405,-0.134603,0,0.134603,1.01125,0,-1.01125
1.76291e+09,1406,-0.134636,0,0.134636,1.01118,0,-1.01118
1.76291e+09,1407,-0.134667,0,0.134667,1.01112,0,-1.01112
1.76291e+09,1408,-0.134697,0,0.134697,1.01105,0,-1.01105
1.76291e+09,1409,-0.134726,0,0.134726,1.01098,0,-1.01098
1.76291e+09,1410,-0.134755,0,0.134755,1.01092,0,-1.01092
1.76291e+09,1411,-0.134782,0,0.134782,1.01085,0,-1.01085
1.76291e+09,1412,-0.134808,0,0.134808,1.01079,0,-1.01079
1.76291e+09,1413,-0.134834,0,0.134834,1.01072,0,-1.01072
1.76291e+09,1414,-0.134859,0,0.134859,1.01066,0,-1.01066
1.76291e+09,1415,-0.134882,0,0.134882,1.0106,0,-1.0106
1.76291e+09,1416,-0.134905,0,0.134905,1.01054,0,-1.01054
1.76291e+09,1417,-0.134927,0,0.134927,1.01047,0,-1.01047
1.76291e+09,1418,-0.134947,0,0.134947,1.01041,0,-1.01041
1.76291e+09,1419,-0.134967,0,0.134967,1.01035,0,-1.01035
1.76291e+09,1420,-0.134986,0,0.134986,1.01029,0,-1.01029
1.76291e+09,1421,-0.135004,0,0.135004,1.01023,0,-1.01023
1.76291e+09,1422,-0.135021,0,0.135021,1.01017,0,-1.01017
1.76291e+09,1423,-0.135037,0,0.135037,1.01011,0,-1.01011
1.76291e+09,1424,-0.135052,0,0.135052,1.01005,0,-1.01005
1.76291e+09,1425,-0.135066,0,0.135066,1.00999,0,-1.00999
1.76291e+09,1426,-0.13508,0,0.13508,1.00993,0,-1.00993
1.76291e+09,1427,-0.135092,0,0.135092,1.00987,0,-1.00987
1.76291e+09,1428,-0.135103,0,0.135103,1.00982,0,-1.00982
1.76291e+09,1429,-0.135114,0,0.135114,1.00976,0,-1.00976
1.76291e+09,1430,-0.135123,0,0.135123,1.0097,0,-1.0097
1.76291e+09,1431,-0.135132,0,0.135132,1.00965,0,-1.00965
1.76291e+09,1432,-0.13514,0,0.13514,1.00959,0,-1.00959
1.76291e+09,1433,-0.135146,0,0.135146,1.00954,0,-1.00954
1.76291e+09,1434,-0.135152,0,0.135152,1.00948,0,-1.00948
1.76291e+09,1435,-0.135157,0,0.135157,1.00943,0,-1.00943
1.76291e+09,1436,-0.135161,0,0.135161,1.00937,0,-1.00937
1.76291e+09,1437,-0.135164,0,0.135164,1.00932,0,-1.00932
1.76291e+09,1438,-0.135166,0,0.135166,1.00927,0,-1.00927
1.76291e+09,1439,-0.135167,0,0.135167,1.00922,0,-1.00922
1.76291e+09,1440,-0.135168,0,0.135168,1.00916,0,-1.00916
1.76291e+09,1441,-0.135167,0,0.135167,1.00911,0,-1.00911
1.76291e+09,1442,-0.135165,0,0.135165,1.00906,0,-1.00906
1.76291e+09,1443,-0.135163,0,0.135163,1.00901,0,-1.00901
1.76291e+09,1444,-0.135159,0,0.135159,1.00896,0,-1.00896
1.76291e+09,1445,-0.135155,0,0.135155,1.00891,0,-1.00891
1.76291e+09,1446,-0.13515,0,0.13515,1.00886,0,-1.00886
1.76291e+09,1447,-0.135143,0,0.135143,1.00881,0,-1.00881
1.76291e+09,1448,-0.135136,0,0.135136,1.00876,0,-1.00876
1.76291e+09,1449,-0.135128,0,0.135128,1.00871,0,-1.00871
1.76291e+09,1450,-0.135119,0,0.135119,1.00866,0,-1.00866
1.76291e+09,1451,-0.135109,0,0.135109,1.00862,0,-1.00862
1.76291e+09,1452,-0.135098,0,0.135098,1.00857,0,-1.00857
1.76291e+09,1453,-0.135086,0,0.135086,1.00852,0,-1.00852
1.76291e+09,1454,-0.135073,0,0.135073,1.00847,0,-1.00847
1.76291e+09,1455,-0.13506,0,0.13506,1.00843,0,-1.00843
1.76291e+09,1456,-0.135045,0,0.135045,1.00838,0,-1.00838
1.76291e+09,1457,-0.135029,0,0.135029,1.00834,0,-1.00834
1.76291e+09,1458,-0.135013,0,0.135013,1.00829,0,-1.00829
1.76291e+09,1459,-0.134995,0,0.134995,1.00825,0,-1.00825
1.76291e+09,1460,-0.134977,0,0.134977,1.0082,0,-1.0082
1.76291e+09,1461,-0.134958,0,0.134958,1.00816,0,-1.00816
1.76291e+09,1462,-0.134937,0,0.134937,1.00811,0,-1.00811
1.76291e+09,1463,-0.134916,0,0.134916,1.00807,0,-1.00807
1.76291e+09,1464,-0.134894,0,0.134894,1.00803,0,-1.00803
1.76291e+09,1465,-0.134871,0,0.134871,1.00798,0,-1.00798
1.76291e+09,1466,-0.134847,0,0.134847,1.00794,0,-1.00794
1.76291e+09,1467,-0.134822,0,0.134822,1.0079,0,-1.0079
1.76291e+09,1468,-0.134796,0,0.134796,1.00786,0,-1.00786
1.76291e+09,1469,-0.134769,0,0.134769,1.00782,0,-1.00782
1.76291e+09,1470,-0.134741,0,0.134741,1.00778,0,-1.00778
1.76291e+09,1471,-0.134713,0,0.134713,1.00774,0,-1.00774
1.76291e+09,1472,-0.134683,0,0.134683,1.0077,0,-1.0077
1.76291e+09,1473,-0.134652,0,0.134652,1.00766,0,-1.00766
1.76291e+09,1474,-0.134621,0,0.134621,1.00762,0,-1.00762
1.76291e+09,1475,-0.134588,0,0.134588,1.00758,0,-1.00758
1.76291e+09,1476,-0.134555,0,0.134555,1.00754,0,-1.00754
1.76291e+09,1477,-0.13452,0,0.13452,1.0075,0,-1.0075
1.76291e+09,1478,-0.134485,0,0.134485,1.00746,0,-1.00746
1.76291e+09,1479,-0.134449,0,0.134449,1.00742,0,-1.00742
1.76291e+09,1480,-0.134411,0,0.134411,1.00739,0,-1.00739
1.76291e+09,1481,-0.134373,0,0.134373,1.00735,0,-1.00735
1.76291e+09,1482,-0.134334,0,0.134334,1.00731,0,-1.00731
1.76291e+09,1483,-0.134294,0,0.134294,1.00727,0,-1.00727
1.76291e+09,1484,-0.134252,0,0.134252,1.00724,0,-1.00724
1.76291e+09,1485,-0.13421,0,0.13421,1.0072,0,-1.0072
1.76291e+09,1486,-0.134167,0,0.134167,1.00717,0,-1.00717
1.76291e+09,1487,-0.134123,0,0.134123,1.00713,0,-1.00713
1.76291e+09,1488,-0.134078,0,0.134078,1.0071,0,-1.0071
1.76291e+09,1489,-0.134032,0,0.134032,1.00706,0,-1.00706
1.76291e+09,1490,-0.133985,0,0.133985,1.00703,0,-1.00703
1.76291e+09,1491,-0.133937,0,0.133937,1.00699,0,-1.00699
1.76291e+09,1492,-0.133888,0,0.133888,1.00696,0,-1.00696
1.76291e+09,1493,-0.133838,0,0.133838,1.00692,0,-1.00692
1.76291e+09,1494,-0.133787,0,0.133787,1.00689,0,-1.00689
1.76291e+09,1495,-0.133735,0,0.133735,1.00686,0,-1.00686
1.76291e+09,1496,-0.133682,0,0.133682,1.00682,0,-1.00682
1.76291e+09,1497,-0.133628,0,0.133628,1.00679,0,-1.00679
1.76291e+09,1498,-0.133574,0,0.133574,1.00676,0,-1.00676
1.76291e+09,1499,-0.133518,0,0.133518,1.00673,0,-1.00673
1.76291e+09,1500,-0.133461,0,0.133461,1.0067,0,-1.0067
1.76291e+09,1501,-0.133403,0,0.133403,1.00666,0,-1.00666
1.76291e+09,1502,-0.133344,0,0.133344,1.00663,0,-1.00663
1.76291e+09,1503,-0.133284,0,0.133284,1.0066,0,-1.0066
1.76291e+09,1504,-0.133223,0,0.133223,1.00657,0,-1.00657
1.76291e+09,1505,-0.133161,0,0.133161,1.00654,0,-1.00654
1.76291e+09,1506,-0.133098,0,0.133098,1.00651,0,-1.00651
1.76291e+09,1507,-0.133034,0,0.133034,1.00648,0,-1.00648
1.76291e+09,1508,-0.132969,0,0.132969,1.00645,0,-1.00645
1.76291e+09,1509,-0.132903,0,0.132903,1.00642,0,-1.00642
1.76291e+09,1510,-0.132836,0,0.132836,1.00639,0,-1.00639
1.76291e+09,1511,-0.132768,0,0.132768,1.00636,0,-1.00636
1.76291e+09,1512,-0.132699,0,0.132699,1.00633,0,-1.00633
1.76291e+09,1513,-0.132629,0,0.132629,1.00631,0,-1.00631
1.76291e+09,1514,-0.132558,0,0.132558,1.00628,0,-1.00628
1.76291e+09,1515,-0.132486,0,0.132486,1.00625,0,-1.00625
1.76291e+09,1516,-0.132412,0,0.132412,1.00622,0,-1.00622
1.76291e+09,1517,-0.132338,0,0.132338,1.00619,0,-1.00619
1.76291e+09,1518,-0.132263,0,0.132263,1.00617,0,-1.00617
1.76291e+09,1519,-0.132186,0,0.132186,1.00614,0,-1.00614
1.76291e+09,1520,-0.132109,0,0.132109,1.00611,0,-1.00611
1.76291e+09,1521,-0.13203,0,0.13203,1.00609,0,-1.00609
1.76291e+09,1522,-0.131951,0,0.131951,1.00606,0,-1.00606
1.76291e+09,1523,-0.13187,0,0.13187,1.00603,0,-1.00603
1.76291e+09,1524,-0.131788,0,0.131788,1.00601,0,-1.00601
1.76291e+09,1525,-0.131705,0,0.131705,1.00598,0,-1.00598
1.76291e+09,1526,-0.131621,0,0.131621,1.00595,0,-1.00595
1.76291e+09,1527,-0.131536,0,0.131536,1.00593,0,-1.00593
1.76291e+09,1528,-0.13145,0,0.13145,1.0059,0,-1.0059
1.76291e+09,1529,-0.131363,0,0.131363,1.00588,0,-1.00588
1.76291e+09,1530,-0.131275,0,0.131275,1.00585,0,-1.00585
1.76291e+09,1531,-0.131186,0,0.131186,1.00583,0,-1.00583
1.76291e+09,1532,-0.131095,0,0.131095,1.0058,0,-1.0058
1.76291e+09,1533,-0.131003,0,0.131003,1.00578,0,-1.00578
1.76291e+09,1534,-0.130911,0,0.130911,1.00576,0,-1.00576
1.76291e+09,1535,-0.130817,0,0.130817,1.00573,0,-1.00573
1.76291e+09,1536,-0.130722,0,0.130722,1.00571,0,-1.00571
1.76291e+09,1537,-0.130626,0,0.130626,1.00568,0,-1.00568
1.76291e+09,1538,-0.130529,0,0.130529,1.00566,0,-1.00566
1.76291e+09,1539,-0.13043,0,0.13043,1.00564,0,-1.00564
1.76291e+09,1540,-0.130331,0,0.130331,1.00561,0,-1.00561
1.76291e+09,1541,-0.13023,0,0.13023,1.00559,0,-1.00559
1.76291e+09,1542,-0.130129,0,0.130129,1.00557,0,-1.00557
1.76291e+09,1543,-0.130026,0,0.130026,1.00555,0,-1.00555
1.76291e+09,1544,-0.129922,0,0.129922,1.00552,0,-1.00552
1.76291e+09,1545,-0.129816,0,0.129816,1.0055,0,-1.0055
1.76291e+09,1546,-0.12971,0,0.12971,1.00548,0,-1.00548
1.76291e+09,1547,-0.129603,0,0.129603,1.00546,0,-1.00546
1.76291e+09,1548,-0.129494,0,0.129494,1.00543,0,-1.00543
1.76291e+09,1549,-0.129384,0,0.129384,1.00541,0,-1.00541
1.76291e+09,1550,-0.129273,0,0.129273,1.00539,0,-1.00539
1.76291e+09,1551,-0.129161,0,0.129161,1.00537,0,-1.00537
1.76291e+09,1552,-0.129047,0,0.129047,1.00535,0,-1.00535
1.76291e+09,1553,-0.128932,0,0.128932,1.00533,0,-1.00533
1.76291e+09,1554,-0.128817,0,0.128817,1.0053,0,-1.0053
1.76291e+09,1555,-0.128699,0,0.128699,1.00528,0,-1.00528
1.76291e+09,1556,-0.128581,0,0.128581,1.00526,0,-1.00526
1.76291e+09,1557,-0.128462,0,0.128462,1.00524,0,-1.00524
1.76291e+09,1558,-0.128341,0,0.128341,1.00522,0,-1.00522
1.76291e+09,1559,-0.128219,0,0.128219,1.0052,0,-1.0052
1.76291e+09,1560,-0.128096,0,0.128096,1.00518,0,-1.00518
1.76291e+09,1561,-0.127971,0,0.127971,1.00516,0,-1.00516
1.76291e+09,1562,-0.127845,0,0.127845,1.00514,0,-1.00514
1.76291e+09,1563,-0.127718,0,0.127718,1.00512,0,-1.00512
1.76291e+09,1564,-0.12759,0,0.12759,1.0051,0,-1.0051
1.76291e+09,1565,-0.127461,0,0.127461,1.00507,0,-1.00507
1.76291e+09,1566,-0.12733,0,0.12733,1.00505,0,-1.00505
1.76291e+09,1567,-0.127198,0,0.127198,1.00503,0,-1.00503
1.76291e+09,1568,-0.127065,0,0.127065,1.00501,0,-1.00501
1.76291e+09,1569,-0.12693,0,0.12693,1.00499,0,-1.00499
1.76291e+09,1570,-0.126794,0,0.126794,1.00497,0,-1.00497
1.76291e+09,1571,-0.126657,0,0.126657,1.00495,0,-1.00495
1.76291e+09,1572,-0.126518,0,0.126518,1.00493,0,-1.00493
1.76291e+09,1573,-0.126378,0,0.126378,1.00491,0,-1.00491
1.76291e+09,1574,-0.126237,0,0.126237,1.00489,0,-1.00489
1.76291e+09,1575,-0.126095,0,0.126095,1.00487,0,-1.00487
1.76291e+09,1576,-0.125951,0,0.125951,1.00485,0,-1.00485
1.76291e+09,1577,-0.125806,0,0.125806,1.00483,0,-1.00483
1.76291e+09,1578,-0.125659,0,0.125659,1.00481,0,-1.00481
1.76291e+09,1579,-0.125511,0,0.125511,1.00479,0,-1.00479
1.76291e+09,1580,-0.125362,0,0.125362,1.00477,0,-1.00477
1.76291e+09,1581,-0.125211,0,0.125211,1.00475,0,-1.00475
1.76291e+09,1582,-0.125059,0,0.125059,1.00473,0,-1.00473
1.76291e+09,1583,-0.124906,0,0.124906,1.00471,0,-1.00471
1.76291e+09,1584,-0.124751,0,0.124751,1.00469,0,-1.00469
1.76291e+09,1585,-0.124595,0,0.124595,1.00467,0,-1.00467
1.76291e+09,1586,-0.124438,0,0.124438,1.00465,0,-1.00465
1.76291e+09,1587,-0.124279,0,0.124279,1.00463,0,-1.00463
1.76291e+09,1588,-0.124118,0,0.124118,1.00461,0,-1.00461
1.76291e+09,1589,-0.123957,0,0.123957,1.00459,0,-1.00459
1.76291e+09,1590,-0.123793,0,0.123793,1.00457,0,-1.00457
1.76291e+09,1591,-0.123629,0,0.123629,1.00455,0,-1.00455
1.76291e+09,1592,-0.123463,0,0.123463,1.00453,0,-1.00453
1.76291e+09,1593,-0.123295,0,0.123295,1.00451,0,-1.00451
1.76291e+09,1594,-0.123126,0,0.123126,1.00449,0,-1.00449
1.76291e+09,1595,-0.122956,0,0.122956,1.00447,0,-1.00447
1.76291e+09,1596,-0.122784,0,0.122784,1.00445,0,-1.00445
1.76291e+09,1597,-0.12261,0,0.12261,1.00443,0,-1.00443
1.76291e+09,1598,-0.122435,0,0.122435,1.00441,0,-1.00441
1.76291e+09,1599,-0.122259,0,0.122259,1.00439,0,-1.00439
1.76291e+09,1600,-0.122081,0,0.122081,1.00437,0,-1.00437
1.76291e+09,1601,-0.121901,0,0.121901,1.00435,0,-1.00435
1.76291e+09,1602,-0.12172,0,0.12172,1.00433,0,-1.00433
1.76291e+09,1603,-0.121538,0,0.121538,1.00431,0,-1.00431
1.76291e+09,1604,-0.121354,0,0.121354,1.00429,0,-1.00429
1.76291e+09,1605,-0.121168,0,0.121168,1.00426,0,-1.00426
1.76291e+09,1606,-0.120981,0,0.120981,1.00424,0,-1.00424
1.76291e+09,1607,-0.120792,0,0.120792,1.00422,0,-1.00422
1.76291e+09,1608,-0.120602,0,0.120602,1.0042,0,-1.0042
1.76291e+09,1609,-0.12041,0,0.12041,1.00418,0,-1.00418
1.76291e+09,1610,-0.120217,0,0.120217,1.00415,0,-1.00415
1.76291e+09,1611,-0.120021,0,0.120021,1.00413,0,-1.00413
1.76291e+09,1612,-0.119825,0,0.119825,1.00411,0,-1.00411
1.76291e+09,1613,-0.119626,0,0.119626,1.00409,0,-1.00409
1.76291e+09,1614,-0.119426,0,0.119426,1.00406,0,-1.00406
1.76291e+09,1615,-0.119225,0,0.119225,1.00404,0,-1.00404
1.76291e+09,1616,-0.119022,0,0.119022,1.00402,0,-1.00402
1.76291e+09,1617,-0.118817,0,0.118817,1.00399,0,-1.00399
1.76291e+09,1618,-0.11861,0,0.11861,1.00397,0,-1.00397
1.76291e+09,1619,-0.118402,0,0.118402,1.00395,0,-1.00395
1.76291e+09,1620,-0.118192,0,0.118192,1.00392,0,-1.00392
1.76291e+09,1621,-0.11798,0,0.11798,1.0039,0,-1.0039
1.76291e+09,1622,-0.117767,0,0.117767,1.00387,0,-1.00387
1.76291e+09,1623,-0.117552,0,0.117552,1.00385,0,-1.00385
1.76291e+09,1624,-0.117335,0,0.117335,1.00382,0,-1.00382
1.76291e+09,1625,-0.117117,0,0.117117,1.0038,0,-1.0038
1.76291e+09,1626,-0.116897,0,0.116897,1.00377,0,-1.00377
1.76291e+09,1627,-0.116675,0,0.116675,1.00374,0,-1.00374
1.76291e+09,1628,-0.116451,0,0.116451,1.00372,0,-1.00372
1.76291e+09,1629,-0.116226,0,0.116226,1.00369,0,-1.00369
1.76291e+09,1630,-0.115998,0,0.115998,1.00366,0,-1.00366
1.76291e+09,1631,-0.115769,0,0.115769,1.00364,0,-1.00364
1.76291e+09,1632,-0.115538,0,0.115538,1.00361,0,-1.00361
1.76291e+09,1633,-0.115306,0,0.115306,1.00358,0,-1.00358
1.76291e+09,1634,-0.115071,0,0.115071,1.00355,0,-1.00355
1.76291e+09,1635,-0.114835,0,0.114835,1.00352,0,-1.00352
1.76291e+09,1636,-0.114596,0,0.114596,1.00349,0,-1.00349
1.76291e+09,1637,-0.114356,0,0.114356,1.00347,0,-1.00347
1.76291e+09,1638,-0.114114,0,0.114114,1.00344,0,-1.00344
1.76291e+09,1639,-0.113871,0,0.113871,1.00341,0,-1.00341
1.76291e+09,1640,-0.113625,0,0.113625,1.00337,0,-1.00337
1.76291e+09,1641,-0.113377,0,0.113377,1.00334,0,-1.00334
1.76291e+09,1642,-0.113128,0,0.113128,1.00331,0,-1.00331
1.76291e+09,1643,-0.112876,0,0.112876,1.00328,0,-1.00328
1.76291e+09,1644,-0.112623,0,0.112623,1.00325,0,-1.00325
1.76291e+09,1645,-0.112368,0,0.112368,1.00321,0,-1.00321
1.76291e+09,1646,-0.11211,0,0.11211,1.00318,0,-1.00318
1.76291e+09,1647,-0.111851,0,0.111851,1.00315,0,-1.00315
1.76291e+09,1648,-0.11159,0,0.11159,1.00311,0,-1.00311
1.76291e+09,1649,-0.111327,0,0.111327,1.00308,0,-1.00308
1.76291e+09,1650,-0.111061,0,0.111061,1.00304,0,-1.00304
1.76291e+09,1651,-0.110794,0,0.110794,1.00301,0,-1.00301
1.76291e+09,1652,-0.110525,0,0.110525,1.00297,0,-1.00297
1.76291e+09,1653,-0.110254,0,0.110254,1.00293,0,-1.00293
1.76291e+09,1654,-0.10998,0,0.10998,1.0029,0,-1.0029
1.76291e+09,1655,-0.109705,0,0.109705,1.00286,0,-1.00286
1.76291e+09,1656,-0.109427,0,0.109427,1.00282,0,-1.00282
1.76291e+09,1657,-0.109148,0,0.109148,1.00278,0,-1.00278
1.76291e+09,1658,-0.108866,0,0.108866,1.00274,0,-1.00274
1.76291e+09,1659,-0.108582,0,0.108582,1.0027,0,-1.0027
1.76291e+09,1660,-0.108296,0,0.108296,1.00266,0,-1.00266
1.76291e+09,1661,-0.108008,0,0.108008,1.00261,0,-1.00261
1.76291e+09,1662,-0.107717,0,0.107717,1.00257,0,-1.00257
1.76291e+09,1663,-0.107425,0,0.107425,1.00253,0,-1.00253
1.76291e+09,1664,-0.10713,0,0.10713,1.00249,0,-1.00249
1.76291e+09,1665,-0.106833,0,0.106833,1.00244,0,-1.00244
1.76291e+09,1666,-0.106534,0,0.106534,1.00239,0,-1.00239
1.76291e+09,1667,-0.106233,0,0.106233,1.00235,0,-1.00235
1.76291e+09,1668,-0.105929,0,0.105929,1.0023,0,-1.0023
1.76291e+09,1669,-0.105623,0,0.105623,1.00225,0,-1.00225
1.76291e+09,1670,-0.105315,0,0.105315,1.00221,0,-1.00221
1.76291e+09,1671,-0.105005,0,0.105005,1.00216,0,-1.00216
1.76291e+09,1672,-0.104692,0,0.104692,1.00211,0,-1.00211
1.76291e+09,1673,-0.104377,0,0.104377,1.00206,0,-1.00206
1.76291e+09,1674,-0.104059,0,0.104059,1.002,0,-1.002
1.76291e+09,1675,-0.103739,0,0.103739,1.00195,0,-1.00195
1.76291e+09,1676,-0.103417,0,0.103417,1.0019,0,-1.0019
1.76291e+09,1677,-0.103093,0,0.103093,1.00184,0,-1.00184
1.76291e+09,1678,-0.102766,0,0.102766,1.00179,0,-1.00179
1.76291e+09,1679,-0.102436,0,0.102436,1.00173,0,-1.00173
1.76291e+09,1680,-0.102098,0,0.102098,1.00166,0,-1.00166
1.76291e+09,1681,-0.101758,0,0.101758,1.00158,0,-1.00158
1.76291e+09,1682,-0.101416,0,0.101416,1.0015,0,-1.0015
1.76291e+09,1683,-0.101071,0,0.101071,1.00143,0,-1.00143
1.76291e+09,1684,-0.100724,0,0.100724,1.00135,0,-1.00135
1.76291e+09,1685,-0.100374,0,0.100374,1.00127,0,-1.00127
1.76291e+09,1686,-0.100022,0,0.100022,1.00119,0,-1.00119
1.76291e+09,1687,-0.0996675,0,0.0996675,1.0011,0,-1.0011
1.76291e+09,1688,-0.0993105,0,0.0993105,1.00102,0,-1.00102
1.76291e+09,1689,-0.0989512,0,0.0989512,1.00094,0,-1.00094
1.76291e+09,1690,-0.0985894,0,0.0985894,1.00085,0,-1.00085
1.76291e+09,1691,-0.0982253,0,0.0982253,1.00076,0,-1.00076
1.76291e+09,1692,-0.0978588,0,0.0978588,1.00068,0,-1.00068
1.76291e+09,1693,-0.0974898,0,0.0974898,1.00059,0,-1.00059
1.76291e+09,1694,-0.0971186,0,0.0971186,1.0005,0,-1.0005
1.76291e+09,1695,-0.0967449,0,0.0967449,1.00041,0,-1.00041
1.76291e+09,1696,-0.096369,0,0.096369,1.00031,0,-1.00031
1.76291e+09,1697,-0.0959907,0,0.0959907,1.00022,0,-1.00022
1.76291e+09,1698,-0.0956101,0,0.0956101,1.00012,0,-1.00012
1.76291e+09,1699,-0.0952273,0,0.0952273,1.00003,0,-1.00003
1.76291e+09,1700,-0.0948422,0,0.0948422,0.99993,0,-0.99993
1.76291e+09,1701,-0.0944549,0,0.0944549,0.999831,0,-0.999831
1.76291e+09,1702,-0.0940654,0,0.0940654,0.999731,0,-0.999731
1.76291e+09,1703,-0.0936737,0,0.0936737,0.99963,0,-0.99963
1.76291e+09,1704,-0.09328,0,0.09328,0.999527,0,-0.999527
1.76291e+09,1705,-0.0928841,0,0.0928841,0.999423,0,-0.999423
1.76291e+09,1706,-0.0924862,0,0.0924862,0.999317,0,-0.999317
1.76291e+09,1707,-0.0920862,0,0.0920862,0.999211,0,-0.999211
1.76291e+09,1708,-0.0916843,0,0.0916843,0.999102,0,-0.999102
1.76291e+09,1709,-0.0912804,0,0.0912804,0.998993,0,-0.998993
1.76291e+09,1710,-0.0908747,0,0.0908747,0.998882,0,-0.998882
1.76291e+09,1711,-0.0904671,0,0.0904671,0.99877,0,-0.99877
1.76291e+09,1712,-0.0900576,0,0.0900576,0.998656,0,-0.998656
1.76291e+09,1713,-0.0896465,0,0.0896465,0.998541,0,-0.998541
1.76291e+09,1714,-0.0892336,0,0.0892336,0.998425,0,-0.998425
1.76291e+09,1715,-0.0888191,0,0.0888191,0.998307,0,-0.998307
1.76291e+09,1716,-0.088403,0,0.088403,0.998188,0,-0.998188
1.76291e+09,1717,-0.0879853,0,0.0879853,0.998067,0,-0.998067
1.76291e+09,1718,-0.0875661,0,0.0875661,0.997945,0,-0.997945
1.76291e+09,1719,-0.0871455,0,0.0871455,0.997822,0,-0.997822
1.76291e+09,1720,-0.0867235,0,0.0867235,0.997697,0,-0.997697
1.76291e+09,1721,-0.0863001,0,0.0863001,0.99757,0,-0.99757
1.76291e+09,1722,-0.0858755,0,0.0858755,0.997443,0,-0.997443
1.76291e+09,1723,-0.0854497,0,0.0854497,0.997314,0,-0.997314
1.76291e+09,1724,-0.0850227,0,0.0850227,0.997183,0,-0.997183
1.76291e+09,1725,-0.0845947,0,0.0845947,0.997051,0,-0.997051
1.76291e+09,1726,-0.0841656,0,0.0841656,0.996918,0,-0.996918
1.76291e+09,1727,-0.0837355,0,0.0837355,0.996783,0,-0.996783
1.76291e+09,1728,-0.0833046,0,0.0833046,0.996647,0,-0.996647
1.76291e+09,1729,-0.0828728,0,0.0828728,0.99651,0,-0.99651
1.76291e+09,1730,-0.0824402,0,0.0824402,0.996371,0,-0.996371
1.76291e+09,1731,-0.0820069,0,0.0820069,0.996231,0,-0.996231
1.76291e+09,1732,-0.081573,0,0.081573,0.996089,0,-0.996089
1.76291e+09,1733,-0.0811385,0,0.0811385,0.995946,0,-0.995946
1.76291e+09,1734,-0.0807035,0,0.0807035,0.995802,0,-0.995802
1.76291e+09,1735,-0.080268,0,0.080268,0.995657,0,-0.995657
1.76291e+09,1736,-0.0798322,0,0.0798322,0.99551,0,-0.99551
1.76291e+09,1737,-0.0793961,0,0.0793961,0.995361,0,-0.995361
1.76291e+09,1738,-0.0789597,0,0.0789597,0.995212,0,-0.995212
1.76291e+09,1739,-0.0785231,0,0.0785231,0.995061,0,-0.995061
1.76291e+09,1740,-0.0780864,0,0.0780864,0.994909,0,-0.994909
1.76291e+09,1741,-0.0776497,0,0.0776497,0.994756,0,-0.994756
1.76291e+09,1742,-0.0772131,0,0.0772131,0.994602,0,-0.994602
1.76291e+09,1743,-0.0767765,0,0.0767765,0.994446,0,-0.994446
1.76291e+09,1744,-0.0763401,0,0.0763401,0.994289,0,-0.994289
1.76291e+09,1745,-0.0759039,0,0.0759039,0.994131,0,-0.994131
1.76291e+09,1746,-0.075468,0,0.075468,0.993972,0,-0.993972
1.76291e+09,1747,-0.0750325,0,0.0750325,0.993812,0,-0.993812
1.76291e+09,1748,-0.0745974,0,0.0745974,0.99365,0,-0.99365
1.76291e+09,1749,-0.0741628,0,0.0741628,0.993488,0,-0.993488
1.76291e+09,1750,-0.0737288,0,0.0737288,0.993324,0,-0.993324
1.76291e+09,1751,-0.0732954,0,0.0732954,0.993159,0,-0.993159
1.76291e+09,1752,-0.0728628,0,0.0728628,0.992994,0,-0.992994
1.76291e+09,1753,-0.0724309,0,0.0724309,0.992827,0,-0.992827
1.76291e+09,1754,-0.0719998,0,0.0719998,0.992659,0,-0.992659
1.76291e+09,1755,-0.0715696,0,0.0715696,0.992491,0,-0.992491
1.76291e+09,1756,-0.0711404,0,0.0711404,0.992321,0,-0.992321
1.76291e+09,1757,-0.0707122,0,0.0707122,0.992151,0,-0.992151
1.76291e+09,1758,-0.0702851,0,0.0702851,0.99198,0,-0.99198
1.76291e+09,1759,-0.0698592,0,0.0698592,0.991808,0,-0.991808
1.76291e+09,1760,-0.0694345,0,0.0694345,0.991635,0,-0.991635
1.76291e+09,1761,-0.069011,0,0.069011,0.991461,0,-0.991461
1.76291e+09,1762,-0.0685889,0,0.0685889,0.991286,0,-0.991286
1.76291e+09,1763,-0.0681681,0,0.0681681,0.991111,0,-0.991111
1.76291e+09,1764,-0.0677488,0,0.0677488,0.990935,0,-0.990935
1.76291e+09,1765,-0.067331,0,0.067331,0.990759,0,-0.990759
1.76291e+09,1766,-0.0669148,0,0.0669148,0.990581,0,-0.990581
1.76291e+09,1767,-0.0665002,0,0.0665002,0.990403,0,-0.990403
1.76291e+09,1768,-0.0660872,0,0.0660872,0.990225,0,-0.990225
1.76291e+09,1769,-0.065676,0,0.065676,0.990046,0,-0.990046
1.76291e+09,1770,-0.0652665,0,0.0652665,0.989866,0,-0.989866
1.76291e+09,1771,-0.0648588,0,0.0648588,0.989686,0,-0.989686
1.76291e+09,1772,-0.064453,0,0.064453,0.989506,0,-0.989506
1.76291e+09,1773,-0.0640492,0,0.0640492,0.989325,0,-0.989325
1.76291e+09,1774,-0.0636472,0,0.0636472,0.989143,0,-0.989143
1.76291e+09,1775,-0.0632473,0,0.0632473,0.988961,0,-0.988961
1.76291e+09,1776,-0.0628494,0,0.0628494,0.988779,0,-0.988779
1.76291e+09,1777,-0.0624536,0,0.0624536,0.988597,0,-0.988597
1.76291e+09,1778,-0.0620599,0,0.0620599,0.988414,0,-0.988414
1.76291e+09,1779,-0.0616684,0,0.0616684,0.988231,0,-0.988231
1.76291e+09,1780,-0.0612791,0,0.0612791,0.988048,0,-0.988048
1.76291e+09,1781,-0.0608919,0,0.0608919,0.987864,0,-0.987864
1.76291e+09,1782,-0.0605071,0,0.0605071,0.98768,0,-0.98768
1.76291e+09,1783,-0.0601245,0,0.0601245,0.987496,0,-0.987496
1.76291e+09,1784,-0.0597442,0,0.0597442,0.987312,0,-0.987312
1.76291e+09,1785,-0.0593663,0,0.0593663,0.987128,0,-0.987128
1.76291e+09,1786,-0.0589907,0,0.0589907,0.986944,0,-0.986944
1.76291e+09,1787,-0.0586175,0,0.0586175,0.986759,0,-0.986759
1.76291e+09,1788,-0.0582467,0,0.0582467,0.986575,0,-0.986575
1.76291e+09,1789,-0.0578783,0,0.0578783,0.98639,0,-0.98639
1.76291e+09,1790,-0.0575123,0,0.0575123,0.986206,0,-0.986206
1.76291e+09,1791,-0.0571488,0,0.0571488,0.986021,0,-0.986021
1.76291e+09,1792,-0.0567877,0,0.0567877,0.985837,0,-0.985837
1.76291e+09,1793,-0.0564291,0,0.0564291,0.985653,0,-0.985653
1.76291e+09,1794,-0.056073,0,0.056073,0.985468,0,-0.985468
1.76291e+09,1795,-0.0557193,0,0.0557193,0.985284,0,-0.985284
1.76291e+09,1796,-0.0553681,0,0.0553681,0.9851,0,-0.9851
1.76291e+09,1797,-0.0550193,0,0.0550193,0.984916,0,-0.984916
1.76291e+09,1798,-0.0546731,0,0.0546731,0.984732,0,-0.984732
1.76291e+09,1799,-0.0543293,0,0.0543293,0.984548,0,-0.984548
1.76291e+09,1800,-0.0540659,0,0.0540659,0.989286,0,-0.989286
1.76291e+09,1801,-0.0538042,0,0.0538042,0.994008,0,-0.994008
1.76291e+09,1802,-0.0535442,0,0.0535442,0.998714,0,-0.998714
1.76291e+09,1803,-0.0532859,0,0.0532859,1.0034,0,-1.0034
1.76291e+09,1804,-0.0530293,0,0.0530293,1.00808,0,-1.00808
1.76291e+09,1805,-0.0527744,0,0.0527744,1.01273,0,-1.01273
1.76291e+09,1806,-0.0525212,0,0.0525212,1.01737,0,-1.01737
1.76291e+09,1807,-0.0522697,0,0.0522697,1.022,0,-1.022
1.76291e+09,1808,-0.0520198,0,0.0520198,1.0266,0,-1.0266
1.76291e+09,1809,-0.0517716,0,0.0517716,1.0312,0,-1.0312
1.76291e+09,1810,-0.051525,0,0.051525,1.03577,0,-1.03577
1.76291e+09,1811,-0.0512801,0,0.0512801,1.04033,0,-1.04033
1.76291e+09,1812,-0.0510368,0,0.0510368,1.04487,0,-1.04487
1.76291e+09,1813,-0.0507951,0,0.0507951,1.0494,0,-1.0494
1.76291e+09,1814,-0.050555,0,0.050555,1.05391,0,-1.05391
1.76291e+09,1815,-0.0503166,0,0.0503166,1.05841,0,-1.05841
1.76291e+09,1816,-0.0500797,0,0.0500797,1.06289,0,-1.06289
1.76291e+09,1817,-0.0498444,0,0.0498444,1.06735,0,-1.06735
1.76291e+09,1818,-0.0496107,0,0.0496107,1.0718,0,-1.0718
1.76291e+09,1819,-0.0493785,0,0.0493785,1.07623,0,-1.07623
1.76291e+09,1820,-0.0491479,0,0.0491479,1.08065,0,-1.08065
1.76291e+09,1821,-0.0489188,0,0.0489188,1.08505,0,-1.08505
1.76291e+09,1822,-0.0486913,0,0.0486913,1.08943,0,-1.08943
1.76291e+09,1823,-0.0484652,0,0.0484652,1.0938,0,-1.0938
1.76291e+09,1824,-0.0482407,0,0.0482407,1.09816,0,-1.09816
1.76291e+09,1825,-0.0480177,0,0.0480177,1.10249,0,-1.10249
1.76291e+09,1826,-0.0477962,0,0.0477962,1.10682,0,-1.10682
1.76291e+09,1827,-0.0475761,0,0.0475761,1.11112,0,-1.11112
1.76291e+09,1828,-0.0473576,0,0.0473576,1.11541,0,-1.11541
1.76291e+09,1829,-0.0471405,0,0.0471405,1.11969,0,-1.11969
1.76291e+09,1830,-0.0469248,0,0.0469248,1.12394,0,-1.12394
1.76291e+09,1831,-0.0467106,0,0.0467106,1.12819,0,-1.12819
1.76291e+09,1832,-0.0464978,0,0.0464978,1.13241,0,-1.13241
1.76291e+09,1833,-0.0462865,0,0.0462865,1.13663,0,-1.13663
1.76291e+09,1834,-0.0460766,0,0.0460766,1.14082,0,-1.14082
1.76291e+09,1835,-0.045868,0,0.045868,1.145,0,-1.145
1.76291e+09,1836,-0.0456609,0,0.0456609,1.14917,0,-1.14917
1.76291e+09,1837,-0.0454552,0,0.0454552,1.15331,0,-1.15331
1.76291e+09,1838,-0.0452509,0,0.0452509,1.15745,0,-1.15745
1.76291e+09,1839,-0.045048,0,0.045048,1.16156,0,-1.16156
1.76291e+09,1840,-0.0448464,0,0.0448464,1.16566,0,-1.16566
1.76291e+09,1841,-0.0446462,0,0.0446462,1.16975,0,-1.16975
1.76291e+09,1842,-0.0444473,0,0.0444473,1.17382,0,-1.17382
1.76291e+09,1843,-0.0442498,0,0.0442498,1.17787,0,-1.17787
1.76291e+09,1844,-0.0440537,0,0.0440537,1.18191,0,-1.18191
1.76291e+09,1845,-0.0438589,0,0.0438589,1.18593,0,-1.18593
1.76291e+09,1846,-0.0436654,0,0.0436654,1.18994,0,-1.18994
1.76291e+09,1847,-0.0434732,0,0.0434732,1.19393,0,-1.19393
1.76291e+09,1848,-0.0432823,0,0.0432823,1.1979,0,-1.1979
1.76291e+09,1849,-0.0430928,0,0.0430928,1.20186,0,-1.20186
1.76291e+09,1850,-0.0429046,0,0.0429046,1.2058,0,-1.2058
1.76291e+09,1851,-0.0427176,0,0.0427176,1.20972,0,-1.20972
1.76291e+09,1852,-0.042532,0,0.042532,1.21363,0,-1.21363
1.76291e+09,1853,-0.0423476,0,0.0423476,1.21753,0,-1.21753
1.76291e+09,1854,-0.0421645,0,0.0421645,1.22141,0,-1.22141
1.76291e+09,1855,-0.0419827,0,0.0419827,1.22527,0,-1.22527
1.76291e+09,1856,-0.0418021,0,0.0418021,1.22911,0,-1.22911
1.76291e+09,1857,-0.0416228,0,0.0416228,1.23294,0,-1.23294
1.76291e+09,1858,-0.0414447,0,0.0414447,1.23676,0,-1.23676
1.76291e+09,1859,-0.0412679,0,0.0412679,1.24055,0,-1.24055
1.76291e+09,1860,-0.0410923,0,0.0410923,1.24433,0,-1.24433
1.76291e+09,1861,-0.040918,0,0.040918,1.2481,0,-1.2481
1.76291e+09,1862,-0.0407449,0,0.0407449,1.25185,0,-1.25185
1.76291e+09,1863,-0.040573,0,0.040573,1.25558,0,-1.25558
1.76291e+09,1864,-0.0404023,0,0.0404023,1.2593,0,-1.2593
1.76291e+09,1865,-0.0402328,0,0.0402328,1.26299,0,-1.26299
1.76291e+09,1866,-0.0400646,0,0.0400646,1.26668,0,-1.26668
1.76291e+09,1867,-0.0398975,0,0.0398975,1.27034,0,-1.27034
1.76291e+09,1868,-0.0397316,0,0.0397316,1.27399,0,-1.27399
1.76291e+09,1869,-0.039567,0,0.039567,1.27763,0,-1.27763
1.76291e+09,1870,-0.0394035,0,0.0394035,1.28125,0,-1.28125
1.76291e+09,1871,-0.0392411,0,0.0392411,1.28485,0,-1.28485
1.76291e+09,1872,-0.03908,0,0.03908,1.28843,0,-1.28843
1.76291e+09,1873,-0.03892,0,0.03892,1.292,0,-1.292
1.76291e+09,1874,-0.0387612,0,0.0387612,1.29555,0,-1.29555
1.76291e+09,1875,-0.0386035,0,0.0386035,1.29908,0,-1.29908
1.76291e+09,1876,-0.038447,0,0.038447,1.3026,0,-1.3026
1.76291e+09,1877,-0.0382917,0,0.0382917,1.3061,0,-1.3061
1.76291e+09,1878,-0.0381375,0,0.0381375,1.30959,0,-1.30959
1.76291e+09,1879,-0.0379844,0,0.0379844,1.31305,0,-1.31305
1.76291e+09,1880,-0.0378324,0,0.0378324,1.3165,0,-1.3165
1.76291e+09,1881,-0.0376816,0,0.0376816,1.31994,0,-1.31994
1.76291e+09,1882,-0.0375319,0,0.0375319,1.32335,0,-1.32335
1.76291e+09,1883,-0.0373834,0,0.0373834,1.32675,0,-1.32675
1.76291e+09,1884,-0.0372359,0,0.0372359,1.33014,0,-1.33014
1.76291e+09,1885,-0.0370896,0,0.0370896,1.3335,0,-1.3335
1.76291e+09,1886,-0.0369443,0,0.0369443,1.33685,0,-1.33685
1.76291e+09,1887,-0.0368002,0,0.0368002,1.34018,0,-1.34018
1.76291e+09,1888,-0.0366572,0,0.0366572,1.3435,0,-1.3435
1.76291e+09,1889,-0.0365152,0,0.0365152,1.3468,0,-1.3468
1.76291e+09,1890,-0.0363744,0,0.0363744,1.35008,0,-1.35008
1.76291e+09,1891,-0.0362346,0,0.0362346,1.35334,0,-1.35334
1.76291e+09,1892,-0.036096,0,0.036096,1.35658,0,-1.35658
1.76291e+09,1893,-0.0359584,0,0.0359584,1.35981,0,-1.35981
1.76291e+09,1894,-0.0358218,0,0.0358218,1.36302,0,-1.36302
1.76291e+09,1895,-0.0356864,0,0.0356864,1.36622,0,-1.36622
1.76291e+09,1896,-0.035552,0,0.035552,1.36939,0,-1.36939
1.76291e+09,1897,-0.0354187,0,0.0354187,1.37255,0,-1.37255
1.76291e+09,1898,-0.0352864,0,0.0352864,1.37569,0,-1.37569
1.76291e+09,1899,-0.0351552,0,0.0351552,1.37882,0,-1.37882
1.76291e+09,1900,-0.0350251,0,0.0350251,1.38192,0,-1.38192
1.76291e+09,1901,-0.034896,0,0.034896,1.38501,0,-1.38501
1.76291e+09,1902,-0.0347679,0,0.0347679,1.38808,0,-1.38808
1.76291e+09,1903,-0.0346409,0,0.0346409,1.39113,0,-1.39113
1.76291e+09,1904,-0.0345149,0,0.0345149,1.39417,0,-1.39417
1.76291e+09,1905,-0.03439,0,0.03439,1.39718,0,-1.39718
1.76291e+09,1906,-0.0342661,0,0.0342661,1.40018,0,-1.40018
1.76291e+09,1907,-0.0341433,0,0.0341433,1.40316,0,-1.40316
1.76291e+09,1908,-0.0340214,0,0.0340214,1.40613,0,-1.40613
1.76291e+09,1909,-0.0339006,0,0.0339006,1.40907,0,-1.40907
1.76291e+09,1910,-0.0337808,0,0.0337808,1.412,0,-1.412
1.76291e+09,1911,-0.033662,0,0.033662,1.41491,0,-1.41491
1.76291e+09,1912,-0.0335443,0,0.0335443,1.4178,0,-1.4178
1.76291e+09,1913,-0.0334275,0,0.0334275,1.42067,0,-1.42067
1.76291e+09,1914,-0.0333118,0,0.0333118,1.42353,0,-1.42353
1.76291e+09,1915,-0.033197,0,0.033197,1.42637,0,-1.42637
1.76291e+09,1916,-0.0330833,0,0.0330833,1.42918,0,-1.42918
1.76291e+09,1917,-0.0329706,0,0.0329706,1.43198,0,-1.43198
1.76291e+09,1918,-0.0328589,0,0.0328589,1.43477,0,-1.43477
1.76291e+09,1919,-0.0327481,0,0.0327481,1.43753,0,-1.43753
1.76291e+09,1920,-0.0326384,0,0.0326384,1.44027,0,-1.44027
1.76291e+09,1921,-0.0325297,0,0.0325297,1.443,0,-1.443
1.76291e+09,1922,-0.0324219,0,0.0324219,1.44571,0,-1.44571
1.76291e+09,1923,-0.0323151,0,0.0323151,1.4484,0,-1.4484
1.76291e+09,1924,-0.0322094,0,0.0322094,1.45107,0,-1.45107
1.76291e+09,1925,-0.0321046,0,0.0321046,1.45372,0,-1.45372
1.76291e+09,1926,-0.0320007,0,0.0320007,1.45635,0,-1.45635
1.76291e+09,1927,-0.0318979,0,0.0318979,1.45897,0,-1.45897
1.76291e+09,1928,-0.031796,0,0.031796,1.46156,0,-1.46156
1.76291e+09,1929,-0.0316952,0,0.0316952,1.46414,0,-1.46414
1.76291e+09,1930,-0.0315952,0,0.0315952,1.4667,0,-1.4667
1.76291e+09,1931,-0.0314963,0,0.0314963,1.46923,0,-1.46923
1.76291e+09,1932,-0.0313983,0,0.0313983,1.47175,0,-1.47175
1.76291e+09,1933,-0.0313013,0,0.0313013,1.47425,0,-1.47425
1.76291e+09,1934,-0.0312052,0,0.0312052,1.47674,0,-1.47674
1.76291e+09,1935,-0.0311101,0,0.0311101,1.4792,0,-1.4792
1.76291e+09,1936,-0.031016,0,0.031016,1.48164,0,-1.48164
1.76291e+09,1937,-0.0309228,0,0.0309228,1.48407,0,-1.48407
1.76291e+09,1938,-0.0308306,0,0.0308306,1.48647,0,-1.48647
1.76291e+09,1939,-0.0307393,0,0.0307393,1.48886,0,-1.48886
1.76291e+09,1940,-0.030649,0,0.030649,1.49122,0,-1.49122
1.76291e+09,1941,-0.0305597,0,0.0305597,1.49357,0,-1.49357
1.76291e+09,1942,-0.0304712,0,0.0304712,1.4959,0,-1.4959
1.76291e+09,1943,-0.0303838,0,0.0303838,1.49821,0,-1.49821
1.76291e+09,1944,-0.0302973,0,0.0302973,1.50049,0,-1.50049
1.76291e+09,1945,-0.0302117,0,0.0302117,1.50276,0,-1.50276
1.76291e+09,1946,-0.0301271,0,0.0301271,1.50501,0,-1.50501
1.76291e+09,1947,-0.0300434,0,0.0300434,1.50724,0,-1.50724
1.76291e+09,1948,-0.0299606,0,0.0299606,1.50945,0,-1.50945
1.76291e+09,1949,-0.0298788,0,0.0298788,1.51164,0,-1.51164
1.76291e+09,1950,-0.0297979,0,0.0297979,1.51381,0,-1.51381
1.76291e+09,1951,-0.029718,0,0.029718,1.51596,0,-1.51596
1.76291e+09,1952,-0.029639,0,0.029639,1.51809,0,-1.51809
1.76291e+09,1953,-0.0295609,0,0.0295609,1.52021,0,-1.52021
1.76291e+09,1954,-0.0294838,0,0.0294838,1.5223,0,-1.5223
1.76291e+09,1955,-0.0294076,0,0.0294076,1.52437,0,-1.52437
1.76291e+09,1956,-0.0293323,0,0.0293323,1.52642,0,-1.52642
1.76291e+09,1957,-0.0292579,0,0.0292579,1.52845,0,-1.52845
1.76291e+09,1958,-0.0291845,0,0.0291845,1.53046,0,-1.53046
1.76291e+09,1959,-0.029112,0,0.029112,1.53245,0,-1.53245
1.76291e+09,1960,-0.0290404,0,0.0290404,1.53442,0,-1.53442
1.76291e+09,1961,-0.0289698,0,0.0289698,1.53637,0,-1.53637
1.76291e+09,1962,-0.0289,0,0.0289,1.5383,0,-1.5383
1.76291e+09,1963,-0.0288312,0,0.0288312,1.54021,0,-1.54021
1.76291e+09,1964,-0.0287633,0,0.0287633,1.5421,0,-1.5421
1.76291e+09,1965,-0.0286964,0,0.0286964,1.54397,0,-1.54397
1.76291e+09,1966,-0.0286303,0,0.0286303,1.54582,0,-1.54582
1.76291e+09,1967,-0.0285652,0,0.0285652,1.54765,0,-1.54765
1.76291e+09,1968,-0.028501,0,0.028501,1.54945,0,-1.54945
1.76291e+09,1969,-0.0284377,0,0.0284377,1.55124,0,-1.55124
1.76291e+09,1970,-0.0283753,0,0.0283753,1.55301,0,-1.55301
1.76291e+09,1971,-0.0283138,0,0.0283138,1.55475,0,-1.55475
1.76291e+09,1972,-0.0282532,0,0.0282532,1.55648,0,-1.55648
1.76291e+09,1973,-0.0281936,0,0.0281936,1.55818,0,-1.55818
1.76291e+09,1974,-0.0281348,0,0.0281348,1.55986,0,-1.55986
1.76291e+09,1975,-0.028077,0,0.028077,1.56153,0,-1.56153
1.76291e+09,1976,-0.0280201,0,0.0280201,1.56317,0,-1.56317
1.76291e+09,1977,-0.0279641,0,0.0279641,1.56479,0,-1.56479
1.76291e+09,1978,-0.027909,0,0.027909,1.56639,0,-1.56639
1.76291e+09,1979,-0.0278548,0,0.0278548,1.56797,0,-1.56797
1.76291e+09,1980,-0.0278015,0,0.0278015,1.56953,0,-1.56953
1.76291e+09,1981,-0.0277491,0,0.0277491,1.57106,0,-1.57106
1.76291e+09,1982,-0.0276977,0,0.0276977,1.57258,0,-1.57258
1.76291e+09,1983,-0.0276471,0,0.0276471,1.57408,0,-1.57408
1.76291e+09,1984,-0.0275974,0,0.0275974,1.57555,0,-1.57555
1.76291e+09,1985,-0.0275487,0,0.0275487,1.577,0,-1.577
1.76291e+09,1986,-0.0275008,0,0.0275008,1.57843,0,-1.57843
1.76291e+09,1987,-0.0274538,0,0.0274538,1.57984,0,-1.57984
1.76291e+09,1988,-0.0274078,0,0.0274078,1.58123,0,-1.58123
1.76291e+09,1989,-0.0273626,0,0.0273626,1.5826,0,-1.5826
1.76291e+09,1990,-0.0273184,0,0.0273184,1.58395,0,-1.58395
1.76291e+09,1991,-0.027275,0,0.027275,1.58527,0,-1.58527
1.76291e+09,1992,-0.0272326,0,0.0272326,1.58658,0,-1.58658
1.76291e+09,1993,-0.027191,0,0.027191,1.58786,0,-1.58786
1.76291e+09,1994,-0.0271504,0,0.0271504,1.58912,0,-1.58912
1.76291e+09,1995,-0.0271106,0,0.0271106,1.59036,0,-1.59036
1.76291e+09,1996,-0.0270717,0,0.0270717,1.59158,0,-1.59158
1.76291e+09,1997,-0.0270338,0,0.0270338,1.59277,0,-1.59277
1.76291e+09,1998,-0.0269967,0,0.0269967,1.59395,0,-1.59395
1.76291e+09,1999,-0.0269605,0,0.0269605,1.5951,0,-1.5951
1.76291e+09,2000,-0.0269253,0,0.0269253,1.59623,0,-1.59623
1.76291e+09,2001,-0.0268909,0,0.0268909,1.59734,0,-1.59734
1.76291e+09,2002,-0.0268574,0,0.0268574,1.59843,0,-1.59843
1.76291e+09,2003,-0.0268248,0,0.0268248,1.59949,0,-1.59949
1.76291e+09,2004,-0.0267931,0,0.0267931,1.60054,0,-1.60054
1.76291e+09,2005,-0.0267623,0,0.0267623,1.60156,0,-1.60156
1.76291e+09,2006,-0.0267324,0,0.0267324,1.60256,0,-1.60256
1.76291e+09,2007,-0.0267034,0,0.0267034,1.60354,0,-1.60354
1.76291e+09,2008,-0.0266753,0,0.0266753,1.60449,0,-1.60449
1.76291e+09,2009,-0.026648,0,0.026648,1.60543,0,-1.60543
1.76291e+09,2010,-0.0266217,0,0.0266217,1.60634,0,-1.60634
1.76291e+09,2011,-0.0265963,0,0.0265963,1.60723,0,-1.60723
1.76291e+09,2012,-0.0265717,0,0.0265717,1.6081,0,-1.6081
1.76291e+09,2013,-0.0265481,0,0.0265481,1.60895,0,-1.60895
1.76291e+09,2014,-0.0265253,0,0.0265253,1.60977,0,-1.60977
1.76291e+09,2015,-0.0265034,0,0.0265034,1.61058,0,-1.61058
1.76291e+09,2016,-0.0264824,0,0.0264824,1.61136,0,-1.61136
1.76291e+09,2017,-0.0264623,0,0.0264623,1.61211,0,-1.61211
1.76291e+09,2018,-0.0264431,0,0.0264431,1.61285,0,-1.61285
1.76291e+09,2019,-0.0264248,0,0.0264248,1.61357,0,-1.61357
1.76291e+09,2020,-0.0264074,0,0.0264074,1.61426,0,-1.61426
1.76291e+09,2021,-0.0263908,0,0.0263908,1.61493,0,-1.61493
1.76291e+09,2022,-0.0263752,0,0.0263752,1.61557,0,-1.61557
1.76291e+09,2023,-0.0263604,0,0.0263604,1.6162,0,-1.6162
1.76291e+09,2024,-0.0263466,0,0.0263466,1.6168,0,-1.6168
1.76291e+09,2025,-0.0263336,0,0.0263336,1.61738,0,-1.61738
1.76291e+09,2026,-0.0263215,0,0.0263215,1.61794,0,-1.61794
1.76291e+09,2027,-0.0263103,0,0.0263103,1.61848,0,-1.61848
1.76291e+09,2028,-0.0263,0,0.0263,1.61899,0,-1.61899
1.76291e+09,2029,-0.0262905,0,0.0262905,1.61948,0,-1.61948
1.76291e+09,2030,-0.026282,0,0.026282,1.61995,0,-1.61995
1.76291e+09,2031,-0.0262744,0,0.0262744,1.62039,0,-1.62039
1.76291e+09,2032,-0.0262676,0,0.0262676,1.62082,0,-1.62082
1.76291e+09,2033,-0.0262617,0,0.0262617,1.62122,0,-1.62122
1.76291e+09,2034,-0.0262567,0,0.0262567,1.6216,0,-1.6216
1.76291e+09,2035,-0.0262526,0,0.0262526,1.62195,0,-1.62195
1.76291e+09,2036,-0.0262494,0,0.0262494,1.62229,0,-1.62229
1.76291e+09,2037,-0.0262471,0,0.0262471,1.6226,0,-1.6226
1.76291e+09,2038,-0.0262456,0,0.0262456,1.62289,0,-1.62289
1.76291e+09,2039,-0.0262451,0,0.0262451,1.62315,0,-1.62315
1.76291e+09,2040,-0.0262454,0,0.0262454,1.6234,0,-1.6234
1.76291e+09,2041,-0.0262466,0,0.0262466,1.62362,0,-1.62362
1.76291e+09,2042,-0.0262487,0,0.0262487,1.62382,0,-1.62382
1.76291e+09,2043,-0.0262517,0,0.0262517,1.62399,0,-1.62399
1.76291e+09,2044,-0.0262555,0,0.0262555,1.62415,0,-1.62415
1.76291e+09,2045,-0.0262603,0,0.0262603,1.62428,0,-1.62428
1.76291e+09,2046,-0.0262659,0,0.0262659,1.62438,0,-1.62438
1.76291e+09,2047,-0.0262725,0,0.0262725,1.62447,0,-1.62447
1.76291e+09,2048,-0.0262799,0,0.0262799,1.62453,0,-1.62453
1.76291e+09,2049,-0.0262882,0,0.0262882,1.62457,0,-1.62457
1.76291e+09,2050,-0.0262974,0,0.0262974,1.62459,0,-1.62459
1.76291e+09,2051,-0.0263074,0,0.0263074,1.62458,0,-1.62458
1.76291e+09,2052,-0.0263184,0,0.0263184,1.62455,0,-1.62455
1.76291e+09,2053,-0.0263302,0,0.0263302,1.6245,0,-1.6245
1.76291e+09,2054,-0.026343,0,0.026343,1.62443,0,-1.62443
1.76291e+09,2055,-0.0263566,0,0.0263566,1.62433,0,-1.62433
1.76291e+09,2056,-0.0263711,0,0.0263711,1.62421,0,-1.62421
1.76291e+09,2057,-0.0263864,0,0.0263864,1.62407,0,-1.62407
1.76291e+09,2058,-0.0264027,0,0.0264027,1.62391,0,-1.62391
1.76291e+09,2059,-0.0264199,0,0.0264199,1.62372,0,-1.62372
1.76291e+09,2060,-0.0264379,0,0.0264379,1.62351,0,-1.62351
1.76291e+09,2061,-0.0264568,0,0.0264568,1.62328,0,-1.62328
1.76291e+09,2062,-0.0264766,0,0.0264766,1.62302,0,-1.62302
1.76291e+09,2063,-0.0264973,0,0.0264973,1.62274,0,-1.62274
1.76291e+09,2064,-0.0265189,0,0.0265189,1.62244,0,-1.62244
1.76291e+09,2065,-0.0265413,0,0.0265413,1.62212,0,-1.62212
1.76291e+09,2066,-0.0265647,0,0.0265647,1.62177,0,-1.62177
1.76291e+09,2067,-0.0265889,0,0.0265889,1.6214,0,-1.6214
1.76291e+09,2068,-0.026614,0,0.026614,1.62101,0,-1.62101
1.76291e+09,2069,-0.02664,0,0.02664,1.6206,0,-1.6206
1.76291e+09,2070,-0.0266669,0,0.0266669,1.62016,0,-1.62016
1.76291e+09,2071,-0.0266947,0,0.0266947,1.6197,0,-1.6197
1.76291e+09,2072,-0.0267234,0,0.0267234,1.61922,0,-1.61922
1.76291e+09,2073,-0.0267529,0,0.0267529,1.61871,0,-1.61871
1.76291e+09,2074,-0.0267833,0,0.0267833,1.61818,0,-1.61818
1.76291e+09,2075,-0.0268146,0,0.0268146,1.61763,0,-1.61763
1.76291e+09,2076,-0.0268468,0,0.0268468,1.61706,0,-1.61706
1.76291e+09,2077,-0.0268799,0,0.0268799,1.61646,0,-1.61646
1.76291e+09,2078,-0.0269139,0,0.0269139,1.61584,0,-1.61584
1.76291e+09,2079,-0.0269488,0,0.0269488,1.6152,0,-1.6152
1.76291e+09,2080,-0.0269845,0,0.0269845,1.61453,0,-1.61453
1.76291e+09,2081,-0.0270212,0,0.0270212,1.61385,0,-1.61385
1.76291e+09,2082,-0.0270587,0,0.0270587,1.61314,0,-1.61314
1.76291e+09,2083,-0.0270971,0,0.0270971,1.6124,0,-1.6124
1.76291e+09,2084,-0.0271364,0,0.0271364,1.61165,0,-1.61165
1.76291e+09,2085,-0.0271766,0,0.0271766,1.61087,0,-1.61087
1.76291e+09,2086,-0.0272176,0,0.0272176,1.61007,0,-1.61007
1.76291e+09,2087,-0.0272596,0,0.0272596,1.60925,0,-1.60925
1.76291e+09,2088,-0.0273025,0,0.0273025,1.6084,0,-1.6084
1.76291e+09,2089,-0.0273462,0,0.0273462,1.60753,0,-1.60753
1.76291e+09,2090,-0.0273908,0,0.0273908,1.60664,0,-1.60664
1.76291e+09,2091,-0.0274363,0,0.0274363,1.60573,0,-1.60573
1.76291e+09,2092,-0.0274828,0,0.0274828,1.60479,0,-1.60479
1.76291e+09,2093,-0.02753,0,0.02753,1.60383,0,-1.60383
1.76291e+09,2094,-0.0275782,0,0.0275782,1.60285,0,-1.60285
1.76291e+09,2095,-0.0276273,0,0.0276273,1.60185,0,-1.60185
1.76291e+09,2096,-0.0276773,0,0.0276773,1.60082,0,-1.60082
1.76291e+09,2097,-0.0277282,0,0.0277282,1.59977,0,-1.59977
1.76291e+09,2098,-0.0277799,0,0.0277799,1.5987,0,-1.5987
1.76291e+09,2099,-0.0278326,0,0.0278326,1.59761,0,-1.59761
1.76291e+09,2100,-0.0278861,0,0.0278861,1.59649,0,-1.59649
1.76291e+09,2101,-0.0279405,0,0.0279405,1.59535,0,-1.59535
1.76291e+09,2102,-0.0279959,0,0.0279959,1.59419,0,-1.59419
1.76291e+09,2103,-0.0280521,0,0.0280521,1.59301,0,-1.59301
1.76291e+09,2104,-0.0281092,0,0.0281092,1.5918,0,-1.5918
1.76291e+09,2105,-0.0281672,0,0.0281672,1.59058,0,-1.59058
1.76291e+09,2106,-0.0282261,0,0.0282261,1.58932,0,-1.58932
1.76291e+09,2107,-0.0282859,0,0.0282859,1.58805,0,-1.58805
1.76291e+09,2108,-0.0283466,0,0.0283466,1.58676,0,-1.58676
1.76291e+09,2109,-0.0284082,0,0.0284082,1.58544,0,-1.58544
1.76291e+09,2110,-0.0284707,0,0.0284707,1.5841,0,-1.5841
1.76291e+09,2111,-0.0285341,0,0.0285341,1.58274,0,-1.58274
1.76291e+09,2112,-0.0285984,0,0.0285984,1.58135,0,-1.58135
1.76291e+09,2113,-0.0286636,0,0.0286636,1.57995,0,-1.57995
1.76291e+09,2114,-0.0287297,0,0.0287297,1.57852,0,-1.57852
1.76291e+09,2115,-0.0287967,0,0.0287967,1.57707,0,-1.57707
1.76291e+09,2116,-0.0288647,0,0.0288647,1.5756,0,-1.5756
1.76291e+09,2117,-0.0289335,0,0.0289335,1.5741,0,-1.5741
1.76291e+09,2118,-0.0290032,0,0.0290032,1.57258,0,-1.57258
1.76291e+09,2119,-0.0290738,0,0.0290738,1.57104,0,-1.57104
1.76291e+09,2120,-0.0291453,0,0.0291453,1.56948,0,-1.56948
1.76291e+09,2121,-0.0292178,0,0.0292178,1.5679,0,-1.5679
1.76291e+09,2122,-0.0292911,0,0.0292911,1.5663,0,-1.5663
1.76291e+09,2123,-0.0293654,0,0.0293654,1.56467,0,-1.56467
1.76291e+09,2124,-0.0294405,0,0.0294405,1.56302,0,-1.56302
1.76291e+09,2125,-0.0295166,0,0.0295166,1.56135,0,-1.56135
1.76291e+09,2126,-0.0295936,0,0.0295936,1.55966,0,-1.55966
1.76291e+09,2127,-0.0296715,0,0.0296715,1.55794,0,-1.55794
1.76291e+09,2128,-0.0297503,0,0.0297503,1.55621,0,-1.55621
1.76291e+09,2129,-0.02983,0,0.02983,1.55445,0,-1.55445
1.76291e+09,2130,-0.0299107,0,0.0299107,1.55267,0,-1.55267
1.76291e+09,2131,-0.0299923,0,0.0299923,1.55087,0,-1.55087
1.76291e+09,2132,-0.0300747,0,0.0300747,1.54904,0,-1.54904
1.76291e+09,2133,-0.0301581,0,0.0301581,1.5472,0,-1.5472
1.76291e+09,2134,-0.0302425,0,0.0302425,1.54533,0,-1.54533
1.76291e+09,2135,-0.0303277,0,0.0303277,1.54344,0,-1.54344
1.76291e+09,2136,-0.0304139,0,0.0304139,1.54153,0,-1.54153
1.76291e+09,2137,-0.030501,0,0.030501,1.5396,0,-1.5396
1.76291e+09,2138,-0.030589,0,0.030589,1.53765,0,-1.53765
1.76291e+09,2139,-0.030678,0,0.030678,1.53567,0,-1.53567
1.76291e+09,2140,-0.0307679,0,0.0307679,1.53368,0,-1.53368
1.76291e+09,2141,-0.0308587,0,0.0308587,1.53166,0,-1.53166
1.76291e+09,2142,-0.0309504,0,0.0309504,1.52962,0,-1.52962
1.76291e+09,2143,-0.0310431,0,0.0310431,1.52756,0,-1.52756
1.76291e+09,2144,-0.0311367,0,0.0311367,1.52548,0,-1.52548
1.76291e+09,2145,-0.0312313,0,0.0312313,1.52338,0,-1.52338
1.76291e+09,2146,-0.0313268,0,0.0313268,1.52125,0,-1.52125
1.76291e+09,2147,-0.0314232,0,0.0314232,1.51911,0,-1.51911
1.76291e+09,2148,-0.0315206,0,0.0315206,1.51694,0,-1.51694
1.76291e+09,2149,-0.031619,0,0.031619,1.51475,0,-1.51475
1.76291e+09,2150,-0.0317182,0,0.0317182,1.51254,0,-1.51254
1.76291e+09,2151,-0.0318185,0,0.0318185,1.51031,0,-1.51031
1.76291e+09,2152,-0.0319196,0,0.0319196,1.50806,0,-1.50806
1.76291e+09,2153,-0.0320218,0,0.0320218,1.50579,0,-1.50579
1.76291e+09,2154,-0.0321248,0,0.0321248,1.5035,0,-1.5035
1.76291e+09,2155,-0.0322289,0,0.0322289,1.50118,0,-1.50118
1.76291e+09,2156,-0.0323339,0,0.0323339,1.49885,0,-1.49885
1.76291e+09,2157,-0.0324398,0,0.0324398,1.49649,0,-1.49649
1.76291e+09,2158,-0.0325467,0,0.0325467,1.49412,0,-1.49412
1.76291e+09,2159,-0.0326546,0,0.0326546,1.49172,0,-1.49172
1.76291e+09,2160,-0.0327635,0,0.0327635,1.4893,0,-1.4893
1.76291e+09,2161,-0.0328733,0,0.0328733,1.48686,0,-1.48686
1.76291e+09,2162,-0.0329841,0,0.0329841,1.4844,0,-1.4844
1.76291e+09,2163,-0.0330959,0,0.0330959,1.48192,0,-1.48192
1.76291e+09,2164,-0.0332086,0,0.0332086,1.47941,0,-1.47941
1.76291e+09,2165,-0.0333223,0,0.0333223,1.47689,0,-1.47689
1.76291e+09,2166,-0.033437,0,0.033437,1.47435,0,-1.47435
1.76291e+09,2167,-0.0335527,0,0.0335527,1.47179,0,-1.47179
1.76291e+09,2168,-0.0336694,0,0.0336694,1.4692,0,-1.4692
1.76291e+09,2169,-0.0337871,0,0.0337871,1.4666,0,-1.4666
1.76291e+09,2170,-0.0339057,0,0.0339057,1.46397,0,-1.46397
1.76291e+09,2171,-0.0340254,0,0.0340254,1.46132,0,-1.46132
1.76291e+09,2172,-0.034146,0,0.034146,1.45866,0,-1.45866
1.76291e+09,2173,-0.0342677,0,0.0342677,1.45597,0,-1.45597
1.76291e+09,2174,-0.0343903,0,0.0343903,1.45326,0,-1.45326
1.76291e+09,2175,-0.034514,0,0.034514,1.45054,0,-1.45054
1.76291e+09,2176,-0.0346387,0,0.0346387,1.44779,0,-1.44779
1.76291e+09,2177,-0.0347643,0,0.0347643,1.44502,0,-1.44502
1.76291e+09,2178,-0.034891,0,0.034891,1.44223,0,-1.44223
1.76291e+09,2179,-0.0350187,0,0.0350187,1.43942,0,-1.43942
1.76291e+09,2180,-0.0351475,0,0.0351475,1.43659,0,-1.43659
1.76291e+09,2181,-0.0352772,0,0.0352772,1.43374,0,-1.43374
1.76291e+09,2182,-0.035408,0,0.035408,1.43087,0,-1.43087
1.76291e+09,2183,-0.0355398,0,0.0355398,1.42799,0,-1.42799
1.76291e+09,2184,-0.0356727,0,0.0356727,1.42508,0,-1.42508
1.76291e+09,2185,-0.0358066,0,0.0358066,1.42215,0,-1.42215
1.76291e+09,2186,-0.0359415,0,0.0359415,1.4192,0,-1.4192
1.76291e+09,2187,-0.0360775,0,0.0360775,1.41623,0,-1.41623
1.76291e+09,2188,-0.0362145,0,0.0362145,1.41324,0,-1.41324
1.76291e+09,2189,-0.0363526,0,0.0363526,1.41023,0,-1.41023
1.76291e+09,2190,-0.0364918,0,0.0364918,1.4072,0,-1.4072
1.76291e+09,2191,-0.036632,0,0.036632,1.40415,0,-1.40415
1.76291e+09,2192,-0.0367732,0,0.0367732,1.40108,0,-1.40108
1.76291e+09,2193,-0.0369155,0,0.0369155,1.39799,0,-1.39799
1.76291e+09,2194,-0.0370589,0,0.0370589,1.39488,0,-1.39488
1.76291e+09,2195,-0.0372034,0,0.0372034,1.39175,0,-1.39175
1.76291e+09,2196,-0.037349,0,0.037349,1.3886,0,-1.3886
1.76291e+09,2197,-0.0374956,0,0.0374956,1.38544,0,-1.38544
1.76291e+09,2198,-0.0376433,0,0.0376433,1.38225,0,-1.38225
1.76291e+09,2199,-0.0377922,0,0.0377922,1.37904,0,-1.37904
1.76291e+09,2200,-0.0379421,0,0.0379421,1.37581,0,-1.37581
1.76291e+09,2201,-0.0380931,0,0.0380931,1.37257,0,-1.37257
1.76291e+09,2202,-0.0382452,0,0.0382452,1.3693,0,-1.3693
1.76291e+09,2203,-0.0383985,0,0.0383985,1.36602,0,-1.36602
1.76291e+09,2204,-0.0385528,0,0.0385528,1.36271,0,-1.36271
1.76291e+09,2205,-0.0387083,0,0.0387083,1.35938,0,-1.35938
1.76291e+09,2206,-0.0388649,0,0.0388649,1.35604,0,-1.35604
1.76291e+09,2207,-0.0390226,0,0.0390226,1.35268,0,-1.35268
1.76291e+09,2208,-0.0391814,0,0.0391814,1.34929,0,-1.34929
1.76291e+09,2209,-0.0393414,0,0.0393414,1.34589,0,-1.34589
1.76291e+09,2210,-0.0395025,0,0.0395025,1.34247,0,-1.34247
1.76291e+09,2211,-0.0396648,0,0.0396648,1.33902,0,-1.33902
1.76291e+09,2212,-0.0398283,0,0.0398283,1.33556,0,-1.33556
1.76291e+09,2213,-0.0399928,0,0.0399928,1.33208,0,-1.33208
1.76291e+09,2214,-0.0401586,0,0.0401586,1.32858,0,-1.32858
1.76291e+09,2215,-0.0403255,0,0.0403255,1.32506,0,-1.32506
1.76291e+09,2216,-0.0404936,0,0.0404936,1.32152,0,-1.32152
1.76291e+09,2217,-0.0406629,0,0.0406629,1.31797,0,-1.31797
1.76291e+09,2218,-0.0408333,0,0.0408333,1.31439,0,-1.31439
1.76291e+09,2219,-0.041005,0,0.041005,1.31079,0,-1.31079
1.76291e+09,2220,-0.0411778,0,0.0411778,1.30718,0,-1.30718
1.76291e+09,2221,-0.0413519,0,0.0413519,1.30354,0,-1.30354
1.76291e+09,2222,-0.0415271,0,0.0415271,1.29989,0,-1.29989
1.76291e+09,2223,-0.0417036,0,0.0417036,1.29621,0,-1.29621
1.76291e+09,2224,-0.0418813,0,0.0418813,1.29252,0,-1.29252
1.76291e+09,2225,-0.0420602,0,0.0420602,1.28881,0,-1.28881
1.76291e+09,2226,-0.0422403,0,0.0422403,1.28507,0,-1.28507
1.76291e+09,2227,-0.0424217,0,0.0424217,1.28132,0,-1.28132
1.76291e+09,2228,-0.0426043,0,0.0426043,1.27755,0,-1.27755
1.76291e+09,2229,-0.0427882,0,0.0427882,1.27376,0,-1.27376
1.76291e+09,2230,-0.0429733,0,0.0429733,1.26995,0,-1.26995
1.76291e+09,2231,-0.0431597,0,0.0431597,1.26613,0,-1.26613
1.76291e+09,2232,-0.0433474,0,0.0433474,1.26228,0,-1.26228
1.76291e+09,2233,-0.0435363,0,0.0435363,1.25841,0,-1.25841
1.76291e+09,2234,-0.0437265,0,0.0437265,1.25453,0,-1.25453
1.76291e+09,2235,-0.043918,0,0.043918,1.25062,0,-1.25062
1.76291e+09,2236,-0.0441108,0,0.0441108,1.2467,0,-1.2467
1.76291e+09,2237,-0.0443049,0,0.0443049,1.24275,0,-1.24275
1.76291e+09,2238,-0.0445003,0,0.0445003,1.23879,0,-1.23879
1.76291e+09,2239,-0.044697,0,0.044697,1.23481,0,-1.23481
1.76291e+09,2240,-0.044895,0,0.044895,1.23081,0,-1.23081
1.76291e+09,2241,-0.0450944,0,0.0450944,1.22678,0,-1.22678
1.76291e+09,2242,-0.0452951,0,0.0452951,1.22274,0,-1.22274
1.76291e+09,2243,-0.0454971,0,0.0454971,1.21868,0,-1.21868
1.76291e+09,2244,-0.0457005,0,0.0457005,1.2146,0,-1.2146
1.76291e+09,2245,-0.0459053,0,0.0459053,1.21051,0,-1.21051
1.76291e+09,2246,-0.0461114,0,0.0461114,1.20639,0,-1.20639
1.76291e+09,2247,-0.0463189,0,0.0463189,1.20225,0,-1.20225
1.76291e+09,2248,-0.0465278,0,0.0465278,1.19809,0,-1.19809
1.76291e+09,2249,-0.0467381,0,0.0467381,1.19392,0,-1.19392
1.76291e+09,2250,-0.0469497,0,0.0469497,1.18972,0,-1.18972
1.76291e+09,2251,-0.0471628,0,0.0471628,1.18551,0,-1.18551
1.76291e+09,2252,-0.0473773,0,0.0473773,1.18127,0,-1.18127
1.76291e+09,2253,-0.0475932,0,0.0475932,1.17702,0,-1.17702
1.76291e+09,2254,-0.0478105,0,0.0478105,1.17274,0,-1.17274
1.76291e+09,2255,-0.0480293,0,0.0480293,1.16845,0,-1.16845
1.76291e+09,2256,-0.0482495,0,0.0482495,1.16413,0,-1.16413
1.76291e+09,2257,-0.0484712,0,0.0484712,1.1598,0,-1.1598
1.76291e+09,2258,-0.0486944,0,0.0486944,1.15544,0,-1.15544
1.76291e+09,2259,-0.048919,0,0.048919,1.15107,0,-1.15107
1.76291e+09,2260,-0.0491451,0,0.0491451,1.14668,0,-1.14668
1.76291e+09,2261,-0.0493727,0,0.0493727,1.14226,0,-1.14226
1.76291e+09,2262,-0.0496019,0,0.0496019,1.13783,0,-1.13783
1.76291e+09,2263,-0.0498325,0,0.0498325,1.13337,0,-1.13337
1.76291e+09,2264,-0.0500647,0,0.0500647,1.1289,0,-1.1289
1.76291e+09,2265,-0.0502984,0,0.0502984,1.12441,0,-1.12441
1.76291e+09,2266,-0.0505336,0,0.0505336,1.11989,0,-1.11989
1.76291e+09,2267,-0.0507704,0,0.0507704,1.11536,0,-1.11536
1.76291e+09,2268,-0.0510088,0,0.0510088,1.1108,0,-1.1108
1.76291e+09,2269,-0.0512488,0,0.0512488,1.10622,0,-1.10622
1.76291e+09,2270,-0.0514903,0,0.0514903,1.10163,0,-1.10163
1.76291e+09,2271,-0.0517335,0,0.0517335,1.09701,0,-1.09701
1.76291e+09,2272,-0.0519783,0,0.0519783,1.09237,0,-1.09237
1.76291e+09,2273,-0.0522247,0,0.0522247,1.08771,0,-1.08771
1.76291e+09,2274,-0.0524727,0,0.0524727,1.08303,0,-1.08303
1.76291e+09,2275,-0.0527223,0,0.0527223,1.07832,0,-1.07832
1.76291e+09,2276,-0.0529736,0,0.0529736,1.0736,0,-1.0736
1.76291e+09,2277,-0.0532266,0,0.0532266,1.06886,0,-1.06886
1.76291e+09,2278,-0.0534812,0,0.0534812,1.06409,0,-1.06409
1.76291e+09,2279,-0.0537375,0,0.0537375,1.0593,0,-1.0593
1.76291e+09,2280,-0.0540733,0,0.0540733,1.05921,0,-1.05921
1.76291e+09,2281,-0.0544115,0,0.0544115,1.05912,0,-1.05912
1.76291e+09,2282,-0.0547522,0,0.0547522,1.05902,0,-1.05902
1.76291e+09,2283,-0.0550953,0,0.0550953,1.05893,0,-1.05893
1.76291e+09,2284,-0.0554408,0,0.0554408,1.05883,0,-1.05883
1.76291e+09,2285,-0.0557888,0,0.0557888,1.05873,0,-1.05873
1.76291e+09,2286,-0.0561392,0,0.0561392,1.05863,0,-1.05863
1.76291e+09,2287,-0.0564921,0,0.0564921,1.05853,0,-1.05853
1.76291e+09,2288,-0.0568475,0,0.0568475,1.05843,0,-1.05843
1.76291e+09,2289,-0.0572052,0,0.0572052,1.05833,0,-1.05833
1.76291e+09,2290,-0.0575654,0,0.0575654,1.05822,0,-1.05822
1.76291e+09,2291,-0.0579281,0,0.0579281,1.05811,0,-1.05811
1.76291e+09,2292,-0.0582932,0,0.0582932,1.058,0,-1.058
1.76291e+09,2293,-0.0586607,0,0.0586607,1.05789,0,-1.05789
1.76291e+09,2294,-0.0590305,0,0.0590305,1.05778,0,-1.05778
1.76291e+09,2295,-0.0594028,0,0.0594028,1.05767,0,-1.05767
1.76291e+09,2296,-0.0597775,0,0.0597775,1.05755,0,-1.05755
1.76291e+09,2297,-0.0601545,0,0.0601545,1.05743,0,-1.05743
1.76291e+09,2298,-0.0605338,0,0.0605338,1.05731,0,-1.05731
1.76291e+09,2299,-0.0609154,0,0.0609154,1.05719,0,-1.05719
1.76291e+09,2300,-0.0612993,0,0.0612993,1.05707,0,-1.05707
1.76291e+09,2301,-0.0616855,0,0.0616855,1.05695,0,-1.05695
1.76291e+09,2302,-0.0620739,0,0.0620739,1.05682,0,-1.05682
1.76291e+09,2303,-0.0624644,0,0.0624644,1.05669,0,-1.05669
1.76291e+09,2304,-0.0628572,0,0.0628572,1.05656,0,-1.05656
1.76291e+09,2305,-0.063252,0,0.063252,1.05643,0,-1.05643
1.76291e+09,2306,-0.063649,0,0.063649,1.0563,0,-1.0563
1.76291e+09,2307,-0.064048,0,0.064048,1.05617,0,-1.05617
1.76291e+09,2308,-0.064449,0,0.064449,1.05603,0,-1.05603
1.76291e+09,2309,-0.064852,0,0.064852,1.05589,0,-1.05589
1.76291e+09,2310,-0.0652569,0,0.0652569,1.05575,0,-1.05575
1.76291e+09,2311,-0.0656637,0,0.0656637,1.05561,0,-1.05561
1.76291e+09,2312,-0.0660723,0,0.0660723,1.05547,0,-1.05547
1.76291e+09,2313,-0.0664827,0,0.0664827,1.05533,0,-1.05533
1.76291e+09,2314,-0.0668949,0,0.0668949,1.05518,0,-1.05518
1.76291e+09,2315,-0.0673087,0,0.0673087,1.05503,0,-1.05503
1.76291e+09,2316,-0.0677242,0,0.0677242,1.05488,0,-1.05488
1.76291e+09,2317,-0.0681413,0,0.0681413,1.05473,0,-1.05473
1.76291e+09,2318,-0.0685599,0,0.0685599,1.05458,0,-1.05458
1.76291e+09,2319,-0.0689799,0,0.0689799,1.05442,0,-1.05442
1.76291e+09,2320,-0.0694014,0,0.0694014,1.05427,0,-1.05427
1.76291e+09,2321,-0.0698243,0,0.0698243,1.05411,0,-1.05411
1.76291e+09,2322,-0.0702484,0,0.0702484,1.05395,0,-1.05395
1.76291e+09,2323,-0.0706738,0,0.0706738,1.05379,0,-1.05379
1.76291e+09,2324,-0.0711003,0,0.0711003,1.05363,0,-1.05363
1.76291e+09,2325,-0.071528,0,0.071528,1.05346,0,-1.05346
1.76291e+09,2326,-0.0719568,0,0.0719568,1.0533,0,-1.0533
1.76291e+09,2327,-0.0723865,0,0.0723865,1.05313,0,-1.05313
1.76291e+09,2328,-0.0728172,0,0.0728172,1.05296,0,-1.05296
1.76291e+09,2329,-0.0732487,0,0.0732487,1.05279,0,-1.05279
1.76291e+09,2330,-0.0736811,0,0.0736811,1.05262,0,-1.05262
1.76291e+09,2331,-0.0741142,0,0.0741142,1.05245,0,-1.05245
1.76291e+09,2332,-0.0745479,0,0.0745479,1.05227,0,-1.05227
1.76291e+09,2333,-0.0749823,0,0.0749823,1.05209,0,-1.05209
1.76291e+09,2334,-0.0754172,0,0.0754172,1.05192,0,-1.05192
1.76291e+09,2335,-0.0758526,0,0.0758526,1.05174,0,-1.05174
1.76291e+09,2336,-0.0762884,0,0.0762884,1.05156,0,-1.05156
1.76291e+09,2337,-0.0767245,0,0.0767245,1.05138,0,-1.05138
1.76291e+09,2338,-0.0771609,0,0.0771609,1.05119,0,-1.05119
1.76291e+09,2339,-0.0775975,0,0.0775975,1.05101,0,-1.05101
1.76291e+09,2340,-0.0780342,0,0.0780342,1.05083,0,-1.05083
1.76291e+09,2341,-0.078471,0,0.078471,1.05064,0,-1.05064
1.76291e+09,2342,-0.0789078,0,0.0789078,1.05045,0,-1.05045
1.76291e+09,2343,-0.0793446,0,0.0793446,1.05026,0,-1.05026
1.76291e+09,2344,-0.0797812,0,0.0797812,1.05007,0,-1.05007
1.76291e+09,2345,-0.0802176,0,0.0802176,1.04988,0,-1.04988
1.76291e+09,2346,-0.0806537,0,0.0806537,1.04969,0,-1.04969
1.76291e+09,2347,-0.0810895,0,0.0810895,1.0495,0,-1.0495
1.76291e+09,2348,-0.0815249,0,0.0815249,1.0493,0,-1.0493
1.76291e+09,2349,-0.0819598,0,0.0819598,1.04911,0,-1.04911
1.76291e+09,2350,-0.0823941,0,0.0823941,1.04891,0,-1.04891
1.76291e+09,2351,-0.0828279,0,0.0828279,1.04872,0,-1.04872
1.76291e+09,2352,-0.083261,0,0.083261,1.04852,0,-1.04852
1.76291e+09,2353,-0.0836933,0,0.0836933,1.04832,0,-1.04832
1.76291e+09,2354,-0.0841249,0,0.0841249,1.04812,0,-1.04812
1.76291e+09,2355,-0.0845556,0,0.0845556,1.04792,0,-1.04792
1.76291e+09,2356,-0.0849853,0,0.0849853,1.04772,0,-1.04772
1.76291e+09,2357,-0.0854141,0,0.0854141,1.04752,0,-1.04752
1.76291e+09,2358,-0.0858418,0,0.0858418,1.04732,0,-1.04732
1.76291e+09,2359,-0.0862683,0,0.0862683,1.04712,0,-1.04712
1.76291e+09,2360,-0.0866937,0,0.0866937,1.04691,0,-1.04691
1.76291e+09,2361,-0.0871179,0,0.0871179,1.04671,0,-1.04671
1.76291e+09,2362,-0.0875407,0,0.0875407,1.04651,0,-1.04651
1.76291e+09,2363,-0.0879622,0,0.0879622,1.0463,0,-1.0463
1.76291e+09,2364,-0.0883823,0,0.0883823,1.0461,0,-1.0461
1.76291e+09,2365,-0.0888009,0,0.0888009,1.04589,0,-1.04589
1.76291e+09,2366,-0.089218,0,0.089218,1.04569,0,-1.04569
1.76291e+09,2367,-0.0896335,0,0.0896335,1.04548,0,-1.04548
1.76291e+09,2368,-0.0900474,0,0.0900474,1.04528,0,-1.04528
1.76291e+09,2369,-0.0904596,0,0.0904596,1.04507,0,-1.04507
1.76291e+09,2370,-0.09087,0,0.09087,1.04486,0,-1.04486
1.76291e+09,2371,-0.0912787,0,0.0912787,1.04466,0,-1.04466
1.76291e+09,2372,-0.0916855,0,0.0916855,1.04445,0,-1.04445
1.76291e+09,2373,-0.0920905,0,0.0920905,1.04424,0,-1.04424
1.76291e+09,2374,-0.0924935,0,0.0924935,1.04404,0,-1.04404
1.76291e+09,2375,-0.0928946,0,0.0928946,1.04383,0,-1.04383
1.76291e+09,2376,-0.0932937,0,0.0932937,1.04363,0,-1.04363
1.76291e+09,2377,-0.0936907,0,0.0936907,1.04342,0,-1.04342
1.76291e+09,2378,-0.0940856,0,0.0940856,1.04321,0,-1.04321
1.76291e+09,2379,-0.0944784,0,0.0944784,1.04301,0,-1.04301
1.76291e+09,2380,-0.0948691,0,0.0948691,1.0428,0,-1.0428
1.76291e+09,2381,-0.0952575,0,0.0952575,1.0426,0,-1.0426
1.76291e+09,2382,-0.0956438,0,0.0956438,1.04239,0,-1.04239
1.76291e+09,2383,-0.0960278,0,0.0960278,1.04219,0,-1.04219
1.76291e+09,2384,-0.0964095,0,0.0964095,1.04198,0,-1.04198
1.76291e+09,2385,-0.0967889,0,0.0967889,1.04178,0,-1.04178
1.76291e+09,2386,-0.097166,0,0.097166,1.04158,0,-1.04158
1.76291e+09,2387,-0.0975408,0,0.0975408,1.04137,0,-1.04137
1.76291e+09,2388,-0.0979132,0,0.0979132,1.04117,0,-1.04117
1.76291e+09,2389,-0.0982832,0,0.0982832,1.04097,0,-1.04097
1.76291e+09,2390,-0.0986508,0,0.0986508,1.04077,0,-1.04077
1.76291e+09,2391,-0.0990161,0,0.0990161,1.04057,0,-1.04057
1.76291e+09,2392,-0.0993789,0,0.0993789,1.04037,0,-1.04037
1.76291e+09,2393,-0.0997393,0,0.0997393,1.04017,0,-1.04017
1.76291e+09,2394,-0.100097,0,0.100097,1.03997,0,-1.03997
1.76291e+09,2395,-0.100453,0,0.100453,1.03977,0,-1.03977
1.76291e+09,2396,-0.100806,0,0.100806,1.03957,0,-1.03957
1.76291e+09,2397,-0.101157,0,0.101157,1.03937,0,-1.03937
1.76291e+09,2398,-0.101505,0,0.101505,1.03917,0,-1.03917
1.76291e+09,2399,-0.101851,0,0.101851,1.03898,0,-1.03898
1.76291e+09,2400,-0.102188,0,0.102188,1.03877,0,-1.03877
1.76291e+09,2401,-0.102523,0,0.102523,1.03855,0,-1.03855
1.76291e+09,2402,-0.102856,0,0.102856,1.03834,0,-1.03834
1.76291e+09,2403,-0.103186,0,0.103186,1.03813,0,-1.03813
1.76291e+09,2404,-0.103514,0,0.103514,1.03792,0,-1.03792
1.76291e+09,2405,-0.103839,0,0.103839,1.03771,0,-1.03771
1.76291e+09,2406,-0.104162,0,0.104162,1.03751,0,-1.03751
1.76291e+09,2407,-0.104482,0,0.104482,1.0373,0,-1.0373
1.76291e+09,2408,-0.1048,0,0.1048,1.03709,0,-1.03709
1.76291e+09,2409,-0.105116,0,0.105116,1.03689,0,-1.03689
1.76291e+09,2410,-0.105429,0,0.105429,1.03668,0,-1.03668
1.76291e+09,2411,-0.10574,0,0.10574,1.03648,0,-1.03648
1.76291e+09,2412,-0.106049,0,0.106049,1.03627,0,-1.03627
1.76291e+09,2413,-0.106356,0,0.106356,1.03607,0,-1.03607
1.76291e+09,2414,-0.10666,0,0.10666,1.03587,0,-1.03587
1.76291e+09,2415,-0.106961,0,0.106961,1.03567,0,-1.03567
1.76291e+09,2416,-0.107261,0,0.107261,1.03547,0,-1.03547
1.76291e+09,2417,-0.107558,0,0.107558,1.03527,0,-1.03527
1.76291e+09,2418,-0.107853,0,0.107853,1.03507,0,-1.03507
1.76291e+09,2419,-0.108146,0,0.108146,1.03487,0,-1.03487
1.76291e+09,2420,-0.108436,0,0.108436,1.03467,0,-1.03467
1.76291e+09,2421,-0.108725,0,0.108725,1.03448,0,-1.03448
1.76291e+09,2422,-0.109011,0,0.109011,1.03428,0,-1.03428
1.76291e+09,2423,-0.109295,0,0.109295,1.03409,0,-1.03409
1.76291e+09,2424,-0.109577,0,0.109577,1.03389,0,-1.03389
1.76291e+09,2425,-0.109856,0,0.109856,1.0337,0,-1.0337
1.76291e+09,2426,-0.110134,0,0.110134,1.03351,0,-1.03351
1.76291e+09,2427,-0.110409,0,0.110409,1.03331,0,-1.03331
1.76291e+09,2428,-0.110682,0,0.110682,1.03312,0,-1.03312
1.76291e+09,2429,-0.110954,0,0.110954,1.03293,0,-1.03293
1.76291e+09,2430,-0.111223,0,0.111223,1.03274,0,-1.03274
1.76291e+09,2431,-0.11149,0,0.11149,1.03255,0,-1.03255
1.76291e+09,2432,-0.111755,0,0.111755,1.03237,0,-1.03237
1.76291e+09,2433,-0.112018,0,0.112018,1.03218,0,-1.03218
1.76291e+09,2434,-0.112279,0,0.112279,1.03199,0,-1.03199
1.76291e+09,2435,-0.112538,0,0.112538,1.03181,0,-1.03181
1.76291e+09,2436,-0.112795,0,0.112795,1.03162,0,-1.03162
1.76291e+09,2437,-0.11305,0,0.11305,1.03144,0,-1.03144
1.76291e+09,2438,-0.113303,0,0.113303,1.03126,0,-1.03126
1.76291e+09,2439,-0.113554,0,0.113554,1.03107,0,-1.03107
1.76291e+09,2440,-0.113803,0,0.113803,1.03089,0,-1.03089
1.76291e+09,2441,-0.11405,0,0.11405,1.03071,0,-1.03071
1.76291e+09,2442,-0.114295,0,0.114295,1.03053,0,-1.03053
1.76291e+09,2443,-0.114539,0,0.114539,1.03035,0,-1.03035
1.76291e+09,2444,-0.11478,0,0.11478,1.03018,0,-1.03018
1.76291e+09,2445,-0.115019,0,0.115019,1.03,0,-1.03
1.76291e+09,2446,-0.115257,0,0.115257,1.02982,0,-1.02982
1.76291e+09,2447,-0.115493,0,0.115493,1.02965,0,-1.02965
1.76291e+09,2448,-0.115727,0,0.115727,1.02947,0,-1.02947
1.76291e+09,2449,-0.115959,0,0.115959,1.0293,0,-1.0293
1.76291e+09,2450,-0.116189,0,0.116189,1.02912,0,-1.02912
1.76291e+09,2451,-0.116417,0,0.116417,1.02895,0,-1.02895
1.76291e+09,2452,-0.116644,0,0.116644,1.02878,0,-1.02878
1.76291e+09,2453,-0.116869,0,0.116869,1.02861,0,-1.02861
1.76291e+09,2454,-0.117092,0,0.117092,1.02844,0,-1.02844
1.76291e+09,2455,-0.117313,0,0.117313,1.02827,0,-1.02827
1.76291e+09,2456,-0.117532,0,0.117532,1.0281,0,-1.0281
1.76291e+09,2457,-0.11775,0,0.11775,1.02794,0,-1.02794
1.76291e+09,2458,-0.117966,0,0.117966,1.02777,0,-1.02777
1.76291e+09,2459,-0.11818,0,0.11818,1.0276,0,-1.0276
1.76291e+09,2460,-0.118392,0,0.118392,1.02744,0,-1.02744
1.76291e+09,2461,-0.118603,0,0.118603,1.02727,0,-1.02727
1.76291e+09,2462,-0.118812,0,0.118812,1.02711,0,-1.02711
1.76291e+09,2463,-0.119019,0,0.119019,1.02695,0,-1.02695
1.76291e+09,2464,-0.119224,0,0.119224,1.02679,0,-1.02679
1.76291e+09,2465,-0.119428,0,0.119428,1.02662,0,-1.02662
1.76291e+09,2466,-0.119631,0,0.119631,1.02646,0,-1.02646
1.76291e+09,2467,-0.119831,0,0.119831,1.0263,0,-1.0263
1.76291e+09,2468,-0.12003,0,0.12003,1.02615,0,-1.02615
1.76291e+09,2469,-0.120227,0,0.120227,1.02599,0,-1.02599
1.76291e+09,2470,-0.120423,0,0.120423,1.02583,0,-1.02583
1.76291e+09,2471,-0.120617,0,0.120617,1.02568,0,-1.02568
1.76291e+09,2472,-0.120809,0,0.120809,1.02552,0,-1.02552
1.76291e+09,2473,-0.121,0,0.121,1.02537,0,-1.02537
1.76291e+09,2474,-0.121189,0,0.121189,1.02521,0,-1.02521
1.76291e+09,2475,-0.121376,0,0.121376,1.02506,0,-1.02506
1.76291e+09,2476,-0.121562,0,0.121562,1.02491,0,-1.02491
1.76291e+09,2477,-0.121747,0,0.121747,1.02476,0,-1.02476
1.76291e+09,2478,-0.12193,0,0.12193,1.0246,0,-1.0246
1.76291e+09,2479,-0.122111,0,0.122111,1.02445,0,-1.02445
1.76291e+09,2480,-0.12229,0,0.12229,1.02431,0,-1.02431
1.76291e+09,2481,-0.122469,0,0.122469,1.02416,0,-1.02416
1.76291e+09,2482,-0.122645,0,0.122645,1.02401,0,-1.02401
1.76291e+09,2483,-0.12282,0,0.12282,1.02386,0,-1.02386
1.76291e+09,2484,-0.122994,0,0.122994,1.02372,0,-1.02372
1.76291e+09,2485,-0.123166,0,0.123166,1.02357,0,-1.02357
1.76291e+09,2486,-0.123337,0,0.123337,1.02343,0,-1.02343
1.76291e+09,2487,-0.123506,0,0.123506,1.02328,0,-1.02328
1.76291e+09,2488,-0.123673,0,0.123673,1.02314,0,-1.02314
1.76291e+09,2489,-0.123839,0,0.123839,1.023,0,-1.023
1.76291e+09,2490,-0.124004,0,0.124004,1.02286,0,-1.02286
1.76291e+09,2491,-0.124167,0,0.124167,1.02272,0,-1.02272
1.76291e+09,2492,-0.124329,0,0.124329,1.02258,0,-1.02258
1.76291e+09,2493,-0.124489,0,0.124489,1.02244,0,-1.02244
1.76291e+09,2494,-0.124648,0,0.124648,1.0223,0,-1.0223
1.76291e+09,2495,-0.124806,0,0.124806,1.02216,0,-1.02216
1.76291e+09,2496,-0.124962,0,0.124962,1.02203,0,-1.02203
1.76291e+09,2497,-0.125116,0,0.125116,1.02189,0,-1.02189
1.76291e+09,2498,-0.12527,0,0.12527,1.02176,0,-1.02176
1.76291e+09,2499,-0.125421,0,0.125421,1.02162,0,-1.02162
1.76291e+09,2500,-0.125572,0,0.125572,1.02149,0,-1.02149
1.76291e+09,2501,-0.125721,0,0.125721,1.02136,0,-1.02136
1.76291e+09,2502,-0.125868,0,0.125868,1.02122,0,-1.02122
1.76291e+09,2503,-0.126015,0,0.126015,1.02109,0,-1.02109
1.76291e+09,2504,-0.12616,0,0.12616,1.02096,0,-1.02096
1.76291e+09,2505,-0.126303,0,0.126303,1.02083,0,-1.02083
1.76291e+09,2506,-0.126445,0,0.126445,1.0207,0,-1.0207
1.76291e+09,2507,-0.126586,0,0.126586,1.02058,0,-1.02058
1.76291e+09,2508,-0.126726,0,0.126726,1.02045,0,-1.02045
1.76291e+09,2509,-0.126864,0,0.126864,1.02032,0,-1.02032
1.76291e+09,2510,-0.127001,0,0.127001,1.0202,0,-1.0202
1.76291e+09,2511,-0.127136,0,0.127136,1.02007,0,-1.02007
1.76291e+09,2512,-0.12727,0,0.12727,1.01995,0,-1.01995
1.76291e+09,2513,-0.127403,0,0.127403,1.01982,0,-1.01982
1.76291e+09,2514,-0.127535,0,0.127535,1.0197,0,-1.0197
1.76291e+09,2515,-0.127665,0,0.127665,1.01958,0,-1.01958
1.76291e+09,2516,-0.127794,0,0.127794,1.01945,0,-1.01945
1.76291e+09,2517,-0.127922,0,0.127922,1.01933,0,-1.01933
1.76291e+09,2518,-0.128049,0,0.128049,1.01921,0,-1.01921
1.76291e+09,2519,-0.128174,0,0.128174,1.01909,0,-1.01909
1.76291e+09,2520,-0.128298,0,0.128298,1.01897,0,-1.01897
1.76291e+09,2521,-0.12842,0,0.12842,1.01886,0,-1.01886
1.76291e+09,2522,-0.128542,0,0.128542,1.01874,0,-1.01874
1.76291e+09,2523,-0.128662,0,0.128662,1.01862,0,-1.01862
1.76291e+09,2524,-0.128781,0,0.128781,1.01851,0,-1.01851
1.76291e+09,2525,-0.128899,0,0.128899,1.01839,0,-1.01839
1.76291e+09,2526,-0.129015,0,0.129015,1.01828,0,-1.01828
1.76291e+09,2527,-0.129131,0,0.129131,1.01816,0,-1.01816
1.76291e+09,2528,-0.129245,0,0.129245,1.01805,0,-1.01805
1.76291e+09,2529,-0.129357,0,0.129357,1.01794,0,-1.01794
1.76291e+09,2530,-0.129469,0,0.129469,1.01782,0,-1.01782
1.76291e+09,2531,-0.129579,0,0.129579,1.01771,0,-1.01771
1.76291e+09,2532,-0.129689,0,0.129689,1.0176,0,-1.0176
1.76291e+09,2533,-0.129797,0,0.129797,1.01749,0,-1.01749
1.76291e+09,2534,-0.129904,0,0.129904,1.01738,0,-1.01738
1.76291e+09,2535,-0.130009,0,0.130009,1.01728,0,-1.01728
1.76291e+09,2536,-0.130114,0,0.130114,1.01717,0,-1.01717
1.76291e+09,2537,-0.130217,0,0.130217,1.01706,0,-1.01706
1.76291e+09,2538,-0.130319,0,0.130319,1.01695,0,-1.01695
1.76291e+09,2539,-0.13042,0,0.13042,1.01685,0,-1.01685
1.76291e+09,2540,-0.13052,0,0.13052,1.01674,0,-1.01674
1.76291e+09,2541,-0.130619,0,0.130619,1.01664,0,-1.01664
1.76291e+09,2542,-0.130716,0,0.130716,1.01653,0,-1.01653
1.76291e+09,2543,-0.130813,0,0.130813,1.01643,0,-1.01643
1.76291e+09,2544,-0.130908,0,0.130908,1.01633,0,-1.01633
1.76291e+09,2545,-0.131002,0,0.131002,1.01623,0,-1.01623
1.76291e+09,2546,-0.131095,0,0.131095,1.01613,0,-1.01613
1.76291e+09,2547,-0.131187,0,0.131187,1.01602,0,-1.01602
1.76291e+09,2548,-0.131278,0,0.131278,1.01592,0,-1.01592
1.76291e+09,2549,-0.131367,0,0.131367,1.01583,0,-1.01583
1.76291e+09,2550,-0.131456,0,0.131456,1.01573,0,-1.01573
1.76291e+09,2551,-0.131543,0,0.131543,1.01563,0,-1.01563
1.76291e+09,2552,-0.131629,0,0.131629,1.01553,0,-1.01553
1.76291e+09,2553,-0.131715,0,0.131715,1.01543,0,-1.01543
1.76291e+09,2554,-0.131799,0,0.131799,1.01534,0,-1.01534
1.76291e+09,2555,-0.131882,0,0.131882,1.01524,0,-1.01524
1.76291e+09,2556,-0.131964,0,0.131964,1.01515,0,-1.01515
1.76291e+09,2557,-0.132044,0,0.132044,1.01505,0,-1.01505
1.76291e+09,2558,-0.132124,0,0.132124,1.01496,0,-1.01496
1.76291e+09,2559,-0.132203,0,0.132203,1.01487,0,-1.01487
1.76291e+09,2560,-0.13228,0,0.13228,1.01477,0,-1.01477
1.76291e+09,2561,-0.132357,0,0.132357,1.01468,0,-1.01468
1.76291e+09,2562,-0.132432,0,0.132432,1.01459,0,-1.01459
1.76291e+09,2563,-0.132507,0,0.132507,1.0145,0,-1.0145
1.76291e+09,2564,-0.13258,0,0.13258,1.01441,0,-1.01441
1.76291e+09,2565,-0.132653,0,0.132653,1.01432,0,-1.01432
1.76291e+09,2566,-0.132724,0,0.132724,1.01423,0,-1.01423
1.76291e+09,2567,-0.132794,0,0.132794,1.01414,0,-1.01414
1.76291e+09,2568,-0.132863,0,0.132863,1.01406,0,-1.01406
1.76291e+09,2569,-0.132931,0,0.132931,1.01397,0,-1.01397
1.76291e+09,2570,-0.132998,0,0.132998,1.01388,0,-1.01388
1.76291e+09,2571,-0.133064,0,0.133064,1.0138,0,-1.0138
1.76291e+09,2572,-0.133129,0,0.133129,1.01371,0,-1.01371
1.76291e+09,2573,-0.133193,0,0.133193,1.01363,0,-1.01363
1.76291e+09,2574,-0.133256,0,0.133256,1.01354,0,-1.01354
1.76291e+09,2575,-0.133318,0,0.133318,1.01346,0,-1.01346
1.76291e+09,2576,-0.133379,0,0.133379,1.01337,0,-1.01337
1.76291e+09,2577,-0.133439,0,0.133439,1.01329,0,-1.01329
1.76291e+09,2578,-0.133498,0,0.133498,1.01321,0,-1.01321
1.76291e+09,2579,-0.133556,0,0.133556,1.01313,0,-1.01313
1.76291e+09,2580,-0.133612,0,0.133612,1.01305,0,-1.01305
1.76291e+09,2581,-0.133668,0,0.133668,1.01297,0,-1.01297
1.76291e+09,2582,-0.133723,0,0.133723,1.01289,0,-1.01289
1.76291e+09,2583,-0.133777,0,0.133777,1.01281,0,-1.01281
1.76291e+09,2584,-0.13383,0,0.13383,1.01273,0,-1.01273
1.76291e+09,2585,-0.133882,0,0.133882,1.01265,0,-1.01265
1.76291e+09,2586,-0.133932,0,0.133932,1.01257,0,-1.01257
1.76291e+09,2587,-0.133982,0,0.133982,1.0125,0,-1.0125
1.76291e+09,2588,-0.134031,0,0.134031,1.01242,0,-1.01242
1.76291e+09,2589,-0.134079,0,0.134079,1.01234,0,-1.01234
1.76291e+09,2590,-0.134126,0,0.134126,1.01227,0,-1.01227
1.76291e+09,2591,-0.134172,0,0.134172,1.01219,0,-1.01219
1.76291e+09,2592,-0.134217,0,0.134217,1.01212,0,-1.01212
1.76291e+09,2593,-0.134261,0,0.134261,1.01205,0,-1.01205
1.76291e+09,2594,-0.134304,0,0.134304,1.01197,0,-1.01197
1.76291e+09,2595,-0.134346,0,0.134346,1.0119,0,-1.0119
1.76291e+09,2596,-0.134387,0,0.134387,1.01183,0,-1.01183
1.76291e+09,2597,-0.134427,0,0.134427,1.01176,0,-1.01176
1.76291e+09,2598,-0.134466,0,0.134466,1.01169,0,-1.01169
1.76291e+09,2599,-0.134504,0,0.134504,1.01161,0,-1.01161
1.76291e+09,2600,-0.134541,0,0.134541,1.01154,0,-1.01154
1.76291e+09,2601,-0.134578,0,0.134578,1.01147,0,-1.01147
1.76291e+09,2602,-0.134613,0,0.134613,1.01141,0,-1.01141
1.76291e+09,2603,-0.134647,0,0.134647,1.01134,0,-1.01134
1.76291e+09,2604,-0.13468,0,0.13468,1.01127,0,-1.01127
1.76291e+09,2605,-0.134713,0,0.134713,1.0112,0,-1.0112
1.76291e+09,2606,-0.134744,0,0.134744,1.01113,0,-1.01113
1.76291e+09,2607,-0.134775,0,0.134775,1.01107,0,-1.01107
1.76291e+09,2608,-0.134804,0,0.134804,1.011,0,-1.011
1.76291e+09,2609,-0.134833,0,0.134833,1.01093,0,-1.01093
1.76291e+09,2610,-0.13486,0,0.13486,1.01087,0,-1.01087
1.76291e+09,2611,-0.134887,0,0.134887,1.0108,0,-1.0108
1.76291e+09,2612,-0.134913,0,0.134913,1.01074,0,-1.01074
1.76291e+09,2613,-0.134938,0,0.134938,1.01068,0,-1.01068
1.76291e+09,2614,-0.134962,0,0.134962,1.01061,0,-1.01061
1.76291e+09,2615,-0.134984,0,0.134984,1.01055,0,-1.01055
1.76291e+09,2616,-0.135006,0,0.135006,1.01049,0,-1.01049
1.76291e+09,2617,-0.135027,0,0.135027,1.01043,0,-1.01043
1.76291e+09,2618,-0.135048,0,0.135048,1.01036,0,-1.01036
1.76291e+09,2619,-0.135067,0,0.135067,1.0103,0,-1.0103
1.76291e+09,2620,-0.135085,0,0.135085,1.01024,0,-1.01024
1.76291e+09,2621,-0.135102,0,0.135102,1.01018,0,-1.01018
1.76291e+09,2622,-0.135119,0,0.135119,1.01012,0,-1.01012
1.76291e+09,2623,-0.135134,0,0.135134,1.01006,0,-1.01006
1.76291e+09,2624,-0.135148,0,0.135148,1.01,0,-1.01
1.76291e+09,2625,-0.135162,0,0.135162,1.00995,0,-1.00995
1.76291e+09,2626,-0.135175,0,0.135175,1.00989,0,-1.00989
1.76291e+09,2627,-0.135186,0,0.135186,1.00983,0,-1.00983
1.76291e+09,2628,-0.135197,0,0.135197,1.00977,0,-1.00977
1.76291e+09,2629,-0.135207,0,0.135207,1.00972,0,-1.00972
1.76291e+09,2630,-0.135216,0,0.135216,1.00966,0,-1.00966
1.76291e+09,2631,-0.135224,0,0.135224,1.00961,0,-1.00961
1.76291e+09,2632,-0.135231,0,0.135231,1.00955,0,-1.00955
1.76291e+09,2633,-0.135237,0,0.135237,1.00949,0,-1.00949
1.76291e+09,2634,-0.135242,0,0.135242,1.00944,0,-1.00944
1.76291e+09,2635,-0.135246,0,0.135246,1.00939,0,-1.00939
1.76291e+09,2636,-0.13525,0,0.13525,1.00933,0,-1.00933
1.76291e+09,2637,-0.135252,0,0.135252,1.00928,0,-1.00928
1.76291e+09,2638,-0.135254,0,0.135254,1.00923,0,-1.00923
1.76291e+09,2639,-0.135254,0,0.135254,1.00917,0,-1.00917
1.76291e+09,2640,-0.135254,0,0.135254,1.00912,0,-1.00912
1.76291e+09,2641,-0.135253,0,0.135253,1.00907,0,-1.00907
1.76291e+09,2642,-0.135251,0,0.135251,1.00902,0,-1.00902
1.76291e+09,2643,-0.135247,0,0.135247,1.00897,0,-1.00897
1.76291e+09,2644,-0.135243,0,0.135243,1.00892,0,-1.00892
1.76291e+09,2645,-0.135238,0,0.135238,1.00887,0,-1.00887
1.76291e+09,2646,-0.135232,0,0.135232,1.00882,0,-1.00882
1.76291e+09,2647,-0.135226,0,0.135226,1.00877,0,-1.00877
1.76291e+09,2648,-0.135218,0,0.135218,1.00872,0,-1.00872
1.76291e+09,2649,-0.135209,0,0.135209,1.00867,0,-1.00867
1.76291e+09,2650,-0.1352,0,0.1352,1.00863,0,-1.00863
1.76291e+09,2651,-0.135189,0,0.135189,1.00858,0,-1.00858
1.76291e+09,2652,-0.135178,0,0.135178,1.00853,0,-1.00853
1.76291e+09,2653,-0.135165,0,0.135165,1.00848,0,-1.00848
1.76291e+09,2654,-0.135152,0,0.135152,1.00844,0,-1.00844
1.76291e+09,2655,-0.135138,0,0.135138,1.00839,0,-1.00839
1.76291e+09,2656,-0.135122,0,0.135122,1.00835,0,-1.00835
1.76291e+09,2657,-0.135106,0,0.135106,1.0083,0,-1.0083
1.76291e+09,2658,-0.135089,0,0.135089,1.00826,0,-1.00826
1.76291e+09,2659,-0.135071,0,0.135071,1.00821,0,-1.00821
1.76291e+09,2660,-0.135052,0,0.135052,1.00817,0,-1.00817
1.76291e+09,2661,-0.135033,0,0.135033,1.00812,0,-1.00812
1.76291e+09,2662,-0.135012,0,0.135012,1.00808,0,-1.00808
1.76291e+09,2663,-0.13499,0,0.13499,1.00804,0,-1.00804
1.76291e+09,2664,-0.134967,0,0.134967,1.00799,0,-1.00799
1.76291e+09,2665,-0.134944,0,0.134944,1.00795,0,-1.00795
1.76291e+09,2666,-0.134919,0,0.134919,1.00791,0,-1.00791
1.76291e+09,2667,-0.134894,0,0.134894,1.00787,0,-1.00787
1.76291e+09,2668,-0.134868,0,0.134868,1.00783,0,-1.00783
1.76291e+09,2669,-0.13484,0,0.13484,1.00778,0,-1.00778
1.76291e+09,2670,-0.134812,0,0.134812,1.00774,0,-1.00774
1.76291e+09,2671,-0.134783,0,0.134783,1.0077,0,-1.0077
1.76291e+09,2672,-0.134753,0,0.134753,1.00766,0,-1.00766
1.76291e+09,2673,-0.134721,0,0.134721,1.00762,0,-1.00762
1.76291e+09,2674,-0.134689,0,0.134689,1.00758,0,-1.00758
1.76291e+09,2675,-0.134656,0,0.134656,1.00755,0,-1.00755
1.76291e+09,2676,-0.134622,0,0.134622,1.00751,0,-1.00751
1.76291e+09,2677,-0.134588,0,0.134588,1.00747,0,-1.00747
1.76291e+09,2678,-0.134552,0,0.134552,1.00743,0,-1.00743
1.76291e+09,2679,-0.134515,0,0.134515,1.00739,0,-1.00739
1.76291e+09,2680,-0.134477,0,0.134477,1.00735,0,-1.00735
1.76291e+09,2681,-0.134438,0,0.134438,1.00732,0,-1.00732
1.76291e+09,2682,-0.134399,0,0.134399,1.00728,0,-1.00728
1.76291e+09,2683,-0.134358,0,0.134358,1.00724,0,-1.00724
1.76291e+09,2684,-0.134316,0,0.134316,1.00721,0,-1.00721
1.76291e+09,2685,-0.134274,0,0.134274,1.00717,0,-1.00717
1.76291e+09,2686,-0.13423,0,0.13423,1.00714,0,-1.00714
1.76291e+09,2687,-0.134186,0,0.134186,1.0071,0,-1.0071
1.76291e+09,2688,-0.13414,0,0.13414,1.00707,0,-1.00707
1.76291e+09,2689,-0.134094,0,0.134094,1.00703,0,-1.00703
1.76291e+09,2690,-0.134047,0,0.134047,1.007,0,-1.007
1.76291e+09,2691,-0.133998,0,0.133998,1.00696,0,-1.00696
1.76291e+09,2692,-0.133949,0,0.133949,1.00693,0,-1.00693
1.76291e+09,2693,-0.133898,0,0.133898,1.0069,0,-1.0069
1.76291e+09,2694,-0.133847,0,0.133847,1.00686,0,-1.00686
1.76291e+09,2695,-0.133795,0,0.133795,1.00683,0,-1.00683
1.76291e+09,2696,-0.133741,0,0.133741,1.0068,0,-1.0068
1.76291e+09,2697,-0.133687,0,0.133687,1.00676,0,-1.00676
1.76291e+09,2698,-0.133632,0,0.133632,1.00673,0,-1.00673
1.76291e+09,2699,-0.133576,0,0.133576,1.0067,0,-1.0067
1.76291e+09,2700,-0.133518,0,0.133518,1.00667,0,-1.00667
1.76291e+09,2701,-0.13346,0,0.13346,1.00664,0,-1.00664
1.76291e+09,2702,-0.133401,0,0.133401,1.00661,0,-1.00661
1.76291e+09,2703,-0.13334,0,0.13334,1.00658,0,-1.00658
1.76291e+09,2704,-0.133279,0,0.133279,1.00655,0,-1.00655
1.76291e+09,2705,-0.133217,0,0.133217,1.00651,0,-1.00651
1.76291e+09,2706,-0.133154,0,0.133154,1.00648,0,-1.00648
1.76291e+09,2707,-0.133089,0,0.133089,1.00646,0,-1.00646
1.76291e+09,2708,-0.133024,0,0.133024,1.00643,0,-1.00643
1.76291e+09,2709,-0.132957,0,0.132957,1.0064,0,-1.0064
1.76291e+09,2710,-0.13289,0,0.13289,1.00637,0,-1.00637
1.76291e+09,2711,-0.132822,0,0.132822,1.00634,0,-1.00634
1.76291e+09,2712,-0.132752,0,0.132752,1.00631,0,-1.00631
1.76291e+09,2713,-0.132682,0,0.132682,1.00628,0,-1.00628
1.76291e+09,2714,-0.13261,0,0.13261,1.00625,0,-1.00625
1.76291e+09,2715,-0.132538,0,0.132538,1.00623,0,-1.00623
1.76291e+09,2716,-0.132464,0,0.132464,1.0062,0,-1.0062
1.76291e+09,2717,-0.132389,0,0.132389,1.00617,0,-1.00617
1.76291e+09,2718,-0.132314,0,0.132314,1.00614,0,-1.00614
1.76291e+09,2719,-0.132237,0,0.132237,1.00612,0,-1.00612
1.76291e+09,2720,-0.132159,0,0.132159,1.00609,0,-1.00609
1.76291e+09,2721,-0.13208,0,0.13208,1.00606,0,-1.00606
1.76291e+09,2722,-0.132,0,0.132,1.00604,0,-1.00604
1.76291e+09,2723,-0.131919,0,0.131919,1.00601,0,-1.00601
1.76291e+09,2724,-0.131837,0,0.131837,1.00598,0,-1.00598
1.76291e+09,2725,-0.131754,0,0.131754,1.00596,0,-1.00596
1.76291e+09,2726,-0.13167,0,0.13167,1.00593,0,-1.00593
1.76291e+09,2727,-0.131584,0,0.131584,1.00591,0,-1.00591
1.76291e+09,2728,-0.131498,0,0.131498,1.00588,0,-1.00588
1.76291e+09,2729,-0.13141,0,0.13141,1.00586,0,-1.00586
1.76291e+09,2730,-0.131322,0,0.131322,1.00583,0,-1.00583
1.76291e+09,2731,-0.131232,0,0.131232,1.00581,0,-1.00581
1.76291e+09,2732,-0.131141,0,0.131141,1.00578,0,-1.00578
1.76291e+09,2733,-0.13105,0,0.13105,1.00576,0,-1.00576
1.76291e+09,2734,-0.130957,0,0.130957,1.00574,0,-1.00574
1.76291e+09,2735,-0.130862,0,0.130862,1.00571,0,-1.00571
1.76291e+09,2736,-0.130767,0,0.130767,1.00569,0,-1.00569
1.76291e+09,2737,-0.130671,0,0.130671,1.00566,0,-1.00566
1.76291e+09,2738,-0.130573,0,0.130573,1.00564,0,-1.00564
1.76291e+09,2739,-0.130475,0,0.130475,1.00562,0,-1.00562
1.76291e+09,2740,-0.130375,0,0.130375,1.00559,0,-1.00559
1.76291e+09,2741,-0.130274,0,0.130274,1.00557,0,-1.00557
1.76291e+09,2742,-0.130172,0,0.130172,1.00555,0,-1.00555
1.76291e+09,2743,-0.130069,0,0.130069,1.00553,0,-1.00553
1.76291e+09,2744,-0.129964,0,0.129964,1.0055,0,-1.0055
1.76291e+09,2745,-0.129859,0,0.129859,1.00548,0,-1.00548
1.76291e+09,2746,-0.129752,0,0.129752,1.00546,0,-1.00546
1.76291e+09,2747,-0.129644,0,0.129644,1.00544,0,-1.00544
1.76291e+09,2748,-0.129535,0,0.129535,1.00542,0,-1.00542
1.76291e+09,2749,-0.129425,0,0.129425,1.00539,0,-1.00539
1.76291e+09,2750,-0.129314,0,0.129314,1.00537,0,-1.00537
1.76291e+09,2751,-0.129201,0,0.129201,1.00535,0,-1.00535
1.76291e+09,2752,-0.129088,0,0.129088,1.00533,0,-1.00533
1.76291e+09,2753,-0.128973,0,0.128973,1.00531,0,-1.00531
1.76291e+09,2754,-0.128856,0,0.128856,1.00529,0,-1.00529
1.76291e+09,2755,-0.128739,0,0.128739,1.00526,0,-1.00526
1.76291e+09,2756,-0.128621,0,0.128621,1.00524,0,-1.00524
1.76291e+09,2757,-0.128501,0,0.128501,1.00522,0,-1.00522
1.76291e+09,2758,-0.12838,0,0.12838,1.0052,0,-1.0052
1.76291e+09,2759,-0.128257,0,0.128257,1.00518,0,-1.00518
1.76291e+09,2760,-0.128134,0,0.128134,1.00516,0,-1.00516
1.76291e+09,2761,-0.128009,0,0.128009,1.00514,0,-1.00514
1.76291e+09,2762,-0.127883,0,0.127883,1.00512,0,-1.00512
1.76291e+09,2763,-0.127756,0,0.127756,1.0051,0,-1.0051
1.76291e+09,2764,-0.127628,0,0.127628,1.00508,0,-1.00508
1.76291e+09,2765,-0.127498,0,0.127498,1.00506,0,-1.00506
1.76291e+09,2766,-0.127367,0,0.127367,1.00504,0,-1.00504
1.76291e+09,2767,-0.127234,0,0.127234,1.00502,0,-1.00502
1.76291e+09,2768,-0.127101,0,0.127101,1.005,0,-1.005
1.76291e+09,2769,-0.126966,0,0.126966,1.00498,0,-1.00498
1.76291e+09,2770,-0.12683,0,0.12683,1.00496,0,-1.00496
1.76291e+09,2771,-0.126692,0,0.126692,1.00494,0,-1.00494
1.76291e+09,2772,-0.126554,0,0.126554,1.00492,0,-1.00492
1.76291e+09,2773,-0.126414,0,0.126414,1.0049,0,-1.0049
1.76291e+09,2774,-0.126272,0,0.126272,1.00488,0,-1.00488
1.76291e+09,2775,-0.126129,0,0.126129,1.00486,0,-1.00486
1.76291e+09,2776,-0.125985,0,0.125985,1.00484,0,-1.00484
1.76291e+09,2777,-0.12584,0,0.12584,1.00482,0,-1.00482
1.76291e+09,2778,-0.125693,0,0.125693,1.0048,0,-1.0048
1.76291e+09,2779,-0.125545,0,0.125545,1.00478,0,-1.00478
1.76291e+09,2780,-0.125396,0,0.125396,1.00476,0,-1.00476
1.76291e+09,2781,-0.125245,0,0.125245,1.00474,0,-1.00474
1.76291e+09,2782,-0.125093,0,0.125093,1.00472,0,-1.00472
1.76291e+09,2783,-0.124939,0,0.124939,1.0047,0,-1.0047
1.76291e+09,2784,-0.124784,0,0.124784,1.00468,0,-1.00468
1.76291e+09,2785,-0.124628,0,0.124628,1.00466,0,-1.00466
1.76291e+09,2786,-0.12447,0,0.12447,1.00464,0,-1.00464
1.76291e+09,2787,-0.124311,0,0.124311,1.00462,0,-1.00462
1.76291e+09,2788,-0.12415,0,0.12415,1.0046,0,-1.0046
1.76291e+09,2789,-0.123988,0,0.123988,1.00458,0,-1.00458
1.76291e+09,2790,-0.123825,0,0.123825,1.00456,0,-1.00456
1.76291e+09,2791,-0.12366,0,0.12366,1.00454,0,-1.00454
1.76291e+09,2792,-0.123494,0,0.123494,1.00452,0,-1.00452
1.76291e+09,2793,-0.123326,0,0.123326,1.0045,0,-1.0045
1.76291e+09,2794,-0.123157,0,0.123157,1.00448,0,-1.00448
1.76291e+09,2795,-0.122986,0,0.122986,1.00446,0,-1.00446
1.76291e+09,2796,-0.122814,0,0.122814,1.00444,0,-1.00444
1.76291e+09,2797,-0.12264,0,0.12264,1.00442,0,-1.00442
1.76291e+09,2798,-0.122465,0,0.122465,1.0044,0,-1.0044
1.76291e+09,2799,-0.122288,0,0.122288,1.00438,0,-1.00438
1.76291e+09,2800,-0.12211,0,0.12211,1.00436,0,-1.00436
1.76291e+09,2801,-0.12193,0,0.12193,1.00434,0,-1.00434
1.76291e+09,2802,-0.121749,0,0.121749,1.00432,0,-1.00432
1.76291e+09,2803,-0.121567,0,0.121567,1.00429,0,-1.00429
1.76291e+09,2804,-0.121382,0,0.121382,1.00427,0,-1.00427
1.76291e+09,2805,-0.121197,0,0.121197,1.00425,0,-1.00425
1.76291e+09,2806,-0.121009,0,0.121009,1.00423,0,-1.00423
1.76291e+09,2807,-0.12082,0,0.12082,1.00421,0,-1.00421
1.76291e+09,2808,-0.12063,0,0.12063,1.00419,0,-1.00419
1.76291e+09,2809,-0.120438,0,0.120438,1.00417,0,-1.00417
1.76291e+09,2810,-0.120244,0,0.120244,1.00414,0,-1.00414
1.76291e+09,2811,-0.120049,0,0.120049,1.00412,0,-1.00412
1.76291e+09,2812,-0.119852,0,0.119852,1.0041,0,-1.0041
1.76291e+09,2813,-0.119653,0,0.119653,1.00408,0,-1.00408
1.76291e+09,2814,-0.119453,0,0.119453,1.00405,0,-1.00405
1.76291e+09,2815,-0.119251,0,0.119251,1.00403,0,-1.00403
1.76291e+09,2816,-0.119048,0,0.119048,1.00401,0,-1.00401
1.76291e+09,2817,-0.118843,0,0.118843,1.00398,0,-1.00398
1.76291e+09,2818,-0.118636,0,0.118636,1.00396,0,-1.00396
1.76291e+09,2819,-0.118428,0,0.118428,1.00394,0,-1.00394
1.76291e+09,2820,-0.118218,0,0.118218,1.00391,0,-1.00391
1.76291e+09,2821,-0.118006,0,0.118006,1.00389,0,-1.00389
1.76291e+09,2822,-0.117792,0,0.117792,1.00386,0,-1.00386
1.76291e+09,2823,-0.117577,0,0.117577,1.00384,0,-1.00384
1.76291e+09,2824,-0.11736,0,0.11736,1.00381,0,-1.00381
1.76291e+09,2825,-0.117142,0,0.117142,1.00379,0,-1.00379
1.76291e+09,2826,-0.116921,0,0.116921,1.00376,0,-1.00376
1.76291e+09,2827,-0.116699,0,0.116699,1.00373,0,-1.00373
1.76291e+09,2828,-0.116475,0,0.116475,1.00371,0,-1.00371
1.76291e+09,2829,-0.11625,0,0.11625,1.00368,0,-1.00368
1.76291e+09,2830,-0.116022,0,0.116022,1.00366,0,-1.00366
1.76291e+09,2831,-0.115793,0,0.115793,1.00363,0,-1.00363
1.76291e+09,2832,-0.115562,0,0.115562,1.0036,0,-1.0036
1.76291e+09,2833,-0.115329,0,0.115329,1.00357,0,-1.00357
1.76291e+09,2834,-0.115094,0,0.115094,1.00354,0,-1.00354
1.76291e+09,2835,-0.114858,0,0.114858,1.00352,0,-1.00352
1.76291e+09,2836,-0.11462,0,0.11462,1.00349,0,-1.00349
1.76291e+09,2837,-0.114379,0,0.114379,1.00346,0,-1.00346
1.76291e+09,2838,-0.114137,0,0.114137,1.00343,0,-1.00343
1.76291e+09,2839,-0.113893,0,0.113893,1.0034,0,-1.0034
1.76291e+09,2840,-0.113647,0,0.113647,1.00337,0,-1.00337
1.76291e+09,2841,-0.1134,0,0.1134,1.00333,0,-1.00333
1.76291e+09,2842,-0.11315,0,0.11315,1.0033,0,-1.0033
1.76291e+09,2843,-0.112898,0,0.112898,1.00327,0,-1.00327
1.76291e+09,2844,-0.112645,0,0.112645,1.00324,0,-1.00324
1.76291e+09,2845,-0.112389,0,0.112389,1.00321,0,-1.00321
1.76291e+09,2846,-0.112132,0,0.112132,1.00317,0,-1.00317
1.76291e+09,2847,-0.111873,0,0.111873,1.00314,0,-1.00314
1.76291e+09,2848,-0.111611,0,0.111611,1.0031,0,-1.0031
1.76291e+09,2849,-0.111348,0,0.111348,1.00307,0,-1.00307
1.76291e+09,2850,-0.111082,0,0.111082,1.00303,0,-1.00303
1.76291e+09,2851,-0.110815,0,0.110815,1.003,0,-1.003
1.76291e+09,2852,-0.110546,0,0.110546,1.00296,0,-1.00296
1.76291e+09,2853,-0.110274,0,0.110274,1.00293,0,-1.00293
1.76291e+09,2854,-0.110001,0,0.110001,1.00289,0,-1.00289
1.76291e+09,2855,-0.109725,0,0.109725,1.00285,0,-1.00285
1.76291e+09,2856,-0.109447,0,0.109447,1.00281,0,-1.00281
1.76291e+09,2857,-0.109168,0,0.109168,1.00277,0,-1.00277
1.76291e+09,2858,-0.108886,0,0.108886,1.00273,0,-1.00273
1.76291e+09,2859,-0.108602,0,0.108602,1.00269,0,-1.00269
1.76291e+09,2860,-0.108316,0,0.108316,1.00265,0,-1.00265
1.76291e+09,2861,-0.108027,0,0.108027,1.00261,0,-1.00261
1.76291e+09,2862,-0.107737,0,0.107737,1.00257,0,-1.00257
1.76291e+09,2863,-0.107444,0,0.107444,1.00252,0,-1.00252
1.76291e+09,2864,-0.107149,0,0.107149,1.00248,0,-1.00248
1.76291e+09,2865,-0.106852,0,0.106852,1.00243,0,-1.00243
1.76291e+09,2866,-0.106553,0,0.106553,1.00239,0,-1.00239
1.76291e+09,2867,-0.106252,0,0.106252,1.00234,0,-1.00234
1.76291e+09,2868,-0.105948,0,0.105948,1.0023,0,-1.0023
1.76291e+09,2869,-0.105642,0,0.105642,1.00225,0,-1.00225
1.76291e+09,2870,-0.105333,0,0.105333,1.0022,0,-1.0022
1.76291e+09,2871,-0.105023,0,0.105023,1.00215,0,-1.00215
1.76291e+09,2872,-0.10471,0,0.10471,1.0021,0,-1.0021
1.76291e+09,2873,-0.104395,0,0.104395,1.00205,0,-1.00205
1.76291e+09,2874,-0.104077,0,0.104077,1.002,0,-1.002
1.76291e+09,2875,-0.103757,0,0.103757,1.00195,0,-1.00195
1.76291e+09,2876,-0.103435,0,0.103435,1.00189,0,-1.00189
1.76291e+09,2877,-0.10311,0,0.10311,1.00184,0,-1.00184
1.76291e+09,2878,-0.102783,0,0.102783,1.00178,0,-1.00178
1.76291e+09,2879,-0.102453,0,0.102453,1.00173,0,-1.00173
1.76291e+09,2880,-0.102116,0,0.102116,1.00165,0,-1.00165
1.76291e+09,2881,-0.101775,0,0.101775,1.00158,0,-1.00158
1.76291e+09,2882,-0.101433,0,0.101433,1.0015,0,-1.0015
1.76291e+09,2883,-0.101088,0,0.101088,1.00142,0,-1.00142
1.76291e+09,2884,-0.10074,0,0.10074,1.00134,0,-1.00134
1.76291e+09,2885,-0.100391,0,0.100391,1.00126,0,-1.00126
1.76291e+09,2886,-0.100038,0,0.100038,1.00118,0,-1.00118
1.76291e+09,2887,-0.0996838,0,0.0996838,1.0011,0,-1.0011
1.76291e+09,2888,-0.0993268,0,0.0993268,1.00102,0,-1.00102
1.76291e+09,2889,-0.0989673,0,0.0989673,1.00093,0,-1.00093
1.76291e+09,2890,-0.0986055,0,0.0986055,1.00085,0,-1.00085
1.76291e+09,2891,-0.0982412,0,0.0982412,1.00076,0,-1.00076
1.76291e+09,2892,-0.0978746,0,0.0978746,1.00067,0,-1.00067
1.76291e+09,2893,-0.0975055,0,0.0975055,1.00058,0,-1.00058
1.76291e+09,2894,-0.0971342,0,0.0971342,1.00049,0,-1.00049
1.76291e+09,2895,-0.0967604,0,0.0967604,1.0004,0,-1.0004
1.76291e+09,2896,-0.0963844,0,0.0963844,1.00031,0,-1.00031
1.76291e+09,2897,-0.096006,0,0.096006,1.00021,0,-1.00021
1.76291e+09,2898,-0.0956253,0,0.0956253,1.00012,0,-1.00012
1.76291e+09,2899,-0.0952424,0,0.0952424,1.00002,0,-1.00002
1.76291e+09,2900,-0.0948572,0,0.0948572,0.999926,0,-0.999926
1.76291e+09,2901,-0.0944698,0,0.0944698,0.999827,0,-0.999827
1.76291e+09,2902,-0.0940802,0,0.0940802,0.999727,0,-0.999727
1.76291e+09,2903,-0.0936884,0,0.0936884,0.999625,0,-0.999625
1.76291e+09,2904,-0.0932945,0,0.0932945,0.999523,0,-0.999523
1.76291e+09,2905,-0.0928986,0,0.0928986,0.999418,0,-0.999418
1.76291e+09,2906,-0.0925005,0,0.0925005,0.999313,0,-0.999313
1.76291e+09,2907,-0.0921005,0,0.0921005,0.999206,0,-0.999206
1.76291e+09,2908,-0.0916985,0,0.0916985,0.999098,0,-0.999098
1.76291e+09,2909,-0.0912945,0,0.0912945,0.998989,0,-0.998989
1.76291e+09,2910,-0.0908887,0,0.0908887,0.998878,0,-0.998878
1.76291e+09,2911,-0.090481,0,0.090481,0.998766,0,-0.998766
1.76291e+09,2912,-0.0900715,0,0.0900715,0.998652,0,-0.998652
1.76291e+09,2913,-0.0896602,0,0.0896602,0.998537,0,-0.998537
1.76291e+09,2914,-0.0892473,0,0.0892473,0.998421,0,-0.998421
1.76291e+09,2915,-0.0888326,0,0.0888326,0.998303,0,-0.998303
1.76291e+09,2916,-0.0884164,0,0.0884164,0.998184,0,-0.998184
1.76291e+09,2917,-0.0879986,0,0.0879986,0.998063,0,-0.998063
1.76291e+09,2918,-0.0875794,0,0.0875794,0.997941,0,-0.997941
1.76291e+09,2919,-0.0871587,0,0.0871587,0.997818,0,-0.997818
1.76291e+09,2920,-0.0867366,0,0.0867366,0.997693,0,-0.997693
1.76291e+09,2921,-0.0863131,0,0.0863131,0.997567,0,-0.997567
1.76291e+09,2922,-0.0858884,0,0.0858884,0.997439,0,-0.997439
1.76291e+09,2923,-0.0854625,0,0.0854625,0.99731,0,-0.99731
1.76291e+09,2924,-0.0850355,0,0.0850355,0.99718,0,-0.99718
1.76291e+09,2925,-0.0846073,0,0.0846073,0.997048,0,-0.997048
1.76291e+09,2926,-0.0841782,0,0.0841782,0.996915,0,-0.996915
1.76291e+09,2927,-0.083748,0,0.083748,0.99678,0,-0.99678
1.76291e+09,2928,-0.083317,0,0.083317,0.996644,0,-0.996644
1.76291e+09,2929,-0.0828851,0,0.0828851,0.996507,0,-0.996507
1.76291e+09,2930,-0.0824525,0,0.0824525,0.996368,0,-0.996368
1.76291e+09,2931,-0.0820191,0,0.0820191,0.996228,0,-0.996228
1.76291e+09,2932,-0.0815851,0,0.0815851,0.996086,0,-0.996086
1.76291e+09,2933,-0.0811505,0,0.0811505,0.995943,0,-0.995943
1.76291e+09,2934,-0.0807154,0,0.0807154,0.995799,0,-0.995799
1.76291e+09,2935,-0.0802799,0,0.0802799,0.995654,0,-0.995654
1.76291e+09,2936,-0.079844,0,0.079844,0.995507,0,-0.995507
1.76291e+09,2937,-0.0794077,0,0.0794077,0.995359,0,-0.995359
1.76291e+09,2938,-0.0789713,0,0.0789713,0.995209,0,-0.995209
1.76291e+09,2939,-0.0785346,0,0.0785346,0.995058,0,-0.995058
1.76291e+09,2940,-0.0780979,0,0.0780979,0.994907,0,-0.994907
1.76291e+09,2941,-0.0776611,0,0.0776611,0.994753,0,-0.994753
1.76291e+09,2942,-0.0772243,0,0.0772243,0.994599,0,-0.994599
1.76291e+09,2943,-0.0767877,0,0.0767877,0.994443,0,-0.994443
1.76291e+09,2944,-0.0763512,0,0.0763512,0.994286,0,-0.994286
1.76291e+09,2945,-0.0759149,0,0.0759149,0.994128,0,-0.994128
1.76291e+09,2946,-0.075479,0,0.075479,0.993969,0,-0.993969
1.76291e+09,2947,-0.0750434,0,0.0750434,0.993809,0,-0.993809
1.76291e+09,2948,-0.0746082,0,0.0746082,0.993648,0,-0.993648
1.76291e+09,2949,-0.0741736,0,0.0741736,0.993485,0,-0.993485
1.76291e+09,2950,-0.0737395,0,0.0737395,0.993322,0,-0.993322
1.76291e+09,2951,-0.0733061,0,0.0733061,0.993157,0,-0.993157
1.76291e+09,2952,-0.0728733,0,0.0728733,0.992991,0,-0.992991
1.76291e+09,2953,-0.0724413,0,0.0724413,0.992825,0,-0.992825
1.76291e+09,2954,-0.0720102,0,0.0720102,0.992657,0,-0.992657
1.76291e+09,2955,-0.07158,0,0.07158,0.992489,0,-0.992489
1.76291e+09,2956,-0.0711507,0,0.0711507,0.992319,0,-0.992319
1.76291e+09,2957,-0.0707224,0,0.0707224,0.992149,0,-0.992149
1.76291e+09,2958,-0.0702953,0,0.0702953,0.991977,0,-0.991977
1.76291e+09,2959,-0.0698693,0,0.0698693,0.991805,0,-0.991805
1.76291e+09,2960,-0.0694445,0,0.0694445,0.991632,0,-0.991632
1.76291e+09,2961,-0.0690209,0,0.0690209,0.991459,0,-0.991459
1.76291e+09,2962,-0.0685987,0,0.0685987,0.991284,0,-0.991284
1.76291e+09,2963,-0.0681779,0,0.0681779,0.991109,0,-0.991109
1.76291e+09,2964,-0.0677586,0,0.0677586,0.990933,0,-0.990933
1.76291e+09,2965,-0.0673407,0,0.0673407,0.990757,0,-0.990757
1.76291e+09,2966,-0.0669244,0,0.0669244,0.990579,0,-0.990579
1.76291e+09,2967,-0.0665097,0,0.0665097,0.990402,0,-0.990402
1.76291e+09,2968,-0.0660967,0,0.0660967,0.990223,0,-0.990223
1.76291e+09,2969,-0.0656854,0,0.0656854,0.990044,0,-0.990044
1.76291e+09,2970,-0.0652758,0,0.0652758,0.989865,0,-0.989865
1.76291e+09,2971,-0.0648681,0,0.0648681,0.989685,0,-0.989685
1.76291e+09,2972,-0.0644623,0,0.0644623,0.989504,0,-0.989504
1.76291e+09,2973,-0.0640583,0,0.0640583,0.989323,0,-0.989323
1.76291e+09,2974,-0.0636563,0,0.0636563,0.989142,0,-0.989142
1.76291e+09,2975,-0.0632563,0,0.0632563,0.98896,0,-0.98896
1.76291e+09,2976,-0.0628584,0,0.0628584,0.988778,0,-0.988778
1.76291e+09,2977,-0.0624625,0,0.0624625,0.988595,0,-0.988595
1.76291e+09,2978,-0.0620688,0,0.0620688,0.988412,0,-0.988412
1.76291e+09,2979,-0.0616772,0,0.0616772,0.988229,0,-0.988229
1.76291e+09,2980,-0.0612878,0,0.0612878,0.988046,0,-0.988046
1.76291e+09,2981,-0.0609006,0,0.0609006,0.987862,0,-0.987862
1.76291e+09,2982,-0.0605157,0,0.0605157,0.987679,0,-0.987679
1.76291e+09,2983,-0.060133,0,0.060133,0.987495,0,-0.987495
1.76291e+09,2984,-0.0597527,0,0.0597527,0.987311,0,-0.987311
1.76291e+09,2985,-0.0593747,0,0.0593747,0.987127,0,-0.987127
1.76291e+09,2986,-0.0589991,0,0.0589991,0.986942,0,-0.986942
1.76291e+09,2987,-0.0586258,0,0.0586258,0.986758,0,-0.986758
1.76291e+09,2988,-0.058255,0,0.058255,0.986573,0,-0.986573
1.76291e+09,2989,-0.0578865,0,0.0578865,0.986389,0,-0.986389
1.76291e+09,2990,-0.0575205,0,0.0575205,0.986205,0,-0.986205
1.76291e+09,2991,-0.0571569,0,0.0571569,0.98602,0,-0.98602
1.76291e+09,2992,-0.0567958,0,0.0567958,0.985836,0,-0.985836
1.76291e+09,2993,-0.0564371,0,0.0564371,0.985651,0,-0.985651
1.76291e+09,2994,-0.0560809,0,0.0560809,0.985467,0,-0.985467
1.76291e+09,2995,-0.0557272,0,0.0557272,0.985283,0,-0.985283
1.76291e+09,2996,-0.0553759,0,0.0553759,0.985099,0,-0.985099
1.76291e+09,2997,-0.0550271,0,0.0550271,0.984915,0,-0.984915
1.76291e+09,2998,-0.0546808,0,0.0546808,0.984731,0,-0.984731
1.76291e+09,2999,-0.0543369,0,0.0543369,0.984547,0,-0.984547
1.76291e+09,3000,-0.0540735,0,0.0540735,0.989285,0,-0.989285
1.76291e+09,3001,-0.0538118,0,0.0538118,0.994007,0,-0.994007
1.76291e+09,3002,-0.0535518,0,0.0535518,0.998713,0,-0.998713
1.76291e+09,3003,-0.0532934,0,0.0532934,1.0034,0,-1.0034
1.76291e+09,3004,-0.0530368,0,0.0530368,1.00807,0,-1.00807
1.76291e+09,3005,-0.0527819,0,0.0527819,1.01273,0,-1.01273
1.76291e+09,3006,-0.0525286,0,0.0525286,1.01737,0,-1.01737
1.76291e+09,3007,-0.052277,0,0.052277,1.02199,0,-1.02199
1.76291e+09,3008,-0.0520271,0,0.0520271,1.0266,0,-1.0266
1.76291e+09,3009,-0.0517788,0,0.0517788,1.03119,0,-1.03119
1.76291e+09,3010,-0.0515322,0,0.0515322,1.03577,0,-1.03577
1.76291e+09,3011,-0.0512873,0,0.0512873,1.04033,0,-1.04033
1.76291e+09,3012,-0.0510439,0,0.0510439,1.04487,0,-1.04487
1.76291e+09,3013,-0.0508022,0,0.0508022,1.0494,0,-1.0494
1.76291e+09,3014,-0.0505621,0,0.0505621,1.05391,0,-1.05391
1.76291e+09,3015,-0.0503236,0,0.0503236,1.05841,0,-1.05841
1.76291e+09,3016,-0.0500867,0,0.0500867,1.06289,0,-1.06289
1.76291e+09,3017,-0.0498514,0,0.0498514,1.06735,0,-1.06735
1.76291e+09,3018,-0.0496176,0,0.0496176,1.0718,0,-1.0718
1.76291e+09,3019,-0.0493854,0,0.0493854,1.07623,0,-1.07623
1.76291e+09,3020,-0.0491547,0,0.0491547,1.08065,0,-1.08065
1.76291e+09,3021,-0.0489256,0,0.0489256,1.08505,0,-1.08505
1.76291e+09,3022,-0.0486981,0,0.0486981,1.08943,0,-1.08943
1.76291e+09,3023,-0.048472,0,0.048472,1.0938,0,-1.0938
1.76291e+09,3024,-0.0482474,0,0.0482474,1.09816,0,-1.09816
1.76291e+09,3025,-0.0480244,0,0.0480244,1.10249,0,-1.10249
1.76291e+09,3026,-0.0478028,0,0.0478028,1.10682,0,-1.10682
1.76291e+09,3027,-0.0475827,0,0.0475827,1.11112,0,-1.11112
1.76291e+09,3028,-0.0473641,0,0.0473641,1.11541,0,-1.11541
1.76291e+09,3029,-0.047147,0,0.047147,1.11969,0,-1.11969
1.76291e+09,3030,-0.0469313,0,0.0469313,1.12394,0,-1.12394
1.76291e+09,3031,-0.0467171,0,0.0467171,1.12819,0,-1.12819
1.76291e+09,3032,-0.0465043,0,0.0465043,1.13241,0,-1.13241
1.76291e+09,3033,-0.0462929,0,0.0462929,1.13663,0,-1.13663
1.76291e+09,3034,-0.0460829,0,0.0460829,1.14082,0,-1.14082
1.76291e+09,3035,-0.0458744,0,0.0458744,1.145,0,-1.145
1.76291e+09,3036,-0.0456672,0,0.0456672,1.14916,0,-1.14916
1.76291e+09,3037,-0.0454615,0,0.0454615,1.15331,0,-1.15331
1.76291e+09,3038,-0.0452571,0,0.0452571,1.15745,0,-1.15745
1.76291e+09,3039,-0.0450542,0,0.0450542,1.16156,0,-1.16156
1.76291e+09,3040,-0.0448525,0,0.0448525,1.16566,0,-1.16566
1.76291e+09,3041,-0.0446523,0,0.0446523,1.16975,0,-1.16975
1.76291e+09,3042,-0.0444534,0,0.0444534,1.17382,0,-1.17382
1.76291e+09,3043,-0.0442559,0,0.0442559,1.17787,0,-1.17787
1.76291e+09,3044,-0.0440597,0,0.0440597,1.18191,0,-1.18191
1.76291e+09,3045,-0.0438649,0,0.0438649,1.18593,0,-1.18593
1.76291e+09,3046,-0.0436713,0,0.0436713,1.18993,0,-1.18993
1.76291e+09,3047,-0.0434791,0,0.0434791,1.19392,0,-1.19392
1.76291e+09,3048,-0.0432883,0,0.0432883,1.1979,0,-1.1979
1.76291e+09,3049,-0.0430987,0,0.0430987,1.20186,0,-1.20186
1.76291e+09,3050,-0.0429104,0,0.0429104,1.2058,0,-1.2058
1.76291e+09,3051,-0.0427234,0,0.0427234,1.20972,0,-1.20972
1.76291e+09,3052,-0.0425377,0,0.0425377,1.21363,0,-1.21363
1.76291e+09,3053,-0.0423533,0,0.0423533,1.21753,0,-1.21753
1.76291e+09,3054,-0.0421702,0,0.0421702,1.22141,0,-1.22141
1.76291e+09,3055,-0.0419883,0,0.0419883,1.22527,0,-1.22527
1.76291e+09,3056,-0.0418077,0,0.0418077,1.22911,0,-1.22911
1.76291e+09,3057,-0.0416284,0,0.0416284,1.23294,0,-1.23294
1.76291e+09,3058,-0.0414503,0,0.0414503,1.23676,0,-1.23676
1.76291e+09,3059,-0.0412735,0,0.0412735,1.24055,0,-1.24055
1.76291e+09,3060,-0.0410979,0,0.0410979,1.24433,0,-1.24433
1.76291e+09,3061,-0.0409235,0,0.0409235,1.2481,0,-1.2481
1.76291e+09,3062,-0.0407504,0,0.0407504,1.25185,0,-1.25185
1.76291e+09,3063,-0.0405784,0,0.0405784,1.25558,0,-1.25558
1.76291e+09,3064,-0.0404077,0,0.0404077,1.25929,0,-1.25929
1.76291e+09,3065,-0.0402382,0,0.0402382,1.26299,0,-1.26299
1.76291e+09,3066,-0.0400699,0,0.0400699,1.26668,0,-1.26668
1.76291e+09,3067,-0.0399029,0,0.0399029,1.27034,0,-1.27034
1.76291e+09,3068,-0.039737,0,0.039737,1.27399,0,-1.27399
1.76291e+09,3069,-0.0395722,0,0.0395722,1.27763,0,-1.27763
1.76291e+09,3070,-0.0394087,0,0.0394087,1.28125,0,-1.28125
1.76291e+09,3071,-0.0392464,0,0.0392464,1.28485,0,-1.28485
1.76291e+09,3072,-0.0390852,0,0.0390852,1.28843,0,-1.28843
1.76291e+09,3073,-0.0389252,0,0.0389252,1.292,0,-1.292
1.76291e+09,3074,-0.0387663,0,0.0387663,1.29555,0,-1.29555
1.76291e+09,3075,-0.0386087,0,0.0386087,1.29908,0,-1.29908
1.76291e+09,3076,-0.0384521,0,0.0384521,1.3026,0,-1.3026
1.76291e+09,3077,-0.0382967,0,0.0382967,1.3061,0,-1.3061
1.76291e+09,3078,-0.0381425,0,0.0381425,1.30959,0,-1.30959
1.76291e+09,3079,-0.0379894,0,0.0379894,1.31305,0,-1.31305
1.76291e+09,3080,-0.0378374,0,0.0378374,1.3165,0,-1.3165
1.76291e+09,3081,-0.0376866,0,0.0376866,1.31994,0,-1.31994
1.76291e+09,3082,-0.0375369,0,0.0375369,1.32335,0,-1.32335
1.76291e+09,3083,-0.0373883,0,0.0373883,1.32675,0,-1.32675
1.76291e+09,3084,-0.0372408,0,0.0372408,1.33014,0,-1.33014
1.76291e+09,3085,-0.0370944,0,0.0370944,1.3335,0,-1.3335
1.76291e+09,3086,-0.0369492,0,0.0369492,1.33685,0,-1.33685
1.76291e+09,3087,-0.036805,0,0.036805,1.34018,0,-1.34018
1.76291e+09,3088,-0.0366619,0,0.0366619,1.3435,0,-1.3435
1.76291e+09,3089,-0.03652,0,0.03652,1.34679,0,-1.34679
1.76291e+09,3090,-0.0363791,0,0.0363791,1.35007,0,-1.35007
1.76291e+09,3091,-0.0362393,0,0.0362393,1.35334,0,-1.35334
1.76291e+09,3092,-0.0361006,0,0.0361006,1.35658,0,-1.35658
1.76291e+09,3093,-0.035963,0,0.035963,1.35981,0,-1.35981
1.76291e+09,3094,-0.0358265,0,0.0358265,1.36302,0,-1.36302
1.76291e+09,3095,-0.035691,0,0.035691,1.36622,0,-1.36622
1.76291e+09,3096,-0.0355566,0,0.0355566,1.36939,0,-1.36939
1.76291e+09,3097,-0.0354232,0,0.0354232,1.37255,0,-1.37255
1.76291e+09,3098,-0.0352909,0,0.0352909,1.37569,0,-1.37569
1.76291e+09,3099,-0.0351597,0,0.0351597,1.37881,0,-1.37881
1.76291e+09,3100,-0.0350295,0,0.0350295,1.38192,0,-1.38192
1.76291e+09,3101,-0.0349004,0,0.0349004,1.38501,0,-1.38501
1.76291e+09,3102,-0.0347723,0,0.0347723,1.38808,0,-1.38808
1.76291e+09,3103,-0.0346453,0,0.0346453,1.39113,0,-1.39113
1.76291e+09,3104,-0.0345193,0,0.0345193,1.39417,0,-1.39417
1.76291e+09,3105,-0.0343944,0,0.0343944,1.39718,0,-1.39718
1.76291e+09,3106,-0.0342704,0,0.0342704,1.40018,0,-1.40018
1.76291e+09,3107,-0.0341475,0,0.0341475,1.40316,0,-1.40316
1.76291e+09,3108,-0.0340257,0,0.0340257,1.40613,0,-1.40613
1.76291e+09,3109,-0.0339048,0,0.0339048,1.40907,0,-1.40907
1.76291e+09,3110,-0.033785,0,0.033785,1.412,0,-1.412
1.76291e+09,3111,-0.0336662,0,0.0336662,1.41491,0,-1.41491
1.76291e+09,3112,-0.0335484,0,0.0335484,1.4178,0,-1.4178
1.76291e+09,3113,-0.0334317,0,0.0334317,1.42067,0,-1.42067
1.76291e+09,3114,-0.0333159,0,0.0333159,1.42353,0,-1.42353
1.76291e+09,3115,-0.0332011,0,0.0332011,1.42637,0,-1.42637
1.76291e+09,3116,-0.0330874,0,0.0330874,1.42918,0,-1.42918
1.76291e+09,3117,-0.0329747,0,0.0329747,1.43198,0,-1.43198
1.76291e+09,3118,-0.0328629,0,0.0328629,1.43477,0,-1.43477
1.76291e+09,3119,-0.0327522,0,0.0327522,1.43753,0,-1.43753
1.76291e+09,3120,-0.0326424,0,0.0326424,1.44027,0,-1.44027
1.76291e+09,3121,-0.0325336,0,0.0325336,1.443,0,-1.443
1.76291e+09,3122,-0.0324259,0,0.0324259,1.44571,0,-1.44571
1.76291e+09,3123,-0.0323191,0,0.0323191,1.4484,0,-1.4484
1.76291e+09,3124,-0.0322133,0,0.0322133,1.45107,0,-1.45107
1.76291e+09,3125,-0.0321084,0,0.0321084,1.45372,0,-1.45372
1.76291e+09,3126,-0.0320046,0,0.0320046,1.45635,0,-1.45635
1.76291e+09,3127,-0.0319017,0,0.0319017,1.45897,0,-1.45897
1.76291e+09,3128,-0.0317999,0,0.0317999,1.46156,0,-1.46156
1.76291e+09,3129,-0.0316989,0,0.0316989,1.46414,0,-1.46414
1.76291e+09,3130,-0.031599,0,0.031599,1.4667,0,-1.4667
1.76291e+09,3131,-0.0315,0,0.0315,1.46923,0,-1.46923
1.76291e+09,3132,-0.031402,0,0.031402,1.47175,0,-1.47175
1.76291e+09,3133,-0.031305,0,0.031305,1.47425,0,-1.47425
1.76291e+09,3134,-0.0312089,0,0.0312089,1.47674,0,-1.47674
1.76291e+09,3135,-0.0311138,0,0.0311138,1.4792,0,-1.4792
1.76291e+09,3136,-0.0310196,0,0.0310196,1.48164,0,-1.48164
1.76291e+09,3137,-0.0309264,0,0.0309264,1.48407,0,-1.48407
1.76291e+09,3138,-0.0308342,0,0.0308342,1.48647,0,-1.48647
1.76291e+09,3139,-0.0307429,0,0.0307429,1.48886,0,-1.48886
1.76291e+09,3140,-0.0306526,0,0.0306526,1.49122,0,-1.49122
1.76291e+09,3141,-0.0305632,0,0.0305632,1.49357,0,-1.49357
1.76291e+09,3142,-0.0304748,0,0.0304748,1.4959,0,-1.4959
1.76291e+09,3143,-0.0303873,0,0.0303873,1.49821,0,-1.49821
1.76291e+09,3144,-0.0303007,0,0.0303007,1.50049,0,-1.50049
1.76291e+09,3145,-0.0302151,0,0.0302151,1.50276,0,-1.50276
1.76291e+09,3146,-0.0301305,0,0.0301305,1.50501,0,-1.50501
1.76291e+09,3147,-0.0300468,0,0.0300468,1.50724,0,-1.50724
1.76291e+09,3148,-0.029964,0,0.029964,1.50945,0,-1.50945
1.76291e+09,3149,-0.0298822,0,0.0298822,1.51164,0,-1.51164
1.76291e+09,3150,-0.0298013,0,0.0298013,1.51381,0,-1.51381
1.76291e+09,3151,-0.0297213,0,0.0297213,1.51596,0,-1.51596
1.76291e+09,3152,-0.0296423,0,0.0296423,1.51809,0,-1.51809
1.76291e+09,3153,-0.0295642,0,0.0295642,1.52021,0,-1.52021
1.76291e+09,3154,-0.029487,0,0.029487,1.5223,0,-1.5223
1.76291e+09,3155,-0.0294108,0,0.0294108,1.52437,0,-1.52437
1.76291e+09,3156,-0.0293355,0,0.0293355,1.52642,0,-1.52642
1.76291e+09,3157,-0.0292611,0,0.0292611,1.52845,0,-1.52845
1.76291e+09,3158,-0.0291877,0,0.0291877,1.53046,0,-1.53046
1.76291e+09,3159,-0.0291152,0,0.0291152,1.53245,0,-1.53245
1.76291e+09,3160,-0.0290436,0,0.0290436,1.53442,0,-1.53442
1.76291e+09,3161,-0.0289729,0,0.0289729,1.53637,0,-1.53637
1.76291e+09,3162,-0.0289032,0,0.0289032,1.5383,0,-1.5383
1.76291e+09,3163,-0.0288343,0,0.0288343,1.54021,0,-1.54021
1.76291e+09,3164,-0.0287664,0,0.0287664,1.5421,0,-1.5421
1.76291e+09,3165,-0.0286994,0,0.0286994,1.54397,0,-1.54397
1.76291e+09,3166,-0.0286334,0,0.0286334,1.54582,0,-1.54582
1.76291e+09,3167,-0.0285682,0,0.0285682,1.54765,0,-1.54765
1.76291e+09,3168,-0.028504,0,0.028504,1.54945,0,-1.54945
1.76291e+09,3169,-0.0284407,0,0.0284407,1.55124,0,-1.55124
1.76291e+09,3170,-0.0283783,0,0.0283783,1.55301,0,-1.55301
1.76291e+09,3171,-0.0283168,0,0.0283168,1.55475,0,-1.55475
1.76291e+09,3172,-0.0282562,0,0.0282562,1.55648,0,-1.55648
1.76291e+09,3173,-0.0281965,0,0.0281965,1.55818,0,-1.55818
1.76291e+09,3174,-0.0281378,0,0.0281378,1.55986,0,-1.55986
1.76291e+09,3175,-0.0280799,0,0.0280799,1.56153,0,-1.56153
1.76291e+09,3176,-0.028023,0,0.028023,1.56317,0,-1.56317
1.76291e+09,3177,-0.0279669,0,0.0279669,1.56479,0,-1.56479
1.76291e+09,3178,-0.0279118,0,0.0279118,1.56639,0,-1.56639
1.76291e+09,3179,-0.0278576,0,0.0278576,1.56797,0,-1.56797
1.76291e+09,3180,-0.0278043,0,0.0278043,1.56953,0,-1.56953
1.76291e+09,3181,-0.0277519,0,0.0277519,1.57106,0,-1.57106
1.76291e+09,3182,-0.0277004,0,0.0277004,1.57258,0,-1.57258
1.76291e+09,3183,-0.0276498,0,0.0276498,1.57408,0,-1.57408
1.76291e+09,3184,-0.0276002,0,0.0276002,1.57555,0,-1.57555
1.76291e+09,3185,-0.0275514,0,0.0275514,1.577,0,-1.577
1.76291e+09,3186,-0.0275035,0,0.0275035,1.57843,0,-1.57843
1.76291e+09,3187,-0.0274565,0,0.0274565,1.57984,0,-1.57984
1.76291e+09,3188,-0.0274105,0,0.0274105,1.58123,0,-1.58123
1.76291e+09,3189,-0.0273653,0,0.0273653,1.5826,0,-1.5826
1.76291e+09,3190,-0.027321,0,0.027321,1.58395,0,-1.58395
1.76291e+09,3191,-0.0272776,0,0.0272776,1.58527,0,-1.58527
1.76291e+09,3192,-0.0272352,0,0.0272352,1.58658,0,-1.58658
1.76291e+09,3193,-0.0271936,0,0.0271936,1.58786,0,-1.58786
1.76291e+09,3194,-0.0271529,0,0.0271529,1.58912,0,-1.58912
1.76291e+09,3195,-0.0271132,0,0.0271132,1.59036,0,-1.59036
1.76291e+09,3196,-0.0270743,0,0.0270743,1.59158,0,-1.59158
1.76291e+09,3197,-0.0270363,0,0.0270363,1.59277,0,-1.59277
1.76291e+09,3198,-0.0269992,0,0.0269992,1.59395,0,-1.59395
1.76291e+09,3199,-0.026963,0,0.026963,1.5951,0,-1.5951
1.76291e+09,3200,-0.0269277,0,0.0269277,1.59623,0,-1.59623
1.76291e+09,3201,-0.0268933,0,0.0268933,1.59734,0,-1.59734
1.76291e+09,3202,-0.0268598,0,0.0268598,1.59843,0,-1.59843
1.76291e+09,3203,-0.0268272,0,0.0268272,1.59949,0,-1.59949
1.76291e+09,3204,-0.0267955,0,0.0267955,1.60054,0,-1.60054
1.76291e+09,3205,-0.0267647,0,0.0267647,1.60156,0,-1.60156
1.76291e+09,3206,-0.0267348,0,0.0267348,1.60256,0,-1.60256
1.76291e+09,3207,-0.0267058,0,0.0267058,1.60354,0,-1.60354
1.76291e+09,3208,-0.0266776,0,0.0266776,1.60449,0,-1.60449
1.76291e+09,3209,-0.0266504,0,0.0266504,1.60543,0,-1.60543
1.76291e+09,3210,-0.026624,0,0.026624,1.60634,0,-1.60634
1.76291e+09,3211,-0.0265986,0,0.0265986,1.60723,0,-1.60723
1.76291e+09,3212,-0.026574,0,0.026574,1.6081,0,-1.6081
1.76291e+09,3213,-0.0265503,0,0.0265503,1.60895,0,-1.60895
1.76291e+09,3214,-0.0265276,0,0.0265276,1.60977,0,-1.60977
1.76291e+09,3215,-0.0265057,0,0.0265057,1.61058,0,-1.61058
1.76291e+09,3216,-0.0264847,0,0.0264847,1.61136,0,-1.61136
1.76291e+09,3217,-0.0264646,0,0.0264646,1.61211,0,-1.61211
1.76291e+09,3218,-0.0264453,0,0.0264453,1.61285,0,-1.61285
1.76291e+09,3219,-0.026427,0,0.026427,1.61357,0,-1.61357
1.76291e+09,3220,-0.0264096,0,0.0264096,1.61426,0,-1.61426
1.76291e+09,3221,-0.026393,0,0.026393,1.61493,0,-1.61493
1.76291e+09,3222,-0.0263773,0,0.0263773,1.61557,0,-1.61557
1.76291e+09,3223,-0.0263626,0,0.0263626,1.6162,0,-1.6162
1.76291e+09,3224,-0.0263487,0,0.0263487,1.6168,0,-1.6168
1.76291e+09,3225,-0.0263357,0,0.0263357,1.61738,0,-1.61738
1.76291e+09,3226,-0.0263236,0,0.0263236,1.61794,0,-1.61794
1.76291e+09,3227,-0.0263124,0,0.0263124,1.61848,0,-1.61848
1.76291e+09,3228,-0.026302,0,0.026302,1.61899,0,-1.61899
1.76291e+09,3229,-0.0262926,0,0.0262926,1.61948,0,-1.61948
1.76291e+09,3230,-0.026284,0,0.026284,1.61995,0,-1.61995
1.76291e+09,3231,-0.0262764,0,0.0262764,1.62039,0,-1.62039
1.76291e+09,3232,-0.0262696,0,0.0262696,1.62082,0,-1.62082
1.76291e+09,3233,-0.0262637,0,0.0262637,1.62122,0,-1.62122
1.76291e+09,3234,-0.0262587,0,0.0262587,1.6216,0,-1.6216
1.76291e+09,3235,-0.0262546,0,0.0262546,1.62195,0,-1.62195
1.76291e+09,3236,-0.0262513,0,0.0262513,1.62229,0,-1.62229
1.76291e+09,3237,-0.026249,0,0.026249,1.6226,0,-1.6226
1.76291e+09,3238,-0.0262475,0,0.0262475,1.62289,0,-1.62289
1.76291e+09,3239,-0.026247,0,0.026247,1.62315,0,-1.62315
1.76291e+09,3240,-0.0262473,0,0.0262473,1.6234,0,-1.6234
1.76291e+09,3241,-0.0262485,0,0.0262485,1.62362,0,-1.62362
1.76291e+09,3242,-0.0262506,0,0.0262506,1.62382,0,-1.62382
1.76291e+09,3243,-0.0262535,0,0.0262535,1.62399,0,-1.62399
1.76291e+09,3244,-0.0262574,0,0.0262574,1.62415,0,-1.62415
1.76291e+09,3245,-0.0262621,0,0.0262621,1.62428,0,-1.62428
1.76291e+09,3246,-0.0262678,0,0.0262678,1.62438,0,-1.62438
1.76291e+09,3247,-0.0262743,0,0.0262743,1.62447,0,-1.62447
1.76291e+09,3248,-0.0262817,0,0.0262817,1.62453,0,-1.62453
1.76291e+09,3249,-0.02629,0,0.02629,1.62457,0,-1.62457
1.76291e+09,3250,-0.0262991,0,0.0262991,1.62459,0,-1.62459
1.76291e+09,3251,-0.0263092,0,0.0263092,1.62458,0,-1.62458
1.76291e+09,3252,-0.0263201,0,0.0263201,1.62455,0,-1.62455
1.76291e+09,3253,-0.026332,0,0.026332,1.6245,0,-1.6245
1.76291e+09,3254,-0.0263447,0,0.0263447,1.62443,0,-1.62443
1.76291e+09,3255,-0.0263583,0,0.0263583,1.62433,0,-1.62433
1.76291e+09,3256,-0.0263728,0,0.0263728,1.62421,0,-1.62421
1.76291e+09,3257,-0.0263881,0,0.0263881,1.62407,0,-1.62407
1.76291e+09,3258,-0.0264044,0,0.0264044,1.62391,0,-1.62391
1.76291e+09,3259,-0.0264215,0,0.0264215,1.62372,0,-1.62372
1.76291e+09,3260,-0.0264395,0,0.0264395,1.62351,0,-1.62351
1.76291e+09,3261,-0.0264585,0,0.0264585,1.62328,0,-1.62328
1.76291e+09,3262,-0.0264783,0,0.0264783,1.62302,0,-1.62302
1.76291e+09,3263,-0.0264989,0,0.0264989,1.62274,0,-1.62274
1.76291e+09,3264,-0.0265205,0,0.0265205,1.62244,0,-1.62244
1.76291e+09,3265,-0.0265429,0,0.0265429,1.62212,0,-1.62212
1.76291e+09,3266,-0.0265663,0,0.0265663,1.62177,0,-1.62177
1.76291e+09,3267,-0.0265905,0,0.0265905,1.6214,0,-1.6214
1.76291e+09,3268,-0.0266156,0,0.0266156,1.62101,0,-1.62101
1.76291e+09,3269,-0.0266416,0,0.0266416,1.6206,0,-1.6206
1.76291e+09,3270,-0.0266685,0,0.0266685,1.62016,0,-1.62016
1.76291e+09,3271,-0.0266962,0,0.0266962,1.6197,0,-1.6197
1.76291e+09,3272,-0.0267249,0,0.0267249,1.61922,0,-1.61922
1.76291e+09,3273,-0.0267544,0,0.0267544,1.61871,0,-1.61871
1.76291e+09,3274,-0.0267848,0,0.0267848,1.61818,0,-1.61818
1.76291e+09,3275,-0.0268161,0,0.0268161,1.61763,0,-1.61763
1.76291e+09,3276,-0.0268483,0,0.0268483,1.61706,0,-1.61706
1.76291e+09,3277,-0.0268814,0,0.0268814,1.61646,0,-1.61646
1.76291e+09,3278,-0.0269154,0,0.0269154,1.61584,0,-1.61584
1.76291e+09,3279,-0.0269502,0,0.0269502,1.6152,0,-1.6152
1.76291e+09,3280,-0.026986,0,0.026986,1.61453,0,-1.61453
1.76291e+09,3281,-0.0270226,0,0.0270226,1.61385,0,-1.61385
1.76291e+09,3282,-0.0270601,0,0.0270601,1.61314,0,-1.61314
1.76291e+09,3283,-0.0270985,0,0.0270985,1.6124,0,-1.6124
1.76291e+09,3284,-0.0271378,0,0.0271378,1.61165,0,-1.61165
1.76291e+09,3285,-0.027178,0,0.027178,1.61087,0,-1.61087
1.76291e+09,3286,-0.027219,0,0.027219,1.61007,0,-1.61007
1.76291e+09,3287,-0.027261,0,0.027261,1.60925,0,-1.60925
1.76291e+09,3288,-0.0273038,0,0.0273038,1.6084,0,-1.6084
1.76291e+09,3289,-0.0273475,0,0.0273475,1.60753,0,-1.60753
1.76291e+09,3290,-0.0273922,0,0.0273922,1.60664,0,-1.60664
1.76291e+09,3291,-0.0274377,0,0.0274377,1.60573,0,-1.60573
1.76291e+09,3292,-0.0274841,0,0.0274841,1.60479,0,-1.60479
1.76291e+09,3293,-0.0275314,0,0.0275314,1.60383,0,-1.60383
1.76291e+09,3294,-0.0275795,0,0.0275795,1.60285,0,-1.60285
1.76291e+09,3295,-0.0276286,0,0.0276286,1.60185,0,-1.60185
1.76291e+09,3296,-0.0276786,0,0.0276786,1.60082,0,-1.60082
1.76291e+09,3297,-0.0277294,0,0.0277294,1.59977,0,-1.59977
1.76291e+09,3298,-0.0277812,0,0.0277812,1.5987,0,-1.5987
1.76291e+09,3299,-0.0278338,0,0.0278338,1.59761,0,-1.59761
1.76291e+09,3300,-0.0278873,0,0.0278873,1.59649,0,-1.59649
1.76291e+09,3301,-0.0279418,0,0.0279418,1.59535,0,-1.59535
1.76291e+09,3302,-0.0279971,0,0.0279971,1.59419,0,-1.59419
1.76291e+09,3303,-0.0280533,0,0.0280533,1.59301,0,-1.59301
1.76291e+09,3304,-0.0281104,0,0.0281104,1.5918,0,-1.5918
1.76291e+09,3305,-0.0281684,0,0.0281684,1.59058,0,-1.59058
1.76291e+09,3306,-0.0282273,0,0.0282273,1.58932,0,-1.58932
1.76291e+09,3307,-0.0282871,0,0.0282871,1.58805,0,-1.58805
1.76291e+09,3308,-0.0283478,0,0.0283478,1.58676,0,-1.58676
1.76291e+09,3309,-0.0284094,0,0.0284094,1.58544,0,-1.58544
1.76291e+09,3310,-0.0284719,0,0.0284719,1.5841,0,-1.5841
1.76291e+09,3311,-0.0285353,0,0.0285353,1.58274,0,-1.58274
1.76291e+09,3312,-0.0285996,0,0.0285996,1.58135,0,-1.58135
1.76291e+09,3313,-0.0286648,0,0.0286648,1.57995,0,-1.57995
1.76291e+09,3314,-0.0287309,0,0.0287309,1.57852,0,-1.57852
1.76291e+09,3315,-0.0287979,0,0.0287979,1.57707,0,-1.57707
1.76291e+09,3316,-0.0288658,0,0.0288658,1.5756,0,-1.5756
1.76291e+09,3317,-0.0289346,0,0.0289346,1.5741,0,-1.5741
1.76291e+09,3318,-0.0290043,0,0.0290043,1.57258,0,-1.57258
1.76291e+09,3319,-0.0290749,0,0.0290749,1.57104,0,-1.57104
1.76291e+09,3320,-0.0291464,0,0.0291464,1.56948,0,-1.56948
1.76291e+09,3321,-0.0292188,0,0.0292188,1.5679,0,-1.5679
1.76291e+09,3322,-0.0292922,0,0.0292922,1.5663,0,-1.5663
1.76291e+09,3323,-0.0293664,0,0.0293664,1.56467,0,-1.56467
1.76291e+09,3324,-0.0294416,0,0.0294416,1.56302,0,-1.56302
1.76291e+09,3325,-0.0295176,0,0.0295176,1.56135,0,-1.56135
1.76291e+09,3326,-0.0295946,0,0.0295946,1.55966,0,-1.55966
1.76291e+09,3327,-0.0296725,0,0.0296725,1.55794,0,-1.55794
1.76291e+09,3328,-0.0297513,0,0.0297513,1.55621,0,-1.55621
1.76291e+09,3329,-0.029831,0,0.029831,1.55445,0,-1.55445
1.76291e+09,3330,-0.0299117,0,0.0299117,1.55267,0,-1.55267
1.76291e+09,3331,-0.0299932,0,0.0299932,1.55087,0,-1.55087
1.76291e+09,3332,-0.0300757,0,0.0300757,1.54904,0,-1.54904
1.76291e+09,3333,-0.0301591,0,0.0301591,1.5472,0,-1.5472
1.76291e+09,3334,-0.0302434,0,0.0302434,1.54533,0,-1.54533
1.76291e+09,3335,-0.0303287,0,0.0303287,1.54344,0,-1.54344
1.76291e+09,3336,-0.0304148,0,0.0304148,1.54153,0,-1.54153
1.76291e+09,3337,-0.0305019,0,0.0305019,1.5396,0,-1.5396
1.76291e+09,3338,-0.03059,0,0.03059,1.53765,0,-1.53765
1.76291e+09,3339,-0.0306789,0,0.0306789,1.53567,0,-1.53567
1.76291e+09,3340,-0.0307688,0,0.0307688,1.53368,0,-1.53368
1.76291e+09,3341,-0.0308596,0,0.0308596,1.53166,0,-1.53166
1.76291e+09,3342,-0.0309513,0,0.0309513,1.52962,0,-1.52962
1.76291e+09,3343,-0.031044,0,0.031044,1.52756,0,-1.52756
1.76291e+09,3344,-0.0311376,0,0.0311376,1.52548,0,-1.52548
1.76291e+09,3345,-0.0312322,0,0.0312322,1.52338,0,-1.52338
1.76291e+09,3346,-0.0313277,0,0.0313277,1.52125,0,-1.52125
1.76291e+09,3347,-0.0314241,0,0.0314241,1.51911,0,-1.51911
1.76291e+09,3348,-0.0315215,0,0.0315215,1.51694,0,-1.51694
1.76291e+09,3349,-0.0316198,0,0.0316198,1.51475,0,-1.51475
1.76291e+09,3350,-0.0317191,0,0.0317191,1.51254,0,-1.51254
1.76291e+09,3351,-0.0318193,0,0.0318193,1.51031,0,-1.51031
1.76291e+09,3352,-0.0319205,0,0.0319205,1.50806,0,-1.50806
1.76291e+09,3353,-0.0320226,0,0.0320226,1.50579,0,-1.50579
1.76291e+09,3354,-0.0321257,0,0.0321257,1.5035,0,-1.5035
1.76291e+09,3355,-0.0322297,0,0.0322297,1.50118,0,-1.50118
1.76291e+09,3356,-0.0323347,0,0.0323347,1.49885,0,-1.49885
1.76291e+09,3357,-0.0324406,0,0.0324406,1.49649,0,-1.49649
1.76291e+09,3358,-0.0325475,0,0.0325475,1.49411,0,-1.49411
1.76291e+09,3359,-0.0326554,0,0.0326554,1.49172,0,-1.49172
1.76291e+09,3360,-0.0327643,0,0.0327643,1.4893,0,-1.4893
1.76291e+09,3361,-0.0328741,0,0.0328741,1.48686,0,-1.48686
1.76291e+09,3362,-0.0329849,0,0.0329849,1.4844,0,-1.4844
1.76291e+09,3363,-0.0330966,0,0.0330966,1.48192,0,-1.48192
1.76291e+09,3364,-0.0332094,0,0.0332094,1.47941,0,-1.47941
1.76291e+09,3365,-0.0333231,0,0.0333231,1.47689,0,-1.47689
1.76291e+09,3366,-0.0334378,0,0.0334378,1.47435,0,-1.47435
1.76291e+09,3367,-0.0335535,0,0.0335535,1.47179,0,-1.47179
1.76291e+09,3368,-0.0336701,0,0.0336701,1.4692,0,-1.4692
1.76291e+09,3369,-0.0337878,0,0.0337878,1.4666,0,-1.4666
1.76291e+09,3370,-0.0339064,0,0.0339064,1.46397,0,-1.46397
1.76291e+09,3371,-0.0340261,0,0.0340261,1.46132,0,-1.46132
1.76291e+09,3372,-0.0341467,0,0.0341467,1.45866,0,-1.45866
1.76291e+09,3373,-0.0342684,0,0.0342684,1.45597,0,-1.45597
1.76291e+09,3374,-0.034391,0,0.034391,1.45326,0,-1.45326
1.76291e+09,3375,-0.0345147,0,0.0345147,1.45054,0,-1.45054
1.76291e+09,3376,-0.0346393,0,0.0346393,1.44779,0,-1.44779
1.76291e+09,3377,-0.034765,0,0.034765,1.44502,0,-1.44502
1.76291e+09,3378,-0.0348917,0,0.0348917,1.44223,0,-1.44223
1.76291e+09,3379,-0.0350194,0,0.0350194,1.43942,0,-1.43942
1.76291e+09,3380,-0.0351481,0,0.0351481,1.43659,0,-1.43659
1.76291e+09,3381,-0.0352779,0,0.0352779,1.43374,0,-1.43374
1.76291e+09,3382,-0.0354087,0,0.0354087,1.43087,0,-1.43087
1.76291e+09,3383,-0.0355405,0,0.0355405,1.42799,0,-1.42799
1.76291e+09,3384,-0.0356733,0,0.0356733,1.42508,0,-1.42508
1.76291e+09,3385,-0.0358072,0,0.0358072,1.42215,0,-1.42215
1.76291e+09,3386,-0.0359422,0,0.0359422,1.4192,0,-1.4192
1.76291e+09,3387,-0.0360781,0,0.0360781,1.41623,0,-1.41623
1.76291e+09,3388,-0.0362152,0,0.0362152,1.41324,0,-1.41324
1.76291e+09,3389,-0.0363532,0,0.0363532,1.41023,0,-1.41023
1.76291e+09,3390,-0.0364924,0,0.0364924,1.4072,0,-1.4072
1.76291e+09,3391,-0.0366326,0,0.0366326,1.40415,0,-1.40415
1.76291e+09,3392,-0.0367738,0,0.0367738,1.40108,0,-1.40108
1.76291e+09,3393,-0.0369161,0,0.0369161,1.39799,0,-1.39799
1.76291e+09,3394,-0.0370595,0,0.0370595,1.39488,0,-1.39488
1.76291e+09,3395,-0.037204,0,0.037204,1.39175,0,-1.39175
1.76291e+09,3396,-0.0373496,0,0.0373496,1.3886,0,-1.3886
1.76291e+09,3397,-0.0374962,0,0.0374962,1.38544,0,-1.38544
1.76291e+09,3398,-0.0376439,0,0.0376439,1.38225,0,-1.38225
1.76291e+09,3399,-0.0377927,0,0.0377927,1.37904,0,-1.37904
1.76291e+09,3400,-0.0379426,0,0.0379426,1.37581,0,-1.37581
1.76291e+09,3401,-0.0380937,0,0.0380937,1.37257,0,-1.37257
1.76291e+09,3402,-0.0382458,0,0.0382458,1.3693,0,-1.3693
1.76291e+09,3403,-0.038399,0,0.038399,1.36602,0,-1.36602
1.76291e+09,3404,-0.0385533,0,0.0385533,1.36271,0,-1.36271
1.76291e+09,3405,-0.0387088,0,0.0387088,1.35938,0,-1.35938
1.76291e+09,3406,-0.0388654,0,0.0388654,1.35604,0,-1.35604
1.76291e+09,3407,-0.0390231,0,0.0390231,1.35268,0,-1.35268
1.76291e+09,3408,-0.039182,0,0.039182,1.34929,0,-1.34929
1.76291e+09,3409,-0.0393419,0,0.0393419,1.34589,0,-1.34589
1.76291e+09,3410,-0.0395031,0,0.0395031,1.34247,0,-1.34247
1.76291e+09,3411,-0.0396653,0,0.0396653,1.33902,0,-1.33902
1.76291e+09,3412,-0.0398288,0,0.0398288,1.33556,0,-1.33556
1.76291e+09,3413,-0.0399934,0,0.0399934,1.33208,0,-1.33208
1.76291e+09,3414,-0.0401591,0,0.0401591,1.32858,0,-1.32858
1.76291e+09,3415,-0.040326,0,0.040326,1.32506,0,-1.32506
1.76291e+09,3416,-0.0404941,0,0.0404941,1.32152,0,-1.32152
1.76291e+09,3417,-0.0406634,0,0.0406634,1.31797,0,-1.31797
1.76291e+09,3418,-0.0408338,0,0.0408338,1.31439,0,-1.31439
1.76291e+09,3419,-0.0410055,0,0.0410055,1.31079,0,-1.31079
1.76291e+09,3420,-0.0411783,0,0.0411783,1.30718,0,-1.30718
1.76291e+09,3421,-0.0413524,0,0.0413524,1.30354,0,-1.30354
1.76291e+09,3422,-0.0415276,0,0.0415276,1.29989,0,-1.29989
1.76291e+09,3423,-0.0417041,0,0.0417041,1.29621,0,-1.29621
1.76291e+09,3424,-0.0418818,0,0.0418818,1.29252,0,-1.29252
1.76291e+09,3425,-0.0420607,0,0.0420607,1.28881,0,-1.28881
1.76291e+09,3426,-0.0422408,0,0.0422408,1.28507,0,-1.28507
1.76291e+09,3427,-0.0424222,0,0.0424222,1.28132,0,-1.28132
1.76291e+09,3428,-0.0426048,0,0.0426048,1.27755,0,-1.27755
1.76291e+09,3429,-0.0427887,0,0.0427887,1.27376,0,-1.27376
1.76291e+09,3430,-0.0429738,0,0.0429738,1.26995,0,-1.26995
1.76291e+09,3431,-0.0431602,0,0.0431602,1.26613,0,-1.26613
1.76291e+09,3432,-0.0433478,0,0.0433478,1.26228,0,-1.26228
1.76291e+09,3433,-0.0435367,0,0.0435367,1.25841,0,-1.25841
1.76291e+09,3434,-0.0437269,0,0.0437269,1.25453,0,-1.25453
1.76291e+09,3435,-0.0439184,0,0.0439184,1.25062,0,-1.25062
1.76291e+09,3436,-0.0441112,0,0.0441112,1.2467,0,-1.2467
1.76291e+09,3437,-0.0443053,0,0.0443053,1.24275,0,-1.24275
1.76291e+09,3438,-0.0445007,0,0.0445007,1.23879,0,-1.23879
1.76291e+09,3439,-0.0446974,0,0.0446974,1.23481,0,-1.23481
1.76291e+09,3440,-0.0448954,0,0.0448954,1.23081,0,-1.23081
1.76291e+09,3441,-0.0450948,0,0.0450948,1.22678,0,-1.22678
1.76291e+09,3442,-0.0452955,0,0.0452955,1.22274,0,-1.22274
1.76291e+09,3443,-0.0454975,0,0.0454975,1.21868,0,-1.21868
1.76291e+09,3444,-0.0457009,0,0.0457009,1.2146,0,-1.2146
1.76291e+09,3445,-0.0459057,0,0.0459057,1.21051,0,-1.21051
1.76291e+09,3446,-0.0461118,0,0.0461118,1.20639,0,-1.20639
1.76291e+09,3447,-0.0463193,0,0.0463193,1.20225,0,-1.20225
1.76291e+09,3448,-0.0465282,0,0.0465282,1.19809,0,-1.19809
1.76291e+09,3449,-0.0467384,0,0.0467384,1.19392,0,-1.19392
1.76291e+09,3450,-0.0469501,0,0.0469501,1.18972,0,-1.18972
1.76291e+09,3451,-0.0471632,0,0.0471632,1.18551,0,-1.18551
1.76291e+09,3452,-0.0473776,0,0.0473776,1.18127,0,-1.18127
1.76291e+09,3453,-0.0475935,0,0.0475935,1.17702,0,-1.17702
1.76291e+09,3454,-0.0478109,0,0.0478109,1.17274,0,-1.17274
1.76291e+09,3455,-0.0480297,0,0.0480297,1.16845,0,-1.16845
1.76291e+09,3456,-0.0482499,0,0.0482499,1.16413,0,-1.16413
1.76291e+09,3457,-0.0484716,0,0.0484716,1.1598,0,-1.1598
1.76291e+09,3458,-0.0486947,0,0.0486947,1.15544,0,-1.15544
1.76291e+09,3459,-0.0489194,0,0.0489194,1.15107,0,-1.15107
1.76291e+09,3460,-0.0491455,0,0.0491455,1.14668,0,-1.14668
1.76291e+09,3461,-0.0493731,0,0.0493731,1.14226,0,-1.14226
1.76291e+09,3462,-0.0496022,0,0.0496022,1.13783,0,-1.13783
1.76291e+09,3463,-0.0498328,0,0.0498328,1.13337,0,-1.13337
1.76291e+09,3464,-0.050065,0,0.050065,1.1289,0,-1.1289
1.76291e+09,3465,-0.0502987,0,0.0502987,1.12441,0,-1.12441
1.76291e+09,3466,-0.050534,0,0.050534,1.11989,0,-1.11989
1.76291e+09,3467,-0.0507708,0,0.0507708,1.11536,0,-1.11536
1.76291e+09,3468,-0.0510092,0,0.0510092,1.1108,0,-1.1108
1.76291e+09,3469,-0.0512491,0,0.0512491,1.10622,0,-1.10622
1.76291e+09,3470,-0.0514907,0,0.0514907,1.10163,0,-1.10163
1.76291e+09,3471,-0.0517338,0,0.0517338,1.09701,0,-1.09701
1.76291e+09,3472,-0.0519786,0,0.0519786,1.09237,0,-1.09237
1.76291e+09,3473,-0.052225,0,0.052225,1.08771,0,-1.08771
1.76291e+09,3474,-0.052473,0,0.052473,1.08303,0,-1.08303
1.76291e+09,3475,-0.0527226,0,0.0527226,1.07832,0,-1.07832
1.76291e+09,3476,-0.0529739,0,0.0529739,1.0736,0,-1.0736
1.76291e+09,3477,-0.0532269,0,0.0532269,1.06886,0,-1.06886
1.76291e+09,3478,-0.0534815,0,0.0534815,1.06409,0,-1.06409
1.76291e+09,3479,-0.0537378,0,0.0537378,1.0593,0,-1.0593
1.76291e+09,3480,-0.0540736,0,0.0540736,1.05921,0,-1.05921
1.76291e+09,3481,-0.0544118,0,0.0544118,1.05912,0,-1.05912
1.76291e+09,3482,-0.0547525,0,0.0547525,1.05902,0,-1.05902
1.76291e+09,3483,-0.0550956,0,0.0550956,1.05893,0,-1.05893
1.76291e+09,3484,-0.0554411,0,0.0554411,1.05883,0,-1.05883
1.76291e+09,3485,-0.0557891,0,0.0557891,1.05873,0,-1.05873
1.76291e+09,3486,-0.0561395,0,0.0561395,1.05863,0,-1.05863
1.76291e+09,3487,-0.0564924,0,0.0564924,1.05853,0,-1.05853
1.76291e+09,3488,-0.0568477,0,0.0568477,1.05843,0,-1.05843
1.76291e+09,3489,-0.0572055,0,0.0572055,1.05833,0,-1.05833
1.76291e+09,3490,-0.0575657,0,0.0575657,1.05822,0,-1.05822
1.76291e+09,3491,-0.0579284,0,0.0579284,1.05811,0,-1.05811
1.76291e+09,3492,-0.0582934,0,0.0582934,1.058,0,-1.058
1.76291e+09,3493,-0.0586609,0,0.0586609,1.05789,0,-1.05789
1.76291e+09,3494,-0.0590308,0,0.0590308,1.05778,0,-1.05778
1.76291e+09,3495,-0.0594031,0,0.0594031,1.05767,0,-1.05767
1.76291e+09,3496,-0.0597777,0,0.0597777,1.05755,0,-1.05755
1.76291e+09,3497,-0.0601547,0,0.0601547,1.05743,0,-1.05743
1.76291e+09,3498,-0.060534,0,0.060534,1.05731,0,-1.05731
1.76291e+09,3499,-0.0609157,0,0.0609157,1.05719,0,-1.05719
1.76291e+09,3500,-0.0612996,0,0.0612996,1.05707,0,-1.05707
1.76291e+09,3501,-0.0616857,0,0.0616857,1.05695,0,-1.05695
1.76291e+09,3502,-0.0620741,0,0.0620741,1.05682,0,-1.05682
1.76291e+09,3503,-0.0624647,0,0.0624647,1.05669,0,-1.05669
1.76291e+09,3504,-0.0628574,0,0.0628574,1.05656,0,-1.05656
1.76291e+09,3505,-0.0632523,0,0.0632523,1.05643,0,-1.05643
1.76291e+09,3506,-0.0636492,0,0.0636492,1.0563,0,-1.0563
1.76291e+09,3507,-0.0640482,0,0.0640482,1.05617,0,-1.05617
1.76291e+09,3508,-0.0644493,0,0.0644493,1.05603,0,-1.05603
1.76291e+09,3509,-0.0648522,0,0.0648522,1.05589,0,-1.05589
1.76291e+09,3510,-0.0652571,0,0.0652571,1.05575,0,-1.05575
1.76291e+09,3511,-0.0656639,0,0.0656639,1.05561,0,-1.05561
1.76291e+09,3512,-0.0660726,0,0.0660726,1.05547,0,-1.05547
1.76291e+09,3513,-0.066483,0,0.066483,1.05533,0,-1.05533
1.76291e+09,3514,-0.0668951,0,0.0668951,1.05518,0,-1.05518
1.76291e+09,3515,-0.067309,0,0.067309,1.05503,0,-1.05503
1.76291e+09,3516,-0.0677244,0,0.0677244,1.05488,0,-1.05488
1.76291e+09,3517,-0.0681415,0,0.0681415,1.05473,0,-1.05473
1.76291e+09,3518,-0.0685601,0,0.0685601,1.05458,0,-1.05458
1.76291e+09,3519,-0.0689802,0,0.0689802,1.05442,0,-1.05442
1.76291e+09,3520,-0.0694016,0,0.0694016,1.05427,0,-1.05427
1.76291e+09,3521,-0.0698245,0,0.0698245,1.05411,0,-1.05411
1.76291e+09,3522,-0.0702486,0,0.0702486,1.05395,0,-1.05395
1.76291e+09,3523,-0.070674,0,0.070674,1.05379,0,-1.05379
1.76291e+09,3524,-0.0711006,0,0.0711006,1.05363,0,-1.05363
1.76291e+09,3525,-0.0715283,0,0.0715283,1.05346,0,-1.05346
1.76291e+09,3526,-0.071957,0,0.071957,1.0533,0,-1.0533
1.76291e+09,3527,-0.0723867,0,0.0723867,1.05313,0,-1.05313
1.76291e+09,3528,-0.0728174,0,0.0728174,1.05296,0,-1.05296
1.76291e+09,3529,-0.0732489,0,0.0732489,1.05279,0,-1.05279
1.76291e+09,3530,-0.0736813,0,0.0736813,1.05262,0,-1.05262
1.76291e+09,3531,-0.0741144,0,0.0741144,1.05245,0,-1.05245
1.76291e+09,3532,-0.0745481,0,0.0745481,1.05227,0,-1.05227
1.76291e+09,3533,-0.0749825,0,0.0749825,1.05209,0,-1.05209
1.76291e+09,3534,-0.0754174,0,0.0754174,1.05192,0,-1.05192
1.76291e+09,3535,-0.0758528,0,0.0758528,1.05174,0,-1.05174
1.76291e+09,3536,-0.0762886,0,0.0762886,1.05156,0,-1.05156
1.76291e+09,3537,-0.0767247,0,0.0767247,1.05138,0,-1.05138
1.76291e+09,3538,-0.0771611,0,0.0771611,1.05119,0,-1.05119
1.76291e+09,3539,-0.0775977,0,0.0775977,1.05101,0,-1.05101
1.76291e+09,3540,-0.0780344,0,0.0780344,1.05083,0,-1.05083
1.76291e+09,3541,-0.0784712,0,0.0784712,1.05064,0,-1.05064
1.76291e+09,3542,-0.078908,0,0.078908,1.05045,0,-1.05045
1.76291e+09,3543,-0.0793448,0,0.0793448,1.05026,0,-1.05026
1.76291e+09,3544,-0.0797814,0,0.0797814,1.05007,0,-1.05007
1.76291e+09,3545,-0.0802178,0,0.0802178,1.04988,0,-1.04988
1.76291e+09,3546,-0.0806539,0,0.0806539,1.04969,0,-1.04969
1.76291e+09,3547,-0.0810897,0,0.0810897,1.0495,0,-1.0495
1.76291e+09,3548,-0.0815251,0,0.0815251,1.0493,0,-1.0493
1.76291e+09,3549,-0.08196,0,0.08196,1.04911,0,-1.04911
1.76291e+09,3550,-0.0823943,0,0.0823943,1.04891,0,-1.04891
1.76291e+09,3551,-0.0828281,0,0.0828281,1.04872,0,-1.04872
1.76291e+09,3552,-0.0832612,0,0.0832612,1.04852,0,-1.04852
1.76291e+09,3553,-0.0836935,0,0.0836935,1.04832,0,-1.04832
1.76291e+09,3554,-0.0841251,0,0.0841251,1.04812,0,-1.04812
1.76291e+09,3555,-0.0845557,0,0.0845557,1.04792,0,-1.04792
1.76291e+09,3556,-0.0849855,0,0.0849855,1.04772,0,-1.04772
1.76291e+09,3557,-0.0854142,0,0.0854142,1.04752,0,-1.04752
1.76291e+09,3558,-0.0858419,0,0.0858419,1.04732,0,-1.04732
1.76291e+09,3559,-0.0862685,0,0.0862685,1.04712,0,-1.04712
1.76291e+09,3560,-0.0866939,0,0.0866939,1.04691,0,-1.04691
1.76291e+09,3561,-0.0871181,0,0.0871181,1.04671,0,-1.04671
1.76291e+09,3562,-0.0875409,0,0.0875409,1.04651,0,-1.04651
1.76291e+09,3563,-0.0879624,0,0.0879624,1.0463,0,-1.0463
1.76291e+09,3564,-0.0883825,0,0.0883825,1.0461,0,-1.0461
1.76291e+09,3565,-0.0888011,0,0.0888011,1.04589,0,-1.04589
1.76291e+09,3566,-0.0892182,0,0.0892182,1.04569,0,-1.04569
1.76291e+09,3567,-0.0896337,0,0.0896337,1.04548,0,-1.04548
1.76291e+09,3568,-0.0900476,0,0.0900476,1.04528,0,-1.04528
1.76291e+09,3569,-0.0904597,0,0.0904597,1.04507,0,-1.04507
1.76291e+09,3570,-0.0908702,0,0.0908702,1.04486,0,-1.04486
1.76291e+09,3571,-0.0912789,0,0.0912789,1.04466,0,-1.04466
1.76291e+09,3572,-0.0916857,0,0.0916857,1.04445,0,-1.04445
1.76291e+09,3573,-0.0920906,0,0.0920906,1.04424,0,-1.04424
1.76291e+09,3574,-0.0924937,0,0.0924937,1.04404,0,-1.04404
1.76291e+09,3575,-0.0928948,0,0.0928948,1.04383,0,-1.04383
1.76291e+09,3576,-0.0932938,0,0.0932938,1.04363,0,-1.04363
1.76291e+09,3577,-0.0936908,0,0.0936908,1.04342,0,-1.04342
1.76291e+09,3578,-0.0940858,0,0.0940858,1.04321,0,-1.04321
1.76291e+09,3579,-0.0944786,0,0.0944786,1.04301,0,-1.04301
1.76291e+09,3580,-0.0948692,0,0.0948692,1.0428,0,-1.0428
1.76291e+09,3581,-0.0952577,0,0.0952577,1.0426,0,-1.0426
1.76291e+09,3582,-0.0956439,0,0.0956439,1.04239,0,-1.04239
1.76291e+09,3583,-0.0960279,0,0.0960279,1.04219,0,-1.04219
1.76291e+09,3584,-0.0964096,0,0.0964096,1.04198,0,-1.04198
1.76291e+09,3585,-0.0967891,0,0.0967891,1.04178,0,-1.04178
1.76291e+09,3586,-0.0971662,0,0.0971662,1.04158,0,-1.04158
1.76291e+09,3587,-0.0975409,0,0.0975409,1.04137,0,-1.04137
1.76291e+09,3588,-0.0979133,0,0.0979133,1.04117,0,-1.04117
1.76291e+09,3589,-0.0982834,0,0.0982834,1.04097,0,-1.04097
1.76291e+09,3590,-0.098651,0,0.098651,1.04077,0,-1.04077
1.76291e+09,3591,-0.0990162,0,0.0990162,1.04057,0,-1.04057
1.76291e+09,3592,-0.099379,0,0.099379,1.04037,0,-1.04037
1.76291e+09,3593,-0.0997394,0,0.0997394,1.04017,0,-1.04017
1.76291e+09,3594,-0.100097,0,0.100097,1.03997,0,-1.03997
1.76291e+09,3595,-0.100453,0,0.100453,1.03977,0,-1.03977
1.76291e+09,3596,-0.100806,0,0.100806,1.03957,0,-1.03957
1.76291e+09,3597,-0.101157,0,0.101157,1.03937,0,-1.03937
1.76291e+09,3598,-0.101505,0,0.101505,1.03917,0,-1.03917
1.76291e+09,3599,-0.101851,0,0.101851,1.03898,0,-1.03898
1.76291e+09,3600,-0.102188,0,0.102188,1.03877,0,-1.03877
1.76291e+09,3601,-0.102523,0,0.102523,1.03855,0,-1.03855
1.76291e+09,3602,-0.102856,0,0.102856,1.03834,0,-1.03834
1.76291e+09,3603,-0.103186,0,0.103186,1.03813,0,-1.03813
1.76291e+09,3604,-0.103514,0,0.103514,1.03792,0,-1.03792
1.76291e+09,3605,-0.103839,0,0.103839,1.03771,0,-1.03771
1.76291e+09,3606,-0.104162,0,0.104162,1.03751,0,-1.03751
1.76291e+09,3607,-0.104482,0,0.104482,1.0373,0,-1.0373
1.76291e+09,3608,-0.104801,0,0.104801,1.03709,0,-1.03709
1.76291e+09,3609,-0.105116,0,0.105116,1.03689,0,-1.03689
1.76291e+09,3610,-0.10543,0,0.10543,1.03668,0,-1.03668
1.76291e+09,3611,-0.105741,0,0.105741,1.03648,0,-1.03648
1.76291e+09,3612,-0.106049,0,0.106049,1.03627,0,-1.03627
1.76291e+09,3613,-0.106356,0,0.106356,1.03607,0,-1.03607
1.76291e+09,3614,-0.10666,0,0.10666,1.03587,0,-1.03587
1.76291e+09,3615,-0.106961,0,0.106961,1.03567,0,-1.03567
1.76291e+09,3616,-0.107261,0,0.107261,1.03547,0,-1.03547
1.76291e+09,3617,-0.107558,0,0.107558,1.03527,0,-1.03527
1.76291e+09,3618,-0.107853,0,0.107853,1.03507,0,-1.03507
1.76291e+09,3619,-0.108146,0,0.108146,1.03487,0,-1.03487
1.76291e+09,3620,-0.108436,0,0.108436,1.03467,0,-1.03467
1.76291e+09,3621,-0.108725,0,0.108725,1.03448,0,-1.03448
1.76291e+09,3622,-0.109011,0,0.109011,1.03428,0,-1.03428
1.76291e+09,3623,-0.109295,0,0.109295,1.03409,0,-1.03409
1.76291e+09,3624,-0.109577,0,0.109577,1.03389,0,-1.03389
1.76291e+09,3625,-0.109856,0,0.109856,1.0337,0,-1.0337
1.76291e+09,3626,-0.110134,0,0.110134,1.03351,0,-1.03351
1.76291e+09,3627,-0.110409,0,0.110409,1.03331,0,-1.03331
1.76291e+09,3628,-0.110683,0,0.110683,1.03312,0,-1.03312
1.76291e+09,3629,-0.110954,0,0.110954,1.03293,0,-1.03293
1.76291e+09,3630,-0.111223,0,0.111223,1.03274,0,-1.03274
1.76291e+09,3631,-0.11149,0,0.11149,1.03255,0,-1.03255
1.76291e+09,3632,-0.111755,0,0.111755,1.03237,0,-1.03237
1.76291e+09,3633,-0.112018,0,0.112018,1.03218,0,-1.03218
1.76291e+09,3634,-0.112279,0,0.112279,1.03199,0,-1.03199
1.76291e+09,3635,-0.112538,0,0.112538,1.03181,0,-1.03181
1.76291e+09,3636,-0.112795,0,0.112795,1.03162,0,-1.03162
1.76291e+09,3637,-0.11305,0,0.11305,1.03144,0,-1.03144
1.76291e+09,3638,-0.113303,0,0.113303,1.03126,0,-1.03126
1.76291e+09,3639,-0.113554,0,0.113554,1.03107,0,-1.03107
1.76291e+09,3640,-0.113803,0,0.113803,1.03089,0,-1.03089
1.76291e+09,3641,-0.11405,0,0.11405,1.03071,0,-1.03071
1.76291e+09,3642,-0.114295,0,0.114295,1.03053,0,-1.03053
1.76291e+09,3643,-0.114539,0,0.114539,1.03035,0,-1.03035
1.76291e+09,3644,-0.11478,0,0.11478,1.03018,0,-1.03018
1.76291e+09,3645,-0.11502,0,0.11502,1.03,0,-1.03
1.76291e+09,3646,-0.115257,0,0.115257,1.02982,0,-1.02982
1.76291e+09,3647,-0.115493,0,0.115493,1.02965,0,-1.02965
1.76291e+09,3648,-0.115727,0,0.115727,1.02947,0,-1.02947
1.76291e+09,3649,-0.115959,0,0.115959,1.0293,0,-1.0293
1.76291e+09,3650,-0.116189,0,0.116189,1.02912,0,-1.02912
1.76291e+09,3651,-0.116417,0,0.116417,1.02895,0,-1.02895
1.76291e+09,3652,-0.116644,0,0.116644,1.02878,0,-1.02878
1.76291e+09,3653,-0.116869,0,0.116869,1.02861,0,-1.02861
1.76291e+09,3654,-0.117092,0,0.117092,1.02844,0,-1.02844
1.76291e+09,3655,-0.117313,0,0.117313,1.02827,0,-1.02827
1.76291e+09,3656,-0.117532,0,0.117532,1.0281,0,-1.0281
1.76291e+09,3657,-0.11775,0,0.11775,1.02794,0,-1.02794
1.76291e+09,3658,-0.117966,0,0.117966,1.02777,0,-1.02777
1.76291e+09,3659,-0.11818,0,0.11818,1.0276,0,-1.0276
1.76291e+09,3660,-0.118392,0,0.118392,1.02744,0,-1.02744
1.76291e+09,3661,-0.118603,0,0.118603,1.02727,0,-1.02727
1.76291e+09,3662,-0.118812,0,0.118812,1.02711,0,-1.02711
1.76291e+09,3663,-0.119019,0,0.119019,1.02695,0,-1.02695
1.76291e+09,3664,-0.119225,0,0.119225,1.02679,0,-1.02679
1.76291e+09,3665,-0.119428,0,0.119428,1.02662,0,-1.02662
1.76291e+09,3666,-0.119631,0,0.119631,1.02646,0,-1.02646
1.76291e+09,3667,-0.119831,0,0.119831,1.0263,0,-1.0263
1.76291e+09,3668,-0.12003,0,0.12003,1.02615,0,-1.02615
1.76291e+09,3669,-0.120227,0,0.120227,1.02599,0,-1.02599
1.76291e+09,3670,-0.120423,0,0.120423,1.02583,0,-1.02583
1.76291e+09,3671,-0.120617,0,0.120617,1.02568,0,-1.02568
1.76291e+09,3672,-0.120809,0,0.120809,1.02552,0,-1.02552
1.76291e+09,3673,-0.121,0,0.121,1.02537,0,-1.02537
1.76291e+09,3674,-0.121189,0,0.121189,1.02521,0,-1.02521
1.76291e+09,3675,-0.121376,0,0.121376,1.02506,0,-1.02506
1.76291e+09,3676,-0.121562,0,0.121562,1.02491,0,-1.02491
1.76291e+09,3677,-0.121747,0,0.121747,1.02476,0,-1.02476
1.76291e+09,3678,-0.12193,0,0.12193,1.0246,0,-1.0246
1.76291e+09,3679,-0.122111,0,0.122111,1.02445,0,-1.02445
1.76291e+09,3680,-0.122291,0,0.122291,1.02431,0,-1.02431
1.76291e+09,3681,-0.122469,0,0.122469,1.02416,0,-1.02416
1.76291e+09,3682,-0.122645,0,0.122645,1.02401,0,-1.02401
1.76291e+09,3683,-0.12282,0,0.12282,1.02386,0,-1.02386
1.76291e+09,3684,-0.122994,0,0.122994,1.02372,0,-1.02372
1.76291e+09,3685,-0.123166,0,0.123166,1.02357,0,-1.02357
1.76291e+09,3686,-0.123337,0,0.123337,1.02343,0,-1.02343
1.76291e+09,3687,-0.123506,0,0.123506,1.02328,0,-1.02328
1.76291e+09,3688,-0.123673,0,0.123673,1.02314,0,-1.02314
1.76291e+09,3689,-0.12384,0,0.12384,1.023,0,-1.023
1.76291e+09,3690,-0.124004,0,0.124004,1.02286,0,-1.02286
1.76291e+09,3691,-0.124167,0,0.124167,1.02272,0,-1.02272
1.76291e+09,3692,-0.124329,0,0.124329,1.02258,0,-1.02258
1.76291e+09,3693,-0.124489,0,0.124489,1.02244,0,-1.02244
1.76291e+09,3694,-0.124648,0,0.124648,1.0223,0,-1.0223
1.76291e+09,3695,-0.124806,0,0.124806,1.02216,0,-1.02216
1.76291e+09,3696,-0.124962,0,0.124962,1.02203,0,-1.02203
1.76291e+09,3697,-0.125116,0,0.125116,1.02189,0,-1.02189
1.76291e+09,3698,-0.12527,0,0.12527,1.02176,0,-1.02176
1.76291e+09,3699,-0.125421,0,0.125421,1.02162,0,-1.02162
1.76291e+09,3700,-0.125572,0,0.125572,1.02149,0,-1.02149
1.76291e+09,3701,-0.125721,0,0.125721,1.02136,0,-1.02136
1.76291e+09,3702,-0.125868,0,0.125868,1.02122,0,-1.02122
1.76291e+09,3703,-0.126015,0,0.126015,1.02109,0,-1.02109
1.76291e+09,3704,-0.12616,0,0.12616,1.02096,0,-1.02096
1.76291e+09,3705,-0.126303,0,0.126303,1.02083,0,-1.02083
1.76291e+09,3706,-0.126445,0,0.126445,1.0207,0,-1.0207
1.76291e+09,3707,-0.126586,0,0.126586,1.02058,0,-1.02058
1.76291e+09,3708,-0.126726,0,0.126726,1.02045,0,-1.02045
1.76291e+09,3709,-0.126864,0,0.126864,1.02032,0,-1.02032
1.76291e+09,3710,-0.127001,0,0.127001,1.0202,0,-1.0202
1.76291e+09,3711,-0.127136,0,0.127136,1.02007,0,-1.02007
1.76291e+09,3712,-0.127271,0,0.127271,1.01995,0,-1.01995
1.76291e+09,3713,-0.127403,0,0.127403,1.01982,0,-1.01982
1.76291e+09,3714,-0.127535,0,0.127535,1.0197,0,-1.0197
1.76291e+09,3715,-0.127665,0,0.127665,1.01958,0,-1.01958
1.76291e+09,3716,-0.127794,0,0.127794,1.01945,0,-1.01945
1.76291e+09,3717,-0.127922,0,0.127922,1.01933,0,-1.01933
1.76291e+09,3718,-0.128049,0,0.128049,1.01921,0,-1.01921
1.76291e+09,3719,-0.128174,0,0.128174,1.01909,0,-1.01909
1.76291e+09,3720,-0.128298,0,0.128298,1.01897,0,-1.01897
1.76291e+09,3721,-0.128421,0,0.128421,1.01886,0,-1.01886
1.76291e+09,3722,-0.128542,0,0.128542,1.01874,0,-1.01874
1.76291e+09,3723,-0.128662,0,0.128662,1.01862,0,-1.01862
1.76291e+09,3724,-0.128781,0,0.128781,1.01851,0,-1.01851
1.76291e+09,3725,-0.128899,0,0.128899,1.01839,0,-1.01839
1.76291e+09,3726,-0.129015,0,0.129015,1.01828,0,-1.01828
1.76291e+09,3727,-0.129131,0,0.129131,1.01816,0,-1.01816
1.76291e+09,3728,-0.129245,0,0.129245,1.01805,0,-1.01805
1.76291e+09,3729,-0.129357,0,0.129357,1.01794,0,-1.01794
1.76291e+09,3730,-0.129469,0,0.129469,1.01782,0,-1.01782
1.76291e+09,3731,-0.12958,0,0.12958,1.01771,0,-1.01771
1.76291e+09,3732,-0.129689,0,0.129689,1.0176,0,-1.0176
1.76291e+09,3733,-0.129797,0,0.129797,1.01749,0,-1.01749
1.76291e+09,3734,-0.129904,0,0.129904,1.01738,0,-1.01738
1.76291e+09,3735,-0.130009,0,0.130009,1.01728,0,-1.01728
1.76291e+09,3736,-0.130114,0,0.130114,1.01717,0,-1.01717
1.76291e+09,3737,-0.130217,0,0.130217,1.01706,0,-1.01706
1.76291e+09,3738,-0.130319,0,0.130319,1.01695,0,-1.01695
1.76291e+09,3739,-0.13042,0,0.13042,1.01685,0,-1.01685
1.76291e+09,3740,-0.13052,0,0.13052,1.01674,0,-1.01674
1.76291e+09,3741,-0.130619,0,0.130619,1.01664,0,-1.01664
1.76291e+09,3742,-0.130716,0,0.130716,1.01653,0,-1.01653
1.76291e+09,3743,-0.130813,0,0.130813,1.01643,0,-1.01643
1.76291e+09,3744,-0.130908,0,0.130908,1.01633,0,-1.01633
1.76291e+09,3745,-0.131002,0,0.131002,1.01623,0,-1.01623
1.76291e+09,3746,-0.131095,0,0.131095,1.01613,0,-1.01613
1.76291e+09,3747,-0.131187,0,0.131187,1.01602,0,-1.01602
1.76291e+09,3748,-0.131278,0,0.131278,1.01592,0,-1.01592
1.76291e+09,3749,-0.131367,0,0.131367,1.01583,0,-1.01583
1.76291e+09,3750,-0.131456,0,0.131456,1.01573,0,-1.01573
1.76291e+09,3751,-0.131543,0,0.131543,1.01563,0,-1.01563
1.76291e+09,3752,-0.131629,0,0.131629,1.01553,0,-1.01553
1.76291e+09,3753,-0.131715,0,0.131715,1.01543,0,-1.01543
1.76291e+09,3754,-0.131799,0,0.131799,1.01534,0,-1.01534
1.76291e+09,3755,-0.131882,0,0.131882,1.01524,0,-1.01524
1.76291e+09,3756,-0.131964,0,0.131964,1.01515,0,-1.01515
1.76291e+09,3757,-0.132045,0,0.132045,1.01505,0,-1.01505
1.76291e+09,3758,-0.132124,0,0.132124,1.01496,0,-1.01496
1.76291e+09,3759,-0.132203,0,0.132203,1.01487,0,-1.01487
1.76291e+09,3760,-0.132281,0,0.132281,1.01477,0,-1.01477
1.76291e+09,3761,-0.132357,0,0.132357,1.01468,0,-1.01468
1.76291e+09,3762,-0.132433,0,0.132433,1.01459,0,-1.01459
1.76291e+09,3763,-0.132507,0,0.132507,1.0145,0,-1.0145
1.76291e+09,3764,-0.13258,0,0.13258,1.01441,0,-1.01441
1.76291e+09,3765,-0.132653,0,0.132653,1.01432,0,-1.01432
1.76291e+09,3766,-0.132724,0,0.132724,1.01423,0,-1.01423
1.76291e+09,3767,-0.132794,0,0.132794,1.01414,0,-1.01414
1.76291e+09,3768,-0.132863,0,0.132863,1.01406,0,-1.01406
1.76291e+09,3769,-0.132931,0,0.132931,1.01397,0,-1.01397
1.76291e+09,3770,-0.132998,0,0.132998,1.01388,0,-1.01388
1.76291e+09,3771,-0.133064,0,0.133064,1.0138,0,-1.0138
1.76291e+09,3772,-0.133129,0,0.133129,1.01371,0,-1.01371
1.76291e+09,3773,-0.133193,0,0.133193,1.01363,0,-1.01363
1.76291e+09,3774,-0.133256,0,0.133256,1.01354,0,-1.01354
1.76291e+09,3775,-0.133318,0,0.133318,1.01346,0,-1.01346
1.76291e+09,3776,-0.133379,0,0.133379,1.01337,0,-1.01337
1.76291e+09,3777,-0.133439,0,0.133439,1.01329,0,-1.01329
1.76291e+09,3778,-0.133498,0,0.133498,1.01321,0,-1.01321
1.76291e+09,3779,-0.133556,0,0.133556,1.01313,0,-1.01313
1.76291e+09,3780,-0.133613,0,0.133613,1.01305,0,-1.01305
1.76291e+09,3781,-0.133668,0,0.133668,1.01297,0,-1.01297
1.76291e+09,3782,-0.133723,0,0.133723,1.01289,0,-1.01289
1.76291e+09,3783,-0.133777,0,0.133777,1.01281,0,-1.01281
1.76291e+09,3784,-0.13383,0,0.13383,1.01273,0,-1.01273
1.76291e+09,3785,-0.133882,0,0.133882,1.01265,0,-1.01265
1.76291e+09,3786,-0.133933,0,0.133933,1.01257,0,-1.01257
1.76291e+09,3787,-0.133982,0,0.133982,1.0125,0,-1.0125
1.76291e+09,3788,-0.134031,0,0.134031,1.01242,0,-1.01242
1.76291e+09,3789,-0.134079,0,0.134079,1.01234,0,-1.01234
1.76291e+09,3790,-0.134126,0,0.134126,1.01227,0,-1.01227
1.76291e+09,3791,-0.134172,0,0.134172,1.01219,0,-1.01219
1.76291e+09,3792,-0.134217,0,0.134217,1.01212,0,-1.01212
1.76291e+09,3793,-0.134261,0,0.134261,1.01205,0,-1.01205
1.76291e+09,3794,-0.134304,0,0.134304,1.01197,0,-1.01197
1.76291e+09,3795,-0.134346,0,0.134346,1.0119,0,-1.0119
1.76291e+09,3796,-0.134387,0,0.134387,1.01183,0,-1.01183
1.76291e+09,3797,-0.134427,0,0.134427,1.01176,0,-1.01176
1.76291e+09,3798,-0.134466,0,0.134466,1.01169,0,-1.01169
1.76291e+09,3799,-0.134504,0,0.134504,1.01161,0,-1.01161
1.76291e+09,3800,-0.134541,0,0.134541,1.01154,0,-1.01154
1.76291e+09,3801,-0.134578,0,0.134578,1.01147,0,-1.01147
1.76291e+09,3802,-0.134613,0,0.134613,1.01141,0,-1.01141
1.76291e+09,3803,-0.134647,0,0.134647,1.01134,0,-1.01134
1.76291e+09,3804,-0.13468,0,0.13468,1.01127,0,-1.01127
1.76291e+09,3805,-0.134713,0,0.134713,1.0112,0,-1.0112
1.76291e+09,3806,-0.134744,0,0.134744,1.01113,0,-1.01113
1.76291e+09,3807,-0.134775,0,0.134775,1.01107,0,-1.01107
1.76291e+09,3808,-0.134804,0,0.134804,1.011,0,-1.011
1.76291e+09,3809,-0.134833,0,0.134833,1.01093,0,-1.01093
1.76291e+09,3810,-0.13486,0,0.13486,1.01087,0,-1.01087
1.76291e+09,3811,-0.134887,0,0.134887,1.0108,0,-1.0108
1.76291e+09,3812,-0.134913,0,0.134913,1.01074,0,-1.01074
1.76291e+09,3813,-0.134938,0,0.134938,1.01068,0,-1.01068
1.76291e+09,3814,-0.134962,0,0.134962,1.01061,0,-1.01061
1.76291e+09,3815,-0.134984,0,0.134984,1.01055,0,-1.01055
1.76291e+09,3816,-0.135006,0,0.135006,1.01049,0,-1.01049
1.76291e+09,3817,-0.135027,0,0.135027,1.01043,0,-1.01043
1.76291e+09,3818,-0.135048,0,0.135048,1.01036,0,-1.01036
1.76291e+09,3819,-0.135067,0,0.135067,1.0103,0,-1.0103
1.76291e+09,3820,-0.135085,0,0.135085,1.01024,0,-1.01024
1.76291e+09,3821,-0.135102,0,0.135102,1.01018,0,-1.01018
1.76291e+09,3822,-0.135119,0,0.135119,1.01012,0,-1.01012
1.76291e+09,3823,-0.135134,0,0.135134,1.01006,0,-1.01006
1.76291e+09,3824,-0.135148,0,0.135148,1.01,0,-1.01
1.76291e+09,3825,-0.135162,0,0.135162,1.00995,0,-1.00995
1.76291e+09,3826,-0.135175,0,0.135175,1.00989,0,-1.00989
1.76291e+09,3827,-0.135186,0,0.135186,1.00983,0,-1.00983
1.76291e+09,3828,-0.135197,0,0.135197,1.00977,0,-1.00977
1.76291e+09,3829,-0.135207,0,0.135207,1.00972,0,-1.00972
1.76291e+09,3830,-0.135216,0,0.135216,1.00966,0,-1.00966
1.76291e+09,3831,-0.135224,0,0.135224,1.00961,0,-1.00961
1.76291e+09,3832,-0.135231,0,0.135231,1.00955,0,-1.00955
1.76291e+09,3833,-0.135237,0,0.135237,1.00949,0,-1.00949
1.76291e+09,3834,-0.135242,0,0.135242,1.00944,0,-1.00944
1.76291e+09,3835,-0.135247,0,0.135247,1.00939,0,-1.00939
1.76291e+09,3836,-0.13525,0,0.13525,1.00933,0,-1.00933
1.76291e+09,3837,-0.135252,0,0.135252,1.00928,0,-1.00928
1.76291e+09,3838,-0.135254,0,0.135254,1.00923,0,-1.00923
1.76291e+09,3839,-0.135254,0,0.135254,1.00917,0,-1.00917
1.76291e+09,3840,-0.135254,0,0.135254,1.00912,0,-1.00912
1.76291e+09,3841,-0.135253,0,0.135253,1.00907,0,-1.00907
1.76291e+09,3842,-0.135251,0,0.135251,1.00902,0,-1.00902
1.76291e+09,3843,-0.135247,0,0.135247,1.00897,0,-1.00897
1.76291e+09,3844,-0.135243,0,0.135243,1.00892,0,-1.00892
1.76291e+09,3845,-0.135238,0,0.135238,1.00887,0,-1.00887
1.76291e+09,3846,-0.135232,0,0.135232,1.00882,0,-1.00882
1.76291e+09,3847,-0.135226,0,0.135226,1.00877,0,-1.00877
1.76291e+09,3848,-0.135218,0,0.135218,1.00872,0,-1.00872
1.76291e+09,3849,-0.135209,0,0.135209,1.00867,0,-1.00867
1.76291e+09,3850,-0.1352,0,0.1352,1.00863,0,-1.00863
1.76291e+09,3851,-0.135189,0,0.135189,1.00858,0,-1.00858
1.76291e+09,3852,-0.135178,0,0.135178,1.00853,0,-1.00853
1.76291e+09,3853,-0.135165,0,0.135165,1.00848,0,-1.00848
1.76291e+09,3854,-0.135152,0,0.135152,1.00844,0,-1.00844
1.76291e+09,3855,-0.135138,0,0.135138,1.00839,0,-1.00839
1.76291e+09,3856,-0.135122,0,0.135122,1.00835,0,-1.00835
1.76291e+09,3857,-0.135106,0,0.135106,1.0083,0,-1.0083
1.76291e+09,3858,-0.135089,0,0.135089,1.00826,0,-1.00826
1.76291e+09,3859,-0.135071,0,0.135071,1.00821,0,-1.00821
1.76291e+09,3860,-0.135052,0,0.135052,1.00817,0,-1.00817
1.76291e+09,3861,-0.135033,0,0.135033,1.00812,0,-1.00812
1.76291e+09,3862,-0.135012,0,0.135012,1.00808,0,-1.00808
1.76291e+09,3863,-0.13499,0,0.13499,1.00804,0,-1.00804
1.76291e+09,3864,-0.134967,0,0.134967,1.00799,0,-1.00799
1.76291e+09,3865,-0.134944,0,0.134944,1.00795,0,-1.00795
1.76291e+09,3866,-0.134919,0,0.134919,1.00791,0,-1.00791
1.76291e+09,3867,-0.134894,0,0.134894,1.00787,0,-1.00787
1.76291e+09,3868,-0.134868,0,0.134868,1.00783,0,-1.00783
1.76291e+09,3869,-0.13484,0,0.13484,1.00778,0,-1.00778
1.76291e+09,3870,-0.134812,0,0.134812,1.00774,0,-1.00774
1.76291e+09,3871,-0.134783,0,0.134783,1.0077,0,-1.0077
1.76291e+09,3872,-0.134753,0,0.134753,1.00766,0,-1.00766
1.76291e+09,3873,-0.134721,0,0.134721,1.00762,0,-1.00762
1.76291e+09,3874,-0.134689,0,0.134689,1.00758,0,-1.00758
1.76291e+09,3875,-0.134656,0,0.134656,1.00755,0,-1.00755
1.76291e+09,3876,-0.134622,0,0.134622,1.00751,0,-1.00751
1.76291e+09,3877,-0.134588,0,0.134588,1.00747,0,-1.00747
1.76291e+09,3878,-0.134552,0,0.134552,1.00743,0,-1.00743
1.76291e+09,3879,-0.134515,0,0.134515,1.00739,0,-1.00739
1.76291e+09,3880,-0.134477,0,0.134477,1.00735,0,-1.00735
1.76291e+09,3881,-0.134438,0,0.134438,1.00732,0,-1.00732
1.76291e+09,3882,-0.134399,0,0.134399,1.00728,0,-1.00728
1.76291e+09,3883,-0.134358,0,0.134358,1.00724,0,-1.00724
1.76291e+09,3884,-0.134317,0,0.134317,1.00721,0,-1.00721
1.76291e+09,3885,-0.134274,0,0.134274,1.00717,0,-1.00717
1.76291e+09,3886,-0.13423,0,0.13423,1.00714,0,-1.00714
1.76291e+09,3887,-0.134186,0,0.134186,1.0071,0,-1.0071
1.76291e+09,3888,-0.13414,0,0.13414,1.00707,0,-1.00707
1.76291e+09,3889,-0.134094,0,0.134094,1.00703,0,-1.00703
1.76291e+09,3890,-0.134047,0,0.134047,1.007,0,-1.007
1.76291e+09,3891,-0.133998,0,0.133998,1.00696,0,-1.00696
1.76291e+09,3892,-0.133949,0,0.133949,1.00693,0,-1.00693
1.76291e+09,3893,-0.133898,0,0.133898,1.0069,0,-1.0069
1.76291e+09,3894,-0.133847,0,0.133847,1.00686,0,-1.00686
1.76291e+09,3895,-0.133795,0,0.133795,1.00683,0,-1.00683
1.76291e+09,3896,-0.133741,0,0.133741,1.0068,0,-1.0068
1.76291e+09,3897,-0.133687,0,0.133687,1.00676,0,-1.00676
1.76291e+09,3898,-0.133632,0,0.133632,1.00673,0,-1.00673
1.76291e+09,3899,-0.133576,0,0.133576,1.0067,0,-1.0067
1.76291e+09,3900,-0.133518,0,0.133518,1.00667,0,-1.00667
1.76291e+09,3901,-0.13346,0,0.13346,1.00664,0,-1.00664
1.76291e+09,3902,-0.133401,0,0.133401,1.00661,0,-1.00661
1.76291e+09,3903,-0.13334,0,0.13334,1.00658,0,-1.00658
1.76291e+09,3904,-0.133279,0,0.133279,1.00655,0,-1.00655
1.76291e+09,3905,-0.133217,0,0.133217,1.00651,0,-1.00651
1.76291e+09,3906,-0.133154,0,0.133154,1.00648,0,-1.00648
1.76291e+09,3907,-0.133089,0,0.133089,1.00646,0,-1.00646
1.76291e+09,3908,-0.133024,0,0.133024,1.00643,0,-1.00643
1.76291e+09,3909,-0.132957,0,0.132957,1.0064,0,-1.0064
1.76291e+09,3910,-0.13289,0,0.13289,1.00637,0,-1.00637
1.76291e+09,3911,-0.132822,0,0.132822,1.00634,0,-1.00634
1.76291e+09,3912,-0.132752,0,0.132752,1.00631,0,-1.00631
1.76291e+09,3913,-0.132682,0,0.132682,1.00628,0,-1.00628
1.76291e+09,3914,-0.13261,0,0.13261,1.00625,0,-1.00625
1.76291e+09,3915,-0.132538,0,0.132538,1.00623,0,-1.00623
1.76291e+09,3916,-0.132464,0,0.132464,1.0062,0,-1.0062
1.76291e+09,3917,-0.132389,0,0.132389,1.00617,0,-1.00617
1.76291e+09,3918,-0.132314,0,0.132314,1.00614,0,-1.00614
1.76291e+09,3919,-0.132237,0,0.132237,1.00612,0,-1.00612
1.76291e+09,3920,-0.132159,0,0.132159,1.00609,0,-1.00609
1.76291e+09,3921,-0.13208,0,0.13208,1.00606,0,-1.00606
1.76291e+09,3922,-0.132,0,0.132,1.00604,0,-1.00604
1.76291e+09,3923,-0.131919,0,0.131919,1.00601,0,-1.00601
1.76291e+09,3924,-0.131837,0,0.131837,1.00598,0,-1.00598
1.76291e+09,3925,-0.131754,0,0.131754,1.00596,0,-1.00596
1.76291e+09,3926,-0.13167,0,0.13167,1.00593,0,-1.00593
1.76291e+09,3927,-0.131584,0,0.131584,1.00591,0,-1.00591
1.76291e+09,3928,-0.131498,0,0.131498,1.00588,0,-1.00588
1.76291e+09,3929,-0.131411,0,0.131411,1.00586,0,-1.00586
1.76291e+09,3930,-0.131322,0,0.131322,1.00583,0,-1.00583
1.76291e+09,3931,-0.131232,0,0.131232,1.00581,0,-1.00581
1.76291e+09,3932,-0.131141,0,0.131141,1.00578,0,-1.00578
1.76291e+09,3933,-0.13105,0,0.13105,1.00576,0,-1.00576
1.76291e+09,3934,-0.130957,0,0.130957,1.00574,0,-1.00574
1.76291e+09,3935,-0.130862,0,0.130862,1.00571,0,-1.00571
1.76291e+09,3936,-0.130767,0,0.130767,1.00569,0,-1.00569
1.76291e+09,3937,-0.130671,0,0.130671,1.00566,0,-1.00566
1.76291e+09,3938,-0.130573,0,0.130573,1.00564,0,-1.00564
1.76291e+09,3939,-0.130475,0,0.130475,1.00562,0,-1.00562
1.76291e+09,3940,-0.130375,0,0.130375,1.00559,0,-1.00559
1.76291e+09,3941,-0.130274,0,0.130274,1.00557,0,-1.00557
1.76291e+09,3942,-0.130172,0,0.130172,1.00555,0,-1.00555
1.76291e+09,3943,-0.130069,0,0.130069,1.00553,0,-1.00553
1.76291e+09,3944,-0.129964,0,0.129964,1.0055,0,-1.0055
1.76291e+09,3945,-0.129859,0,0.129859,1.00548,0,-1.00548
1.76291e+09,3946,-0.129752,0,0.129752,1.00546,0,-1.00546
1.76291e+09,3947,-0.129644,0,0.129644,1.00544,0,-1.00544
1.76291e+09,3948,-0.129535,0,0.129535,1.00542,0,-1.00542
1.76291e+09,3949,-0.129425,0,0.129425,1.00539,0,-1.00539
1.76291e+09,3950,-0.129314,0,0.129314,1.00537,0,-1.00537
1.76291e+09,3951,-0.129201,0,0.129201,1.00535,0,-1.00535
1.76291e+09,3952,-0.129088,0,0.129088,1.00533,0,-1.00533
1.76291e+09,3953,-0.128973,0,0.128973,1.00531,0,-1.00531
1.76291e+09,3954,-0.128857,0,0.128857,1.00529,0,-1.00529
1.76291e+09,3955,-0.128739,0,0.128739,1.00526,0,-1.00526
1.76291e+09,3956,-0.128621,0,0.128621,1.00524,0,-1.00524
1.76291e+09,3957,-0.128501,0,0.128501,1.00522,0,-1.00522
1.76291e+09,3958,-0.12838,0,0.12838,1.0052,0,-1.0052
1.76291e+09,3959,-0.128257,0,0.128257,1.00518,0,-1.00518
1.76291e+09,3960,-0.128134,0,0.128134,1.00516,0,-1.00516
1.76291e+09,3961,-0.128009,0,0.128009,1.00514,0,-1.00514
1.76291e+09,3962,-0.127883,0,0.127883,1.00512,0,-1.00512
1.76291e+09,3963,-0.127756,0,0.127756,1.0051,0,-1.0051
1.76291e+09,3964,-0.127628,0,0.127628,1.00508,0,-1.00508
1.76291e+09,3965,-0.127498,0,0.127498,1.00506,0,-1.00506
1.76291e+09,3966,-0.127367,0,0.127367,1.00504,0,-1.00504
1.76291e+09,3967,-0.127235,0,0.127235,1.00502,0,-1.00502
1.76291e+09,3968,-0.127101,0,0.127101,1.005,0,-1.005
1.76291e+09,3969,-0.126966,0,0.126966,1.00498,0,-1.00498
1.76291e+09,3970,-0.12683,0,0.12683,1.00496,0,-1.00496
1.76291e+09,3971,-0.126692,0,0.126692,1.00494,0,-1.00494
1.76291e+09,3972,-0.126554,0,0.126554,1.00492,0,-1.00492
1.76291e+09,3973,-0.126414,0,0.126414,1.0049,0,-1.0049
1.76291e+09,3974,-0.126272,0,0.126272,1.00488,0,-1.00488
1.76291e+09,3975,-0.126129,0,0.126129,1.00486,0,-1.00486
1.76291e+09,3976,-0.125985,0,0.125985,1.00484,0,-1.00484
1.76291e+09,3977,-0.12584,0,0.12584,1.00482,0,-1.00482
1.76291e+09,3978,-0.125693,0,0.125693,1.0048,0,-1.0048
1.76291e+09,3979,-0.125545,0,0.125545,1.00478,0,-1.00478
1.76291e+09,3980,-0.125396,0,0.125396,1.00476,0,-1.00476
1.76291e+09,3981,-0.125245,0,0.125245,1.00474,0,-1.00474
1.76291e+09,3982,-0.125093,0,0.125093,1.00472,0,-1.00472
1.76291e+09,3983,-0.124939,0,0.124939,1.0047,0,-1.0047
1.76291e+09,3984,-0.124784,0,0.124784,1.00468,0,-1.00468
1.76291e+09,3985,-0.124628,0,0.124628,1.00466,0,-1.00466
1.76291e+09,3986,-0.12447,0,0.12447,1.00464,0,-1.00464
1.76291e+09,3987,-0.124311,0,0.124311,1.00462,0,-1.00462
1.76291e+09,3988,-0.12415,0,0.12415,1.0046,0,-1.0046
1.76291e+09,3989,-0.123988,0,0.123988,1.00458,0,-1.00458
1.76291e+09,3990,-0.123825,0,0.123825,1.00456,0,-1.00456
1.76291e+09,3991,-0.12366,0,0.12366,1.00454,0,-1.00454
1.76291e+09,3992,-0.123494,0,0.123494,1.00452,0,-1.00452
1.76291e+09,3993,-0.123326,0,0.123326,1.0045,0,-1.0045
1.76291e+09,3994,-0.123157,0,0.123157,1.00448,0,-1.00448
1.76291e+09,3995,-0.122986,0,0.122986,1.00446,0,-1.00446
1.76291e+09,3996,-0.122814,0,0.122814,1.00444,0,-1.00444
1.76291e+09,3997,-0.12264,0,0.12264,1.00442,0,-1.00442
1.76291e+09,3998,-0.122465,0,0.122465,1.0044,0,-1.0044
1.76291e+09,3999,-0.122288,0,0.122288,1.00438,0,-1.00438
1.76291e+09,4000,-0.12211,0,0.12211,1.00436,0,-1.00436
1.76291e+09,4001,-0.12193,0,0.12193,1.00434,0,-1.00434
1.76291e+09,4002,-0.121749,0,0.121749,1.00432,0,-1.00432
1.76291e+09,4003,-0.121567,0,0.121567,1.00429,0,-1.00429
1.76291e+09,4004,-0.121382,0,0.121382,1.00427,0,-1.00427
1.76291e+09,4005,-0.121197,0,0.121197,1.00425,0,-1.00425
1.76291e+09,4006,-0.121009,0,0.121009,1.00423,0,-1.00423
1.76291e+09,4007,-0.12082,0,0.12082,1.00421,0,-1.00421
1.76291e+09,4008,-0.12063,0,0.12063,1.00419,0,-1.00419
1.76291e+09,4009,-0.120438,0,0.120438,1.00417,0,-1.00417
1.76291e+09,4010,-0.120244,0,0.120244,1.00414,0,-1.00414
1.76291e+09,4011,-0.120049,0,0.120049,1.00412,0,-1.00412
1.76291e+09,4012,-0.119852,0,0.119852,1.0041,0,-1.0041
1.76291e+09,4013,-0.119653,0,0.119653,1.00408,0,-1.00408
1.76291e+09,4014,-0.119453,0,0.119453,1.00405,0,-1.00405
1.76291e+09,4015,-0.119251,0,0.119251,1.00403,0,-1.00403
1.76291e+09,4016,-0.119048,0,0.119048,1.00401,0,-1.00401
1.76291e+09,4017,-0.118843,0,0.118843,1.00398,0,-1.00398
1.76291e+09,4018,-0.118636,0,0.118636,1.00396,0,-1.00396
1.76291e+09,4019,-0.118428,0,0.118428,1.00394,0,-1.00394
1.76291e+09,4020,-0.118218,0,0.118218,1.00391,0,-1.00391
1.76291e+09,4021,-0.118006,0,0.118006,1.00389,0,-1.00389
1.76291e+09,4022,-0.117792,0,0.117792,1.00386,0,-1.00386
1.76291e+09,4023,-0.117577,0,0.117577,1.00384,0,-1.00384
1.76291e+09,4024,-0.11736,0,0.11736,1.00381,0,-1.00381
1.76291e+09,4025,-0.117142,0,0.117142,1.00379,0,-1.00379
1.76291e+09,4026,-0.116921,0,0.116921,1.00376,0,-1.00376
1.76291e+09,4027,-0.116699,0,0.116699,1.00373,0,-1.00373
1.76291e+09,4028,-0.116475,0,0.116475,1.00371,0,-1.00371
1.76291e+09,4029,-0.11625,0,0.11625,1.00368,0,-1.00368
1.76291e+09,4030,-0.116022,0,0.116022,1.00366,0,-1.00366
1.76291e+09,4031,-0.115793,0,0.115793,1.00363,0,-1.00363
1.76291e+09,4032,-0.115562,0,0.115562,1.0036,0,-1.0036
1.76291e+09,4033,-0.115329,0,0.115329,1.00357,0,-1.00357
1.76291e+09,4034,-0.115094,0,0.115094,1.00354,0,-1.00354
1.76291e+09,4035,-0.114858,0,0.114858,1.00352,0,-1.00352
1.76291e+09,4036,-0.11462,0,0.11462,1.00349,0,-1.00349
1.76291e+09,4037,-0.114379,0,0.114379,1.00346,0,-1.00346
1.76291e+09,4038,-0.114137,0,0.114137,1.00343,0,-1.00343
1.76291e+09,4039,-0.113893,0,0.113893,1.0034,0,-1.0034
1.76291e+09,4040,-0.113647,0,0.113647,1.00337,0,-1.00337
1.76291e+09,4041,-0.1134,0,0.1134,1.00333,0,-1.00333
1.76291e+09,4042,-0.11315,0,0.11315,1.0033,0,-1.0033
1.76291e+09,4043,-0.112898,0,0.112898,1.00327,0,-1.00327
1.76291e+09,4044,-0.112645,0,0.112645,1.00324,0,-1.00324
1.76291e+09,4045,-0.112389,0,0.112389,1.00321,0,-1.00321
1.76291e+09,4046,-0.112132,0,0.112132,1.00317,0,-1.00317
1.76291e+09,4047,-0.111873,0,0.111873,1.00314,0,-1.00314
1.76291e+09,4048,-0.111611,0,0.111611,1.0031,0,-1.0031
1.76291e+09,4049,-0.111348,0,0.111348,1.00307,0,-1.00307
1.76291e+09,4050,-0.111082,0,0.111082,1.00303,0,-1.00303
1.76291e+09,4051,-0.110815,0,0.110815,1.003,0,-1.003
1.76291e+09,4052,-0.110546,0,0.110546,1.00296,0,-1.00296
1.76291e+09,4053,-0.110274,0,0.110274,1.00293,0,-1.00293
1.76291e+09,4054,-0.110001,0,0.110001,1.00289,0,-1.00289
1.76291e+09,4055,-0.109725,0,0.109725,1.00285,0,-1.00285
1.76291e+09,4056,-0.109447,0,0.109447,1.00281,0,-1.00281
1.76291e+09,4057,-0.109168,0,0.109168,1.00277,0,-1.00277
1.76291e+09,4058,-0.108886,0,0.108886,1.00273,0,-1.00273
1.76291e+09,4059,-0.108602,0,0.108602,1.00269,0,-1.00269
1.76291e+09,4060,-0.108316,0,0.108316,1.00265,0,-1.00265
1.76291e+09,4061,-0.108027,0,0.108027,1.00261,0,-1.00261
1.76291e+09,4062,-0.107737,0,0.107737,1.00257,0,-1.00257
1.76291e+09,4063,-0.107444,0,0.107444,1.00252,0,-1.00252
1.76291e+09,4064,-0.107149,0,0.107149,1.00248,0,-1.00248
1.76291e+09,4065,-0.106852,0,0.106852,1.00243,0,-1.00243
1.76291e+09,4066,-0.106553,0,0.106553,1.00239,0,-1.00239
1.76291e+09,4067,-0.106252,0,0.106252,1.00234,0,-1.00234
1.76291e+09,4068,-0.105948,0,0.105948,1.0023,0,-1.0023
1.76291e+09,4069,-0.105642,0,0.105642,1.00225,0,-1.00225
1.76291e+09,4070,-0.105333,0,0.105333,1.0022,0,-1.0022
1.76291e+09,4071,-0.105023,0,0.105023,1.00215,0,-1.00215
1.76291e+09,4072,-0.10471,0,0.10471,1.0021,0,-1.0021
1.76291e+09,4073,-0.104395,0,0.104395,1.00205,0,-1.00205
1.76291e+09,4074,-0.104077,0,0.104077,1.002,0,-1.002
1.76291e+09,4075,-0.103757,0,0.103757,1.00195,0,-1.00195
1.76291e+09,4076,-0.103435,0,0.103435,1.00189,0,-1.00189
1.76291e+09,4077,-0.10311,0,0.10311,1.00184,0,-1.00184
1.76291e+09,4078,-0.102783,0,0.102783,1.00178,0,-1.00178
1.76291e+09,4079,-0.102453,0,0.102453,1.00173,0,-1.00173
1.76291e+09,4080,-0.102116,0,0.102116,1.00165,0,-1.00165
1.76291e+09,4081,-0.101775,0,0.101775,1.00158,0,-1.00158
1.76291e+09,4082,-0.101433,0,0.101433,1.0015,0,-1.0015
1.76291e+09,4083,-0.101088,0,0.101088,1.00142,0,-1.00142
1.76291e+09,4084,-0.10074,0,0.10074,1.00134,0,-1.00134
1.76291e+09,4085,-0.100391,0,0.100391,1.00126,0,-1.00126
1.76291e+09,4086,-0.100038,0,0.100038,1.00118,0,-1.00118
1.76291e+09,4087,-0.0996838,0,0.0996838,1.0011,0,-1.0011
1.76291e+09,4088,-0.0993268,0,0.0993268,1.00102,0,-1.00102
1.76291e+09,4089,-0.0989673,0,0.0989673,1.00093,0,-1.00093
1.76291e+09,4090,-0.0986055,0,0.0986055,1.00085,0,-1.00085
1.76291e+09,4091,-0.0982412,0,0.0982412,1.00076,0,-1.00076
1.76291e+09,4092,-0.0978746,0,0.0978746,1.00067,0,-1.00067
1.76291e+09,4093,-0.0975056,0,0.0975056,1.00058,0,-1.00058
1.76291e+09,4094,-0.0971342,0,0.0971342,1.00049,0,-1.00049
1.76291e+09,4095,-0.0967604,0,0.0967604,1.0004,0,-1.0004
1.76291e+09,4096,-0.0963844,0,0.0963844,1.00031,0,-1.00031
1.76291e+09,4097,-0.096006,0,0.096006,1.00021,0,-1.00021
1.76291e+09,4098,-0.0956253,0,0.0956253,1.00012,0,-1.00012
1.76291e+09,4099,-0.0952424,0,0.0952424,1.00002,0,-1.00002
1.76291e+09,4100,-0.0948572,0,0.0948572,0.999926,0,-0.999926
1.76291e+09,4101,-0.0944698,0,0.0944698,0.999827,0,-0.999827
1.76291e+09,4102,-0.0940802,0,0.0940802,0.999727,0,-0.999727
1.76291e+09,4103,-0.0936884,0,0.0936884,0.999625,0,-0.999625
1.76291e+09,4104,-0.0932945,0,0.0932945,0.999523,0,-0.999523
1.76291e+09,4105,-0.0928986,0,0.0928986,0.999418,0,-0.999418
1.76291e+09,4106,-0.0925005,0,0.0925005,0.999313,0,-0.999313
1.76291e+09,4107,-0.0921005,0,0.0921005,0.999206,0,-0.999206
1.76291e+09,4108,-0.0916985,0,0.0916985,0.999098,0,-0.999098
1.76291e+09,4109,-0.0912945,0,0.0912945,0.998989,0,-0.998989
1.76291e+09,4110,-0.0908887,0,0.0908887,0.998878,0,-0.998878
1.76291e+09,4111,-0.090481,0,0.090481,0.998766,0,-0.998766
1.76291e+09,4112,-0.0900715,0,0.0900715,0.998652,0,-0.998652
1.76291e+09,4113,-0.0896602,0,0.0896602,0.998537,0,-0.998537
1.76291e+09,4114,-0.0892473,0,0.0892473,0.998421,0,-0.998421
1.76291e+09,4115,-0.0888326,0,0.0888326,0.998303,0,-0.998303
1.76291e+09,4116,-0.0884164,0,0.0884164,0.998184,0,-0.998184
1.76291e+09,4117,-0.0879986,0,0.0879986,0.998063,0,-0.998063
1.76291e+09,4118,-0.0875794,0,0.0875794,0.997941,0,-0.997941
1.76291e+09,4119,-0.0871587,0,0.0871587,0.997818,0,-0.997818
1.76291e+09,4120,-0.0867366,0,0.0867366,0.997693,0,-0.997693
1.76291e+09,4121,-0.0863131,0,0.0863131,0.997567,0,-0.997567
1.76291e+09,4122,-0.0858885,0,0.0858885,0.997439,0,-0.997439
1.76291e+09,4123,-0.0854625,0,0.0854625,0.99731,0,-0.99731
1.76291e+09,4124,-0.0850355,0,0.0850355,0.99718,0,-0.99718
1.76291e+09,4125,-0.0846073,0,0.0846073,0.997048,0,-0.997048
1.76291e+09,4126,-0.0841782,0,0.0841782,0.996915,0,-0.996915
1.76291e+09,4127,-0.083748,0,0.083748,0.99678,0,-0.99678
1.76291e+09,4128,-0.083317,0,0.083317,0.996644,0,-0.996644
1.76291e+09,4129,-0.0828851,0,0.0828851,0.996507,0,-0.996507
1.76291e+09,4130,-0.0824525,0,0.0824525,0.996368,0,-0.996368
1.76291e+09,4131,-0.0820191,0,0.0820191,0.996228,0,-0.996228
1.76291e+09,4132,-0.0815851,0,0.0815851,0.996086,0,-0.996086
1.76291e+09,4133,-0.0811505,0,0.0811505,0.995943,0,-0.995943
1.76291e+09,4134,-0.0807154,0,0.0807154,0.995799,0,-0.995799
1.76291e+09,4135,-0.0802799,0,0.0802799,0.995654,0,-0.995654
1.76291e+09,4136,-0.079844,0,0.079844,0.995507,0,-0.995507
1.76291e+09,4137,-0.0794077,0,0.0794077,0.995359,0,-0.995359
1.76291e+09,4138,-0.0789713,0,0.0789713,0.995209,0,-0.995209
1.76291e+09,4139,-0.0785346,0,0.0785346,0.995058,0,-0.995058
1.76291e+09,4140,-0.0780979,0,0.0780979,0.994907,0,-0.994907
1.76291e+09,4141,-0.0776611,0,0.0776611,0.994753,0,-0.994753
1.76291e+09,4142,-0.0772243,0,0.0772243,0.994599,0,-0.994599
1.76291e+09,4143,-0.0767877,0,0.0767877,0.994443,0,-0.994443
1.76291e+09,4144,-0.0763512,0,0.0763512,0.994286,0,-0.994286
1.76291e+09,4145,-0.0759149,0,0.0759149,0.994128,0,-0.994128
1.76291e+09,4146,-0.075479,0,0.075479,0.993969,0,-0.993969
1.76291e+09,4147,-0.0750434,0,0.0750434,0.993809,0,-0.993809
1.76291e+09,4148,-0.0746082,0,0.0746082,0.993648,0,-0.993648
1.76291e+09,4149,-0.0741736,0,0.0741736,0.993485,0,-0.993485
1.76291e+09,4150,-0.0737395,0,0.0737395,0.993322,0,-0.993322
1.76291e+09,4151,-0.0733061,0,0.0733061,0.993157,0,-0.993157
1.76291e+09,4152,-0.0728733,0,0.0728733,0.992991,0,-0.992991
1.76291e+09,4153,-0.0724414,0,0.0724414,0.992825,0,-0.992825
1.76291e+09,4154,-0.0720102,0,0.0720102,0.992657,0,-0.992657
1.76291e+09,4155,-0.07158,0,0.07158,0.992489,0,-0.992489
1.76291e+09,4156,-0.0711507,0,0.0711507,0.992319,0,-0.992319
1.76291e+09,4157,-0.0707224,0,0.0707224,0.992149,0,-0.992149
1.76291e+09,4158,-0.0702953,0,0.0702953,0.991977,0,-0.991977
1.76291e+09,4159,-0.0698693,0,0.0698693,0.991805,0,-0.991805
1.76291e+09,4160,-0.0694445,0,0.0694445,0.991632,0,-0.991632
1.76291e+09,4161,-0.0690209,0,0.0690209,0.991459,0,-0.991459
1.76291e+09,4162,-0.0685987,0,0.0685987,0.991284,0,-0.991284
1.76291e+09,4163,-0.0681779,0,0.0681779,0.991109,0,-0.991109
1.76291e+09,4164,-0.0677586,0,0.0677586,0.990933,0,-0.990933
1.76291e+09,4165,-0.0673407,0,0.0673407,0.990757,0,-0.990757
1.76291e+09,4166,-0.0669244,0,0.0669244,0.990579,0,-0.990579
1.76291e+09,4167,-0.0665097,0,0.0665097,0.990402,0,-0.990402
1.76291e+09,4168,-0.0660967,0,0.0660967,0.990223,0,-0.990223
1.76291e+09,4169,-0.0656854,0,0.0656854,0.990044,0,-0.990044
1.76291e+09,4170,-0.0652758,0,0.0652758,0.989865,0,-0.989865
1.76291e+09,4171,-0.0648681,0,0.0648681,0.989685,0,-0.989685
1.76291e+09,4172,-0.0644623,0,0.0644623,0.989504,0,-0.989504
1.76291e+09,4173,-0.0640583,0,0.0640583,0.989323,0,-0.989323
1.76291e+09,4174,-0.0636563,0,0.0636563,0.989142,0,-0.989142
1.76291e+09,4175,-0.0632563,0,0.0632563,0.98896,0,-0.98896
1.76291e+09,4176,-0.0628584,0,0.0628584,0.988778,0,-0.988778
1.76291e+09,4177,-0.0624625,0,0.0624625,0.988595,0,-0.988595
1.76291e+09,4178,-0.0620688,0,0.0620688,0.988412,0,-0.988412
1.76291e+09,4179,-0.0616772,0,0.0616772,0.988229,0,-0.988229
1.76291e+09,4180,-0.0612878,0,0.0612878,0.988046,0,-0.988046
1.76291e+09,4181,-0.0609006,0,0.0609006,0.987862,0,-0.987862
1.76291e+09,4182,-0.0605157,0,0.0605157,0.987679,0,-0.987679
1.76291e+09,4183,-0.0601331,0,0.0601331,0.987495,0,-0.987495
1.76291e+09,4184,-0.0597527,0,0.0597527,0.987311,0,-0.987311
1.76291e+09,4185,-0.0593747,0,0.0593747,0.987127,0,-0.987127
1.76291e+09,4186,-0.0589991,0,0.0589991,0.986942,0,-0.986942
1.76291e+09,4187,-0.0586258,0,0.0586258,0.986758,0,-0.986758
1.76291e+09,4188,-0.058255,0,0.058255,0.986573,0,-0.986573
1.76291e+09,4189,-0.0578865,0,0.0578865,0.986389,0,-0.986389
1.76291e+09,4190,-0.0575205,0,0.0575205,0.986205,0,-0.986205
1.76291e+09,4191,-0.0571569,0,0.0571569,0.98602,0,-0.98602
1.76291e+09,4192,-0.0567958,0,0.0567958,0.985836,0,-0.985836
1.76291e+09,4193,-0.0564371,0,0.0564371,0.985651,0,-0.985651
1.76291e+09,4194,-0.0560809,0,0.0560809,0.985467,0,-0.985467
1.76291e+09,4195,-0.0557272,0,0.0557272,0.985283,0,-0.985283
1.76291e+09,4196,-0.0553759,0,0.0553759,0.985099,0,-0.985099
1.76291e+09,4197,-0.0550271,0,0.0550271,0.984915,0,-0.984915
1.76291e+09,4198,-0.0546808,0,0.0546808,0.984731,0,-0.984731
1.76291e+09,4199,-0.0543369,0,0.0543369,0.984547,0,-0.984547
1.76291e+09,4200,-0.0540735,0,0.0540735,0.989285,0,-0.989285
1.76291e+09,4201,-0.0538118,0,0.0538118,0.994007,0,-0.994007
1.76291e+09,4202,-0.0535518,0,0.0535518,0.998713,0,-0.998713
1.76291e+09,4203,-0.0532934,0,0.0532934,1.0034,0,-1.0034
1.76291e+09,4204,-0.0530368,0,0.0530368,1.00807,0,-1.00807
1.76291e+09,4205,-0.0527819,0,0.0527819,1.01273,0,-1.01273
1.76291e+09,4206,-0.0525286,0,0.0525286,1.01737,0,-1.01737
1.76291e+09,4207,-0.052277,0,0.052277,1.02199,0,-1.02199
1.76291e+09,4208,-0.0520271,0,0.0520271,1.0266,0,-1.0266
1.76291e+09,4209,-0.0517788,0,0.0517788,1.03119,0,-1.03119
1.76291e+09,4210,-0.0515322,0,0.0515322,1.03577,0,-1.03577
1.76291e+09,4211,-0.0512873,0,0.0512873,1.04033,0,-1.04033
1.76291e+09,4212,-0.0510439,0,0.0510439,1.04487,0,-1.04487
1.76291e+09,4213,-0.0508022,0,0.0508022,1.0494,0,-1.0494
1.76291e+09,4214,-0.0505621,0,0.0505621,1.05391,0,-1.05391
1.76291e+09,4215,-0.0503236,0,0.0503236,1.05841,0,-1.05841
1.76291e+09,4216,-0.0500867,0,0.0500867,1.06289,0,-1.06289
1.76291e+09,4217,-0.0498514,0,0.0498514,1.06735,0,-1.06735
1.76291e+09,4218,-0.0496176,0,0.0496176,1.0718,0,-1.0718
1.76291e+09,4219,-0.0493854,0,0.0493854,1.07623,0,-1.07623
1.76291e+09,4220,-0.0491547,0,0.0491547,1.08065,0,-1.08065
1.76291e+09,4221,-0.0489256,0,0.0489256,1.08505,0,-1.08505
1.76291e+09,4222,-0.0486981,0,0.0486981,1.08943,0,-1.08943
1.76291e+09,4223,-0.048472,0,0.048472,1.0938,0,-1.0938
1.76291e+09,4224,-0.0482474,0,0.0482474,1.09816,0,-1.09816
1.76291e+09,4225,-0.0480244,0,0.0480244,1.10249,0,-1.10249
1.76291e+09,4226,-0.0478028,0,0.0478028,1.10682,0,-1.10682
1.76291e+09,4227,-0.0475828,0,0.0475828,1.11112,0,-1.11112
1.76291e+09,4228,-0.0473641,0,0.0473641,1.11541,0,-1.11541
1.76291e+09,4229,-0.047147,0,0.047147,1.11969,0,-1.11969
1.76291e+09,4230,-0.0469313,0,0.0469313,1.12394,0,-1.12394
1.76291e+09,4231,-0.0467171,0,0.0467171,1.12819,0,-1.12819
1.76291e+09,4232,-0.0465043,0,0.0465043,1.13241,0,-1.13241
1.76291e+09,4233,-0.0462929,0,0.0462929,1.13663,0,-1.13663
1.76291e+09,4234,-0.0460829,0,0.0460829,1.14082,0,-1.14082
1.76291e+09,4235,-0.0458744,0,0.0458744,1.145,0,-1.145
1.76291e+09,4236,-0.0456672,0,0.0456672,1.14916,0,-1.14916
1.76291e+09,4237,-0.0454615,0,0.0454615,1.15331,0,-1.15331
1.76291e+09,4238,-0.0452571,0,0.0452571,1.15745,0,-1.15745
1.76291e+09,4239,-0.0450542,0,0.0450542,1.16156,0,-1.16156
1.76291e+09,4240,-0.0448525,0,0.0448525,1.16566,0,-1.16566
1.76291e+09,4241,-0.0446523,0,0.0446523,1.16975,0,-1.16975
1.76291e+09,4242,-0.0444534,0,0.0444534,1.17382,0,-1.17382
1.76291e+09,4243,-0.0442559,0,0.0442559,1.17787,0,-1.17787
1.76291e+09,4244,-0.0440597,0,0.0440597,1.18191,0,-1.18191
1.76291e+09,4245,-0.0438649,0,0.0438649,1.18593,0,-1.18593
1.76291e+09,4246,-0.0436713,0,0.0436713,1.18993,0,-1.18993
1.76291e+09,4247,-0.0434791,0,0.0434791,1.19392,0,-1.19392
1.76291e+09,4248,-0.0432883,0,0.0432883,1.1979,0,-1.1979
1.76291e+09,4249,-0.0430987,0,0.0430987,1.20186,0,-1.20186
1.76291e+09,4250,-0.0429104,0,0.0429104,1.2058,0,-1.2058
1.76291e+09,4251,-0.0427234,0,0.0427234,1.20972,0,-1.20972
1.76291e+09,4252,-0.0425377,0,0.0425377,1.21363,0,-1.21363
1.76291e+09,4253,-0.0423533,0,0.0423533,1.21753,0,-1.21753
1.76291e+09,4254,-0.0421702,0,0.0421702,1.22141,0,-1.22141
1.76291e+09,4255,-0.0419883,0,0.0419883,1.22527,0,-1.22527
1.76291e+09,4256,-0.0418077,0,0.0418077,1.22911,0,-1.22911
1.76291e+09,4257,-0.0416284,0,0.0416284,1.23294,0,-1.23294
1.76291e+09,4258,-0.0414503,0,0.0414503,1.23676,0,-1.23676
1.76291e+09,4259,-0.0412735,0,0.0412735,1.24055,0,-1.24055
1.76291e+09,4260,-0.0410979,0,0.0410979,1.24433,0,-1.24433
1.76291e+09,4261,-0.0409235,0,0.0409235,1.2481,0,-1.2481
1.76291e+09,4262,-0.0407504,0,0.0407504,1.25185,0,-1.25185
1.76291e+09,4263,-0.0405784,0,0.0405784,1.25558,0,-1.25558
1.76291e+09,4264,-0.0404077,0,0.0404077,1.25929,0,-1.25929
1.76291e+09,4265,-0.0402382,0,0.0402382,1.26299,0,-1.26299
1.76291e+09,4266,-0.0400699,0,0.0400699,1.26668,0,-1.26668
1.76291e+09,4267,-0.0399029,0,0.0399029,1.27034,0,-1.27034
1.76291e+09,4268,-0.039737,0,0.039737,1.27399,0,-1.27399
1.76291e+09,4269,-0.0395722,0,0.0395722,1.27763,0,-1.27763
1.76291e+09,4270,-0.0394087,0,0.0394087,1.28125,0,-1.28125
1.76291e+09,4271,-0.0392464,0,0.0392464,1.28485,0,-1.28485
1.76291e+09,4272,-0.0390852,0,0.0390852,1.28843,0,-1.28843
1.76291e+09,4273,-0.0389252,0,0.0389252,1.292,0,-1.292
1.76291e+09,4274,-0.0387663,0,0.0387663,1.29555,0,-1.29555
1.76291e+09,4275,-0.0386087,0,0.0386087,1.29908,0,-1.29908
1.76291e+09,4276,-0.0384521,0,0.0384521,1.3026,0,-1.3026
1.76291e+09,4277,-0.0382967,0,0.0382967,1.3061,0,-1.3061
1.76291e+09,4278,-0.0381425,0,0.0381425,1.30959,0,-1.30959
1.76291e+09,4279,-0.0379894,0,0.0379894,1.31305,0,-1.31305
1.76291e+09,4280,-0.0378374,0,0.0378374,1.3165,0,-1.3165
1.76291e+09,4281,-0.0376866,0,0.0376866,1.31994,0,-1.31994
1.76291e+09,4282,-0.0375369,0,0.0375369,1.32335,0,-1.32335
1.76291e+09,4283,-0.0373883,0,0.0373883,1.32675,0,-1.32675
1.76291e+09,4284,-0.0372408,0,0.0372408,1.33014,0,-1.33014
1.76291e+09,4285,-0.0370944,0,0.0370944,1.3335,0,-1.3335
1.76291e+09,4286,-0.0369492,0,0.0369492,1.33685,0,-1.33685
1.76291e+09,4287,-0.036805,0,0.036805,1.34018,0,-1.34018
1.76291e+09,4288,-0.0366619,0,0.0366619,1.3435,0,-1.3435
1.76291e+09,4289,-0.03652,0,0.03652,1.34679,0,-1.34679
1.76291e+09,4290,-0.0363791,0,0.0363791,1.35007,0,-1.35007
1.76291e+09,4291,-0.0362393,0,0.0362393,1.35334,0,-1.35334
1.76291e+09,4292,-0.0361006,0,0.0361006,1.35658,0,-1.35658
1.76291e+09,4293,-0.035963,0,0.035963,1.35981,0,-1.35981
1.76291e+09,4294,-0.0358265,0,0.0358265,1.36302,0,-1.36302
1.76291e+09,4295,-0.035691,0,0.035691,1.36622,0,-1.36622
1.76291e+09,4296,-0.0355566,0,0.0355566,1.36939,0,-1.36939
1.76291e+09,4297,-0.0354232,0,0.0354232,1.37255,0,-1.37255
1.76291e+09,4298,-0.0352909,0,0.0352909,1.37569,0,-1.37569
1.76291e+09,4299,-0.0351597,0,0.0351597,1.37881,0,-1.37881
1.76291e+09,4300,-0.0350295,0,0.0350295,1.38192,0,-1.38192
1.76291e+09,4301,-0.0349004,0,0.0349004,1.38501,0,-1.38501
1.76291e+09,4302,-0.0347723,0,0.0347723,1.38808,0,-1.38808
1.76291e+09,4303,-0.0346453,0,0.0346453,1.39113,0,-1.39113
1.76291e+09,4304,-0.0345193,0,0.0345193,1.39417,0,-1.39417
1.76291e+09,4305,-0.0343944,0,0.0343944,1.39718,0,-1.39718
1.76291e+09,4306,-0.0342704,0,0.0342704,1.40018,0,-1.40018
1.76291e+09,4307,-0.0341475,0,0.0341475,1.40316,0,-1.40316
1.76291e+09,4308,-0.0340257,0,0.0340257,1.40613,0,-1.40613
1.76291e+09,4309,-0.0339048,0,0.0339048,1.40907,0,-1.40907
1.76291e+09,4310,-0.033785,0,0.033785,1.412,0,-1.412
1.76291e+09,4311,-0.0336662,0,0.0336662,1.41491,0,-1.41491
1.76291e+09,4312,-0.0335484,0,0.0335484,1.4178,0,-1.4178
1.76291e+09,4313,-0.0334317,0,0.0334317,1.42067,0,-1.42067
1.76291e+09,4314,-0.0333159,0,0.0333159,1.42353,0,-1.42353
1.76291e+09,4315,-0.0332011,0,0.0332011,1.42637,0,-1.42637
1.76291e+09,4316,-0.0330874,0,0.0330874,1.42918,0,-1.42918
1.76291e+09,4317,-0.0329747,0,0.0329747,1.43198,0,-1.43198
1.76291e+09,4318,-0.0328629,0,0.0328629,1.43477,0,-1.43477
1.76291e+09,4319,-0.0327522,0,0.0327522,1.43753,0,-1.43753
1.76291e+09,4320,-0.0326424,0,0.0326424,1.44027,0,-1.44027
1.76291e+09,4321,-0.0325336,0,0.0325336,1.443,0,-1.443
1.76291e+09,4322,-0.0324259,0,0.0324259,1.44571,0,-1.44571
1.76291e+09,4323,-0.0323191,0,0.0323191,1.4484,0,-1.4484
1.76291e+09,4324,-0.0322133,0,0.0322133,1.45107,0,-1.45107
1.76291e+09,4325,-0.0321084,0,0.0321084,1.45372,0,-1.45372
1.76291e+09,4326,-0.0320046,0,0.0320046,1.45635,0,-1.45635
1.76291e+09,4327,-0.0319017,0,0.0319017,1.45897,0,-1.45897
1.76291e+09,4328,-0.0317999,0,0.0317999,1.46156,0,-1.46156
1.76291e+09,4329,-0.0316989,0,0.0316989,1.46414,0,-1.46414
1.76291e+09,4330,-0.031599,0,0.031599,1.4667,0,-1.4667
1.76291e+09,4331,-0.0315,0,0.0315,1.46923,0,-1.46923
1.76291e+09,4332,-0.031402,0,0.031402,1.47175,0,-1.47175
1.76291e+09,4333,-0.031305,0,0.031305,1.47425,0,-1.47425
1.76291e+09,4334,-0.0312089,0,0.0312089,1.47674,0,-1.47674
1.76291e+09,4335,-0.0311138,0,0.0311138,1.4792,0,-1.4792
1.76291e+09,4336,-0.0310196,0,0.0310196,1.48164,0,-1.48164
1.76291e+09,4337,-0.0309264,0,0.0309264,1.48407,0,-1.48407
1.76291e+09,4338,-0.0308342,0,0.0308342,1.48647,0,-1.48647
1.76291e+09,4339,-0.0307429,0,0.0307429,1.48886,0,-1.48886
1.76291e+09,4340,-0.0306526,0,0.0306526,1.49122,0,-1.49122
1.76291e+09,4341,-0.0305632,0,0.0305632,1.49357,0,-1.49357
1.76291e+09,4342,-0.0304748,0,0.0304748,1.4959,0,-1.4959
1.76291e+09,4343,-0.0303873,0,0.0303873,1.49821,0,-1.49821
1.76291e+09,4344,-0.0303007,0,0.0303007,1.50049,0,-1.50049
1.76291e+09,4345,-0.0302151,0,0.0302151,1.50276,0,-1.50276
1.76291e+09,4346,-0.0301305,0,0.0301305,1.50501,0,-1.50501
1.76291e+09,4347,-0.0300468,0,0.0300468,1.50724,0,-1.50724
1.76291e+09,4348,-0.029964,0,0.029964,1.50945,0,-1.50945
1.76291e+09,4349,-0.0298822,0,0.0298822,1.51164,0,-1.51164
1.76291e+09,4350,-0.0298013,0,0.0298013,1.51381,0,-1.51381
1.76291e+09,4351,-0.0297213,0,0.0297213,1.51596,0,-1.51596
1.76291e+09,4352,-0.0296423,0,0.0296423,1.51809,0,-1.51809
1.76291e+09,4353,-0.0295642,0,0.0295642,1.52021,0,-1.52021
1.76291e+09,4354,-0.029487,0,0.029487,1.5223,0,-1.5223
1.76291e+09,4355,-0.0294108,0,0.0294108,1.52437,0,-1.52437
1.76291e+09,4356,-0.0293355,0,0.0293355,1.52642,0,-1.52642
1.76291e+09,4357,-0.0292611,0,0.0292611,1.52845,0,-1.52845
1.76291e+09,4358,-0.0291877,0,0.0291877,1.53046,0,-1.53046
1.76291e+09,4359,-0.0291152,0,0.0291152,1.53245,0,-1.53245
1.76291e+09,4360,-0.0290436,0,0.0290436,1.53442,0,-1.53442
1.76291e+09,4361,-0.0289729,0,0.0289729,1.53637,0,-1.53637
1.76291e+09,4362,-0.0289032,0,0.0289032,1.5383,0,-1.5383
1.76291e+09,4363,-0.0288343,0,0.0288343,1.54021,0,-1.54021
1.76291e+09,4364,-0.0287664,0,0.0287664,1.5421,0,-1.5421
1.76291e+09,4365,-0.0286994,0,0.0286994,1.54397,0,-1.54397
1.76291e+09,4366,-0.0286334,0,0.0286334,1.54582,0,-1.54582
1.76291e+09,4367,-0.0285682,0,0.0285682,1.54765,0,-1.54765
1.76291e+09,4368,-0.028504,0,0.028504,1.54945,0,-1.54945
1.76291e+09,4369,-0.0284407,0,0.0284407,1.55124,0,-1.55124
1.76291e+09,4370,-0.0283783,0,0.0283783,1.55301,0,-1.55301
1.76291e+09,4371,-0.0283168,0,0.0283168,1.55475,0,-1.55475
1.76291e+09,4372,-0.0282562,0,0.0282562,1.55648,0,-1.55648
1.76291e+09,4373,-0.0281965,0,0.0281965,1.55818,0,-1.55818
1.76291e+09,4374,-0.0281378,0,0.0281378,1.55986,0,-1.55986
1.76291e+09,4375,-0.0280799,0,0.0280799,1.56153,0,-1.56153
1.76291e+09,4376,-0.028023,0,0.028023,1.56317,0,-1.56317
1.76291e+09,4377,-0.027967,0,0.027967,1.56479,0,-1.56479
1.76291e+09,4378,-0.0279118,0,0.0279118,1.56639,0,-1.56639
1.76291e+09,4379,-0.0278576,0,0.0278576,1.56797,0,-1.56797
1.76291e+09,4380,-0.0278043,0,0.0278043,1.56953,0,-1.56953
1.76291e+09,4381,-0.0277519,0,0.0277519,1.57106,0,-1.57106
1.76291e+09,4382,-0.0277004,0,0.0277004,1.57258,0,-1.57258
1.76291e+09,4383,-0.0276498,0,0.0276498,1.57408,0,-1.57408
1.76291e+09,4384,-0.0276002,0,0.0276002,1.57555,0,-1.57555
1.76291e+09,4385,-0.0275514,0,0.0275514,1.577,0,-1.577
1.76291e+09,4386,-0.0275035,0,0.0275035,1.57843,0,-1.57843
1.76291e+09,4387,-0.0274565,0,0.0274565,1.57984,0,-1.57984
1.76291e+09,4388,-0.0274105,0,0.0274105,1.58123,0,-1.58123
1.76291e+09,4389,-0.0273653,0,0.0273653,1.5826,0,-1.5826
1.76291e+09,4390,-0.027321,0,0.027321,1.58395,0,-1.58395
1.76291e+09,4391,-0.0272776,0,0.0272776,1.58527,0,-1.58527
1.76291e+09,4392,-0.0272352,0,0.0272352,1.58658,0,-1.58658
1.76291e+09,4393,-0.0271936,0,0.0271936,1.58786,0,-1.58786
1.76291e+09,4394,-0.0271529,0,0.0271529,1.58912,0,-1.58912
1.76291e+09,4395,-0.0271132,0,0.0271132,1.59036,0,-1.59036
1.76291e+09,4396,-0.0270743,0,0.0270743,1.59158,0,-1.59158
1.76291e+09,4397,-0.0270363,0,0.0270363,1.59277,0,-1.59277
1.76291e+09,4398,-0.0269992,0,0.0269992,1.59395,0,-1.59395
1.76291e+09,4399,-0.026963,0,0.026963,1.5951,0,-1.5951
1.76291e+09,4400,-0.0269277,0,0.0269277,1.59623,0,-1.59623
1.76291e+09,4401,-0.0268933,0,0.0268933,1.59734,0,-1.59734
1.76291e+09,4402,-0.0268598,0,0.0268598,1.59843,0,-1.59843
1.76291e+09,4403,-0.0268272,0,0.0268272,1.59949,0,-1.59949
1.76291e+09,4404,-0.0267955,0,0.0267955,1.60054,0,-1.60054
1.76291e+09,4405,-0.0267647,0,0.0267647,1.60156,0,-1.60156
1.76291e+09,4406,-0.0267348,0,0.0267348,1.60256,0,-1.60256
1.76291e+09,4407,-0.0267058,0,0.0267058,1.60354,0,-1.60354
1.76291e+09,4408,-0.0266776,0,0.0266776,1.60449,0,-1.60449
1.76291e+09,4409,-0.0266504,0,0.0266504,1.60543,0,-1.60543
1.76291e+09,4410,-0.026624,0,0.026624,1.60634,0,-1.60634
1.76291e+09,4411,-0.0265986,0,0.0265986,1.60723,0,-1.60723
1.76291e+09,4412,-0.026574,0,0.026574,1.6081,0,-1.6081
1.76291e+09,4413,-0.0265503,0,0.0265503,1.60895,0,-1.60895
1.76291e+09,4414,-0.0265276,0,0.0265276,1.60977,0,-1.60977
1.76291e+09,4415,-0.0265057,0,0.0265057,1.61058,0,-1.61058
1.76291e+09,4416,-0.0264847,0,0.0264847,1.61136,0,-1.61136
1.76291e+09,4417,-0.0264646,0,0.0264646,1.61211,0,-1.61211
1.76291e+09,4418,-0.0264453,0,0.0264453,1.61285,0,-1.61285
1.76291e+09,4419,-0.026427,0,0.026427,1.61357,0,-1.61357
1.76291e+09,4420,-0.0264096,0,0.0264096,1.61426,0,-1.61426
1.76291e+09,4421,-0.026393,0,0.026393,1.61493,0,-1.61493
1.76291e+09,4422,-0.0263773,0,0.0263773,1.61557,0,-1.61557
1.76291e+09,4423,-0.0263626,0,0.0263626,1.6162,0,-1.6162
1.76291e+09,4424,-0.0263487,0,0.0263487,1.6168,0,-1.6168
1.76291e+09,4425,-0.0263357,0,0.0263357,1.61738,0,-1.61738
1.76291e+09,4426,-0.0263236,0,0.0263236,1.61794,0,-1.61794
1.76291e+09,4427,-0.0263124,0,0.0263124,1.61848,0,-1.61848
1.76291e+09,4428,-0.026302,0,0.026302,1.61899,0,-1.61899
1.76291e+09,4429,-0.0262926,0,0.0262926,1.61948,0,-1.61948
1.76291e+09,4430,-0.026284,0,0.026284,1.61995,0,-1.61995
1.76291e+09,4431,-0.0262764,0,0.0262764,1.62039,0,-1.62039
1.76291e+09,4432,-0.0262696,0,0.0262696,1.62082,0,-1.62082
1.76291e+09,4433,-0.0262637,0,0.0262637,1.62122,0,-1.62122
1.76291e+09,4434,-0.0262587,0,0.0262587,1.6216,0,-1.6216
1.76291e+09,4435,-0.0262546,0,0.0262546,1.62195,0,-1.62195
1.76291e+09,4436,-0.0262513,0,0.0262513,1.62229,0,-1.62229
1.76291e+09,4437,-0.026249,0,0.026249,1.6226,0,-1.6226
1.76291e+09,4438,-0.0262475,0,0.0262475,1.62289,0,-1.62289
1.76291e+09,4439,-0.026247,0,0.026247,1.62315,0,-1.62315
1.76291e+09,4440,-0.0262473,0,0.0262473,1.6234,0,-1.6234
1.76291e+09,4441,-0.0262485,0,0.0262485,1.62362,0,-1.62362
1.76291e+09,4442,-0.0262506,0,0.0262506,1.62382,0,-1.62382
1.76291e+09,4443,-0.0262535,0,0.0262535,1.62399,0,-1.62399
1.76291e+09,4444,-0.0262574,0,0.0262574,1.62415,0,-1.62415
1.76291e+09,4445,-0.0262621,0,0.0262621,1.62428,0,-1.62428
1.76291e+09,4446,-0.0262678,0,0.0262678,1.62438,0,-1.62438
1.76291e+09,4447,-0.0262743,0,0.0262743,1.62447,0,-1.62447
1.76291e+09,4448,-0.0262817,0,0.0262817,1.62453,0,-1.62453
1.76291e+09,4449,-0.02629,0,0.02629,1.62457,0,-1.62457
1.76291e+09,4450,-0.0262991,0,0.0262991,1.62459,0,-1.62459
1.76291e+09,4451,-0.0263092,0,0.0263092,1.62458,0,-1.62458
1.76291e+09,4452,-0.0263201,0,0.0263201,1.62455,0,-1.62455
1.76291e+09,4453,-0.026332,0,0.026332,1.6245,0,-1.6245
1.76291e+09,4454,-0.0263447,0,0.0263447,1.62443,0,-1.62443
1.76291e+09,4455,-0.0263583,0,0.0263583,1.62433,0,-1.62433
1.76291e+09,4456,-0.0263728,0,0.0263728,1.62421,0,-1.62421
1.76291e+09,4457,-0.0263881,0,0.0263881,1.62407,0,-1.62407
1.76291e+09,4458,-0.0264044,0,0.0264044,1.62391,0,-1.62391
1.76291e+09,4459,-0.0264215,0,0.0264215,1.62372,0,-1.62372
1.76291e+09,4460,-0.0264395,0,0.0264395,1.62351,0,-1.62351
1.76291e+09,4461,-0.0264585,0,0.0264585,1.62328,0,-1.62328
1.76291e+09,4462,-0.0264783,0,0.0264783,1.62302,0,-1.62302
1.76291e+09,4463,-0.0264989,0,0.0264989,1.62274,0,-1.62274
1.76291e+09,4464,-0.0265205,0,0.0265205,1.62244,0,-1.62244
1.76291e+09,4465,-0.0265429,0,0.0265429,1.62212,0,-1.62212
1.76291e+09,4466,-0.0265663,0,0.0265663,1.62177,0,-1.62177
1.76291e+09,4467,-0.0265905,0,0.0265905,1.6214,0,-1.6214
1.76291e+09,4468,-0.0266156,0,0.0266156,1.62101,0,-1.62101
1.76291e+09,4469,-0.0266416,0,0.0266416,1.6206,0,-1.6206
1.76291e+09,4470,-0.0266685,0,0.0266685,1.62016,0,-1.62016
1.76291e+09,4471,-0.0266962,0,0.0266962,1.6197,0,-1.6197
1.76291e+09,4472,-0.0267249,0,0.0267249,1.61922,0,-1.61922
1.76291e+09,4473,-0.0267544,0,0.0267544,1.61871,0,-1.61871
1.76291e+09,4474,-0.0267848,0,0.0267848,1.61818,0,-1.61818
1.76291e+09,4475,-0.0268161,0,0.0268161,1.61763,0,-1.61763
1.76291e+09,4476,-0.0268483,0,0.0268483,1.61706,0,-1.61706
1.76291e+09,4477,-0.0268814,0,0.0268814,1.61646,0,-1.61646
1.76291e+09,4478,-0.0269154,0,0.0269154,1.61584,0,-1.61584
1.76291e+09,4479,-0.0269502,0,0.0269502,1.6152,0,-1.6152
1.76291e+09,4480,-0.026986,0,0.026986,1.61453,0,-1.61453
1.76291e+09,4481,-0.0270226,0,0.0270226,1.61385,0,-1.61385
1.76291e+09,4482,-0.0270601,0,0.0270601,1.61314,0,-1.61314
1.76291e+09,4483,-0.0270985,0,0.0270985,1.6124,0,-1.6124
1.76291e+09,4484,-0.0271378,0,0.0271378,1.61165,0,-1.61165
1.76291e+09,4485,-0.027178,0,0.027178,1.61087,0,-1.61087
1.76291e+09,4486,-0.027219,0,0.027219,1.61007,0,-1.61007
1.76291e+09,4487,-0.027261,0,0.027261,1.60925,0,-1.60925
1.76291e+09,4488,-0.0273038,0,0.0273038,1.6084,0,-1.6084
1.76291e+09,4489,-0.0273475,0,0.0273475,1.60753,0,-1.60753
1.76291e+09,4490,-0.0273922,0,0.0273922,1.60664,0,-1.60664
1.76291e+09,4491,-0.0274377,0,0.0274377,1.60573,0,-1.60573
1.76291e+09,4492,-0.0274841,0,0.0274841,1.60479,0,-1.60479
1.76291e+09,4493,-0.0275314,0,0.0275314,1.60383,0,-1.60383
1.76291e+09,4494,-0.0275795,0,0.0275795,1.60285,0,-1.60285
1.76291e+09,4495,-0.0276286,0,0.0276286,1.60185,0,-1.60185
1.76291e+09,4496,-0.0276786,0,0.0276786,1.60082,0,-1.60082
1.76291e+09,4497,-0.0277294,0,0.0277294,1.59977,0,-1.59977
1.76291e+09,4498,-0.0277812,0,0.0277812,1.5987,0,-1.5987
1.76291e+09,4499,-0.0278338,0,0.0278338,1.59761,0,-1.59761
1.76291e+09,4500,-0.0278873,0,0.0278873,1.59649,0,-1.59649
1.76291e+09,4501,-0.0279418,0,0.0279418,1.59535,0,-1.59535
1.76291e+09,4502,-0.0279971,0,0.0279971,1.59419,0,-1.59419
1.76291e+09,4503,-0.0280533,0,0.0280533,1.59301,0,-1.59301
1.76291e+09,4504,-0.0281104,0,0.0281104,1.5918,0,-1.5918
1.76291e+09,4505,-0.0281684,0,0.0281684,1.59058,0,-1.59058
1.76291e+09,4506,-0.0282273,0,0.0282273,1.58932,0,-1.58932
1.76291e+09,4507,-0.0282871,0,0.0282871,1.58805,0,-1.58805
1.76291e+09,4508,-0.0283478,0,0.0283478,1.58676,0,-1.58676
1.76291e+09,4509,-0.0284094,0,0.0284094,1.58544,0,-1.58544
1.76291e+09,4510,-0.0284719,0,0.0284719,1.5841,0,-1.5841
1.76291e+09,4511,-0.0285353,0,0.0285353,1.58274,0,-1.58274
1.76291e+09,4512,-0.0285996,0,0.0285996,1.58135,0,-1.58135
1.76291e+09,4513,-0.0286648,0,0.0286648,1.57995,0,-1.57995
1.76291e+09,4514,-0.0287309,0,0.0287309,1.57852,0,-1.57852
1.76291e+09,4515,-0.0287979,0,0.0287979,1.57707,0,-1.57707
1.76291e+09,4516,-0.0288658,0,0.0288658,1.5756,0,-1.5756
1.76291e+09,4517,-0.0289346,0,0.0289346,1.5741,0,-1.5741
1.76291e+09,4518,-0.0290043,0,0.0290043,1.57258,0,-1.57258
1.76291e+09,4519,-0.0290749,0,0.0290749,1.57104,0,-1.57104
1.76291e+09,4520,-0.0291464,0,0.0291464,1.56948,0,-1.56948
1.76291e+09,4521,-0.0292188,0,0.0292188,1.5679,0,-1.5679
1.76291e+09,4522,-0.0292922,0,0.0292922,1.5663,0,-1.5663
1.76291e+09,4523,-0.0293664,0,0.0293664,1.56467,0,-1.56467
1.76291e+09,4524,-0.0294416,0,0.0294416,1.56302,0,-1.56302
1.76291e+09,4525,-0.0295176,0,0.0295176,1.56135,0,-1.56135
1.76291e+09,4526,-0.0295946,0,0.0295946,1.55966,0,-1.55966
1.76291e+09,4527,-0.0296725,0,0.0296725,1.55794,0,-1.55794
1.76291e+09,4528,-0.0297513,0,0.0297513,1.55621,0,-1.55621
1.76291e+09,4529,-0.029831,0,0.029831,1.55445,0,-1.55445
1.76291e+09,4530,-0.0299117,0,0.0299117,1.55267,0,-1.55267
1.76291e+09,4531,-0.0299932,0,0.0299932,1.55087,0,-1.55087
1.76291e+09,4532,-0.0300757,0,0.0300757,1.54904,0,-1.54904
1.76291e+09,4533,-0.0301591,0,0.0301591,1.5472,0,-1.5472
1.76291e+09,4534,-0.0302434,0,0.0302434,1.54533,0,-1.54533
1.76291e+09,4535,-0.0303287,0,0.0303287,1.54344,0,-1.54344
1.76291e+09,4536,-0.0304148,0,0.0304148,1.54153,0,-1.54153
1.76291e+09,4537,-0.0305019,0,0.0305019,1.5396,0,-1.5396
1.76291e+09,4538,-0.03059,0,0.03059,1.53765,0,-1.53765
1.76291e+09,4539,-0.0306789,0,0.0306789,1.53567,0,-1.53567
1.76291e+09,4540,-0.0307688,0,0.0307688,1.53368,0,-1.53368
1.76291e+09,4541,-0.0308596,0,0.0308596,1.53166,0,-1.53166
1.76291e+09,4542,-0.0309513,0,0.0309513,1.52962,0,-1.52962
1.76291e+09,4543,-0.031044,0,0.031044,1.52756,0,-1.52756
1.76291e+09,4544,-0.0311376,0,0.0311376,1.52548,0,-1.52548
1.76291e+09,4545,-0.0312322,0,0.0312322,1.52338,0,-1.52338
1.76291e+09,4546,-0.0313277,0,0.0313277,1.52125,0,-1.52125
1.76291e+09,4547,-0.0314241,0,0.0314241,1.51911,0,-1.51911
1.76291e+09,4548,-0.0315215,0,0.0315215,1.51694,0,-1.51694
1.76291e+09,4549,-0.0316198,0,0.0316198,1.51475,0,-1.51475
1.76291e+09,4550,-0.0317191,0,0.0317191,1.51254,0,-1.51254
1.76291e+09,4551,-0.0318193,0,0.0318193,1.51031,0,-1.51031
1.76291e+09,4552,-0.0319205,0,0.0319205,1.50806,0,-1.50806
1.76291e+09,4553,-0.0320226,0,0.0320226,1.50579,0,-1.50579
1.76291e+09,4554,-0.0321257,0,0.0321257,1.5035,0,-1.5035
1.76291e+09,4555,-0.0322297,0,0.0322297,1.50118,0,-1.50118
1.76291e+09,4556,-0.0323347,0,0.0323347,1.49885,0,-1.49885
1.76291e+09,4557,-0.0324406,0,0.0324406,1.49649,0,-1.49649
1.76291e+09,4558,-0.0325475,0,0.0325475,1.49411,0,-1.49411
1.76291e+09,4559,-0.0326554,0,0.0326554,1.49172,0,-1.49172
1.76291e+09,4560,-0.0327643,0,0.0327643,1.4893,0,-1.4893
1.76291e+09,4561,-0.0328741,0,0.0328741,1.48686,0,-1.48686
1.76291e+09,4562,-0.0329849,0,0.0329849,1.4844,0,-1.4844
1.76291e+09,4563,-0.0330966,0,0.0330966,1.48192,0,-1.48192
1.76291e+09,4564,-0.0332094,0,0.0332094,1.47941,0,-1.47941
1.76291e+09,4565,-0.0333231,0,0.0333231,1.47689,0,-1.47689
1.76291e+09,4566,-0.0334378,0,0.0334378,1.47435,0,-1.47435
1.76291e+09,4567,-0.0335535,0,0.0335535,1.47179,0,-1.47179
1.76291e+09,4568,-0.0336701,0,0.0336701,1.4692,0,-1.4692
1.76291e+09,4569,-0.0337878,0,0.0337878,1.4666,0,-1.4666
1.76291e+09,4570,-0.0339064,0,0.0339064,1.46397,0,-1.46397
1.76291e+09,4571,-0.0340261,0,0.0340261,1.46132,0,-1.46132
1.76291e+09,4572,-0.0341467,0,0.0341467,1.45866,0,-1.45866
1.76291e+09,4573,-0.0342684,0,0.0342684,1.45597,0,-1.45597
1.76291e+09,4574,-0.034391,0,0.034391,1.45326,0,-1.45326
1.76291e+09,4575,-0.0345147,0,0.0345147,1.45054,0,-1.45054
1.76291e+09,4576,-0.0346393,0,0.0346393,1.44779,0,-1.44779
1.76291e+09,4577,-0.034765,0,0.034765,1.44502,0,-1.44502
1.76291e+09,4578,-0.0348917,0,0.0348917,1.44223,0,-1.44223
1.76291e+09,4579,-0.0350194,0,0.0350194,1.43942,0,-1.43942
1.76291e+09,4580,-0.0351481,0,0.0351481,1.43659,0,-1.43659
1.76291e+09,4581,-0.0352779,0,0.0352779,1.43374,0,-1.43374
1.76291e+09,4582,-0.0354087,0,0.0354087,1.43087,0,-1.43087
1.76291e+09,4583,-0.0355405,0,0.0355405,1.42799,0,-1.42799
1.76291e+09,4584,-0.0356733,0,0.0356733,1.42508,0,-1.42508
1.76291e+09,4585,-0.0358072,0,0.0358072,1.42215,0,-1.42215
1.76291e+09,4586,-0.0359422,0,0.0359422,1.4192,0,-1.4192
1.76291e+09,4587,-0.0360781,0,0.0360781,1.41623,0,-1.41623
1.76291e+09,4588,-0.0362152,0,0.0362152,1.41324,0,-1.41324
1.76291e+09,4589,-0.0363532,0,0.0363532,1.41023,0,-1.41023
1.76291e+09,4590,-0.0364924,0,0.0364924,1.4072,0,-1.4072
1.76291e+09,4591,-0.0366326,0,0.0366326,1.40415,0,-1.40415
1.76291e+09,4592,-0.0367738,0,0.0367738,1.40108,0,-1.40108
1.76291e+09,4593,-0.0369161,0,0.0369161,1.39799,0,-1.39799
1.76291e+09,4594,-0.0370595,0,0.0370595,1.39488,0,-1.39488
1.76291e+09,4595,-0.037204,0,0.037204,1.39175,0,-1.39175
1.76291e+09,4596,-0.0373496,0,0.0373496,1.3886,0,-1.3886
1.76291e+09,4597,-0.0374962,0,0.0374962,1.38544,0,-1.38544
1.76291e+09,4598,-0.0376439,0,0.0376439,1.38225,0,-1.38225
1.76291e+09,4599,-0.0377927,0,0.0377927,1.37904,0,-1.37904
1.76291e+09,4600,-0.0379426,0,0.0379426,1.37581,0,-1.37581
1.76291e+09,4601,-0.0380937,0,0.0380937,1.37257,0,-1.37257
1.76291e+09,4602,-0.0382458,0,0.0382458,1.3693,0,-1.3693
1.76291e+09,4603,-0.038399,0,0.038399,1.36602,0,-1.36602
1.76291e+09,4604,-0.0385533,0,0.0385533,1.36271,0,-1.36271
1.76291e+09,4605,-0.0387088,0,0.0387088,1.35938,0,-1.35938
1.76291e+09,4606,-0.0388654,0,0.0388654,1.35604,0,-1.35604
1.76291e+09,4607,-0.0390231,0,0.0390231,1.35268,0,-1.35268
1.76291e+09,4608,-0.039182,0,0.039182,1.34929,0,-1.34929
1.76291e+09,4609,-0.0393419,0,0.0393419,1.34589,0,-1.34589
1.76291e+09,4610,-0.0395031,0,0.0395031,1.34247,0,-1.34247
1.76291e+09,4611,-0.0396653,0,0.0396653,1.33902,0,-1.33902
1.76291e+09,4612,-0.0398288,0,0.0398288,1.33556,0,-1.33556
1.76291e+09,4613,-0.0399934,0,0.0399934,1.33208,0,-1.33208
1.76291e+09,4614,-0.0401591,0,0.0401591,1.32858,0,-1.32858
1.76291e+09,4615,-0.040326,0,0.040326,1.32506,0,-1.32506
1.76291e+09,4616,-0.0404941,0,0.0404941,1.32152,0,-1.32152
1.76291e+09,4617,-0.0406634,0,0.0406634,1.31797,0,-1.31797
1.76291e+09,4618,-0.0408338,0,0.0408338,1.31439,0,-1.31439
1.76291e+09,4619,-0.0410055,0,0.0410055,1.31079,0,-1.31079
1.76291e+09,4620,-0.0411783,0,0.0411783,1.30718,0,-1.30718
1.76291e+09,4621,-0.0413524,0,0.0413524,1.30354,0,-1.30354
1.76291e+09,4622,-0.0415276,0,0.0415276,1.29989,0,-1.29989
1.76291e+09,4623,-0.0417041,0,0.0417041,1.29621,0,-1.29621
1.76291e+09,4624,-0.0418818,0,0.0418818,1.29252,0,-1.29252
1.76291e+09,4625,-0.0420607,0,0.0420607,1.28881,0,-1.28881
1.76291e+09,4626,-0.0422408,0,0.0422408,1.28507,0,-1.28507
1.76291e+09,4627,-0.0424222,0,0.0424222,1.28132,0,-1.28132
1.76291e+09,4628,-0.0426048,0,0.0426048,1.27755,0,-1.27755
1.76291e+09,4629,-0.0427887,0,0.0427887,1.27376,0,-1.27376
1.76291e+09,4630,-0.0429738,0,0.0429738,1.26995,0,-1.26995
1.76291e+09,4631,-0.0431602,0,0.0431602,1.26613,0,-1.26613
1.76291e+09,4632,-0.0433478,0,0.0433478,1.26228,0,-1.26228
1.76291e+09,4633,-0.0435367,0,0.0435367,1.25841,0,-1.25841
1.76291e+09,4634,-0.0437269,0,0.0437269,1.25453,0,-1.25453
1.76291e+09,4635,-0.0439184,0,0.0439184,1.25062,0,-1.25062
1.76291e+09,4636,-0.0441112,0,0.0441112,1.2467,0,-1.2467
1.76291e+09,4637,-0.0443053,0,0.0443053,1.24275,0,-1.24275
1.76291e+09,4638,-0.0445007,0,0.0445007,1.23879,0,-1.23879
1.76291e+09,4639,-0.0446974,0,0.0446974,1.23481,0,-1.23481
1.76291e+09,4640,-0.0448954,0,0.0448954,1.23081,0,-1.23081
1.76291e+09,4641,-0.0450948,0,0.0450948,1.22678,0,-1.22678
1.76291e+09,4642,-0.0452955,0,0.0452955,1.22274,0,-1.22274
1.76291e+09,4643,-0.0454975,0,0.0454975,1.21868,0,-1.21868
1.76291e+09,4644,-0.0457009,0,0.0457009,1.2146,0,-1.2146
1.76291e+09,4645,-0.0459057,0,0.0459057,1.21051,0,-1.21051
1.76291e+09,4646,-0.0461118,0,0.0461118,1.20639,0,-1.20639
1.76291e+09,4647,-0.0463193,0,0.0463193,1.20225,0,-1.20225
1.76291e+09,4648,-0.0465282,0,0.0465282,1.19809,0,-1.19809
1.76291e+09,4649,-0.0467384,0,0.0467384,1.19392,0,-1.19392
1.76291e+09,4650,-0.0469501,0,0.0469501,1.18972,0,-1.18972
1.76291e+09,4651,-0.0471632,0,0.0471632,1.18551,0,-1.18551
1.76291e+09,4652,-0.0473776,0,0.0473776,1.18127,0,-1.18127
1.76291e+09,4653,-0.0475935,0,0.0475935,1.17702,0,-1.17702
1.76291e+09,4654,-0.0478109,0,0.0478109,1.17274,0,-1.17274
1.76291e+09,4655,-0.0480297,0,0.0480297,1.16845,0,-1.16845
1.76291e+09,4656,-0.0482499,0,0.0482499,1.16413,0,-1.16413
1.76291e+09,4657,-0.0484716,0,0.0484716,1.1598,0,-1.1598
1.76291e+09,4658,-0.0486947,0,0.0486947,1.15544,0,-1.15544
1.76291e+09,4659,-0.0489194,0,0.0489194,1.15107,0,-1.15107
1.76291e+09,4660,-0.0491455,0,0.0491455,1.14668,0,-1.14668
1.76291e+09,4661,-0.0493731,0,0.0493731,1.14226,0,-1.14226
1.76291e+09,4662,-0.0496022,0,0.0496022,1.13783,0,-1.13783
1.76291e+09,4663,-0.0498328,0,0.0498328,1.13337,0,-1.13337
1.76291e+09,4664,-0.050065,0,0.050065,1.1289,0,-1.1289
1.76291e+09,4665,-0.0502987,0,0.0502987,1.12441,0,-1.12441
1.76291e+09,4666,-0.050534,0,0.050534,1.11989,0,-1.11989
1.76291e+09,4667,-0.0507708,0,0.0507708,1.11536,0,-1.11536
1.76291e+09,4668,-0.0510092,0,0.0510092,1.1108,0,-1.1108
1.76291e+09,4669,-0.0512491,0,0.0512491,1.10622,0,-1.10622
1.76291e+09,4670,-0.0514907,0,0.0514907,1.10163,0,-1.10163
1.76291e+09,4671,-0.0517338,0,0.0517338,1.09701,0,-1.09701
1.76291e+09,4672,-0.0519786,0,0.0519786,1.09237,0,-1.09237
1.76291e+09,4673,-0.052225,0,0.052225,1.08771,0,-1.08771
1.76291e+09,4674,-0.052473,0,0.052473,1.08303,0,-1.08303
1.76291e+09,4675,-0.0527226,0,0.0527226,1.07832,0,-1.07832
1.76291e+09,4676,-0.0529739,0,0.0529739,1.0736,0,-1.0736
1.76291e+09,4677,-0.0532269,0,0.0532269,1.06886,0,-1.06886
1.76291e+09,4678,-0.0534815,0,0.0534815,1.06409,0,-1.06409
1.76291e+09,4679,-0.0537378,0,0.0537378,1.0593,0,-1.0593
1.76291e+09,4680,-0.0540736,0,0.0540736,1.05921,0,-1.05921
1.76291e+09,4681,-0.0544118,0,0.0544118,1.05912,0,-1.05912
1.76291e+09,4682,-0.0547525,0,0.0547525,1.05902,0,-1.05902
1.76291e+09,4683,-0.0550956,0,0.0550956,1.05893,0,-1.05893
1.76291e+09,4684,-0.0554411,0,0.0554411,1.05883,0,-1.05883
1.76291e+09,4685,-0.0557891,0,0.0557891,1.05873,0,-1.05873
1.76291e+09,4686,-0.0561395,0,0.0561395,1.05863,0,-1.05863
1.76291e+09,4687,-0.0564924,0,0.0564924,1.05853,0,-1.05853
1.76291e+09,4688,-0.0568477,0,0.0568477,1.05843,0,-1.05843
1.76291e+09,4689,-0.0572055,0,0.0572055,1.05833,0,-1.05833
1.76291e+09,4690,-0.0575657,0,0.0575657,1.05822,0,-1.05822
1.76291e+09,4691,-0.0579284,0,0.0579284,1.05811,0,-1.05811
1.76291e+09,4692,-0.0582934,0,0.0582934,1.058,0,-1.058
1.76291e+09,4693,-0.0586609,0,0.0586609,1.05789,0,-1.05789
1.76291e+09,4694,-0.0590308,0,0.0590308,1.05778,0,-1.05778
1.76291e+09,4695,-0.0594031,0,0.0594031,1.05767,0,-1.05767
1.76291e+09,4696,-0.0597777,0,0.0597777,1.05755,0,-1.05755
1.76291e+09,4697,-0.0601547,0,0.0601547,1.05743,0,-1.05743
1.76291e+09,4698,-0.060534,0,0.060534,1.05731,0,-1.05731
1.76291e+09,4699,-0.0609157,0,0.0609157,1.05719,0,-1.05719
1.76291e+09,4700,-0.0612996,0,0.0612996,1.05707,0,-1.05707
1.76291e+09,4701,-0.0616857,0,0.0616857,1.05695,0,-1.05695
1.76291e+09,4702,-0.0620741,0,0.0620741,1.05682,0,-1.05682
1.76291e+09,4703,-0.0624647,0,0.0624647,1.05669,0,-1.05669
1.76291e+09,4704,-0.0628574,0,0.0628574,1.05656,0,-1.05656
1.76291e+09,4705,-0.0632523,0,0.0632523,1.05643,0,-1.05643
1.76291e+09,4706,-0.0636492,0,0.0636492,1.0563,0,-1.0563
1.76291e+09,4707,-0.0640482,0,0.0640482,1.05617,0,-1.05617
1.76291e+09,4708,-0.0644493,0,0.0644493,1.05603,0,-1.05603
1.76291e+09,4709,-0.0648522,0,0.0648522,1.05589,0,-1.05589
1.76291e+09,4710,-0.0652571,0,0.0652571,1.05575,0,-1.05575
1.76291e+09,4711,-0.0656639,0,0.0656639,1.05561,0,-1.05561
1.76291e+09,4712,-0.0660726,0,0.0660726,1.05547,0,-1.05547
1.76291e+09,4713,-0.066483,0,0.066483,1.05533,0,-1.05533
1.76291e+09,4714,-0.0668951,0,0.0668951,1.05518,0,-1.05518
1.76291e+09,4715,-0.067309,0,0.067309,1.05503,0,-1.05503
1.76291e+09,4716,-0.0677244,0,0.0677244,1.05488,0,-1.05488
1.76291e+09,4717,-0.0681415,0,0.0681415,1.05473,0,-1.05473
1.76291e+09,4718,-0.0685601,0,0.0685601,1.05458,0,-1.05458
1.76291e+09,4719,-0.0689802,0,0.0689802,1.05442,0,-1.05442
1.76291e+09,4720,-0.0694016,0,0.0694016,1.05427,0,-1.05427
1.76291e+09,4721,-0.0698245,0,0.0698245,1.05411,0,-1.05411
1.76291e+09,4722,-0.0702486,0,0.0702486,1.05395,0,-1.05395
1.76291e+09,4723,-0.070674,0,0.070674,1.05379,0,-1.05379
1.76291e+09,4724,-0.0711006,0,0.0711006,1.05363,0,-1.05363
1.76291e+09,4725,-0.0715283,0,0.0715283,1.05346,0,-1.05346
1.76291e+09,4726,-0.071957,0,0.071957,1.0533,0,-1.0533
1.76291e+09,4727,-0.0723867,0,0.0723867,1.05313,0,-1.05313
1.76291e+09,4728,-0.0728174,0,0.0728174,1.05296,0,-1.05296
1.76291e+09,4729,-0.0732489,0,0.0732489,1.05279,0,-1.05279
1.76291e+09,4730,-0.0736813,0,0.0736813,1.05262,0,-1.05262
1.76291e+09,4731,-0.0741144,0,0.0741144,1.05245,0,-1.05245
1.76291e+09,4732,-0.0745481,0,0.0745481,1.05227,0,-1.05227
1.76291e+09,4733,-0.0749825,0,0.0749825,1.05209,0,-1.05209
1.76291e+09,4734,-0.0754174,0,0.0754174,1.05192,0,-1.05192
1.76291e+09,4735,-0.0758528,0,0.0758528,1.05174,0,-1.05174
1.76291e+09,4736,-0.0762886,0,0.0762886,1.05156,0,-1.05156
1.76291e+09,4737,-0.0767247,0,0.0767247,1.05138,0,-1.05138
1.76291e+09,4738,-0.0771611,0,0.0771611,1.05119,0,-1.05119
1.76291e+09,4739,-0.0775977,0,0.0775977,1.05101,0,-1.05101
1.76291e+09,4740,-0.0780344,0,0.0780344,1.05083,0,-1.05083
1.76291e+09,4741,-0.0784712,0,0.0784712,1.05064,0,-1.05064
1.76291e+09,4742,-0.078908,0,0.078908,1.05045,0,-1.05045
1.76291e+09,4743,-0.0793448,0,0.0793448,1.05026,0,-1.05026
1.76291e+09,4744,-0.0797814,0,0.0797814,1.05007,0,-1.05007
1.76291e+09,4745,-0.0802178,0,0.0802178,1.04988,0,-1.04988
1.76291e+09,4746,-0.0806539,0,0.0806539,1.04969,0,-1.04969
1.76291e+09,4747,-0.0810897,0,0.0810897,1.0495,0,-1.0495
1.76291e+09,4748,-0.0815251,0,0.0815251,1.0493,0,-1.0493
1.76291e+09,4749,-0.08196,0,0.08196,1.04911,0,-1.04911
1.76291e+09,4750,-0.0823943,0,0.0823943,1.04891,0,-1.04891
1.76291e+09,4751,-0.0828281,0,0.0828281,1.04872,0,-1.04872
1.76291e+09,4752,-0.0832612,0,0.0832612,1.04852,0,-1.04852
1.76291e+09,4753,-0.0836935,0,0.0836935,1.04832,0,-1.04832
1.76291e+09,4754,-0.0841251,0,0.0841251,1.04812,0,-1.04812
1.76291e+09,4755,-0.0845557,0,0.0845557,1.04792,0,-1.04792
1.76291e+09,4756,-0.0849855,0,0.0849855,1.04772,0,-1.04772
1.76291e+09,4757,-0.0854142,0,0.0854142,1.04752,0,-1.04752
1.76291e+09,4758,-0.0858419,0,0.0858419,1.04732,0,-1.04732
1.76291e+09,4759,-0.0862685,0,0.0862685,1.04712,0,-1.04712
1.76291e+09,4760,-0.0866939,0,0.0866939,1.04691,0,-1.04691
1.76291e+09,4761,-0.0871181,0,0.0871181,1.04671,0,-1.04671
1.76291e+09,4762,-0.0875409,0,0.0875409,1.04651,0,-1.04651
1.76291e+09,4763,-0.0879624,0,0.0879624,1.0463,0,-1.0463
1.76291e+09,4764,-0.0883825,0,0.0883825,1.0461,0,-1.0461
1.76291e+09,4765,-0.0888011,0,0.0888011,1.04589,0,-1.04589
1.76291e+09,4766,-0.0892182,0,0.0892182,1.04569,0,-1.04569
1.76291e+09,4767,-0.0896337,0,0.0896337,1.04548,0,-1.04548
1.76291e+09,4768,-0.0900476,0,0.0900476,1.04528,0,-1.04528
1.76291e+09,4769,-0.0904597,0,0.0904597,1.04507,0,-1.04507
1.76291e+09,4770,-0.0908702,0,0.0908702,1.04486,0,-1.04486
1.76291e+09,4771,-0.0912789,0,0.0912789,1.04466,0,-1.04466
1.76291e+09,4772,-0.0916857,0,0.0916857,1.04445,0,-1.04445
1.76291e+09,4773,-0.0920906,0,0.0920906,1.04424,0,-1.04424
1.76291e+09,4774,-0.0924937,0,0.0924937,1.04404,0,-1.04404
1.76291e+09,4775,-0.0928948,0,0.0928948,1.04383,0,-1.04383
1.76291e+09,4776,-0.0932938,0,0.0932938,1.04363,0,-1.04363
1.76291e+09,4777,-0.0936908,0,0.0936908,1.04342,0,-1.04342
1.76291e+09,4778,-0.0940858,0,0.0940858,1.04321,0,-1.04321
1.76291e+09,4779,-0.0944786,0,0.0944786,1.04301,0,-1.04301
1.76291e+09,4780,-0.0948692,0,0.0948692,1.0428,0,-1.0428
1.76291e+09,4781,-0.0952577,0,0.0952577,1.0426,0,-1.0426
1.76291e+09,4782,-0.0956439,0,0.0956439,1.04239,0,-1.04239
1.76291e+09,4783,-0.0960279,0,0.0960279,1.04219,0,-1.04219
1.76291e+09,4784,-0.0964096,0,0.0964096,1.04198,0,-1.04198
1.76291e+09,4785,-0.0967891,0,0.0967891,1.04178,0,-1.04178
1.76291e+09,4786,-0.0971662,0,0.0971662,1.04158,0,-1.04158
1.76291e+09,4787,-0.0975409,0,0.0975409,1.04137,0,-1.04137
1.76291e+09,4788,-0.0979133,0,0.0979133,1.04117,0,-1.04117
1.76291e+09,4789,-0.0982834,0,0.0982834,1.04097,0,-1.04097
1.76291e+09,4790,-0.098651,0,0.098651,1.04077,0,-1.04077
1.76291e+09,4791,-0.0990162,0,0.0990162,1.04057,0,-1.04057
1.76291e+09,4792,-0.099379,0,0.099379,1.04037,0,-1.04037
1.76291e+09,4793,-0.0997394,0,0.0997394,1.04017,0,-1.04017
1.76291e+09,4794,-0.100097,0,0.100097,1.03997,0,-1.03997
1.76291e+09,4795,-0.100453,0,0.100453,1.03977,0,-1.03977
1.76291e+09,4796,-0.100806,0,0.100806,1.03957,0,-1.03957
1.76291e+09,4797,-0.101157,0,0.101157,1.03937,0,-1.03937
1.76291e+09,4798,-0.101505,0,0.101505,1.03917,0,-1.03917
1.76291e+09,4799,-0.101851,0,0.101851,1.03898,0,-1.03898
1.76291e+09,4800,-0.102188,0,0.102188,1.03877,0,-1.03877
1.76291e+09,4801,-0.102523,0,0.102523,1.03855,0,-1.03855
1.76291e+09,4802,-0.102856,0,0.102856,1.03834,0,-1.03834
1.76291e+09,4803,-0.103186,0,0.103186,1.03813,0,-1.03813
1.76291e+09,4804,-0.103514,0,0.103514,1.03792,0,-1.03792
1.76291e+09,4805,-0.103839,0,0.103839,1.03771,0,-1.03771
1.76291e+09,4806,-0.104162,0,0.104162,1.03751,0,-1.03751
1.76291e+09,4807,-0.104482,0,0.104482,1.0373,0,-1.0373
1.76291e+09,4808,-0.104801,0,0.104801,1.03709,0,-1.03709
1.76291e+09,4809,-0.105116,0,0.105116,1.03689,0,-1.03689
1.76291e+09,4810,-0.10543,0,0.10543,1.03668,0,-1.03668
1.76291e+09,4811,-0.105741,0,0.105741,1.03648,0,-1.03648
1.76291e+09,4812,-0.106049,0,0.106049,1.03627,0,-1.03627
1.76291e+09,4813,-0.106356,0,0.106356,1.03607,0,-1.03607
1.76291e+09,4814,-0.10666,0,0.10666,1.03587,0,-1.03587
1.76291e+09,4815,-0.106961,0,0.106961,1.03567,0,-1.03567
1.76291e+09,4816,-0.107261,0,0.107261,1.03547,0,-1.03547
1.76291e+09,4817,-0.107558,0,0.107558,1.03527,0,-1.03527
1.76291e+09,4818,-0.107853,0,0.107853,1.03507,0,-1.03507
1.76291e+09,4819,-0.108146,0,0.108146,1.03487,0,-1.03487
1.76291e+09,4820,-0.108436,0,0.108436,1.03467,0,-1.03467
1.76291e+09,4821,-0.108725,0,0.108725,1.03448,0,-1.03448
1.76291e+09,4822,-0.109011,0,0.109011,1.03428,0,-1.03428
1.76291e+09,4823,-0.109295,0,0.109295,1.03409,0,-1.03409
1.76291e+09,4824,-0.109577,0,0.109577,1.03389,0,-1.03389
1.76291e+09,4825,-0.109856,0,0.109856,1.0337,0,-1.0337
1.76291e+09,4826,-0.110134,0,0.110134,1.03351,0,-1.03351
1.76291e+09,4827,-0.110409,0,0.110409,1.03331,0,-1.03331
1.76291e+09,4828,-0.110683,0,0.110683,1.03312,0,-1.03312
1.76291e+09,4829,-0.110954,0,0.110954,1.03293,0,-1.03293
1.76291e+09,4830,-0.111223,0,0.111223,1.03274,0,-1.03274
1.76291e+09,4831,-0.11149,0,0.11149,1.03255,0,-1.03255
1.76291e+09,4832,-0.111755,0,0.111755,1.03237,0,-1.03237
1.76291e+09,4833,-0.112018,0,0.112018,1.03218,0,-1.03218
1.76291e+09,4834,-0.112279,0,0.112279,1.03199,0,-1.03199
1.76291e+09,4835,-0.112538,0,0.112538,1.03181,0,-1.03181
1.76291e+09,4836,-0.112795,0,0.112795,1.03162,0,-1.03162
1.76291e+09,4837,-0.11305,0,0.11305,1.03144,0,-1.03144
1.76291e+09,4838,-0.113303,0,0.113303,1.03126,0,-1.03126
1.76291e+09,4839,-0.113554,0,0.113554,1.03107,0,-1.03107
1.76291e+09,4840,-0.113803,0,0.113803,1.03089,0,-1.03089
1.76291e+09,4841,-0.11405,0,0.11405,1.03071,0,-1.03071
1.76291e+09,4842,-0.114295,0,0.114295,1.03053,0,-1.03053
1.76291e+09,4843,-0.114539,0,0.114539,1.03035,0,-1.03035
1.76291e+09,4844,-0.11478,0,0.11478,1.03018,0,-1.03018
1.76291e+09,4845,-0.11502,0,0.11502,1.03,0,-1.03
1.76291e+09,4846,-0.115257,0,0.115257,1.02982,0,-1.02982
1.76291e+09,4847,-0.115493,0,0.115493,1.02965,0,-1.02965
1.76291e+09,4848,-0.115727,0,0.115727,1.02947,0,-1.02947
1.76291e+09,4849,-0.115959,0,0.115959,1.0293,0,-1.0293
1.76291e+09,4850,-0.116189,0,0.116189,1.02912,0,-1.02912
1.76291e+09,4851,-0.116417,0,0.116417,1.02895,0,-1.02895
1.76291e+09,4852,-0.116644,0,0.116644,1.02878,0,-1.02878
1.76291e+09,4853,-0.116869,0,0.116869,1.02861,0,-1.02861
1.76291e+09,4854,-0.117092,0,0.117092,1.02844,0,-1.02844
1.76291e+09,4855,-0.117313,0,0.117313,1.02827,0,-1.02827
1.76291e+09,4856,-0.117532,0,0.117532,1.0281,0,-1.0281
1.76291e+09,4857,-0.11775,0,0.11775,1.02794,0,-1.02794
1.76291e+09,4858,-0.117966,0,0.117966,1.02777,0,-1.02777
1.76291e+09,4859,-0.11818,0,0.11818,1.0276,0,-1.0276
1.76291e+09,4860,-0.118392,0,0.118392,1.02744,0,-1.02744
1.76291e+09,4861,-0.118603,0,0.118603,1.02727,0,-1.02727
1.76291e+09,4862,-0.118812,0,0.118812,1.02711,0,-1.02711
1.76291e+09,4863,-0.119019,0,0.119019,1.02695,0,-1.02695
1.76291e+09,4864,-0.119225,0,0.119225,1.02679,0,-1.02679
1.76291e+09,4865,-0.119428,0,0.119428,1.02662,0,-1.02662
1.76291e+09,4866,-0.119631,0,0.119631,1.02646,0,-1.02646
1.76291e+09,4867,-0.119831,0,0.119831,1.0263,0,-1.0263
1.76291e+09,4868,-0.12003,0,0.12003,1.02615,0,-1.02615
1.76291e+09,4869,-0.120227,0,0.120227,1.02599,0,-1.02599
1.76291e+09,4870,-0.120423,0,0.120423,1.02583,0,-1.02583
1.76291e+09,4871,-0.120617,0,0.120617,1.02568,0,-1.02568
1.76291e+09,4872,-0.120809,0,0.120809,1.02552,0,-1.02552
1.76291e+09,4873,-0.121,0,0.121,1.02537,0,-1.02537
1.76291e+09,4874,-0.121189,0,0.121189,1.02521,0,-1.02521
1.76291e+09,4875,-0.121376,0,0.121376,1.02506,0,-1.02506
1.76291e+09,4876,-0.121562,0,0.121562,1.02491,0,-1.02491
1.76291e+09,4877,-0.121747,0,0.121747,1.02476,0,-1.02476
1.76291e+09,4878,-0.12193,0,0.12193,1.0246,0,-1.0246
1.76291e+09,4879,-0.122111,0,0.122111,1.02445,0,-1.02445
1.76291e+09,4880,-0.122291,0,0.122291,1.02431,0,-1.02431
1.76291e+09,4881,-0.122469,0,0.122469,1.02416,0,-1.02416
1.76291e+09,4882,-0.122645,0,0.122645,1.02401,0,-1.02401
1.76291e+09,4883,-0.12282,0,0.12282,1.02386,0,-1.02386
1.76291e+09,4884,-0.122994,0,0.122994,1.02372,0,-1.02372
1.76291e+09,4885,-0.123166,0,0.123166,1.02357,0,-1.02357
1.76291e+09,4886,-0.123337,0,0.123337,1.02343,0,-1.02343
1.76291e+09,4887,-0.123506,0,0.123506,1.02328,0,-1.02328
1.76291e+09,4888,-0.123673,0,0.123673,1.02314,0,-1.02314
1.76291e+09,4889,-0.12384,0,0.12384,1.023,0,-1.023
1.76291e+09,4890,-0.124004,0,0.124004,1.02286,0,-1.02286
1.76291e+09,4891,-0.124167,0,0.124167,1.02272,0,-1.02272
1.76291e+09,4892,-0.124329,0,0.124329,1.02258,0,-1.02258
1.76291e+09,4893,-0.124489,0,0.124489,1.02244,0,-1.02244
1.76291e+09,4894,-0.124648,0,0.124648,1.0223,0,-1.0223
1.76291e+09,4895,-0.124806,0,0.124806,1.02216,0,-1.02216
1.76291e+09,4896,-0.124962,0,0.124962,1.02203,0,-1.02203
1.76291e+09,4897,-0.125116,0,0.125116,1.02189,0,-1.02189
1.76291e+09,4898,-0.12527,0,0.12527,1.02176,0,-1.02176
1.76291e+09,4899,-0.125421,0,0.125421,1.02162,0,-1.02162
1.76291e+09,4900,-0.125572,0,0.125572,1.02149,0,-1.02149
1.76291e+09,4901,-0.125721,0,0.125721,1.02136,0,-1.02136
1.76291e+09,4902,-0.125868,0,0.125868,1.02122,0,-1.02122
1.76291e+09,4903,-0.126015,0,0.126015,1.02109,0,-1.02109
1.76291e+09,4904,-0.12616,0,0.12616,1.02096,0,-1.02096
1.76291e+09,4905,-0.126303,0,0.126303,1.02083,0,-1.02083
1.76291e+09,4906,-0.126445,0,0.126445,1.0207,0,-1.0207
1.76291e+09,4907,-0.126586,0,0.126586,1.02058,0,-1.02058
1.76291e+09,4908,-0.126726,0,0.126726,1.02045,0,-1.02045
1.76291e+09,4909,-0.126864,0,0.126864,1.02032,0,-1.02032
1.76291e+09,4910,-0.127001,0,0.127001,1.0202,0,-1.0202
1.76291e+09,4911,-0.127136,0,0.127136,1.02007,0,-1.02007
1.76291e+09,4912,-0.127271,0,0.127271,1.01995,0,-1.01995
1.76291e+09,4913,-0.127403,0,0.127403,1.01982,0,-1.01982
1.76291e+09,4914,-0.127535,0,0.127535,1.0197,0,-1.0197
1.76291e+09,4915,-0.127665,0,0.127665,1.01958,0,-1.01958
1.76291e+09,4916,-0.127794,0,0.127794,1.01945,0,-1.01945
1.76291e+09,4917,-0.127922,0,0.127922,1.01933,0,-1.01933
1.76291e+09,4918,-0.128049,0,0.128049,1.01921,0,-1.01921
1.76291e+09,4919,-0.128174,0,0.128174,1.01909,0,-1.01909
1.76291e+09,4920,-0.128298,0,0.128298,1.01897,0,-1.01897
1.76291e+09,4921,-0.128421,0,0.128421,1.01886,0,-1.01886
1.76291e+09,4922,-0.128542,0,0.128542,1.01874,0,-1.01874
1.76291e+09,4923,-0.128662,0,0.128662,1.01862,0,-1.01862
1.76291e+09,4924,-0.128781,0,0.128781,1.01851,0,-1.01851
1.76291e+09,4925,-0.128899,0,0.128899,1.01839,0,-1.01839
1.76291e+09,4926,-0.129015,0,0.129015,1.01828,0,-1.01828
1.76291e+09,4927,-0.129131,0,0.129131,1.01816,0,-1.01816
1.76291e+09,4928,-0.129245,0,0.129245,1.01805,0,-1.01805
1.76291e+09,4929,-0.129357,0,0.129357,1.01794,0,-1.01794
1.76291e+09,4930,-0.129469,0,0.129469,1.01782,0,-1.01782
1.76291e+09,4931,-0.12958,0,0.12958,1.01771,0,-1.01771
1.76291e+09,4932,-0.129689,0,0.129689,1.0176,0,-1.0176
1.76291e+09,4933,-0.129797,0,0.129797,1.01749,0,-1.01749
1.76291e+09,4934,-0.129904,0,0.129904,1.01738,0,-1.01738
1.76291e+09,4935,-0.130009,0,0.130009,1.01728,0,-1.01728
1.76291e+09,4936,-0.130114,0,0.130114,1.01717,0,-1.01717
1.76291e+09,4937,-0.130217,0,0.130217,1.01706,0,-1.01706
1.76291e+09,4938,-0.130319,0,0.130319,1.01695,0,-1.01695
1.76291e+09,4939,-0.13042,0,0.13042,1.01685,0,-1.01685
1.76291e+09,4940,-0.13052,0,0.13052,1.01674,0,-1.01674
1.76291e+09,4941,-0.130619,0,0.130619,1.01664,0,-1.01664
1.76291e+09,4942,-0.130716,0,0.130716,1.01653,0,-1.01653
1.76291e+09,4943,-0.130813,0,0.130813,1.01643,0,-1.01643
1.76291e+09,4944,-0.130908,0,0.130908,1.01633,0,-1.01633
1.76291e+09,4945,-0.131002,0,0.131002,1.01623,0,-1.01623
1.76291e+09,4946,-0.131095,0,0.131095,1.01613,0,-1.01613
1.76291e+09,4947,-0.131187,0,0.131187,1.01602,0,-1.01602
1.76291e+09,4948,-0.131278,0,0.131278,1.01592,0,-1.01592
1.76291e+09,4949,-0.131367,0,0.131367,1.01583,0,-1.01583
1.76291e+09,4950,-0.131456,0,0.131456,1.01573,0,-1.01573
1.76291e+09,4951,-0.131543,0,0.131543,1.01563,0,-1.01563
1.76291e+09,4952,-0.131629,0,0.131629,1.01553,0,-1.01553
1.76291e+09,4953,-0.131715,0,0.131715,1.01543,0,-1.01543
1.76291e+09,4954,-0.131799,0,0.131799,1.01534,0,-1.01534
1.76291e+09,4955,-0.131882,0,0.131882,1.01524,0,-1.01524
1.76291e+09,4956,-0.131964,0,0.131964,1.01515,0,-1.01515
1.76291e+09,4957,-0.132045,0,0.132045,1.01505,0,-1.01505
1.76291e+09,4958,-0.132124,0,0.132124,1.01496,0,-1.01496
1.76291e+09,4959,-0.132203,0,0.132203,1.01487,0,-1.01487
1.76291e+09,4960,-0.132281,0,0.132281,1.01477,0,-1.01477
1.76291e+09,4961,-0.132357,0,0.132357,1.01468,0,-1.01468
1.76291e+09,4962,-0.132433,0,0.132433,1.01459,0,-1.01459
1.76291e+09,4963,-0.132507,0,0.132507,1.0145,0,-1.0145
1.76291e+09,4964,-0.13258,0,0.13258,1.01441,0,-1.01441
1.76291e+09,4965,-0.132653,0,0.132653,1.01432,0,-1.01432
1.76291e+09,4966,-0.132724,0,0.132724,1.01423,0,-1.01423
1.76291e+09,4967,-0.132794,0,0.132794,1.01414,0,-1.01414
1.76291e+09,4968,-0.132863,0,0.132863,1.01406,0,-1.01406
1.76291e+09,4969,-0.132931,0,0.132931,1.01397,0,-1.01397
1.76291e+09,4970,-0.132998,0,0.132998,1.01388,0,-1.01388
1.76291e+09,4971,-0.133064,0,0.133064,1.0138,0,-1.0138
1.76291e+09,4972,-0.133129,0,0.133129,1.01371,0,-1.01371
1.76291e+09,4973,-0.133193,0,0.133193,1.01363,0,-1.01363
1.76291e+09,4974,-0.133256,0,0.133256,1.01354,0,-1.01354
1.76291e+09,4975,-0.133318,0,0.133318,1.01346,0,-1.01346
1.76291e+09,4976,-0.133379,0,0.133379,1.01337,0,-1.01337
1.76291e+09,4977,-0.133439,0,0.133439,1.01329,0,-1.01329
1.76291e+09,4978,-0.133498,0,0.133498,1.01321,0,-1.01321
1.76291e+09,4979,-0.133556,0,0.133556,1.01313,0,-1.01313
1.76291e+09,4980,-0.133613,0,0.133613,1.01305,0,-1.01305
1.76291e+09,4981,-0.133668,0,0.133668,1.01297,0,-1.01297
1.76291e+09,4982,-0.133723,0,0.133723,1.01289,0,-1.01289
1.76291e+09,4983,-0.133777,0,0.133777,1.01281,0,-1.01281
1.76291e+09,4984,-0.13383,0,0.13383,1.01273,0,-1.01273
1.76291e+09,4985,-0.133882,0,0.133882,1.01265,0,-1.01265
1.76291e+09,4986,-0.133933,0,0.133933,1.01257,0,-1.01257
1.76291e+09,4987,-0.133982,0,0.133982,1.0125,0,-1.0125
1.76291e+09,4988,-0.134031,0,0.134031,1.01242,0,-1.01242
1.76291e+09,4989,-0.134079,0,0.134079,1.01234,0,-1.01234
1.76291e+09,4990,-0.134126,0,0.134126,1.01227,0,-1.01227
1.76291e+09,4991,-0.134172,0,0.134172,1.01219,0,-1.01219
1.76291e+09,4992,-0.134217,0,0.134217,1.01212,0,-1.01212
1.76291e+09,4993,-0.134261,0,0.134261,1.01205,0,-1.01205
1.76291e+09,4994,-0.134304,0,0.134304,1.01197,0,-1.01197
1.76291e+09,4995,-0.134346,0,0.134346,1.0119,0,-1.0119
1.76291e+09,4996,-0.134387,0,0.134387,1.01183,0,-1.01183
1.76291e+09,4997,-0.134427,0,0.134427,1.01176,0,-1.01176
1.76291e+09,4998,-0.134466,0,0.134466,1.01169,0,-1.01169
1.76291e+09,4999,-0.134504,0,0.134504,1.01161,0,-1.01161
1.76291e+09,5000,-0.134541,0,0.134541,1.01154,0,-1.01154
1.76291e+09,5001,-0.134578,0,0.134578,1.01147,0,-1.01147
1.76291e+09,5002,-0.134613,0,0.134613,1.01141,0,-1.01141
1.76291e+09,5003,-0.134647,0,0.134647,1.01134,0,-1.01134
1.76291e+09,5004,-0.13468,0,0.13468,1.01127,0,-1.01127
1.76291e+09,5005,-0.134713,0,0.134713,1.0112,0,-1.0112
1.76291e+09,5006,-0.134744,0,0.134744,1.01113,0,-1.01113
1.76291e+09,5007,-0.134775,0,0.134775,1.01107,0,-1.01107
1.76291e+09,5008,-0.134804,0,0.134804,1.011,0,-1.011
1.76291e+09,5009,-0.134833,0,0.134833,1.01093,0,-1.01093
1.76291e+09,5010,-0.13486,0,0.13486,1.01087,0,-1.01087
1.76291e+09,5011,-0.134887,0,0.134887,1.0108,0,-1.0108
1.76291e+09,5012,-0.134913,0,0.134913,1.01074,0,-1.01074
1.76291e+09,5013,-0.134938,0,0.134938,1.01068,0,-1.01068
1.76291e+09,5014,-0.134962,0,0.134962,1.01061,0,-1.01061
1.76291e+09,5015,-0.134984,0,0.134984,1.01055,0,-1.01055
1.76291e+09,5016,-0.135006,0,0.135006,1.01049,0,-1.01049
1.76291e+09,5017,-0.135027,0,0.135027,1.01043,0,-1.01043
1.76291e+09,5018,-0.135048,0,0.135048,1.01036,0,-1.01036
1.76291e+09,5019,-0.135067,0,0.135067,1.0103,0,-1.0103
1.76291e+09,5020,-0.135085,0,0.135085,1.01024,0,-1.01024
1.76291e+09,5021,-0.135102,0,0.135102,1.01018,0,-1.01018
1.76291e+09,5022,-0.135119,0,0.135119,1.01012,0,-1.01012
1.76291e+09,5023,-0.135134,0,0.135134,1.01006,0,-1.01006
1.76291e+09,5024,-0.135148,0,0.135148,1.01,0,-1.01
1.76291e+09,5025,-0.135162,0,0.135162,1.00995,0,-1.00995
1.76291e+09,5026,-0.135175,0,0.135175,1.00989,0,-1.00989
1.76291e+09,5027,-0.135186,0,0.135186,1.00983,0,-1.00983
1.76291e+09,5028,-0.135197,0,0.135197,1.00977,0,-1.00977
1.76291e+09,5029,-0.135207,0,0.135207,1.00972,0,-1.00972
1.76291e+09,5030,-0.135216,0,0.135216,1.00966,0,-1.00966
1.76291e+09,5031,-0.135224,0,0.135224,1.00961,0,-1.00961
1.76291e+09,5032,-0.135231,0,0.135231,1.00955,0,-1.00955
1.76291e+09,5033,-0.135237,0,0.135237,1.00949,0,-1.00949
1.76291e+09,5034,-0.135242,0,0.135242,1.00944,0,-1.00944
1.76291e+09,5035,-0.135247,0,0.135247,1.00939,0,-1.00939
1.76291e+09,5036,-0.13525,0,0.13525,1.00933,0,-1.00933
1.76291e+09,5037,-0.135252,0,0.135252,1.00928,0,-1.00928
1.76291e+09,5038,-0.135254,0,0.135254,1.00923,0,-1.00923
1.76291e+09,5039,-0.135254,0,0.135254,1.00917,0,-1.00917
1.76291e+09,5040,-0.135254,0,0.135254,1.00912,0,-1.00912
1.76291e+09,5041,-0.135253,0,0.135253,1.00907,0,-1.00907
1.76291e+09,5042,-0.135251,0,0.135251,1.00902,0,-1.00902
1.76291e+09,5043,-0.135247,0,0.135247,1.00897,0,-1.00897
1.76291e+09,5044,-0.135243,0,0.135243,1.00892,0,-1.00892
1.76291e+09,5045,-0.135238,0,0.135238,1.00887,0,-1.00887
1.76291e+09,5046,-0.135232,0,0.135232,1.00882,0,-1.00882
1.76291e+09,5047,-0.135226,0,0.135226,1.00877,0,-1.00877
1.76291e+09,5048,-0.135218,0,0.135218,1.00872,0,-1.00872
1.76291e+09,5049,-0.135209,0,0.135209,1.00867,0,-1.00867
1.76291e+09,5050,-0.1352,0,0.1352,1.00863,0,-1.00863
1.76291e+09,5051,-0.135189,0,0.135189,1.00858,0,-1.00858
1.76291e+09,5052,-0.135178,0,0.135178,1.00853,0,-1.00853
1.76291e+09,5053,-0.135165,0,0.135165,1.00848,0,-1.00848
1.76291e+09,5054,-0.135152,0,0.135152,1.00844,0,-1.00844
1.76291e+09,5055,-0.135138,0,0.135138,1.00839,0,-1.00839
1.76291e+09,5056,-0.135122,0,0.135122,1.00835,0,-1.00835
1.76291e+09,5057,-0.135106,0,0.135106,1.0083,0,-1.0083
1.76291e+09,5058,-0.135089,0,0.135089,1.00826,0,-1.00826
1.76291e+09,5059,-0.135071,0,0.135071,1.00821,0,-1.00821
1.76291e+09,5060,-0.135052,0,0.135052,1.00817,0,-1.00817
1.76291e+09,5061,-0.135033,0,0.135033,1.00812,0,-1.00812
1.76291e+09,5062,-0.135012,0,0.135012,1.00808,0,-1.00808
1.76291e+09,5063,-0.13499,0,0.13499,1.00804,0,-1.00804
1.76291e+09,5064,-0.134967,0,0.134967,1.00799,0,-1.00799
1.76291e+09,5065,-0.134944,0,0.134944,1.00795,0,-1.00795
1.76291e+09,5066,-0.134919,0,0.134919,1.00791,0,-1.00791
1.76291e+09,5067,-0.134894,0,0.134894,1.00787,0,-1.00787
1.76291e+09,5068,-0.134868,0,0.134868,1.00783,0,-1.00783
1.76291e+09,5069,-0.13484,0,0.13484,1.00778,0,-1.00778
1.76291e+09,5070,-0.134812,0,0.134812,1.00774,0,-1.00774
1.76291e+09,5071,-0.134783,0,0.134783,1.0077,0,-1.0077
1.76291e+09,5072,-0.134753,0,0.134753,1.00766,0,-1.00766
1.76291e+09,5073,-0.134721,0,0.134721,1.00762,0,-1.00762
1.76291e+09,5074,-0.134689,0,0.134689,1.00758,0,-1.00758
1.76291e+09,5075,-0.134656,0,0.134656,1.00755,0,-1.00755
1.76291e+09,5076,-0.134622,0,0.134622,1.00751,0,-1.00751
1.76291e+09,5077,-0.134588,0,0.134588,1.00747,0,-1.00747
1.76291e+09,5078,-0.134552,0,0.134552,1.00743,0,-1.00743
1.76291e+09,5079,-0.134515,0,0.134515,1.00739,0,-1.00739
1.76291e+09,5080,-0.134477,0,0.134477,1.00735,0,-1.00735
1.76291e+09,5081,-0.134438,0,0.134438,1.00732,0,-1.00732
1.76291e+09,5082,-0.134399,0,0.134399,1.00728,0,-1.00728
1.76291e+09,5083,-0.134358,0,0.134358,1.00724,0,-1.00724
1.76291e+09,5084,-0.134317,0,0.134317,1.00721,0,-1.00721
1.76291e+09,5085,-0.134274,0,0.134274,1.00717,0,-1.00717
1.76291e+09,5086,-0.13423,0,0.13423,1.00714,0,-1.00714
1.76291e+09,5087,-0.134186,0,0.134186,1.0071,0,-1.0071
1.76291e+09,5088,-0.13414,0,0.13414,1.00707,0,-1.00707
1.76291e+09,5089,-0.134094,0,0.134094,1.00703,0,-1.00703
1.76291e+09,5090,-0.134047,0,0.134047,1.007,0,-1.007
1.76291e+09,5091,-0.133998,0,0.133998,1.00696,0,-1.00696
1.76291e+09,5092,-0.133949,0,0.133949,1.00693,0,-1.00693
1.76291e+09,5093,-0.133898,0,0.133898,1.0069,0,-1.0069
1.76291e+09,5094,-0.133847,0,0.133847,1.00686,0,-1.00686
1.76291e+09,5095,-0.133795,0,0.133795,1.00683,0,-1.00683
1.76291e+09,5096,-0.133741,0,0.133741,1.0068,0,-1.0068
1.76291e+09,5097,-0.133687,0,0.133687,1.00676,0,-1.00676
1.76291e+09,5098,-0.133632,0,0.133632,1.00673,0,-1.00673
1.76291e+09,5099,-0.133576,0,0.133576,1.0067,0,-1.0067
1.76291e+09,5100,-0.133518,0,0.133518,1.00667,0,-1.00667
1.76291e+09,5101,-0.13346,0,0.13346,1.00664,0,-1.00664
1.76291e+09,5102,-0.133401,0,0.133401,1.00661,0,-1.00661
1.76291e+09,5103,-0.13334,0,0.13334,1.00658,0,-1.00658
1.76291e+09,5104,-0.133279,0,0.133279,1.00655,0,-1.00655
1.76291e+09,5105,-0.133217,0,0.133217,1.00651,0,-1.00651
1.76291e+09,5106,-0.133154,0,0.133154,1.00648,0,-1.00648
1.76291e+09,5107,-0.133089,0,0.133089,1.00646,0,-1.00646
1.76291e+09,5108,-0.133024,0,0.133024,1.00643,0,-1.00643
1.76291e+09,5109,-0.132957,0,0.132957,1.0064,0,-1.0064
1.76291e+09,5110,-0.13289,0,0.13289,1.00637,0,-1.00637
1.76291e+09,5111,-0.132822,0,0.132822,1.00634,0,-1.00634
1.76291e+09,5112,-0.132752,0,0.132752,1.00631,0,-1.00631
1.76291e+09,5113,-0.132682,0,0.132682,1.00628,0,-1.00628
1.76291e+09,5114,-0.13261,0,0.13261,1.00625,0,-1.00625
1.76291e+09,5115,-0.132538,0,0.132538,1.00623,0,-1.00623
1.76291e+09,5116,-0.132464,0,0.132464,1.0062,0,-1.0062
1.76291e+09,5117,-0.132389,0,0.132389,1.00617,0,-1.00617
1.76291e+09,5118,-0.132314,0,0.132314,1.00614,0,-1.00614
1.76291e+09,5119,-0.132237,0,0.132237,1.00612,0,-1.00612
1.76291e+09,5120,-0.132159,0,0.132159,1.00609,0,-1.00609
1.76291e+09,5121,-0.13208,0,0.13208,1.00606,0,-1.00606
1.76291e+09,5122,-0.132,0,0.132,1.00604,0,-1.00604
1.76291e+09,5123,-0.131919,0,0.131919,1.00601,0,-1.00601
1.76291e+09,5124,-0.131837,0,0.131837,1.00598,0,-1.00598
1.76291e+09,5125,-0.131754,0,0.131754,1.00596,0,-1.00596
1.76291e+09,5126,-0.13167,0,0.13167,1.00593,0,-1.00593
1.76291e+09,5127,-0.131584,0,0.131584,1.00591,0,-1.00591
1.76291e+09,5128,-0.131498,0,0.131498,1.00588,0,-1.00588
1.76291e+09,5129,-0.131411,0,0.131411,1.00586,0,-1.00586
1.76291e+09,5130,-0.131322,0,0.131322,1.00583,0,-1.00583
1.76291e+09,5131,-0.131232,0,0.131232,1.00581,0,-1.00581
1.76291e+09,5132,-0.131141,0,0.131141,1.00578,0,-1.00578
1.76291e+09,5133,-0.13105,0,0.13105,1.00576,0,-1.00576
1.76291e+09,5134,-0.130957,0,0.130957,1.00574,0,-1.00574
1.76291e+09,5135,-0.130862,0,0.130862,1.00571,0,-1.00571
1.76291e+09,5136,-0.130767,0,0.130767,1.00569,0,-1.00569
1.76291e+09,5137,-0.130671,0,0.130671,1.00566,0,-1.00566
1.76291e+09,5138,-0.130573,0,0.130573,1.00564,0,-1.00564
1.76291e+09,5139,-0.130475,0,0.130475,1.00562,0,-1.00562
1.76291e+09,5140,-0.130375,0,0.130375,1.00559,0,-1.00559
1.76291e+09,5141,-0.130274,0,0.130274,1.00557,0,-1.00557
1.76291e+09,5142,-0.130172,0,0.130172,1.00555,0,-1.00555
1.76291e+09,5143,-0.130069,0,0.130069,1.00553,0,-1.00553
1.76291e+09,5144,-0.129964,0,0.129964,1.0055,0,-1.0055
1.76291e+09,5145,-0.129859,0,0.129859,1.00548,0,-1.00548
1.76291e+09,5146,-0.129752,0,0.129752,1.00546,0,-1.00546
1.76291e+09,5147,-0.129644,0,0.129644,1.00544,0,-1.00544
1.76291e+09,5148,-0.129535,0,0.129535,1.00542,0,-1.00542
1.76291e+09,5149,-0.129425,0,0.129425,1.00539,0,-1.00539
1.76291e+09,5150,-0.129314,0,0.129314,1.00537,0,-1.00537
1.76291e+09,5151,-0.129201,0,0.129201,1.00535,0,-1.00535
1.76291e+09,5152,-0.129088,0,0.129088,1.00533,0,-1.00533
1.76291e+09,5153,-0.128973,0,0.128973,1.00531,0,-1.00531
1.76291e+09,5154,-0.128857,0,0.128857,1.00529,0,-1.00529
1.76291e+09,5155,-0.128739,0,0.128739,1.00526,0,-1.00526
1.76291e+09,5156,-0.128621,0,0.128621,1.00524,0,-1.00524
1.76291e+09,5157,-0.128501,0,0.128501,1.00522,0,-1.00522
1.76291e+09,5158,-0.12838,0,0.12838,1.0052,0,-1.0052
1.76291e+09,5159,-0.128257,0,0.128257,1.00518,0,-1.00518
1.76291e+09,5160,-0.128134,0,0.128134,1.00516,0,-1.00516
1.76291e+09,5161,-0.128009,0,0.128009,1.00514,0,-1.00514
1.76291e+09,5162,-0.127883,0,0.127883,1.00512,0,-1.00512
1.76291e+09,5163,-0.127756,0,0.127756,1.0051,0,-1.0051
1.76291e+09,5164,-0.127628,0,0.127628,1.00508,0,-1.00508
1.76291e+09,5165,-0.127498,0,0.127498,1.00506,0,-1.00506
1.76291e+09,5166,-0.127367,0,0.127367,1.00504,0,-1.00504
1.76291e+09,5167,-0.127235,0,0.127235,1.00502,0,-1.00502
1.76291e+09,5168,-0.127101,0,0.127101,1.005,0,-1.005
1.76291e+09,5169,-0.126966,0,0.126966,1.00498,0,-1.00498
1.76291e+09,5170,-0.12683,0,0.12683,1.00496,0,-1.00496
1.76291e+09,5171,-0.126692,0,0.126692,1.00494,0,-1.00494
1.76291e+09,5172,-0.126554,0,0.126554,1.00492,0,-1.00492
1.76291e+09,5173,-0.126414,0,0.126414,1.0049,0,-1.0049
1.76291e+09,5174,-0.126272,0,0.126272,1.00488,0,-1.00488
1.76291e+09,5175,-0.126129,0,0.126129,1.00486,0,-1.00486
1.76291e+09,5176,-0.125985,0,0.125985,1.00484,0,-1.00484
1.76291e+09,5177,-0.12584,0,0.12584,1.00482,0,-1.00482
1.76291e+09,5178,-0.125693,0,0.125693,1.0048,0,-1.0048
1.76291e+09,5179,-0.125545,0,0.125545,1.00478,0,-1.00478
1.76291e+09,5180,-0.125396,0,0.125396,1.00476,0,-1.00476
1.76291e+09,5181,-0.125245,0,0.125245,1.00474,0,-1.00474
1.76291e+09,5182,-0.125093,0,0.125093,1.00472,0,-1.00472
1.76291e+09,5183,-0.124939,0,0.124939,1.0047,0,-1.0047
1.76291e+09,5184,-0.124784,0,0.124784,1.00468,0,-1.00468
1.76291e+09,5185,-0.124628,0,0.124628,1.00466,0,-1.00466
1.76291e+09,5186,-0.12447,0,0.12447,1.00464,0,-1.00464
1.76291e+09,5187,-0.124311,0,0.124311,1.00462,0,-1.00462
1.76291e+09,5188,-0.12415,0,0.12415,1.0046,0,-1.0046
1.76291e+09,5189,-0.123988,0,0.123988,1.00458,0,-1.00458
1.76291e+09,5190,-0.123825,0,0.123825,1.00456,0,-1.00456
1.76291e+09,5191,-0.12366,0,0.12366,1.00454,0,-1.00454
1.76291e+09,5192,-0.123494,0,0.123494,1.00452,0,-1.00452
1.76291e+09,5193,-0.123326,0,0.123326,1.0045,0,-1.0045
1.76291e+09,5194,-0.123157,0,0.123157,1.00448,0,-1.00448
1.76291e+09,5195,-0.122986,0,0.122986,1.00446,0,-1.00446
1.76291e+09,5196,-0.122814,0,0.122814,1.00444,0,-1.00444
1.76291e+09,5197,-0.12264,0,0.12264,1.00442,0,-1.00442
1.76291e+09,5198,-0.122465,0,0.122465,1.0044,0,-1.0044
1.76291e+09,5199,-0.122288,0,0.122288,1.00438,0,-1.00438
1.76291e+09,5200,-0.12211,0,0.12211,1.00436,0,-1.00436
1.76291e+09,5201,-0.12193,0,0.12193,1.00434,0,-1.00434
1.76291e+09,5202,-0.121749,0,0.121749,1.00432,0,-1.00432
1.76291e+09,5203,-0.121567,0,0.121567,1.00429,0,-1.00429
1.76291e+09,5204,-0.121382,0,0.121382,1.00427,0,-1.00427
1.76291e+09,5205,-0.121197,0,0.121197,1.00425,0,-1.00425
1.76291e+09,5206,-0.121009,0,0.121009,1.00423,0,-1.00423
1.76291e+09,5207,-0.12082,0,0.12082,1.00421,0,-1.00421
1.76291e+09,5208,-0.12063,0,0.12063,1.00419,0,-1.00419
1.76291e+09,5209,-0.120438,0,0.120438,1.00417,0,-1.00417
1.76291e+09,5210,-0.120244,0,0.120244,1.00414,0,-1.00414
1.76291e+09,5211,-0.120049,0,0.120049,1.00412,0,-1.00412
1.76291e+09,5212,-0.119852,0,0.119852,1.0041,0,-1.0041
1.76291e+09,5213,-0.119653,0,0.119653,1.00408,0,-1.00408
1.76291e+09,5214,-0.119453,0,0.119453,1.00405,0,-1.00405
1.76291e+09,5215,-0.119251,0,0.119251,1.00403,0,-1.00403
1.76291e+09,5216,-0.119048,0,0.119048,1.00401,0,-1.00401
1.76291e+09,5217,-0.118843,0,0.118843,1.00398,0,-1.00398
1.76291e+09,5218,-0.118636,0,0.118636,1.00396,0,-1.00396
1.76291e+09,5219,-0.118428,0,0.118428,1.00394,0,-1.00394
1.76291e+09,5220,-0.118218,0,0.118218,1.00391,0,-1.00391
1.76291e+09,5221,-0.118006,0,0.118006,1.00389,0,-1.00389
1.76291e+09,5222,-0.117792,0,0.117792,1.00386,0,-1.00386
1.76291e+09,5223,-0.117577,0,0.117577,1.00384,0,-1.00384
1.76291e+09,5224,-0.11736,0,0.11736,1.00381,0,-1.00381
1.76291e+09,5225,-0.117142,0,0.117142,1.00379,0,-1.00379
1.76291e+09,5226,-0.116921,0,0.116921,1.00376,0,-1.00376
1.76291e+09,5227,-0.116699,0,0.116699,1.00373,0,-1.00373
1.76291e+09,5228,-0.116475,0,0.116475,1.00371,0,-1.00371
1.76291e+09,5229,-0.11625,0,0.11625,1.00368,0,-1.00368
1.76291e+09,5230,-0.116022,0,0.116022,1.00366,0,-1.00366
1.76291e+09,5231,-0.115793,0,0.115793,1.00363,0,-1.00363
1.76291e+09,5232,-0.115562,0,0.115562,1.0036,0,-1.0036
1.76291e+09,5233,-0.115329,0,0.115329,1.00357,0,-1.00357
1.76291e+09,5234,-0.115094,0,0.115094,1.00354,0,-1.00354
1.76291e+09,5235,-0.114858,0,0.114858,1.00352,0,-1.00352
1.76291e+09,5236,-0.11462,0,0.11462,1.00349,0,-1.00349
1.76291e+09,5237,-0.114379,0,0.114379,1.00346,0,-1.00346
1.76291e+09,5238,-0.114137,0,0.114137,1.00343,0,-1.00343
1.76291e+09,5239,-0.113893,0,0.113893,1.0034,0,-1.0034
1.76291e+09,5240,-0.113647,0,0.113647,1.00337,0,-1.00337
1.76291e+09,5241,-0.1134,0,0.1134,1.00333,0,-1.00333
1.76291e+09,5242,-0.11315,0,0.11315,1.0033,0,-1.0033
1.76291e+09,5243,-0.112898,0,0.112898,1.00327,0,-1.00327
1.76291e+09,5244,-0.112645,0,0.112645,1.00324,0,-1.00324
1.76291e+09,5245,-0.112389,0,0.112389,1.00321,0,-1.00321
1.76291e+09,5246,-0.112132,0,0.112132,1.00317,0,-1.00317
1.76291e+09,5247,-0.111873,0,0.111873,1.00314,0,-1.00314
1.76291e+09,5248,-0.111611,0,0.111611,1.0031,0,-1.0031
1.76291e+09,5249,-0.111348,0,0.111348,1.00307,0,-1.00307
1.76291e+09,5250,-0.111082,0,0.111082,1.00303,0,-1.00303
1.76291e+09,5251,-0.110815,0,0.110815,1.003,0,-1.003
1.76291e+09,5252,-0.110546,0,0.110546,1.00296,0,-1.00296
1.76291e+09,5253,-0.110274,0,0.110274,1.00293,0,-1.00293
1.76291e+09,5254,-0.110001,0,0.110001,1.00289,0,-1.00289
1.76291e+09,5255,-0.109725,0,0.109725,1.00285,0,-1.00285
1.76291e+09,5256,-0.109447,0,0.109447,1.00281,0,-1.00281
1.76291e+09,5257,-0.109168,0,0.109168,1.00277,0,-1.00277
1.76291e+09,5258,-0.108886,0,0.108886,1.00273,0,-1.00273
1.76291e+09,5259,-0.108602,0,0.108602,1.00269,0,-1.00269
1.76291e+09,5260,-0.108316,0,0.108316,1.00265,0,-1.00265
1.76291e+09,5261,-0.108027,0,0.108027,1.00261,0,-1.00261
1.76291e+09,5262,-0.107737,0,0.107737,1.00257,0,-1.00257
1.76291e+09,5263,-0.107444,0,0.107444,1.00252,0,-1.00252
1.76291e+09,5264,-0.107149,0,0.107149,1.00248,0,-1.00248
1.76291e+09,5265,-0.106852,0,0.106852,1.00243,0,-1.00243
1.76291e+09,5266,-0.106553,0,0.106553,1.00239,0,-1.00239
1.76291e+09,5267,-0.106252,0,0.106252,1.00234,0,-1.00234
1.76291e+09,5268,-0.105948,0,0.105948,1.0023,0,-1.0023
1.76291e+09,5269,-0.105642,0,0.105642,1.00225,0,-1.00225
1.76291e+09,5270,-0.105333,0,0.105333,1.0022,0,-1.0022
1.76291e+09,5271,-0.105023,0,0.105023,1.00215,0,-1.00215
1.76291e+09,5272,-0.10471,0,0.10471,1.0021,0,-1.0021
1.76291e+09,5273,-0.104395,0,0.104395,1.00205,0,-1.00205
1.76291e+09,5274,-0.104077,0,0.104077,1.002,0,-1.002
1.76291e+09,5275,-0.103757,0,0.103757,1.00195,0,-1.00195
1.76291e+09,5276,-0.103435,0,0.103435,1.00189,0,-1.00189
1.76291e+09,5277,-0.10311,0,0.10311,1.00184,0,-1.00184
1.76291e+09,5278,-0.102783,0,0.102783,1.00178,0,-1.00178
1.76291e+09,5279,-0.102453,0,0.102453,1.00173,0,-1.00173
1.76291e+09,5280,-0.102116,0,0.102116,1.00165,0,-1.00165
1.76291e+09,5281,-0.101775,0,0.101775,1.00158,0,-1.00158
1.76291e+09,5282,-0.101433,0,0.101433,1.0015,0,-1.0015
1.76291e+09,5283,-0.101088,0,0.101088,1.00142,0,-1.00142
1.76291e+09,5284,-0.10074,0,0.10074,1.00134,0,-1.00134
1.76291e+09,5285,-0.100391,0,0.100391,1.00126,0,-1.00126
1.76291e+09,5286,-0.100038,0,0.100038,1.00118,0,-1.00118
1.76291e+09,5287,-0.0996838,0,0.0996838,1.0011,0,-1.0011
1.76291e+09,5288,-0.0993268,0,0.0993268,1.00102,0,-1.00102
1.76291e+09,5289,-0.0989673,0,0.0989673,1.00093,0,-1.00093
1.76291e+09,5290,-0.0986055,0,0.0986055,1.00085,0,-1.00085
1.76291e+09,5291,-0.0982412,0,0.0982412,1.00076,0,-1.00076
1.76291e+09,5292,-0.0978746,0,0.0978746,1.00067,0,-1.00067
1.76291e+09,5293,-0.0975056,0,0.0975056,1.00058,0,-1.00058
1.76291e+09,5294,-0.0971342,0,0.0971342,1.00049,0,-1.00049
1.76291e+09,5295,-0.0967604,0,0.0967604,1.0004,0,-1.0004
1.76291e+09,5296,-0.0963844,0,0.0963844,1.00031,0,-1.00031
1.76291e+09,5297,-0.096006,0,0.096006,1.00021,0,-1.00021
1.76291e+09,5298,-0.0956253,0,0.0956253,1.00012,0,-1.00012
1.76291e+09,5299,-0.0952424,0,0.0952424,1.00002,0,-1.00002
1.76291e+09,5300,-0.0948572,0,0.0948572,0.999926,0,-0.999926
1.76291e+09,5301,-0.0944698,0,0.0944698,0.999827,0,-0.999827
1.76291e+09,5302,-0.0940802,0,0.0940802,0.999727,0,-0.999727
1.76291e+09,5303,-0.0936884,0,0.0936884,0.999625,0,-0.999625
1.76291e+09,5304,-0.0932945,0,0.0932945,0.999523,0,-0.999523
1.76291e+09,5305,-0.0928986,0,0.0928986,0.999418,0,-0.999418
1.76291e+09,5306,-0.0925005,0,0.0925005,0.999313,0,-0.999313
1.76291e+09,5307,-0.0921005,0,0.0921005,0.999206,0,-0.999206
1.76291e+09,5308,-0.0916985,0,0.0916985,0.999098,0,-0.999098
1.76291e+09,5309,-0.0912945,0,0.0912945,0.998989,0,-0.998989
1.76291e+09,5310,-0.0908887,0,0.0908887,0.998878,0,-0.998878
1.76291e+09,5311,-0.090481,0,0.090481,0.998766,0,-0.998766
1.76291e+09,5312,-0.0900715,0,0.0900715,0.998652,0,-0.998652
1.76291e+09,5313,-0.0896602,0,0.0896602,0.998537,0,-0.998537
1.76291e+09,5314,-0.0892473,0,0.0892473,0.998421,0,-0.998421
1.76291e+09,5315,-0.0888326,0,0.0888326,0.998303,0,-0.998303
1.76291e+09,5316,-0.0884164,0,0.0884164,0.998184,0,-0.998184
1.76291e+09,5317,-0.0879986,0,0.0879986,0.998063,0,-0.998063
1.76291e+09,5318,-0.0875794,0,0.0875794,0.997941,0,-0.997941
1.76291e+09,5319,-0.0871587,0,0.0871587,0.997818,0,-0.997818
1.76291e+09,5320,-0.0867366,0,0.0867366,0.997693,0,-0.997693
1.76291e+09,5321,-0.0863131,0,0.0863131,0.997567,0,-0.997567
1.76291e+09,5322,-0.0858885,0,0.0858885,0.997439,0,-0.997439
1.76291e+09,5323,-0.0854625,0,0.0854625,0.99731,0,-0.99731
1.76291e+09,5324,-0.0850355,0,0.0850355,0.99718,0,-0.99718
1.76291e+09,5325,-0.0846073,0,0.0846073,0.997048,0,-0.997048
1.76291e+09,5326,-0.0841782,0,0.0841782,0.996915,0,-0.996915
1.76291e+09,5327,-0.083748,0,0.083748,0.99678,0,-0.99678
1.76291e+09,5328,-0.083317,0,0.083317,0.996644,0,-0.996644
1.76291e+09,5329,-0.0828851,0,0.0828851,0.996507,0,-0.996507
1.76291e+09,5330,-0.0824525,0,0.0824525,0.996368,0,-0.996368
1.76291e+09,5331,-0.0820191,0,0.0820191,0.996228,0,-0.996228
1.76291e+09,5332,-0.0815851,0,0.0815851,0.996086,0,-0.996086
1.76291e+09,5333,-0.0811505,0,0.0811505,0.995943,0,-0.995943
1.76291e+09,5334,-0.0807154,0,0.0807154,0.995799,0,-0.995799
1.76291e+09,5335,-0.0802799,0,0.0802799,0.995654,0,-0.995654
1.76291e+09,5336,-0.079844,0,0.079844,0.995507,0,-0.995507
1.76291e+09,5337,-0.0794077,0,0.0794077,0.995359,0,-0.995359
1.76291e+09,5338,-0.0789713,0,0.0789713,0.995209,0,-0.995209
1.76291e+09,5339,-0.0785346,0,0.0785346,0.995058,0,-0.995058
1.76291e+09,5340,-0.0780979,0,0.0780979,0.994907,0,-0.994907
1.76291e+09,5341,-0.0776611,0,0.0776611,0.994753,0,-0.994753
1.76291e+09,5342,-0.0772243,0,0.0772243,0.994599,0,-0.994599
1.76291e+09,5343,-0.0767877,0,0.0767877,0.994443,0,-0.994443
1.76291e+09,5344,-0.0763512,0,0.0763512,0.994286,0,-0.994286
1.76291e+09,5345,-0.0759149,0,0.0759149,0.994128,0,-0.994128
1.76291e+09,5346,-0.075479,0,0.075479,0.993969,0,-0.993969
1.76291e+09,5347,-0.0750434,0,0.0750434,0.993809,0,-0.993809
1.76291e+09,5348,-0.0746082,0,0.0746082,0.993648,0,-0.993648
1.76291e+09,5349,-0.0741736,0,0.0741736,0.993485,0,-0.993485
1.76291e+09,5350,-0.0737395,0,0.0737395,0.993322,0,-0.993322
1.76291e+09,5351,-0.0733061,0,0.0733061,0.993157,0,-0.993157
1.76291e+09,5352,-0.0728733,0,0.0728733,0.992991,0,-0.992991
1.76291e+09,5353,-0.0724414,0,0.0724414,0.992825,0,-0.992825
1.76291e+09,5354,-0.0720102,0,0.0720102,0.992657,0,-0.992657
1.76291e+09,5355,-0.07158,0,0.07158,0.992489,0,-0.992489
1.76291e+09,5356,-0.0711507,0,0.0711507,0.992319,0,-0.992319
1.76291e+09,5357,-0.0707224,0,0.0707224,0.992149,0,-0.992149
1.76291e+09,5358,-0.0702953,0,0.0702953,0.991977,0,-0.991977
1.76291e+09,5359,-0.0698693,0,0.0698693,0.991805,0,-0.991805
1.76291e+09,5360,-0.0694445,0,0.0694445,0.991632,0,-0.991632
1.76291e+09,5361,-0.0690209,0,0.0690209,0.991459,0,-0.991459
1.76291e+09,5362,-0.0685987,0,0.0685987,0.991284,0,-0.991284
1.76291e+09,5363,-0.0681779,0,0.0681779,0.991109,0,-0.991109
1.76291e+09,5364,-0.0677586,0,0.0677586,0.990933,0,-0.990933
1.76291e+09,5365,-0.0673407,0,0.0673407,0.990757,0,-0.990757
1.76291e+09,5366,-0.0669244,0,0.0669244,0.990579,0,-0.990579
1.76291e+09,5367,-0.0665097,0,0.0665097,0.990402,0,-0.990402
1.76291e+09,5368,-0.0660967,0,0.0660967,0.990223,0,-0.990223
1.76291e+09,5369,-0.0656854,0,0.0656854,0.990044,0,-0.990044
1.76291e+09,5370,-0.0652758,0,0.0652758,0.989865,0,-0.989865
1.76291e+09,5371,-0.0648681,0,0.0648681,0.989685,0,-0.989685
1.76291e+09,5372,-0.0644623,0,0.0644623,0.989504,0,-0.989504
1.76291e+09,5373,-0.0640583,0,0.0640583,0.989323,0,-0.989323
1.76291e+09,5374,-0.0636563,0,0.0636563,0.989142,0,-0.989142
1.76291e+09,5375,-0.0632563,0,0.0632563,0.98896,0,-0.98896
1.76291e+09,5376,-0.0628584,0,0.0628584,0.988778,0,-0.988778
1.76291e+09,5377,-0.0624625,0,0.0624625,0.988595,0,-0.988595
1.76291e+09,5378,-0.0620688,0,0.0620688,0.988412,0,-0.988412
1.76291e+09,5379,-0.0616772,0,0.0616772,0.988229,0,-0.988229
1.76291e+09,5380,-0.0612878,0,0.0612878,0.988046,0,-0.988046
1.76291e+09,5381,-0.0609006,0,0.0609006,0.987862,0,-0.987862
1.76291e+09,5382,-0.0605157,0,0.0605157,0.987679,0,-0.987679
1.76291e+09,5383,-0.0601331,0,0.0601331,0.987495,0,-0.987495
1.76291e+09,5384,-0.0597527,0,0.0597527,0.987311,0,-0.987311
1.76291e+09,5385,-0.0593747,0,0.0593747,0.987127,0,-0.987127
1.76291e+09,5386,-0.0589991,0,0.0589991,0.986942,0,-0.986942
1.76291e+09,5387,-0.0586258,0,0.0586258,0.986758,0,-0.986758
1.76291e+09,5388,-0.058255,0,0.058255,0.986573,0,-0.986573
1.76291e+09,5389,-0.0578865,0,0.0578865,0.986389,0,-0.986389
1.76291e+09,5390,-0.0575205,0,0.0575205,0.986205,0,-0.986205
1.76291e+09,5391,-0.0571569,0,0.0571569,0.98602,0,-0.98602
1.76291e+09,5392,-0.0567958,0,0.0567958,0.985836,0,-0.985836
1.76291e+09,5393,-0.0564371,0,0.0564371,0.985651,0,-0.985651
1.76291e+09,5394,-0.0560809,0,0.0560809,0.985467,0,-0.985467
1.76291e+09,5395,-0.0557272,0,0.0557272,0.985283,0,-0.985283
1.76291e+09,5396,-0.0553759,0,0.0553759,0.985099,0,-0.985099
1.76291e+09,5397,-0.0550271,0,0.0550271,0.984915,0,-0.984915
1.76291e+09,5398,-0.0546808,0,0.0546808,0.984731,0,-0.984731
1.76291e+09,5399,-0.0543369,0,0.0543369,0.984547,0,-0.984547
1.76291e+09,5400,-0.0540735,0,0.0540735,0.989285,0,-0.989285
1.76291e+09,5401,-0.0538118,0,0.0538118,0.994007,0,-0.994007
1.76291e+09,5402,-0.0535518,0,0.0535518,0.998713,0,-0.998713
1.76291e+09,5403,-0.0532934,0,0.0532934,1.0034,0,-1.0034
1.76291e+09,5404,-0.0530368,0,0.0530368,1.00807,0,-1.00807
1.76291e+09,5405,-0.0527819,0,0.0527819,1.01273,0,-1.01273
1.76291e+09,5406,-0.0525286,0,0.0525286,1.01737,0,-1.01737
1.76291e+09,5407,-0.052277,0,0.052277,1.02199,0,-1.02199
1.76291e+09,5408,-0.0520271,0,0.0520271,1.0266,0,-1.0266
1.76291e+09,5409,-0.0517788,0,0.0517788,1.03119,0,-1.03119
1.76291e+09,5410,-0.0515322,0,0.0515322,1.03577,0,-1.03577
1.76291e+09,5411,-0.0512873,0,0.0512873,1.04033,0,-1.04033
1.76291e+09,5412,-0.0510439,0,0.0510439,1.04487,0,-1.04487
1.76291e+09,5413,-0.0508022,0,0.0508022,1.0494,0,-1.0494
1.76291e+09,5414,-0.0505621,0,0.0505621,1.05391,0,-1.05391
1.76291e+09,5415,-0.0503236,0,0.0503236,1.05841,0,-1.05841
1.76291e+09,5416,-0.0500867,0,0.0500867,1.06289,0,-1.06289
1.76291e+09,5417,-0.0498514,0,0.0498514,1.06735,0,-1.06735
1.76291e+09,5418,-0.0496176,0,0.0496176,1.0718,0,-1.0718
1.76291e+09,5419,-0.0493854,0,0.0493854,1.07623,0,-1.07623
1.76291e+09,5420,-0.0491547,0,0.0491547,1.08065,0,-1.08065
1.76291e+09,5421,-0.0489256,0,0.0489256,1.08505,0,-1.08505
1.76291e+09,5422,-0.0486981,0,0.0486981,1.08943,0,-1.08943
1.76291e+09,5423,-0.048472,0,0.048472,1.0938,0,-1.0938
1.76291e+09,5424,-0.0482474,0,0.0482474,1.09816,0,-1.09816
1.76291e+09,5425,-0.0480244,0,0.0480244,1.10249,0,-1.10249
1.76291e+09,5426,-0.0478028,0,0.0478028,1.10682,0,-1.10682
1.76291e+09,5427,-0.0475828,0,0.0475828,1.11112,0,-1.11112
1.76291e+09,5428,-0.0473641,0,0.0473641,1.11541,0,-1.11541
1.76291e+09,5429,-0.047147,0,0.047147,1.11969,0,-1.11969
1.76291e+09,5430,-0.0469313,0,0.0469313,1.12394,0,-1.12394
1.76291e+09,5431,-0.0467171,0,0.0467171,1.12819,0,-1.12819
1.76291e+09,5432,-0.0465043,0,0.0465043,1.13241,0,-1.13241
1.76291e+09,5433,-0.0462929,0,0.0462929,1.13663,0,-1.13663
1.76291e+09,5434,-0.0460829,0,0.0460829,1.14082,0,-1.14082
1.76291e+09,5435,-0.0458744,0,0.0458744,1.145,0,-1.145
1.76291e+09,5436,-0.0456672,0,0.0456672,1.14916,0,-1.14916
1.76291e+09,5437,-0.0454615,0,0.0454615,1.15331,0,-1.15331
1.76291e+09,5438,-0.0452571,0,0.0452571,1.15745,0,-1.15745
1.76291e+09,5439,-0.0450542,0,0.0450542,1.16156,0,-1.16156
1.76291e+09,5440,-0.0448525,0,0.0448525,1.16566,0,-1.16566
1.76291e+09,5441,-0.0446523,0,0.0446523,1.16975,0,-1.16975
1.76291e+09,5442,-0.0444534,0,0.0444534,1.17382,0,-1.17382
1.76291e+09,5443,-0.0442559,0,0.0442559,1.17787,0,-1.17787
1.76291e+09,5444,-0.0440597,0,0.0440597,1.18191,0,-1.18191
1.76291e+09,5445,-0.0438649,0,0.0438649,1.18593,0,-1.18593
1.76291e+09,5446,-0.0436713,0,0.0436713,1.18993,0,-1.18993
1.76291e+09,5447,-0.0434791,0,0.0434791,1.19392,0,-1.19392
1.76291e+09,5448,-0.0432883,0,0.0432883,1.1979,0,-1.1979
1.76291e+09,5449,-0.0430987,0,0.0430987,1.20186,0,-1.20186
1.76291e+09,5450,-0.0429104,0,0.0429104,1.2058,0,-1.2058
1.76291e+09,5451,-0.0427234,0,0.0427234,1.20972,0,-1.20972
1.76291e+09,5452,-0.0425377,0,0.0425377,1.21363,0,-1.21363
1.76291e+09,5453,-0.0423533,0,0.0423533,1.21753,0,-1.21753
1.76291e+09,5454,-0.0421702,0,0.0421702,1.22141,0,-1.22141
1.76291e+09,5455,-0.0419883,0,0.0419883,1.22527,0,-1.22527
1.76291e+09,5456,-0.0418077,0,0.0418077,1.22911,0,-1.22911
1.76291e+09,5457,-0.0416284,0,0.0416284,1.23294,0,-1.23294
1.76291e+09,5458,-0.0414503,0,0.0414503,1.23676,0,-1.23676
1.76291e+09,5459,-0.0412735,0,0.0412735,1.24055,0,-1.24055
1.76291e+09,5460,-0.0410979,0,0.0410979,1.24433,0,-1.24433
1.76291e+09,5461,-0.0409235,0,0.0409235,1.2481,0,-1.2481
1.76291e+09,5462,-0.0407504,0,0.0407504,1.25185,0,-1.25185
1.76291e+09,5463,-0.0405784,0,0.0405784,1.25558,0,-1.25558
1.76291e+09,5464,-0.0404077,0,0.0404077,1.25929,0,-1.25929
1.76291e+09,5465,-0.0402382,0,0.0402382,1.26299,0,-1.26299
1.76291e+09,5466,-0.0400699,0,0.0400699,1.26668,0,-1.26668
1.76291e+09,5467,-0.0399029,0,0.0399029,1.27034,0,-1.27034
1.76291e+09,5468,-0.039737,0,0.039737,1.27399,0,-1.27399
1.76291e+09,5469,-0.0395722,0,0.0395722,1.27763,0,-1.27763
1.76291e+09,5470,-0.0394087,0,0.0394087,1.28125,0,-1.28125
1.76291e+09,5471,-0.0392464,0,0.0392464,1.28485,0,-1.28485
1.76291e+09,5472,-0.0390852,0,0.0390852,1.28843,0,-1.28843
1.76291e+09,5473,-0.0389252,0,0.0389252,1.292,0,-1.292
1.76291e+09,5474,-0.0387663,0,0.0387663,1.29555,0,-1.29555
1.76291e+09,5475,-0.0386087,0,0.0386087,1.29908,0,-1.29908
1.76291e+09,5476,-0.0384521,0,0.0384521,1.3026,0,-1.3026
1.76291e+09,5477,-0.0382967,0,0.0382967,1.3061,0,-1.3061
1.76291e+09,5478,-0.0381425,0,0.0381425,1.30959,0,-1.30959
1.76291e+09,5479,-0.0379894,0,0.0379894,1.31305,0,-1.31305
1.76291e+09,5480,-0.0378374,0,0.0378374,1.3165,0,-1.3165
1.76291e+09,5481,-0.0376866,0,0.0376866,1.31994,0,-1.31994
1.76291e+09,5482,-0.0375369,0,0.0375369,1.32335,0,-1.32335
1.76291e+09,5483,-0.0373883,0,0.0373883,1.32675,0,-1.32675
1.76291e+09,5484,-0.0372408,0,0.0372408,1.33014,0,-1.33014
1.76291e+09,5485,-0.0370944,0,0.0370944,1.3335,0,-1.3335
1.76291e+09,5486,-0.0369492,0,0.0369492,1.33685,0,-1.33685
1.76291e+09,5487,-0.036805,0,0.036805,1.34018,0,-1.34018
1.76291e+09,5488,-0.0366619,0,0.0366619,1.3435,0,-1.3435
1.76291e+09,5489,-0.03652,0,0.03652,1.34679,0,-1.34679
1.76291e+09,5490,-0.0363791,0,0.0363791,1.35007,0,-1.35007
1.76291e+09,5491,-0.0362393,0,0.0362393,1.35334,0,-1.35334
1.76291e+09,5492,-0.0361006,0,0.0361006,1.35658,0,-1.35658
1.76291e+09,5493,-0.035963,0,0.035963,1.35981,0,-1.35981
1.76291e+09,5494,-0.0358265,0,0.0358265,1.36302,0,-1.36302
1.76291e+09,5495,-0.035691,0,0.035691,1.36622,0,-1.36622
1.76291e+09,5496,-0.0355566,0,0.0355566,1.36939,0,-1.36939
1.76291e+09,5497,-0.0354232,0,0.0354232,1.37255,0,-1.37255
1.76291e+09,5498,-0.0352909,0,0.0352909,1.37569,0,-1.37569
1.76291e+09,5499,-0.0351597,0,0.0351597,1.37881,0,-1.37881
1.76291e+09,5500,-0.0350295,0,0.0350295,1.38192,0,-1.38192
1.76291e+09,5501,-0.0349004,0,0.0349004,1.38501,0,-1.38501
1.76291e+09,5502,-0.0347723,0,0.0347723,1.38808,0,-1.38808
1.76291e+09,5503,-0.0346453,0,0.0346453,1.39113,0,-1.39113
1.76291e+09,5504,-0.0345193,0,0.0345193,1.39417,0,-1.39417
1.76291e+09,5505,-0.0343944,0,0.0343944,1.39718,0,-1.39718
1.76291e+09,5506,-0.0342704,0,0.0342704,1.40018,0,-1.40018
1.76291e+09,5507,-0.0341475,0,0.0341475,1.40316,0,-1.40316
1.76291e+09,5508,-0.0340257,0,0.0340257,1.40613,0,-1.40613
1.76291e+09,5509,-0.0339048,0,0.0339048,1.40907,0,-1.40907
1.76291e+09,5510,-0.033785,0,0.033785,1.412,0,-1.412
1.76291e+09,5511,-0.0336662,0,0.0336662,1.41491,0,-1.41491
1.76291e+09,5512,-0.0335484,0,0.0335484,1.4178,0,-1.4178
1.76291e+09,5513,-0.0334317,0,0.0334317,1.42067,0,-1.42067
1.76291e+09,5514,-0.0333159,0,0.0333159,1.42353,0,-1.42353
1.76291e+09,5515,-0.0332011,0,0.0332011,1.42637,0,-1.42637
1.76291e+09,5516,-0.0330874,0,0.0330874,1.42918,0,-1.42918
1.76291e+09,5517,-0.0329747,0,0.0329747,1.43198,0,-1.43198
1.76291e+09,5518,-0.0328629,0,0.0328629,1.43477,0,-1.43477
1.76291e+09,5519,-0.0327522,0,0.0327522,1.43753,0,-1.43753
1.76291e+09,5520,-0.0326424,0,0.0326424,1.44027,0,-1.44027
1.76291e+09,5521,-0.0325336,0,0.0325336,1.443,0,-1.443
1.76291e+09,5522,-0.0324259,0,0.0324259,1.44571,0,-1.44571
1.76291e+09,5523,-0.0323191,0,0.0323191,1.4484,0,-1.4484
1.76291e+09,5524,-0.0322133,0,0.0322133,1.45107,0,-1.45107
1.76291e+09,5525,-0.0321084,0,0.0321084,1.45372,0,-1.45372
1.76291e+09,5526,-0.0320046,0,0.0320046,1.45635,0,-1.45635
1.76291e+09,5527,-0.0319017,0,0.0319017,1.45897,0,-1.45897
1.76291e+09,5528,-0.0317999,0,0.0317999,1.46156,0,-1.46156
1.76291e+09,5529,-0.0316989,0,0.0316989,1.46414,0,-1.46414
1.76291e+09,5530,-0.031599,0,0.031599,1.4667,0,-1.4667
1.76291e+09,5531,-0.0315,0,0.0315,1.46923,0,-1.46923
1.76291e+09,5532,-0.031402,0,0.031402,1.47175,0,-1.47175
1.76291e+09,5533,-0.031305,0,0.031305,1.47425,0,-1.47425
1.76291e+09,5534,-0.0312089,0,0.0312089,1.47674,0,-1.47674
1.76291e+09,5535,-0.0311138,0,0.0311138,1.4792,0,-1.4792
1.76291e+09,5536,-0.0310196,0,0.0310196,1.48164,0,-1.48164
1.76291e+09,5537,-0.0309264,0,0.0309264,1.48407,0,-1.48407
1.76291e+09,5538,-0.0308342,0,0.0308342,1.48647,0,-1.48647
1.76291e+09,5539,-0.0307429,0,0.0307429,1.48886,0,-1.48886
1.76291e+09,5540,-0.0306526,0,0.0306526,1.49122,0,-1.49122
1.76291e+09,5541,-0.0305632,0,0.0305632,1.49357,0,-1.49357
1.76291e+09,5542,-0.0304748,0,0.0304748,1.4959,0,-1.4959
1.76291e+09,5543,-0.0303873,0,0.0303873,1.49821,0,-1.49821
1.76291e+09,5544,-0.0303007,0,0.0303007,1.50049,0,-1.50049
1.76291e+09,5545,-0.0302151,0,0.0302151,1.50276,0,-1.50276
1.76291e+09,5546,-0.0301305,0,0.0301305,1.50501,0,-1.50501
1.76291e+09,5547,-0.0300468,0,0.0300468,1.50724,0,-1.50724
1.76291e+09,5548,-0.029964,0,0.029964,1.50945,0,-1.50945
1.76291e+09,5549,-0.0298822,0,0.0298822,1.51164,0,-1.51164
1.76291e+09,5550,-0.0298013,0,0.0298013,1.51381,0,-1.51381
1.76291e+09,5551,-0.0297213,0,0.0297213,1.51596,0,-1.51596
1.76291e+09,5552,-0.0296423,0,0.0296423,1.51809,0,-1.51809
1.76291e+09,5553,-0.0295642,0,0.0295642,1.52021,0,-1.52021
1.76291e+09,5554,-0.029487,0,0.029487,1.5223,0,-1.5223
1.76291e+09,5555,-0.0294108,0,0.0294108,1.52437,0,-1.52437
1.76291e+09,5556,-0.0293355,0,0.0293355,1.52642,0,-1.52642
1.76291e+09,5557,-0.0292611,0,0.0292611,1.52845,0,-1.52845
1.76291e+09,5558,-0.0291877,0,0.0291877,1.53046,0,-1.53046
1.76291e+09,5559,-0.0291152,0,0.0291152,1.53245,0,-1.53245
1.76291e+09,5560,-0.0290436,0,0.0290436,1.53442,0,-1.53442
1.76291e+09,5561,-0.0289729,0,0.0289729,1.53637,0,-1.53637
1.76291e+09,5562,-0.0289032,0,0.0289032,1.5383,0,-1.5383
1.76291e+09,5563,-0.0288343,0,0.0288343,1.54021,0,-1.54021
1.76291e+09,5564,-0.0287664,0,0.0287664,1.5421,0,-1.5421
1.76291e+09,5565,-0.0286994,0,0.0286994,1.54397,0,-1.54397
1.76291e+09,5566,-0.0286334,0,0.0286334,1.54582,0,-1.54582
1.76291e+09,5567,-0.0285682,0,0.0285682,1.54765,0,-1.54765
1.76291e+09,5568,-0.028504,0,0.028504,1.54945,0,-1.54945
1.76291e+09,5569,-0.0284407,0,0.0284407,1.55124,0,-1.55124
1.76291e+09,5570,-0.0283783,0,0.0283783,1.55301,0,-1.55301
1.76291e+09,5571,-0.0283168,0,0.0283168,1.55475,0,-1.55475
1.76291e+09,5572,-0.0282562,0,0.0282562,1.55648,0,-1.55648
1.76291e+09,5573,-0.0281965,0,0.0281965,1.55818,0,-1.55818
1.76291e+09,5574,-0.0281378,0,0.0281378,1.55986,0,-1.55986
1.76291e+09,5575,-0.0280799,0,0.0280799,1.56153,0,-1.56153
1.76291e+09,5576,-0.028023,0,0.028023,1.56317,0,-1.56317
1.76291e+09,5577,-0.027967,0,0.027967,1.56479,0,-1.56479
1.76291e+09,5578,-0.0279118,0,0.0279118,1.56639,0,-1.56639
1.76291e+09,5579,-0.0278576,0,0.0278576,1.56797,0,-1.56797
1.76291e+09,5580,-0.0278043,0,0.0278043,1.56953,0,-1.56953
1.76291e+09,5581,-0.0277519,0,0.0277519,1.57106,0,-1.57106
1.76291e+09,5582,-0.0277004,0,0.0277004,1.57258,0,-1.57258
1.76291e+09,5583,-0.0276498,0,0.0276498,1.57408,0,-1.57408
1.76291e+09,5584,-0.0276002,0,0.0276002,1.57555,0,-1.57555
1.76291e+09,5585,-0.0275514,0,0.0275514,1.577,0,-1.577
1.76291e+09,5586,-0.0275035,0,0.0275035,1.57843,0,-1.57843
1.76291e+09,5587,-0.0274565,0,0.0274565,1.57984,0,-1.57984
1.76291e+09,5588,-0.0274105,0,0.0274105,1.58123,0,-1.58123
1.76291e+09,5589,-0.0273653,0,0.0273653,1.5826,0,-1.5826
1.76291e+09,5590,-0.027321,0,0.027321,1.58395,0,-1.58395
1.76291e+09,5591,-0.0272776,0,0.0272776,1.58527,0,-1.58527
1.76291e+09,5592,-0.0272352,0,0.0272352,1.58658,0,-1.58658
1.76291e+09,5593,-0.0271936,0,0.0271936,1.58786,0,-1.58786
1.76291e+09,5594,-0.0271529,0,0.0271529,1.58912,0,-1.58912
1.76291e+09,5595,-0.0271132,0,0.0271132,1.59036,0,-1.59036
1.76291e+09,5596,-0.0270743,0,0.0270743,1.59158,0,-1.59158
1.76291e+09,5597,-0.0270363,0,0.0270363,1.59277,0,-1.59277
1.76291e+09,5598,-0.0269992,0,0.0269992,1.59395,0,-1.59395
1.76291e+09,5599,-0.026963,0,0.026963,1.5951,0,-1.5951
1.76291e+09,5600,-0.0269277,0,0.0269277,1.59623,0,-1.59623
1.76291e+09,5601,-0.0268933,0,0.0268933,1.59734,0,-1.59734
1.76291e+09,5602,-0.0268598,0,0.0268598,1.59843,0,-1.59843
1.76291e+09,5603,-0.0268272,0,0.0268272,1.59949,0,-1.59949
1.76291e+09,5604,-0.0267955,0,0.0267955,1.60054,0,-1.60054
1.76291e+09,5605,-0.0267647,0,0.0267647,1.60156,0,-1.60156
1.76291e+09,5606,-0.0267348,0,0.0267348,1.60256,0,-1.60256
1.76291e+09,5607,-0.0267058,0,0.0267058,1.60354,0,-1.60354
1.76291e+09,5608,-0.0266776,0,0.0266776,1.60449,0,-1.60449
1.76291e+09,5609,-0.0266504,0,0.0266504,1.60543,0,-1.60543
1.76291e+09,5610,-0.026624,0,0.026624,1.60634,0,-1.60634
1.76291e+09,5611,-0.0265986,0,0.0265986,1.60723,0,-1.60723
1.76291e+09,5612,-0.026574,0,0.026574,1.6081,0,-1.6081
1.76291e+09,5613,-0.0265503,0,0.0265503,1.60895,0,-1.60895
1.76291e+09,5614,-0.0265276,0,0.0265276,1.60977,0,-1.60977
1.76291e+09,5615,-0.0265057,0,0.0265057,1.61058,0,-1.61058
1.76291e+09,5616,-0.0264847,0,0.0264847,1.61136,0,-1.61136
1.76291e+09,5617,-0.0264646,0,0.0264646,1.61211,0,-1.61211
1.76291e+09,5618,-0.0264453,0,0.0264453,1.61285,0,-1.61285
1.76291e+09,5619,-0.026427,0,0.026427,1.61357,0,-1.61357
1.76291e+09,5620,-0.0264096,0,0.0264096,1.61426,0,-1.61426
1.76291e+09,5621,-0.026393,0,0.026393,1.61493,0,-1.61493
1.76291e+09,5622,-0.0263773,0,0.0263773,1.61557,0,-1.61557
1.76291e+09,5623,-0.0263626,0,0.0263626,1.6162,0,-1.6162
1.76291e+09,5624,-0.0263487,0,0.0263487,1.6168,0,-1.6168
1.76291e+09,5625,-0.0263357,0,0.0263357,1.61738,0,-1.61738
1.76291e+09,5626,-0.0263236,0,0.0263236,1.61794,0,-1.61794
1.76291e+09,5627,-0.0263124,0,0.0263124,1.61848,0,-1.61848
1.76291e+09,5628,-0.026302,0,0.026302,1.61899,0,-1.61899
1.76291e+09,5629,-0.0262926,0,0.0262926,1.61948,0,-1.61948
1.76291e+09,5630,-0.026284,0,0.026284,1.61995,0,-1.61995
1.76291e+09,5631,-0.0262764,0,0.0262764,1.62039,0,-1.62039
1.76291e+09,5632,-0.0262696,0,0.0262696,1.62082,0,-1.62082
1.76291e+09,5633,-0.0262637,0,0.0262637,1.62122,0,-1.62122
1.76291e+09,5634,-0.0262587,0,0.0262587,1.6216,0,-1.6216
1.76291e+09,5635,-0.0262546,0,0.0262546,1.62195,0,-1.62195
1.76291e+09,5636,-0.0262513,0,0.0262513,1.62229,0,-1.62229
1.76291e+09,5637,-0.026249,0,0.026249,1.6226,0,-1.6226
1.76291e+09,5638,-0.0262475,0,0.0262475,1.62289,0,-1.62289
1.76291e+09,5639,-0.026247,0,0.026247,1.62315,0,-1.62315
1.76291e+09,5640,-0.0262473,0,0.0262473,1.6234,0,-1.6234
1.76291e+09,5641,-0.0262485,0,0.0262485,1.62362,0,-1.62362
1.76291e+09,5642,-0.0262506,0,0.0262506,1.62382,0,-1.62382
1.76291e+09,5643,-0.0262535,0,0.0262535,1.62399,0,-1.62399
1.76291e+09,5644,-0.0262574,0,0.0262574,1.62415,0,-1.62415
1.76291e+09,5645,-0.0262621,0,0.0262621,1.62428,0,-1.62428
1.76291e+09,5646,-0.0262678,0,0.0262678,1.62438,0,-1.62438
1.76291e+09,5647,-0.0262743,0,0.0262743,1.62447,0,-1.62447
1.76291e+09,5648,-0.0262817,0,0.0262817,1.62453,0,-1.62453
1.76291e+09,5649,-0.02629,0,0.02629,1.62457,0,-1.62457
1.76291e+09,5650,-0.0262991,0,0.0262991,1.62459,0,-1.62459
1.76291e+09,5651,-0.0263092,0,0.0263092,1.62458,0,-1.62458
1.76291e+09,5652,-0.0263201,0,0.0263201,1.62455,0,-1.62455
1.76291e+09,5653,-0.026332,0,0.026332,1.6245,0,-1.6245
1.76291e+09,5654,-0.0263447,0,0.0263447,1.62443,0,-1.62443
1.76291e+09,5655,-0.0263583,0,0.0263583,1.62433,0,-1.62433
1.76291e+09,5656,-0.0263728,0,0.0263728,1.62421,0,-1.62421
1.76291e+09,5657,-0.0263881,0,0.0263881,1.62407,0,-1.62407
1.76291e+09,5658,-0.0264044,0,0.0264044,1.62391,0,-1.62391
1.76291e+09,5659,-0.0264215,0,0.0264215,1.62372,0,-1.62372
1.76291e+09,5660,-0.0264395,0,0.0264395,1.62351,0,-1.62351
1.76291e+09,5661,-0.0264585,0,0.0264585,1.62328,0,-1.62328
1.76291e+09,5662,-0.0264783,0,0.0264783,1.62302,0,-1.62302
1.76291e+09,5663,-0.0264989,0,0.0264989,1.62274,0,-1.62274
1.76291e+09,5664,-0.0265205,0,0.0265205,1.62244,0,-1.62244
1.76291e+09,5665,-0.0265429,0,0.0265429,1.62212,0,-1.62212
1.76291e+09,5666,-0.0265663,0,0.0265663,1.62177,0,-1.62177
1.76291e+09,5667,-0.0265905,0,0.0265905,1.6214,0,-1.6214
1.76291e+09,5668,-0.0266156,0,0.0266156,1.62101,0,-1.62101
1.76291e+09,5669,-0.0266416,0,0.0266416,1.6206,0,-1.6206
1.76291e+09,5670,-0.0266685,0,0.0266685,1.62016,0,-1.62016
1.76291e+09,5671,-0.0266962,0,0.0266962,1.6197,0,-1.6197
1.76291e+09,5672,-0.0267249,0,0.0267249,1.61922,0,-1.61922
1.76291e+09,5673,-0.0267544,0,0.0267544,1.61871,0,-1.61871
1.76291e+09,5674,-0.0267848,0,0.0267848,1.61818,0,-1.61818
1.76291e+09,5675,-0.0268161,0,0.0268161,1.61763,0,-1.61763
1.76291e+09,5676,-0.0268483,0,0.0268483,1.61706,0,-1.61706
1.76291e+09,5677,-0.0268814,0,0.0268814,1.61646,0,-1.61646
1.76291e+09,5678,-0.0269154,0,0.0269154,1.61584,0,-1.61584
1.76291e+09,5679,-0.0269502,0,0.0269502,1.6152,0,-1.6152
1.76291e+09,5680,-0.026986,0,0.026986,1.61453,0,-1.61453
1.76291e+09,5681,-0.0270226,0,0.0270226,1.61385,0,-1.61385
1.76291e+09,5682,-0.0270601,0,0.0270601,1.61314,0,-1.61314
1.76291e+09,5683,-0.0270985,0,0.0270985,1.6124,0,-1.6124
1.76291e+09,5684,-0.0271378,0,0.0271378,1.61165,0,-1.61165
1.76291e+09,5685,-0.027178,0,0.027178,1.61087,0,-1.61087
1.76291e+09,5686,-0.027219,0,0.027219,1.61007,0,-1.61007
1.76291e+09,5687,-0.027261,0,0.027261,1.60925,0,-1.60925
1.76291e+09,5688,-0.0273038,0,0.0273038,1.6084,0,-1.6084
1.76291e+09,5689,-0.0273475,0,0.0273475,1.60753,0,-1.60753
1.76291e+09,5690,-0.0273922,0,0.0273922,1.60664,0,-1.60664
1.76291e+09,5691,-0.0274377,0,0.0274377,1.60573,0,-1.60573
1.76291e+09,5692,-0.0274841,0,0.0274841,1.60479,0,-1.60479
1.76291e+09,5693,-0.0275314,0,0.0275314,1.60383,0,-1.60383
1.76291e+09,5694,-0.0275795,0,0.0275795,1.60285,0,-1.60285
1.76291e+09,5695,-0.0276286,0,0.0276286,1.60185,0,-1.60185
1.76291e+09,5696,-0.0276786,0,0.0276786,1.60082,0,-1.60082
1.76291e+09,5697,-0.0277294,0,0.0277294,1.59977,0,-1.59977
1.76291e+09,5698,-0.0277812,0,0.0277812,1.5987,0,-1.5987
1.76291e+09,5699,-0.0278338,0,0.0278338,1.59761,0,-1.59761
1.76291e+09,5700,-0.0278873,0,0.0278873,1.59649,0,-1.59649
1.76291e+09,5701,-0.0279418,0,0.0279418,1.59535,0,-1.59535
1.76291e+09,5702,-0.0279971,0,0.0279971,1.59419,0,-1.59419
1.76291e+09,5703,-0.0280533,0,0.0280533,1.59301,0,-1.59301
1.76291e+09,5704,-0.0281104,0,0.0281104,1.5918,0,-1.5918
1.76291e+09,5705,-0.0281684,0,0.0281684,1.59058,0,-1.59058
1.76291e+09,5706,-0.0282273,0,0.0282273,1.58932,0,-1.58932
1.76291e+09,5707,-0.0282871,0,0.0282871,1.58805,0,-1.58805
1.76291e+09,5708,-0.0283478,0,0.0283478,1.58676,0,-1.58676
1.76291e+09,5709,-0.0284094,0,0.0284094,1.58544,0,-1.58544
1.76291e+09,5710,-0.0284719,0,0.0284719,1.5841,0,-1.5841
1.76291e+09,5711,-0.0285353,0,0.0285353,1.58274,0,-1.58274
1.76291e+09,5712,-0.0285996,0,0.0285996,1.58135,0,-1.58135
1.76291e+09,5713,-0.0286648,0,0.0286648,1.57995,0,-1.57995
1.76291e+09,5714,-0.0287309,0,0.0287309,1.57852,0,-1.57852
1.76291e+09,5715,-0.0287979,0,0.0287979,1.57707,0,-1.57707
1.76291e+09,5716,-0.0288658,0,0.0288658,1.5756,0,-1.5756
1.76291e+09,5717,-0.0289346,0,0.0289346,1.5741,0,-1.5741
1.76291e+09,5718,-0.0290043,0,0.0290043,1.57258,0,-1.57258
1.76291e+09,5719,-0.0290749,0,0.0290749,1.57104,0,-1.57104
1.76291e+09,5720,-0.0291464,0,0.0291464,1.56948,0,-1.56948
1.76291e+09,5721,-0.0292188,0,0.0292188,1.5679,0,-1.5679
1.76291e+09,5722,-0.0292922,0,0.0292922,1.5663,0,-1.5663
1.76291e+09,5723,-0.0293664,0,0.0293664,1.56467,0,-1.56467
1.76291e+09,5724,-0.0294416,0,0.0294416,1.56302,0,-1.56302
1.76291e+09,5725,-0.0295176,0,0.0295176,1.56135,0,-1.56135
1.76291e+09,5726,-0.0295946,0,0.0295946,1.55966,0,-1.55966
1.76291e+09,5727,-0.0296725,0,0.0296725,1.55794,0,-1.55794
1.76291e+09,5728,-0.0297513,0,0.0297513,1.55621,0,-1.55621
1.76291e+09,5729,-0.029831,0,0.029831,1.55445,0,-1.55445
1.76291e+09,5730,-0.0299117,0,0.0299117,1.55267,0,-1.55267
1.76291e+09,5731,-0.0299932,0,0.0299932,1.55087,0,-1.55087
1.76291e+09,5732,-0.0300757,0,0.0300757,1.54904,0,-1.54904
1.76291e+09,5733,-0.0301591,0,0.0301591,1.5472,0,-1.5472
1.76291e+09,5734,-0.0302434,0,0.0302434,1.54533,0,-1.54533
1.76291e+09,5735,-0.0303287,0,0.0303287,1.54344,0,-1.54344
1.76291e+09,5736,-0.0304148,0,0.0304148,1.54153,0,-1.54153
1.76291e+09,5737,-0.0305019,0,0.0305019,1.5396,0,-1.5396
1.76291e+09,5738,-0.03059,0,0.03059,1.53765,0,-1.53765
1.76291e+09,5739,-0.0306789,0,0.0306789,1.53567,0,-1.53567
1.76291e+09,5740,-0.0307688,0,0.0307688,1.53368,0,-1.53368
1.76291e+09,5741,-0.0308596,0,0.0308596,1.53166,0,-1.53166
1.76291e+09,5742,-0.0309513,0,0.0309513,1.52962,0,-1.52962
1.76291e+09,5743,-0.031044,0,0.031044,1.52756,0,-1.52756
1.76291e+09,5744,-0.0311376,0,0.0311376,1.52548,0,-1.52548
1.76291e+09,5745,-0.0312322,0,0.0312322,1.52338,0,-1.52338
1.76291e+09,5746,-0.0313277,0,0.0313277,1.52125,0,-1.52125
1.76291e+09,5747,-0.0314241,0,0.0314241,1.51911,0,-1.51911
1.76291e+09,5748,-0.0315215,0,0.0315215,1.51694,0,-1.51694
1.76291e+09,5749,-0.0316198,0,0.0316198,1.51475,0,-1.51475
1.76291e+09,5750,-0.0317191,0,0.0317191,1.51254,0,-1.51254
1.76291e+09,5751,-0.0318193,0,0.0318193,1.51031,0,-1.51031
1.76291e+09,5752,-0.0319205,0,0.0319205,1.50806,0,-1.50806
1.76291e+09,5753,-0.0320226,0,0.0320226,1.50579,0,-1.50579
1.76291e+09,5754,-0.0321257,0,0.0321257,1.5035,0,-1.5035
1.76291e+09,5755,-0.0322297,0,0.0322297,1.50118,0,-1.50118
1.76291e+09,5756,-0.0323347,0,0.0323347,1.49885,0,-1.49885
1.76291e+09,5757,-0.0324406,0,0.0324406,1.49649,0,-1.49649
1.76291e+09,5758,-0.0325475,0,0.0325475,1.49411,0,-1.49411
1.76291e+09,5759,-0.0326554,0,0.0326554,1.49172,0,-1.49172
1.76291e+09,5760,-0.0327643,0,0.0327643,1.4893,0,-1.4893
1.76291e+09,5761,-0.0328741,0,0.0328741,1.48686,0,-1.48686
1.76291e+09,5762,-0.0329849,0,0.0329849,1.4844,0,-1.4844
1.76291e+09,5763,-0.0330966,0,0.0330966,1.48192,0,-1.48192
1.76291e+09,5764,-0.0332094,0,0.0332094,1.47941,0,-1.47941
1.76291e+09,5765,-0.0333231,0,0.0333231,1.47689,0,-1.47689
1.76291e+09,5766,-0.0334378,0,0.0334378,1.47435,0,-1.47435
1.76291e+09,5767,-0.0335535,0,0.0335535,1.47179,0,-1.47179
1.76291e+09,5768,-0.0336701,0,0.0336701,1.4692,0,-1.4692
1.76291e+09,5769,-0.0337878,0,0.0337878,1.4666,0,-1.4666
1.76291e+09,5770,-0.0339064,0,0.0339064,1.46397,0,-1.46397
1.76291e+09,5771,-0.0340261,0,0.0340261,1.46132,0,-1.46132
1.76291e+09,5772,-0.0341467,0,0.0341467,1.45866,0,-1.45866
1.76291e+09,5773,-0.0342684,0,0.0342684,1.45597,0,-1.45597
1.76291e+09,5774,-0.034391,0,0.034391,1.45326,0,-1.45326
1.76291e+09,5775,-0.0345147,0,0.0345147,1.45054,0,-1.45054
1.76291e+09,5776,-0.0346393,0,0.0346393,1.44779,0,-1.44779
1.76291e+09,5777,-0.034765,0,0.034765,1.44502,0,-1.44502
1.76291e+09,5778,-0.0348917,0,0.0348917,1.44223,0,-1.44223
1.76291e+09,5779,-0.0350194,0,0.0350194,1.43942,0,-1.43942
1.76291e+09,5780,-0.0351481,0,0.0351481,1.43659,0,-1.43659
1.76291e+09,5781,-0.0352779,0,0.0352779,1.43374,0,-1.43374
1.76291e+09,5782,-0.0354087,0,0.0354087,1.43087,0,-1.43087
1.76291e+09,5783,-0.0355405,0,0.0355405,1.42799,0,-1.42799
1.76291e+09,5784,-0.0356733,0,0.0356733,1.42508,0,-1.42508
1.76291e+09,5785,-0.0358072,0,0.0358072,1.42215,0,-1.42215
1.76291e+09,5786,-0.0359422,0,0.0359422,1.4192,0,-1.4192
1.76291e+09,5787,-0.0360781,0,0.0360781,1.41623,0,-1.41623
1.76291e+09,5788,-0.0362152,0,0.0362152,1.41324,0,-1.41324
1.76291e+09,5789,-0.0363532,0,0.0363532,1.41023,0,-1.41023
1.76291e+09,5790,-0.0364924,0,0.0364924,1.4072,0,-1.4072
1.76291e+09,5791,-0.0366326,0,0.0366326,1.40415,0,-1.40415
1.76291e+09,5792,-0.0367738,0,0.0367738,1.40108,0,-1.40108
1.76291e+09,5793,-0.0369161,0,0.0369161,1.39799,0,-1.39799
1.76291e+09,5794,-0.0370595,0,0.0370595,1.39488,0,-1.39488
1.76291e+09,5795,-0.037204,0,0.037204,1.39175,0,-1.39175
1.76291e+09,5796,-0.0373496,0,0.0373496,1.3886,0,-1.3886
1.76291e+09,5797,-0.0374962,0,0.0374962,1.38544,0,-1.38544
1.76291e+09,5798,-0.0376439,0,0.0376439,1.38225,0,-1.38225
1.76291e+09,5799,-0.0377927,0,0.0377927,1.37904,0,-1.37904
1.76291e+09,5800,-0.0379426,0,0.0379426,1.37581,0,-1.37581
1.76291e+09,5801,-0.0380937,0,0.0380937,1.37257,0,-1.37257
1.76291e+09,5802,-0.0382458,0,0.0382458,1.3693,0,-1.3693
1.76291e+09,5803,-0.038399,0,0.038399,1.36602,0,-1.36602
1.76291e+09,5804,-0.0385533,0,0.0385533,1.36271,0,-1.36271
1.76291e+09,5805,-0.0387088,0,0.0387088,1.35938,0,-1.35938
1.76291e+09,5806,-0.0388654,0,0.0388654,1.35604,0,-1.35604
1.76291e+09,5807,-0.0390231,0,0.0390231,1.35268,0,-1.35268
1.76291e+09,5808,-0.039182,0,0.039182,1.34929,0,-1.34929
1.76291e+09,5809,-0.0393419,0,0.0393419,1.34589,0,-1.34589
1.76291e+09,5810,-0.0395031,0,0.0395031,1.34247,0,-1.34247
1.76291e+09,5811,-0.0396653,0,0.0396653,1.33902,0,-1.33902
1.76291e+09,5812,-0.0398288,0,0.0398288,1.33556,0,-1.33556
1.76291e+09,5813,-0.0399934,0,0.0399934,1.33208,0,-1.33208
1.76291e+09,5814,-0.0401591,0,0.0401591,1.32858,0,-1.32858
1.76291e+09,5815,-0.040326,0,0.040326,1.32506,0,-1.32506
1.76291e+09,5816,-0.0404941,0,0.0404941,1.32152,0,-1.32152
1.76291e+09,5817,-0.0406634,0,0.0406634,1.31797,0,-1.31797
1.76291e+09,5818,-0.0408338,0,0.0408338,1.31439,0,-1.31439
1.76291e+09,5819,-0.0410055,0,0.0410055,1.31079,0,-1.31079
1.76291e+09,5820,-0.0411783,0,0.0411783,1.30718,0,-1.30718
1.76291e+09,5821,-0.0413524,0,0.0413524,1.30354,0,-1.30354
1.76291e+09,5822,-0.0415276,0,0.0415276,1.29989,0,-1.29989
1.76291e+09,5823,-0.0417041,0,0.0417041,1.29621,0,-1.29621
1.76291e+09,5824,-0.0418818,0,0.0418818,1.29252,0,-1.29252
1.76291e+09,5825,-0.0420607,0,0.0420607,1.28881,0,-1.28881
1.76291e+09,5826,-0.0422408,0,0.0422408,1.28507,0,-1.28507
1.76291e+09,5827,-0.0424222,0,0.0424222,1.28132,0,-1.28132
1.76291e+09,5828,-0.0426048,0,0.0426048,1.27755,0,-1.27755
1.76291e+09,5829,-0.0427887,0,0.0427887,1.27376,0,-1.27376
1.76291e+09,5830,-0.0429738,0,0.0429738,1.26995,0,-1.26995
1.76291e+09,5831,-0.0431602,0,0.0431602,1.26613,0,-1.26613
1.76291e+09,5832,-0.0433478,0,0.0433478,1.26228,0,-1.26228
1.76291e+09,5833,-0.0435367,0,0.0435367,1.25841,0,-1.25841
1.76291e+09,5834,-0.0437269,0,0.0437269,1.25453,0,-1.25453
1.76291e+09,5835,-0.0439184,0,0.0439184,1.25062,0,-1.25062
1.76291e+09,5836,-0.0441112,0,0.0441112,1.2467,0,-1.2467
1.76291e+09,5837,-0.0443053,0,0.0443053,1.24275,0,-1.24275
1.76291e+09,5838,-0.0445007,0,0.0445007,1.23879,0,-1.23879
1.76291e+09,5839,-0.0446974,0,0.0446974,1.23481,0,-1.23481
1.76291e+09,5840,-0.0448954,0,0.0448954,1.23081,0,-1.23081
1.76291e+09,5841,-0.0450948,0,0.0450948,1.22678,0,-1.22678
1.76291e+09,5842,-0.0452955,0,0.0452955,1.22274,0,-1.22274
1.76291e+09,5843,-0.0454975,0,0.0454975,1.21868,0,-1.21868
1.76291e+09,5844,-0.0457009,0,0.0457009,1.2146,0,-1.2146
1.76291e+09,5845,-0.0459057,0,0.0459057,1.21051,0,-1.21051
1.76291e+09,5846,-0.0461118,0,0.0461118,1.20639,0,-1.20639
1.76291e+09,5847,-0.0463193,0,0.0463193,1.20225,0,-1.20225
1.76291e+09,5848,-0.0465282,0,0.0465282,1.19809,0,-1.19809
1.76291e+09,5849,-0.0467384,0,0.0467384,1.19392,0,-1.19392
1.76291e+09,5850,-0.0469501,0,0.0469501,1.18972,0,-1.18972
1.76291e+09,5851,-0.0471632,0,0.0471632,1.18551,0,-1.18551
1.76291e+09,5852,-0.0473776,0,0.0473776,1.18127,0,-1.18127
1.76291e+09,5853,-0.0475935,0,0.0475935,1.17702,0,-1.17702
1.76291e+09,5854,-0.0478109,0,0.0478109,1.17274,0,-1.17274
1.76291e+09,5855,-0.0480297,0,0.0480297,1.16845,0,-1.16845
1.76291e+09,5856,-0.0482499,0,0.0482499,1.16413,0,-1.16413
1.76291e+09,5857,-0.0484716,0,0.0484716,1.1598,0,-1.1598
1.76291e+09,5858,-0.0486947,0,0.0486947,1.15544,0,-1.15544
1.76291e+09,5859,-0.0489194,0,0.0489194,1.15107,0,-1.15107
1.76291e+09,5860,-0.0491455,0,0.0491455,1.14668,0,-1.14668
1.76291e+09,5861,-0.0493731,0,0.0493731,1.14226,0,-1.14226
1.76291e+09,5862,-0.0496022,0,0.0496022,1.13783,0,-1.13783
1.76291e+09,5863,-0.0498328,0,0.0498328,1.13337,0,-1.13337
1.76291e+09,5864,-0.050065,0,0.050065,1.1289,0,-1.1289
1.76291e+09,5865,-0.0502987,0,0.0502987,1.12441,0,-1.12441
1.76291e+09,5866,-0.050534,0,0.050534,1.11989,0,-1.11989
1.76291e+09,5867,-0.0507708,0,0.0507708,1.11536,0,-1.11536
1.76291e+09,5868,-0.0510092,0,0.0510092,1.1108,0,-1.1108
1.76291e+09,5869,-0.0512491,0,0.0512491,1.10622,0,-1.10622
1.76291e+09,5870,-0.0514907,0,0.0514907,1.10163,0,-1.10163
1.76291e+09,5871,-0.0517338,0,0.0517338,1.09701,0,-1.09701
1.76291e+09,5872,-0.0519786,0,0.0519786,1.09237,0,-1.09237
1.76291e+09,5873,-0.052225,0,0.052225,1.08771,0,-1.08771
1.76291e+09,5874,-0.052473,0,0.052473,1.08303,0,-1.08303
1.76291e+09,5875,-0.0527226,0,0.0527226,1.07832,0,-1.07832
1.76291e+09,5876,-0.0529739,0,0.0529739,1.0736,0,-1.0736
1.76291e+09,5877,-0.0532269,0,0.0532269,1.06886,0,-1.06886
1.76291e+09,5878,-0.0534815,0,0.0534815,1.06409,0,-1.06409
1.76291e+09,5879,-0.0537378,0,0.0537378,1.0593,0,-1.0593
1.76291e+09,5880,-0.0540736,0,0.0540736,1.05921,0,-1.05921
1.76291e+09,5881,-0.0544118,0,0.0544118,1.05912,0,-1.05912
1.76291e+09,5882,-0.0547525,0,0.0547525,1.05902,0,-1.05902
1.76291e+09,5883,-0.0550956,0,0.0550956,1.05893,0,-1.05893
1.76291e+09,5884,-0.0554411,0,0.0554411,1.05883,0,-1.05883
1.76291e+09,5885,-0.0557891,0,0.0557891,1.05873,0,-1.05873
1.76291e+09,5886,-0.0561395,0,0.0561395,1.05863,0,-1.05863
1.76291e+09,5887,-0.0564924,0,0.0564924,1.05853,0,-1.05853
1.76291e+09,5888,-0.0568477,0,0.0568477,1.05843,0,-1.05843
1.76291e+09,5889,-0.0572055,0,0.0572055,1.05833,0,-1.05833
1.76291e+09,5890,-0.0575657,0,0.0575657,1.05822,0,-1.05822
1.76291e+09,5891,-0.0579284,0,0.0579284,1.05811,0,-1.05811
1.76291e+09,5892,-0.0582934,0,0.0582934,1.058,0,-1.058
1.76291e+09,5893,-0.0586609,0,0.0586609,1.05789,0,-1.05789
1.76291e+09,5894,-0.0590308,0,0.0590308,1.05778,0,-1.05778
1.76291e+09,5895,-0.0594031,0,0.0594031,1.05767,0,-1.05767
1.76291e+09,5896,-0.0597777,0,0.0597777,1.05755,0,-1.05755
1.76291e+09,5897,-0.0601547,0,0.0601547,1.05743,0,-1.05743
1.76291e+09,5898,-0.060534,0,0.060534,1.05731,0,-1.05731
1.76291e+09,5899,-0.0609157,0,0.0609157,1.05719,0,-1.05719
1.76291e+09,5900,-0.0612996,0,0.0612996,1.05707,0,-1.05707
1.76291e+09,5901,-0.0616857,0,0.0616857,1.05695,0,-1.05695
1.76291e+09,5902,-0.0620741,0,0.0620741,1.05682,0,-1.05682
1.76291e+09,5903,-0.0624647,0,0.0624647,1.05669,0,-1.05669
1.76291e+09,5904,-0.0628574,0,0.0628574,1.05656,0,-1.05656
1.76291e+09,5905,-0.0632523,0,0.0632523,1.05643,0,-1.05643
1.76291e+09,5906,-0.0636492,0,0.0636492,1.0563,0,-1.0563
1.76291e+09,5907,-0.0640482,0,0.0640482,1.05617,0,-1.05617
1.76291e+09,5908,-0.0644493,0,0.0644493,1.05603,0,-1.05603
1.76291e+09,5909,-0.0648522,0,0.0648522,1.05589,0,-1.05589
1.76291e+09,5910,-0.0652571,0,0.0652571,1.05575,0,-1.05575
1.76291e+09,5911,-0.0656639,0,0.0656639,1.05561,0,-1.05561
1.76291e+09,5912,-0.0660726,0,0.0660726,1.05547,0,-1.05547
1.76291e+09,5913,-0.066483,0,0.066483,1.05533,0,-1.05533
1.76291e+09,5914,-0.0668951,0,0.0668951,1.05518,0,-1.05518
1.76291e+09,5915,-0.067309,0,0.067309,1.05503,0,-1.05503
1.76291e+09,5916,-0.0677244,0,0.0677244,1.05488,0,-1.05488
1.76291e+09,5917,-0.0681415,0,0.0681415,1.05473,0,-1.05473
1.76291e+09,5918,-0.0685601,0,0.0685601,1.05458,0,-1.05458
1.76291e+09,5919,-0.0689802,0,0.0689802,1.05442,0,-1.05442
1.76291e+09,5920,-0.0694016,0,0.0694016,1.05427,0,-1.05427
1.76291e+09,5921,-0.0698245,0,0.0698245,1.05411,0,-1.05411
1.76291e+09,5922,-0.0702486,0,0.0702486,1.05395,0,-1.05395
1.76291e+09,5923,-0.070674,0,0.070674,1.05379,0,-1.05379
1.76291e+09,5924,-0.0711006,0,0.0711006,1.05363,0,-1.05363
1.76291e+09,5925,-0.0715283,0,0.0715283,1.05346,0,-1.05346
1.76291e+09,5926,-0.071957,0,0.071957,1.0533,0,-1.0533
1.76291e+09,5927,-0.0723867,0,0.0723867,1.05313,0,-1.05313
1.76291e+09,5928,-0.0728174,0,0.0728174,1.05296,0,-1.05296
1.76291e+09,5929,-0.0732489,0,0.0732489,1.05279,0,-1.05279
1.76291e+09,5930,-0.0736813,0,0.0736813,1.05262,0,-1.05262
1.76291e+09,5931,-0.0741144,0,0.0741144,1.05245,0,-1.05245
1.76291e+09,5932,-0.0745481,0,0.0745481,1.05227,0,-1.05227
1.76291e+09,5933,-0.0749825,0,0.0749825,1.05209,0,-1.05209
1.76291e+09,5934,-0.0754174,0,0.0754174,1.05192,0,-1.05192
1.76291e+09,5935,-0.0758528,0,0.0758528,1.05174,0,-1.05174
1.76291e+09,5936,-0.0762886,0,0.0762886,1.05156,0,-1.05156
1.76291e+09,5937,-0.0767247,0,0.0767247,1.05138,0,-1.05138
1.76291e+09,5938,-0.0771611,0,0.0771611,1.05119,0,-1.05119
1.76291e+09,5939,-0.0775977,0,0.0775977,1.05101,0,-1.05101
1.76291e+09,5940,-0.0780344,0,0.0780344,1.05083,0,-1.05083
1.76291e+09,5941,-0.0784712,0,0.0784712,1.05064,0,-1.05064
1.76291e+09,5942,-0.078908,0,0.078908,1.05045,0,-1.05045
1.76291e+09,5943,-0.0793448,0,0.0793448,1.05026,0,-1.05026
1.76291e+09,5944,-0.0797814,0,0.0797814,1.05007,0,-1.05007
1.76291e+09,5945,-0.0802178,0,0.0802178,1.04988,0,-1.04988
1.76291e+09,5946,-0.0806539,0,0.0806539,1.04969,0,-1.04969
1.76291e+09,5947,-0.0810897,0,0.0810897,1.0495,0,-1.0495
1.76291e+09,5948,-0.0815251,0,0.0815251,1.0493,0,-1.0493
1.76291e+09,5949,-0.08196,0,0.08196,1.04911,0,-1.04911
1.76291e+09,5950,-0.0823943,0,0.0823943,1.04891,0,-1.04891
1.76291e+09,5951,-0.0828281,0,0.0828281,1.04872,0,-1.04872
1.76291e+09,5952,-0.0832612,0,0.0832612,1.04852,0,-1.04852
1.76291e+09,5953,-0.0836935,0,0.0836935,1.04832,0,-1.04832
1.76291e+09,5954,-0.0841251,0,0.0841251,1.04812,0,-1.04812
1.76291e+09,5955,-0.0845557,0,0.0845557,1.04792,0,-1.04792
1.76291e+09,5956,-0.0849855,0,0.0849855,1.04772,0,-1.04772
1.76291e+09,5957,-0.0854142,0,0.0854142,1.04752,0,-1.04752
1.76291e+09,5958,-0.0858419,0,0.0858419,1.04732,0,-1.04732
1.76291e+09,5959,-0.0862685,0,0.0862685,1.04712,0,-1.04712
1.76291e+09,5960,-0.0866939,0,0.0866939,1.04691,0,-1.04691
1.76291e+09,5961,-0.0871181,0,0.0871181,1.04671,0,-1.04671
1.76291e+09,5962,-0.0875409,0,0.0875409,1.04651,0,-1.04651
1.76291e+09,5963,-0.0879624,0,0.0879624,1.0463,0,-1.0463
1.76291e+09,5964,-0.0883825,0,0.0883825,1.0461,0,-1.0461
1.76291e+09,5965,-0.0888011,0,0.0888011,1.04589,0,-1.04589
1.76291e+09,5966,-0.0892182,0,0.0892182,1.04569,0,-1.04569
1.76291e+09,5967,-0.0896337,0,0.0896337,1.04548,0,-1.04548
1.76291e+09,5968,-0.0900476,0,0.0900476,1.04528,0,-1.04528
1.76291e+09,5969,-0.0904597,0,0.0904597,1.04507,0,-1.04507
1.76291e+09,5970,-0.0908702,0,0.0908702,1.04486,0,-1.04486
1.76291e+09,5971,-0.0912789,0,0.0912789,1.04466,0,-1.04466
1.76291e+09,5972,-0.0916857,0,0.0916857,1.04445,0,-1.04445
1.76291e+09,5973,-0.0920906,0,0.0920906,1.04424,0,-1.04424
1.76291e+09,5974,-0.0924937,0,0.0924937,1.04404,0,-1.04404
1.76291e+09,5975,-0.0928948,0,0.0928948,1.04383,0,-1.04383
1.76291e+09,5976,-0.0932938,0,0.0932938,1.04363,0,-1.04363
1.76291e+09,5977,-0.0936908,0,0.0936908,1.04342,0,-1.04342
1.76291e+09,5978,-0.0940858,0,0.0940858,1.04321,0,-1.04321
1.76291e+09,5979,-0.0944786,0,0.0944786,1.04301,0,-1.04301
1.76291e+09,5980,-0.0948692,0,0.0948692,1.0428,0,-1.0428
1.76291e+09,5981,-0.0952577,0,0.0952577,1.0426,0,-1.0426
1.76291e+09,5982,-0.0956439,0,0.0956439,1.04239,0,-1.04239
1.76291e+09,5983,-0.0960279,0,0.0960279,1.04219,0,-1.04219
1.76291e+09,5984,-0.0964096,0,0.0964096,1.04198,0,-1.04198
1.76291e+09,5985,-0.0967891,0,0.0967891,1.04178,0,-1.04178
1.76291e+09,5986,-0.0971662,0,0.0971662,1.04158,0,-1.04158
1.76291e+09,5987,-0.0975409,0,0.0975409,1.04137,0,-1.04137
1.76291e+09,5988,-0.0979133,0,0.0979133,1.04117,0,-1.04117
1.76291e+09,5989,-0.0982834,0,0.0982834,1.04097,0,-1.04097
1.76291e+09,5990,-0.098651,0,0.098651,1.04077,0,-1.04077
1.76291e+09,5991,-0.0990162,0,0.0990162,1.04057,0,-1.04057
1.76291e+09,5992,-0.099379,0,0.099379,1.04037,0,-1.04037
1.76291e+09,5993,-0.0997394,0,0.0997394,1.04017,0,-1.04017
1.76291e+09,5994,-0.100097,0,0.100097,1.03997,0,-1.03997
1.76291e+09,5995,-0.100453,0,0.100453,1.03977,0,-1.03977
1.76291e+09,5996,-0.100806,0,0.100806,1.03957,0,-1.03957
1.76291e+09,5997,-0.101157,0,0.101157,1.03937,0,-1.03937
1.76291e+09,5998,-0.101505,0,0.101505,1.03917,0,-1.03917
1.76291e+09,5999,-0.101851,0,0.101851,1.03898,0,-1.03898
1.76291e+09,6000,-0.102188,0,0.102188,1.03877,0,-1.03877
1.76291e+09,6001,-0.102523,0,0.102523,1.03855,0,-1.03855
1.76291e+09,6002,-0.102856,0,0.102856,1.03834,0,-1.03834
1.76291e+09,6003,-0.103186,0,0.103186,1.03813,0,-1.03813
1.76291e+09,6004,-0.103514,0,0.103514,1.03792,0,-1.03792
1.76291e+09,6005,-0.103839,0,0.103839,1.03771,0,-1.03771
1.76291e+09,6006,-0.104162,0,0.104162,1.03751,0,-1.03751
1.76291e+09,6007,-0.104482,0,0.104482,1.0373,0,-1.0373
1.76291e+09,6008,-0.104801,0,0.104801,1.03709,0,-1.03709
1.76291e+09,6009,-0.105116,0,0.105116,1.03689,0,-1.03689
1.76291e+09,6010,-0.10543,0,0.10543,1.03668,0,-1.03668
1.76291e+09,6011,-0.105741,0,0.105741,1.03648,0,-1.03648
1.76291e+09,6012,-0.106049,0,0.106049,1.03627,0,-1.03627
1.76291e+09,6013,-0.106356,0,0.106356,1.03607,0,-1.03607
1.76291e+09,6014,-0.10666,0,0.10666,1.03587,0,-1.03587
1.76291e+09,6015,-0.106961,0,0.106961,1.03567,0,-1.03567
1.76291e+09,6016,-0.107261,0,0.107261,1.03547,0,-1.03547
1.76291e+09,6017,-0.107558,0,0.107558,1.03527,0,-1.03527
1.76291e+09,6018,-0.107853,0,0.107853,1.03507,0,-1.03507
1.76291e+09,6019,-0.108146,0,0.108146,1.03487,0,-1.03487
1.76291e+09,6020,-0.108436,0,0.108436,1.03467,0,-1.03467
1.76291e+09,6021,-0.108725,0,0.108725,1.03448,0,-1.03448
1.76291e+09,6022,-0.109011,0,0.109011,1.03428,0,-1.03428
1.76291e+09,6023,-0.109295,0,0.109295,1.03409,0,-1.03409
1.76291e+09,6024,-0.109577,0,0.109577,1.03389,0,-1.03389
1.76291e+09,6025,-0.109856,0,0.109856,1.0337,0,-1.0337
1.76291e+09,6026,-0.110134,0,0.110134,1.03351,0,-1.03351
1.76291e+09,6027,-0.110409,0,0.110409,1.03331,0,-1.03331
1.76291e+09,6028,-0.110683,0,0.110683,1.03312,0,-1.03312
1.76291e+09,6029,-0.110954,0,0.110954,1.03293,0,-1.03293
1.76291e+09,6030,-0.111223,0,0.111223,1.03274,0,-1.03274
1.76291e+09,6031,-0.11149,0,0.11149,1.03255,0,-1.03255
1.76291e+09,6032,-0.111755,0,0.111755,1.03237,0,-1.03237
1.76291e+09,6033,-0.112018,0,0.112018,1.03218,0,-1.03218
1.76291e+09,6034,-0.112279,0,0.112279,1.03199,0,-1.03199
1.76291e+09,6035,-0.112538,0,0.112538,1.03181,0,-1.03181
1.76291e+09,6036,-0.112795,0,0.112795,1.03162,0,-1.03162
1.76291e+09,6037,-0.11305,0,0.11305,1.03144,0,-1.03144
1.76291e+09,6038,-0.113303,0,0.113303,1.03126,0,-1.03126
1.76291e+09,6039,-0.113554,0,0.113554,1.03107,0,-1.03107
1.76291e+09,6040,-0.113803,0,0.113803,1.03089,0,-1.03089
1.76291e+09,6041,-0.11405,0,0.11405,1.03071,0,-1.03071
1.76291e+09,6042,-0.114295,0,0.114295,1.03053,0,-1.03053
1.76291e+09,6043,-0.114539,0,0.114539,1.03035,0,-1.03035
1.76291e+09,6044,-0.11478,0,0.11478,1.03018,0,-1.03018
1.76291e+09,6045,-0.11502,0,0.11502,1.03,0,-1.03
1.76291e+09,6046,-0.115257,0,0.115257,1.02982,0,-1.02982
1.76291e+09,6047,-0.115493,0,0.115493,1.02965,0,-1.02965
1.76291e+09,6048,-0.115727,0,0.115727,1.02947,0,-1.02947
1.76291e+09,6049,-0.115959,0,0.115959,1.0293,0,-1.0293
1.76291e+09,6050,-0.116189,0,0.116189,1.02912,0,-1.02912
1.76291e+09,6051,-0.116417,0,0.116417,1.02895,0,-1.02895
1.76291e+09,6052,-0.116644,0,0.116644,1.02878,0,-1.02878
1.76291e+09,6053,-0.116869,0,0.116869,1.02861,0,-1.02861
1.76291e+09,6054,-0.117092,0,0.117092,1.02844,0,-1.02844
1.76291e+09,6055,-0.117313,0,0.117313,1.02827,0,-1.02827
1.76291e+09,6056,-0.117532,0,0.117532,1.0281,0,-1.0281
1.76291e+09,6057,-0.11775,0,0.11775,1.02794,0,-1.02794
1.76291e+09,6058,-0.117966,0,0.117966,1.02777,0,-1.02777
1.76291e+09,6059,-0.11818,0,0.11818,1.0276,0,-1.0276
1.76291e+09,6060,-0.118392,0,0.118392,1.02744,0,-1.02744
1.76291e+09,6061,-0.118603,0,0.118603,1.02727,0,-1.02727
1.76291e+09,6062,-0.118812,0,0.118812,1.02711,0,-1.02711
1.76291e+09,6063,-0.119019,0,0.119019,1.02695,0,-1.02695
1.76291e+09,6064,-0.119225,0,0.119225,1.02679,0,-1.02679
1.76291e+09,6065,-0.119428,0,0.119428,1.02662,0,-1.02662
1.76291e+09,6066,-0.119631,0,0.119631,1.02646,0,-1.02646
1.76291e+09,6067,-0.119831,0,0.119831,1.0263,0,-1.0263
1.76291e+09,6068,-0.12003,0,0.12003,1.02615,0,-1.02615
1.76291e+09,6069,-0.120227,0,0.120227,1.02599,0,-1.02599
1.76291e+09,6070,-0.120423,0,0.120423,1.02583,0,-1.02583
1.76291e+09,6071,-0.120617,0,0.120617,1.02568,0,-1.02568
1.76291e+09,6072,-0.120809,0,0.120809,1.02552,0,-1.02552
1.76291e+09,6073,-0.121,0,0.121,1.02537,0,-1.02537
1.76291e+09,6074,-0.121189,0,0.121189,1.02521,0,-1.02521
1.76291e+09,6075,-0.121376,0,0.121376,1.02506,0,-1.02506
1.76291e+09,6076,-0.121562,0,0.121562,1.02491,0,-1.02491
1.76291e+09,6077,-0.121747,0,0.121747,1.02476,0,-1.02476
1.76291e+09,6078,-0.12193,0,0.12193,1.0246,0,-1.0246
1.76291e+09,6079,-0.122111,0,0.122111,1.02445,0,-1.02445
1.76291e+09,6080,-0.122291,0,0.122291,1.02431,0,-1.02431
1.76291e+09,6081,-0.122469,0,0.122469,1.02416,0,-1.02416
1.76291e+09,6082,-0.122645,0,0.122645,1.02401,0,-1.02401
1.76291e+09,6083,-0.12282,0,0.12282,1.02386,0,-1.02386
1.76291e+09,6084,-0.122994,0,0.122994,1.02372,0,-1.02372
1.76291e+09,6085,-0.123166,0,0.123166,1.02357,0,-1.02357
1.76291e+09,6086,-0.123337,0,0.123337,1.02343,0,-1.02343
1.76291e+09,6087,-0.123506,0,0.123506,1.02328,0,-1.02328
1.76291e+09,6088,-0.123673,0,0.123673,1.02314,0,-1.02314
1.76291e+09,6089,-0.12384,0,0.12384,1.023,0,-1.023
1.76291e+09,6090,-0.124004,0,0.124004,1.02286,0,-1.02286
1.76291e+09,6091,-0.124167,0,0.124167,1.02272,0,-1.02272
1.76291e+09,6092,-0.124329,0,0.124329,1.02258,0,-1.02258
1.76291e+09,6093,-0.124489,0,0.124489,1.02244,0,-1.02244
1.76291e+09,6094,-0.124648,0,0.124648,1.0223,0,-1.0223
1.76291e+09,6095,-0.124806,0,0.124806,1.02216,0,-1.02216
1.76291e+09,6096,-0.124962,0,0.124962,1.02203,0,-1.02203
1.76291e+09,6097,-0.125116,0,0.125116,1.02189,0,-1.02189
1.76291e+09,6098,-0.12527,0,0.12527,1.02176,0,-1.02176
1.76291e+09,6099,-0.125421,0,0.125421,1.02162,0,-1.02162
1.76291e+09,6100,-0.125572,0,0.125572,1.02149,0,-1.02149
1.76291e+09,6101,-0.125721,0,0.125721,1.02136,0,-1.02136
1.76291e+09,6102,-0.125868,0,0.125868,1.02122,0,-1.02122
1.76291e+09,6103,-0.126015,0,0.126015,1.02109,0,-1.02109
1.76291e+09,6104,-0.12616,0,0.12616,1.02096,0,-1.02096
1.76291e+09,6105,-0.126303,0,0.126303,1.02083,0,-1.02083
1.76291e+09,6106,-0.126445,0,0.126445,1.0207,0,-1.0207
1.76291e+09,6107,-0.126586,0,0.126586,1.02058,0,-1.02058
1.76291e+09,6108,-0.126726,0,0.126726,1.02045,0,-1.02045
1.76291e+09,6109,-0.126864,0,0.126864,1.02032,0,-1.02032
1.76291e+09,6110,-0.127001,0,0.127001,1.0202,0,-1.0202
1.76291e+09,6111,-0.127136,0,0.127136,1.02007,0,-1.02007
1.76291e+09,6112,-0.127271,0,0.127271,1.01995,0,-1.01995
1.76291e+09,6113,-0.127403,0,0.127403,1.01982,0,-1.01982
1.76291e+09,6114,-0.127535,0,0.127535,1.0197,0,-1.0197
1.76291e+09,6115,-0.127665,0,0.127665,1.01958,0,-1.01958
1.76291e+09,6116,-0.127794,0,0.127794,1.01945,0,-1.01945
1.76291e+09,6117,-0.127922,0,0.127922,1.01933,0,-1.01933
1.76291e+09,6118,-0.128049,0,0.128049,1.01921,0,-1.01921
1.76291e+09,6119,-0.128174,0,0.128174,1.01909,0,-1.01909
1.76291e+09,6120,-0.128298,0,0.128298,1.01897,0,-1.01897
1.76291e+09,6121,-0.128421,0,0.128421,1.01886,0,-1.01886
1.76291e+09,6122,-0.128542,0,0.128542,1.01874,0,-1.01874
1.76291e+09,6123,-0.128662,0,0.128662,1.01862,0,-1.01862
1.76291e+09,6124,-0.128781,0,0.128781,1.01851,0,-1.01851
1.76291e+09,6125,-0.128899,0,0.128899,1.01839,0,-1.01839
1.76291e+09,6126,-0.129015,0,0.129015,1.01828,0,-1.01828
1.76291e+09,6127,-0.129131,0,0.129131,1.01816,0,-1.01816
1.76291e+09,6128,-0.129245,0,0.129245,1.01805,0,-1.01805
1.76291e+09,6129,-0.129357,0,0.129357,1.01794,0,-1.01794
1.76291e+09,6130,-0.129469,0,0.129469,1.01782,0,-1.01782
1.76291e+09,6131,-0.12958,0,0.12958,1.01771,0,-1.01771
1.76291e+09,6132,-0.129689,0,0.129689,1.0176,0,-1.0176
1.76291e+09,6133,-0.129797,0,0.129797,1.01749,0,-1.01749
1.76291e+09,6134,-0.129904,0,0.129904,1.01738,0,-1.01738
1.76291e+09,6135,-0.130009,0,0.130009,1.01728,0,-1.01728
1.76291e+09,6136,-0.130114,0,0.130114,1.01717,0,-1.01717
1.76291e+09,6137,-0.130217,0,0.130217,1.01706,0,-1.01706
1.76291e+09,6138,-0.130319,0,0.130319,1.01695,0,-1.01695
1.76291e+09,6139,-0.13042,0,0.13042,1.01685,0,-1.01685
1.76291e+09,6140,-0.13052,0,0.13052,1.01674,0,-1.01674
1.76291e+09,6141,-0.130619,0,0.130619,1.01664,0,-1.01664
1.76291e+09,6142,-0.130716,0,0.130716,1.01653,0,-1.01653
1.76291e+09,6143,-0.130813,0,0.130813,1.01643,0,-1.01643
1.76291e+09,6144,-0.130908,0,0.130908,1.01633,0,-1.01633
1.76291e+09,6145,-0.131002,0,0.131002,1.01623,0,-1.01623
1.76291e+09,6146,-0.131095,0,0.131095,1.01613,0,-1.01613
1.76291e+09,6147,-0.131187,0,0.131187,1.01602,0,-1.01602
1.76291e+09,6148,-0.131278,0,0.131278,1.01592,0,-1.01592
1.76291e+09,6149,-0.131367,0,0.131367,1.01583,0,-1.01583
1.76291e+09,6150,-0.131456,0,0.131456,1.01573,0,-1.01573
1.76291e+09,6151,-0.131543,0,0.131543,1.01563,0,-1.01563
1.76291e+09,6152,-0.131629,0,0.131629,1.01553,0,-1.01553
1.76291e+09,6153,-0.131715,0,0.131715,1.01543,0,-1.01543
1.76291e+09,6154,-0.131799,0,0.131799,1.01534,0,-1.01534
1.76291e+09,6155,-0.131882,0,0.131882,1.01524,0,-1.01524
1.76291e+09,6156,-0.131964,0,0.131964,1.01515,0,-1.01515
1.76291e+09,6157,-0.132045,0,0.132045,1.01505,0,-1.01505
1.76291e+09,6158,-0.132124,0,0.132124,1.01496,0,-1.01496
1.76291e+09,6159,-0.132203,0,0.132203,1.01487,0,-1.01487
1.76291e+09,6160,-0.132281,0,0.132281,1.01477,0,-1.01477
1.76291e+09,6161,-0.132357,0,0.132357,1.01468,0,-1.01468
1.76291e+09,6162,-0.132433,0,0.132433,1.01459,0,-1.01459
1.76291e+09,6163,-0.132507,0,0.132507,1.0145,0,-1.0145
1.76291e+09,6164,-0.13258,0,0.13258,1.01441,0,-1.01441
1.76291e+09,6165,-0.132653,0,0.132653,1.01432,0,-1.01432
1.76291e+09,6166,-0.132724,0,0.132724,1.01423,0,-1.01423
1.76291e+09,6167,-0.132794,0,0.132794,1.01414,0,-1.01414
1.76291e+09,6168,-0.132863,0,0.132863,1.01406,0,-1.01406
1.76291e+09,6169,-0.132931,0,0.132931,1.01397,0,-1.01397
1.76291e+09,6170,-0.132998,0,0.132998,1.01388,0,-1.01388
1.76291e+09,6171,-0.133064,0,0.133064,1.0138,0,-1.0138
1.76291e+09,6172,-0.133129,0,0.133129,1.01371,0,-1.01371
1.76291e+09,6173,-0.133193,0,0.133193,1.01363,0,-1.01363
1.76291e+09,6174,-0.133256,0,0.133256,1.01354,0,-1.01354
1.76291e+09,6175,-0.133318,0,0.133318,1.01346,0,-1.01346
1.76291e+09,6176,-0.133379,0,0.133379,1.01337,0,-1.01337
1.76291e+09,6177,-0.133439,0,0.133439,1.01329,0,-1.01329
1.76291e+09,6178,-0.133498,0,0.133498,1.01321,0,-1.01321
1.76291e+09,6179,-0.133556,0,0.133556,1.01313,0,-1.01313
1.76291e+09,6180,-0.133613,0,0.133613,1.01305,0,-1.01305
1.76291e+09,6181,-0.133668,0,0.133668,1.01297,0,-1.01297
1.76291e+09,6182,-0.133723,0,0.133723,1.01289,0,-1.01289
1.76291e+09,6183,-0.133777,0,0.133777,1.01281,0,-1.01281
1.76291e+09,6184,-0.13383,0,0.13383,1.01273,0,-1.01273
1.76291e+09,6185,-0.133882,0,0.133882,1.01265,0,-1.01265
1.76291e+09,6186,-0.133933,0,0.133933,1.01257,0,-1.01257
1.76291e+09,6187,-0.133982,0,0.133982,1.0125,0,-1.0125
1.76291e+09,6188,-0.134031,0,0.134031,1.01242,0,-1.01242
1.76291e+09,6189,-0.134079,0,0.134079,1.01234,0,-1.01234
1.76291e+09,6190,-0.134126,0,0.134126,1.01227,0,-1.01227
1.76291e+09,6191,-0.134172,0,0.134172,1.01219,0,-1.01219
1.76291e+09,6192,-0.134217,0,0.134217,1.01212,0,-1.01212
1.76291e+09,6193,-0.134261,0,0.134261,1.01205,0,-1.01205
1.76291e+09,6194,-0.134304,0,0.134304,1.01197,0,-1.01197
1.76291e+09,6195,-0.134346,0,0.134346,1.0119,0,-1.0119
1.76291e+09,6196,-0.134387,0,0.134387,1.01183,0,-1.01183
1.76291e+09,6197,-0.134427,0,0.134427,1.01176,0,-1.01176
1.76291e+09,6198,-0.134466,0,0.134466,1.01169,0,-1.01169
1.76291e+09,6199,-0.134504,0,0.134504,1.01161,0,-1.01161
1.76291e+09,6200,-0.134541,0,0.134541,1.01154,0,-1.01154
1.76291e+09,6201,-0.134578,0,0.134578,1.01147,0,-1.01147
1.76291e+09,6202,-0.134613,0,0.134613,1.01141,0,-1.01141
1.76291e+09,6203,-0.134647,0,0.134647,1.01134,0,-1.01134
1.76291e+09,6204,-0.13468,0,0.13468,1.01127,0,-1.01127
1.76291e+09,6205,-0.134713,0,0.134713,1.0112,0,-1.0112
1.76291e+09,6206,-0.134744,0,0.134744,1.01113,0,-1.01113
1.76291e+09,6207,-0.134775,0,0.134775,1.01107,0,-1.01107
1.76291e+09,6208,-0.134804,0,0.134804,1.011,0,-1.011
1.76291e+09,6209,-0.134833,0,0.134833,1.01093,0,-1.01093
1.76291e+09,6210,-0.13486,0,0.13486,1.01087,0,-1.01087
1.76291e+09,6211,-0.134887,0,0.134887,1.0108,0,-1.0108
1.76291e+09,6212,-0.134913,0,0.134913,1.01074,0,-1.01074
1.76291e+09,6213,-0.134938,0,0.134938,1.01068,0,-1.01068
1.76291e+09,6214,-0.134962,0,0.134962,1.01061,0,-1.01061
1.76291e+09,6215,-0.134984,0,0.134984,1.01055,0,-1.01055
1.76291e+09,6216,-0.135006,0,0.135006,1.01049,0,-1.01049
1.76291e+09,6217,-0.135027,0,0.135027,1.01043,0,-1.01043
1.76291e+09,6218,-0.135048,0,0.135048,1.01036,0,-1.01036
1.76291e+09,6219,-0.135067,0,0.135067,1.0103,0,-1.0103
1.76291e+09,6220,-0.135085,0,0.135085,1.01024,0,-1.01024
1.76291e+09,6221,-0.135102,0,0.135102,1.01018,0,-1.01018
1.76291e+09,6222,-0.135119,0,0.135119,1.01012,0,-1.01012
1.76291e+09,6223,-0.135134,0,0.135134,1.01006,0,-1.01006
1.76291e+09,6224,-0.135148,0,0.135148,1.01,0,-1.01
1.76291e+09,6225,-0.135162,0,0.135162,1.00995,0,-1.00995
1.76291e+09,6226,-0.135175,0,0.135175,1.00989,0,-1.00989
1.76291e+09,6227,-0.135186,0,0.135186,1.00983,0,-1.00983
1.76291e+09,6228,-0.135197,0,0.135197,1.00977,0,-1.00977
1.76291e+09,6229,-0.135207,0,0.135207,1.00972,0,-1.00972
1.76291e+09,6230,-0.135216,0,0.135216,1.00966,0,-1.00966
1.76291e+09,6231,-0.135224,0,0.135224,1.00961,0,-1.00961
1.76291e+09,6232,-0.135231,0,0.135231,1.00955,0,-1.00955
1.76291e+09,6233,-0.135237,0,0.135237,1.00949,0,-1.00949
1.76291e+09,6234,-0.135242,0,0.135242,1.00944,0,-1.00944
1.76291e+09,6235,-0.135247,0,0.135247,1.00939,0,-1.00939
1.76291e+09,6236,-0.13525,0,0.13525,1.00933,0,-1.00933
1.76291e+09,6237,-0.135252,0,0.135252,1.00928,0,-1.00928
1.76291e+09,6238,-0.135254,0,0.135254,1.00923,0,-1.00923
1.76291e+09,6239,-0.135254,0,0.135254,1.00917,0,-1.00917
1.76291e+09,6240,-0.135254,0,0.135254,1.00912,0,-1.00912
1.76291e+09,6241,-0.135253,0,0.135253,1.00907,0,-1.00907
1.76291e+09,6242,-0.135251,0,0.135251,1.00902,0,-1.00902
1.76291e+09,6243,-0.135247,0,0.135247,1.00897,0,-1.00897
1.76291e+09,6244,-0.135243,0,0.135243,1.00892,0,-1.00892
1.76291e+09,6245,-0.135238,0,0.135238,1.00887,0,-1.00887
1.76291e+09,6246,-0.135232,0,0.135232,1.00882,0,-1.00882
1.76291e+09,6247,-0.135226,0,0.135226,1.00877,0,-1.00877
1.76291e+09,6248,-0.135218,0,0.135218,1.00872,0,-1.00872
1.76291e+09,6249,-0.135209,0,0.135209,1.00867,0,-1.00867
1.76291e+09,6250,-0.1352,0,0.1352,1.00863,0,-1.00863
1.76291e+09,6251,-0.135189,0,0.135189,1.00858,0,-1.00858
1.76291e+09,6252,-0.135178,0,0.135178,1.00853,0,-1.00853
1.76291e+09,6253,-0.135165,0,0.135165,1.00848,0,-1.00848
1.76291e+09,6254,-0.135152,0,0.135152,1.00844,0,-1.00844
1.76291e+09,6255,-0.135138,0,0.135138,1.00839,0,-1.00839
1.76291e+09,6256,-0.135122,0,0.135122,1.00835,0,-1.00835
1.76291e+09,6257,-0.135106,0,0.135106,1.0083,0,-1.0083
1.76291e+09,6258,-0.135089,0,0.135089,1.00826,0,-1.00826
1.76291e+09,6259,-0.135071,0,0.135071,1.00821,0,-1.00821
1.76291e+09,6260,-0.135052,0,0.135052,1.00817,0,-1.00817
1.76291e+09,6261,-0.135033,0,0.135033,1.00812,0,-1.00812
1.76291e+09,6262,-0.135012,0,0.135012,1.00808,0,-1.00808
1.76291e+09,6263,-0.13499,0,0.13499,1.00804,0,-1.00804
1.76291e+09,6264,-0.134967,0,0.134967,1.00799,0,-1.00799
1.76291e+09,6265,-0.134944,0,0.134944,1.00795,0,-1.00795
1.76291e+09,6266,-0.134919,0,0.134919,1.00791,0,-1.00791
1.76291e+09,6267,-0.134894,0,0.134894,1.00787,0,-1.00787
1.76291e+09,6268,-0.134868,0,0.134868,1.00783,0,-1.00783
1.76291e+09,6269,-0.13484,0,0.13484,1.00778,0,-1.00778
1.76291e+09,6270,-0.134812,0,0.134812,1.00774,0,-1.00774
1.76291e+09,6271,-0.134783,0,0.134783,1.0077,0,-1.0077
1.76291e+09,6272,-0.134753,0,0.134753,1.00766,0,-1.00766
1.76291e+09,6273,-0.134721,0,0.134721,1.00762,0,-1.00762
1.76291e+09,6274,-0.134689,0,0.134689,1.00758,0,-1.00758
1.76291e+09,6275,-0.134656,0,0.134656,1.00755,0,-1.00755
1.76291e+09,6276,-0.134622,0,0.134622,1.00751,0,-1.00751
1.76291e+09,6277,-0.134588,0,0.134588,1.00747,0,-1.00747
1.76291e+09,6278,-0.134552,0,0.134552,1.00743,0,-1.00743
1.76291e+09,6279,-0.134515,0,0.134515,1.00739,0,-1.00739
1.76291e+09,6280,-0.134477,0,0.134477,1.00735,0,-1.00735
1.76291e+09,6281,-0.134438,0,0.134438,1.00732,0,-1.00732
1.76291e+09,6282,-0.134399,0,0.134399,1.00728,0,-1.00728
1.76291e+09,6283,-0.134358,0,0.134358,1.00724,0,-1.00724
1.76291e+09,6284,-0.134317,0,0.134317,1.00721,0,-1.00721
1.76291e+09,6285,-0.134274,0,0.134274,1.00717,0,-1.00717
1.76291e+09,6286,-0.13423,0,0.13423,1.00714,0,-1.00714
1.76291e+09,6287,-0.134186,0,0.134186,1.0071,0,-1.0071
1.76291e+09,6288,-0.13414,0,0.13414,1.00707,0,-1.00707
1.76291e+09,6289,-0.134094,0,0.134094,1.00703,0,-1.00703
1.76291e+09,6290,-0.134047,0,0.134047,1.007,0,-1.007
1.76291e+09,6291,-0.133998,0,0.133998,1.00696,0,-1.00696
1.76291e+09,6292,-0.133949,0,0.133949,1.00693,0,-1.00693
1.76291e+09,6293,-0.133898,0,0.133898,1.0069,0,-1.0069
1.76291e+09,6294,-0.133847,0,0.133847,1.00686,0,-1.00686
1.76291e+09,6295,-0.133795,0,0.133795,1.00683,0,-1.00683
1.76291e+09,6296,-0.133741,0,0.133741,1.0068,0,-1.0068
1.76291e+09,6297,-0.133687,0,0.133687,1.00676,0,-1.00676
1.76291e+09,6298,-0.133632,0,0.133632,1.00673,0,-1.00673
1.76291e+09,6299,-0.133576,0,0.133576,1.0067,0,-1.0067
1.76291e+09,6300,-0.133518,0,0.133518,1.00667,0,-1.00667
1.76291e+09,6301,-0.13346,0,0.13346,1.00664,0,-1.00664
1.76291e+09,6302,-0.133401,0,0.133401,1.00661,0,-1.00661
1.76291e+09,6303,-0.13334,0,0.13334,1.00658,0,-1.00658
1.76291e+09,6304,-0.133279,0,0.133279,1.00655,0,-1.00655
1.76291e+09,6305,-0.133217,0,0.133217,1.00651,0,-1.00651
1.76291e+09,6306,-0.133154,0,0.133154,1.00648,0,-1.00648
1.76291e+09,6307,-0.133089,0,0.133089,1.00646,0,-1.00646
1.76291e+09,6308,-0.133024,0,0.133024,1.00643,0,-1.00643
1.76291e+09,6309,-0.132957,0,0.132957,1.0064,0,-1.0064
1.76291e+09,6310,-0.13289,0,0.13289,1.00637,0,-1.00637
1.76291e+09,6311,-0.132822,0,0.132822,1.00634,0,-1.00634
1.76291e+09,6312,-0.132752,0,0.132752,1.00631,0,-1.00631
1.76291e+09,6313,-0.132682,0,0.132682,1.00628,0,-1.00628
1.76291e+09,6314,-0.13261,0,0.13261,1.00625,0,-1.00625
1.76291e+09,6315,-0.132538,0,0.132538,1.00623,0,-1.00623
1.76291e+09,6316,-0.132464,0,0.132464,1.0062,0,-1.0062
1.76291e+09,6317,-0.132389,0,0.132389,1.00617,0,-1.00617
1.76291e+09,6318,-0.132314,0,0.132314,1.00614,0,-1.00614
1.76291e+09,6319,-0.132237,0,0.132237,1.00612,0,-1.00612
1.76291e+09,6320,-0.132159,0,0.132159,1.00609,0,-1.00609
1.76291e+09,6321,-0.13208,0,0.13208,1.00606,0,-1.00606
1.76291e+09,6322,-0.132,0,0.132,1.00604,0,-1.00604
1.76291e+09,6323,-0.131919,0,0.131919,1.00601,0,-1.00601
1.76291e+09,6324,-0.131837,0,0.131837,1.00598,0,-1.00598
1.76291e+09,6325,-0.131754,0,0.131754,1.00596,0,-1.00596
1.76291e+09,6326,-0.13167,0,0.13167,1.00593,0,-1.00593
1.76291e+09,6327,-0.131584,0,0.131584,1.00591,0,-1.00591
1.76291e+09,6328,-0.131498,0,0.131498,1.00588,0,-1.00588
1.76291e+09,6329,-0.131411,0,0.131411,1.00586,0,-1.00586
1.76291e+09,6330,-0.131322,0,0.131322,1.00583,0,-1.00583
1.76291e+09,6331,-0.131232,0,0.131232,1.00581,0,-1.00581
1.76291e+09,6332,-0.131141,0,0.131141,1.00578,0,-1.00578
1.76291e+09,6333,-0.13105,0,0.13105,1.00576,0,-1.00576
1.76291e+09,6334,-0.130957,0,0.130957,1.00574,0,-1.00574
1.76291e+09,6335,-0.130862,0,0.130862,1.00571,0,-1.00571
1.76291e+09,6336,-0.130767,0,0.130767,1.00569,0,-1.00569
1.76291e+09,6337,-0.130671,0,0.130671,1.00566,0,-1.00566
1.76291e+09,6338,-0.130573,0,0.130573,1.00564,0,-1.00564
1.76291e+09,6339,-0.130475,0,0.130475,1.00562,0,-1.00562
1.76291e+09,6340,-0.130375,0,0.130375,1.00559,0,-1.00559
1.76291e+09,6341,-0.130274,0,0.130274,1.00557,0,-1.00557
1.76291e+09,6342,-0.130172,0,0.130172,1.00555,0,-1.00555
1.76291e+09,6343,-0.130069,0,0.130069,1.00553,0,-1.00553
1.76291e+09,6344,-0.129964,0,0.129964,1.0055,0,-1.0055
1.76291e+09,6345,-0.129859,0,0.129859,1.00548,0,-1.00548
1.76291e+09,6346,-0.129752,0,0.129752,1.00546,0,-1.00546
1.76291e+09,6347,-0.129644,0,0.129644,1.00544,0,-1.00544
1.76291e+09,6348,-0.129535,0,0.129535,1.00542,0,-1.00542
1.76291e+09,6349,-0.129425,0,0.129425,1.00539,0,-1.00539
1.76291e+09,6350,-0.129314,0,0.129314,1.00537,0,-1.00537
1.76291e+09,6351,-0.129201,0,0.129201,1.00535,0,-1.00535
1.76291e+09,6352,-0.129088,0,0.129088,1.00533,0,-1.00533
1.76291e+09,6353,-0.128973,0,0.128973,1.00531,0,-1.00531
1.76291e+09,6354,-0.128857,0,0.128857,1.00529,0,-1.00529
1.76291e+09,6355,-0.128739,0,0.128739,1.00526,0,-1.00526
1.76291e+09,6356,-0.128621,0,0.128621,1.00524,0,-1.00524
1.76291e+09,6357,-0.128501,0,0.128501,1.00522,0,-1.00522
1.76291e+09,6358,-0.12838,0,0.12838,1.0052,0,-1.0052
1.76291e+09,6359,-0.128257,0,0.128257,1.00518,0,-1.00518
1.76291e+09,6360,-0.128134,0,0.128134,1.00516,0,-1.00516
1.76291e+09,6361,-0.128009,0,0.128009,1.00514,0,-1.00514
1.76291e+09,6362,-0.127883,0,0.127883,1.00512,0,-1.00512
1.76291e+09,6363,-0.127756,0,0.127756,1.0051,0,-1.0051
1.76291e+09,6364,-0.127628,0,0.127628,1.00508,0,-1.00508
1.76291e+09,6365,-0.127498,0,0.127498,1.00506,0,-1.00506
1.76291e+09,6366,-0.127367,0,0.127367,1.00504,0,-1.00504
1.76291e+09,6367,-0.127235,0,0.127235,1.00502,0,-1.00502
1.76291e+09,6368,-0.127101,0,0.127101,1.005,0,-1.005
1.76291e+09,6369,-0.126966,0,0.126966,1.00498,0,-1.00498
1.76291e+09,6370,-0.12683,0,0.12683,1.00496,0,-1.00496
1.76291e+09,6371,-0.126692,0,0.126692,1.00494,0,-1.00494
1.76291e+09,6372,-0.126554,0,0.126554,1.00492,0,-1.00492
1.76291e+09,6373,-0.126414,0,0.126414,1.0049,0,-1.0049
1.76291e+09,6374,-0.126272,0,0.126272,1.00488,0,-1.00488
1.76291e+09,6375,-0.126129,0,0.126129,1.00486,0,-1.00486
1.76291e+09,6376,-0.125985,0,0.125985,1.00484,0,-1.00484
1.76291e+09,6377,-0.12584,0,0.12584,1.00482,0,-1.00482
1.76291e+09,6378,-0.125693,0,0.125693,1.0048,0,-1.0048
1.76291e+09,6379,-0.125545,0,0.125545,1.00478,0,-1.00478
1.76291e+09,6380,-0.125396,0,0.125396,1.00476,0,-1.00476
1.76291e+09,6381,-0.125245,0,0.125245,1.00474,0,-1.00474
1.76291e+09,6382,-0.125093,0,0.125093,1.00472,0,-1.00472
1.76291e+09,6383,-0.124939,0,0.124939,1.0047,0,-1.0047
1.76291e+09,6384,-0.124784,0,0.124784,1.00468,0,-1.00468
1.76291e+09,6385,-0.124628,0,0.124628,1.00466,0,-1.00466
1.76291e+09,6386,-0.12447,0,0.12447,1.00464,0,-1.00464
1.76291e+09,6387,-0.124311,0,0.124311,1.00462,0,-1.00462
1.76291e+09,6388,-0.12415,0,0.12415,1.0046,0,-1.0046
1.76291e+09,6389,-0.123988,0,0.123988,1.00458,0,-1.00458
1.76291e+09,6390,-0.123825,0,0.123825,1.00456,0,-1.00456
1.76291e+09,6391,-0.12366,0,0.12366,1.00454,0,-1.00454
1.76291e+09,6392,-0.123494,0,0.123494,1.00452,0,-1.00452
1.76291e+09,6393,-0.123326,0,0.123326,1.0045,0,-1.0045
1.76291e+09,6394,-0.123157,0,0.123157,1.00448,0,-1.00448
1.76291e+09,6395,-0.122986,0,0.122986,1.00446,0,-1.00446
1.76291e+09,6396,-0.122814,0,0.122814,1.00444,0,-1.00444
1.76291e+09,6397,-0.12264,0,0.12264,1.00442,0,-1.00442
1.76291e+09,6398,-0.122465,0,0.122465,1.0044,0,-1.0044
1.76291e+09,6399,-0.122288,0,0.122288,1.00438,0,-1.00438
1.76291e+09,6400,-0.12211,0,0.12211,1.00436,0,-1.00436
1.76291e+09,6401,-0.12193,0,0.12193,1.00434,0,-1.00434
1.76291e+09,6402,-0.121749,0,0.121749,1.00432,0,-1.00432
1.76291e+09,6403,-0.121567,0,0.121567,1.00429,0,-1.00429
1.76291e+09,6404,-0.121382,0,0.121382,1.00427,0,-1.00427
1.76291e+09,6405,-0.121197,0,0.121197,1.00425,0,-1.00425
1.76291e+09,6406,-0.121009,0,0.121009,1.00423,0,-1.00423
1.76291e+09,6407,-0.12082,0,0.12082,1.00421,0,-1.00421
1.76291e+09,6408,-0.12063,0,0.12063,1.00419,0,-1.00419
1.76291e+09,6409,-0.120438,0,0.120438,1.00417,0,-1.00417
1.76291e+09,6410,-0.120244,0,0.120244,1.00414,0,-1.00414
1.76291e+09,6411,-0.120049,0,0.120049,1.00412,0,-1.00412
1.76291e+09,6412,-0.119852,0,0.119852,1.0041,0,-1.0041
1.76291e+09,6413,-0.119653,0,0.119653,1.00408,0,-1.00408
1.76291e+09,6414,-0.119453,0,0.119453,1.00405,0,-1.00405
1.76291e+09,6415,-0.119251,0,0.119251,1.00403,0,-1.00403
1.76291e+09,6416,-0.119048,0,0.119048,1.00401,0,-1.00401
1.76291e+09,6417,-0.118843,0,0.118843,1.00398,0,-1.00398
1.76291e+09,6418,-0.118636,0,0.118636,1.00396,0,-1.00396
1.76291e+09,6419,-0.118428,0,0.118428,1.00394,0,-1.00394
1.76291e+09,6420,-0.118218,0,0.118218,1.00391,0,-1.00391
1.76291e+09,6421,-0.118006,0,0.118006,1.00389,0,-1.00389
1.76291e+09,6422,-0.117792,0,0.117792,1.00386,0,-1.00386
1.76291e+09,6423,-0.117577,0,0.117577,1.00384,0,-1.00384
1.76291e+09,6424,-0.11736,0,0.11736,1.00381,0,-1.00381
1.76291e+09,6425,-0.117142,0,0.117142,1.00379,0,-1.00379
1.76291e+09,6426,-0.116921,0,0.116921,1.00376,0,-1.00376
1.76291e+09,6427,-0.116699,0,0.116699,1.00373,0,-1.00373
1.76291e+09,6428,-0.116475,0,0.116475,1.00371,0,-1.00371
1.76291e+09,6429,-0.11625,0,0.11625,1.00368,0,-1.00368
1.76291e+09,6430,-0.116022,0,0.116022,1.00366,0,-1.00366
1.76291e+09,6431,-0.115793,0,0.115793,1.00363,0,-1.00363
1.76291e+09,6432,-0.115562,0,0.115562,1.0036,0,-1.0036
1.76291e+09,6433,-0.115329,0,0.115329,1.00357,0,-1.00357
1.76291e+09,6434,-0.115094,0,0.115094,1.00354,0,-1.00354
1.76291e+09,6435,-0.114858,0,0.114858,1.00352,0,-1.00352
1.76291e+09,6436,-0.11462,0,0.11462,1.00349,0,-1.00349
1.76291e+09,6437,-0.114379,0,0.114379,1.00346,0,-1.00346
1.76291e+09,6438,-0.114137,0,0.114137,1.00343,0,-1.00343
1.76291e+09,6439,-0.113893,0,0.113893,1.0034,0,-1.0034
1.76291e+09,6440,-0.113647,0,0.113647,1.00337,0,-1.00337
1.76291e+09,6441,-0.1134,0,0.1134,1.00333,0,-1.00333
1.76291e+09,6442,-0.11315,0,0.11315,1.0033,0,-1.0033
1.76291e+09,6443,-0.112898,0,0.112898,1.00327,0,-1.00327
1.76291e+09,6444,-0.112645,0,0.112645,1.00324,0,-1.00324
1.76291e+09,6445,-0.112389,0,0.112389,1.00321,0,-1.00321
1.76291e+09,6446,-0.112132,0,0.112132,1.00317,0,-1.00317
1.76291e+09,6447,-0.111873,0,0.111873,1.00314,0,-1.00314
1.76291e+09,6448,-0.111611,0,0.111611,1.0031,0,-1.0031
1.76291e+09,6449,-0.111348,0,0.111348,1.00307,0,-1.00307
1.76291e+09,6450,-0.111082,0,0.111082,1.00303,0,-1.00303
1.76291e+09,6451,-0.110815,0,0.110815,1.003,0,-1.003
1.76291e+09,6452,-0.110546,0,0.110546,1.00296,0,-1.00296
1.76291e+09,6453,-0.110274,0,0.110274,1.00293,0,-1.00293
1.76291e+09,6454,-0.110001,0,0.110001,1.00289,0,-1.00289
1.76291e+09,6455,-0.109725,0,0.109725,1.00285,0,-1.00285
1.76291e+09,6456,-0.109447,0,0.109447,1.00281,0,-1.00281
1.76291e+09,6457,-0.109168,0,0.109168,1.00277,0,-1.00277
1.76291e+09,6458,-0.108886,0,0.108886,1.00273,0,-1.00273
1.76291e+09,6459,-0.108602,0,0.108602,1.00269,0,-1.00269
1.76291e+09,6460,-0.108316,0,0.108316,1.00265,0,-1.00265
1.76291e+09,6461,-0.108027,0,0.108027,1.00261,0,-1.00261
1.76291e+09,6462,-0.107737,0,0.107737,1.00257,0,-1.00257
1.76291e+09,6463,-0.107444,0,0.107444,1.00252,0,-1.00252
1.76291e+09,6464,-0.107149,0,0.107149,1.00248,0,-1.00248
1.76291e+09,6465,-0.106852,0,0.106852,1.00243,0,-1.00243
1.76291e+09,6466,-0.106553,0,0.106553,1.00239,0,-1.00239
1.76291e+09,6467,-0.106252,0,0.106252,1.00234,0,-1.00234
1.76291e+09,6468,-0.105948,0,0.105948,1.0023,0,-1.0023
1.76291e+09,6469,-0.105642,0,0.105642,1.00225,0,-1.00225
1.76291e+09,6470,-0.105333,0,0.105333,1.0022,0,-1.0022
1.76291e+09,6471,-0.105023,0,0.105023,1.00215,0,-1.00215
1.76291e+09,6472,-0.10471,0,0.10471,1.0021,0,-1.0021
1.76291e+09,6473,-0.104395,0,0.104395,1.00205,0,-1.00205
1.76291e+09,6474,-0.104077,0,0.104077,1.002,0,-1.002
1.76291e+09,6475,-0.103757,0,0.103757,1.00195,0,-1.00195
1.76291e+09,6476,-0.103435,0,0.103435,1.00189,0,-1.00189
1.76291e+09,6477,-0.10311,0,0.10311,1.00184,0,-1.00184
1.76291e+09,6478,-0.102783,0,0.102783,1.00178,0,-1.00178
1.76291e+09,6479,-0.102453,0,0.102453,1.00173,0,-1.00173
1.76291e+09,6480,-0.102116,0,0.102116,1.00165,0,-1.00165
1.76291e+09,6481,-0.101775,0,0.101775,1.00158,0,-1.00158
1.76291e+09,6482,-0.101433,0,0.101433,1.0015,0,-1.0015
1.76291e+09,6483,-0.101088,0,0.101088,1.00142,0,-1.00142
1.76291e+09,6484,-0.10074,0,0.10074,1.00134,0,-1.00134
1.76291e+09,6485,-0.100391,0,0.100391,1.00126,0,-1.00126
1.76291e+09,6486,-0.100038,0,0.100038,1.00118,0,-1.00118
1.76291e+09,6487,-0.0996838,0,0.0996838,1.0011,0,-1.0011
1.76291e+09,6488,-0.0993268,0,0.0993268,1.00102,0,-1.00102
1.76291e+09,6489,-0.0989673,0,0.0989673,1.00093,0,-1.00093
1.76291e+09,6490,-0.0986055,0,0.0986055,1.00085,0,-1.00085
1.76291e+09,6491,-0.0982412,0,0.0982412,1.00076,0,-1.00076
1.76291e+09,6492,-0.0978746,0,0.0978746,1.00067,0,-1.00067
1.76291e+09,6493,-0.0975056,0,0.0975056,1.00058,0,-1.00058
1.76291e+09,6494,-0.0971342,0,0.0971342,1.00049,0,-1.00049
1.76291e+09,6495,-0.0967604,0,0.0967604,1.0004,0,-1.0004
1.76291e+09,6496,-0.0963844,0,0.0963844,1.00031,0,-1.00031
1.76291e+09,6497,-0.096006,0,0.096006,1.00021,0,-1.00021
1.76291e+09,6498,-0.0956253,0,0.0956253,1.00012,0,-1.00012
1.76291e+09,6499,-0.0952424,0,0.0952424,1.00002,0,-1.00002
1.76291e+09,6500,-0.0948572,0,0.0948572,0.999926,0,-0.999926
1.76291e+09,6501,-0.0944698,0,0.0944698,0.999827,0,-0.999827
1.76291e+09,6502,-0.0940802,0,0.0940802,0.999727,0,-0.999727
1.76291e+09,6503,-0.0936884,0,0.0936884,0.999625,0,-0.999625
1.76291e+09,6504,-0.0932945,0,0.0932945,0.999523,0,-0.999523
1.76291e+09,6505,-0.0928986,0,0.0928986,0.999418,0,-0.999418
1.76291e+09,6506,-0.0925005,0,0.0925005,0.999313,0,-0.999313
1.76291e+09,6507,-0.0921005,0,0.0921005,0.999206,0,-0.999206
1.76291e+09,6508,-0.0916985,0,0.0916985,0.999098,0,-0.999098
1.76291e+09,6509,-0.0912945,0,0.0912945,0.998989,0,-0.998989
1.76291e+09,6510,-0.0908887,0,0.0908887,0.998878,0,-0.998878
1.76291e+09,6511,-0.090481,0,0.090481,0.998766,0,-0.998766
1.76291e+09,6512,-0.0900715,0,0.0900715,0.998652,0,-0.998652
1.76291e+09,6513,-0.0896602,0,0.0896602,0.998537,0,-0.998537
1.76291e+09,6514,-0.0892473,0,0.0892473,0.998421,0,-0.998421
1.76291e+09,6515,-0.0888326,0,0.0888326,0.998303,0,-0.998303
1.76291e+09,6516,-0.0884164,0,0.0884164,0.998184,0,-0.998184
1.76291e+09,6517,-0.0879986,0,0.0879986,0.998063,0,-0.998063
1.76291e+09,6518,-0.0875794,0,0.0875794,0.997941,0,-0.997941
1.76291e+09,6519,-0.0871587,0,0.0871587,0.997818,0,-0.997818
1.76291e+09,6520,-0.0867366,0,0.0867366,0.997693,0,-0.997693
1.76291e+09,6521,-0.0863131,0,0.0863131,0.997567,0,-0.997567
1.76291e+09,6522,-0.0858885,0,0.0858885,0.997439,0,-0.997439
1.76291e+09,6523,-0.0854625,0,0.0854625,0.99731,0,-0.99731
1.76291e+09,6524,-0.0850355,0,0.0850355,0.99718,0,-0.99718
1.76291e+09,6525,-0.0846073,0,0.0846073,0.997048,0,-0.997048
1.76291e+09,6526,-0.0841782,0,0.0841782,0.996915,0,-0.996915
1.76291e+09,6527,-0.083748,0,0.083748,0.99678,0,-0.99678
1.76291e+09,6528,-0.083317,0,0.083317,0.996644,0,-0.996644
1.76291e+09,6529,-0.0828851,0,0.0828851,0.996507,0,-0.996507
1.76291e+09,6530,-0.0824525,0,0.0824525,0.996368,0,-0.996368
1.76291e+09,6531,-0.0820191,0,0.0820191,0.996228,0,-0.996228
1.76291e+09,6532,-0.0815851,0,0.0815851,0.996086,0,-0.996086
1.76291e+09,6533,-0.0811505,0,0.0811505,0.995943,0,-0.995943
1.76291e+09,6534,-0.0807154,0,0.0807154,0.995799,0,-0.995799
1.76291e+09,6535,-0.0802799,0,0.0802799,0.995654,0,-0.995654
1.76291e+09,6536,-0.079844,0,0.079844,0.995507,0,-0.995507
1.76291e+09,6537,-0.0794077,0,0.0794077,0.995359,0,-0.995359
1.76291e+09,6538,-0.0789713,0,0.0789713,0.995209,0,-0.995209
1.76291e+09,6539,-0.0785346,0,0.0785346,0.995058,0,-0.995058
1.76291e+09,6540,-0.0780979,0,0.0780979,0.994907,0,-0.994907
1.76291e+09,6541,-0.0776611,0,0.0776611,0.994753,0,-0.994753
1.76291e+09,6542,-0.0772243,0,0.0772243,0.994599,0,-0.994599
1.76291e+09,6543,-0.0767877,0,0.0767877,0.994443,0,-0.994443
1.76291e+09,6544,-0.0763512,0,0.0763512,0.994286,0,-0.994286
1.76291e+09,6545,-0.0759149,0,0.0759149,0.994128,0,-0.994128
1.76291e+09,6546,-0.075479,0,0.075479,0.993969,0,-0.993969
1.76291e+09,6547,-0.0750434,0,0.0750434,0.993809,0,-0.993809
1.76291e+09,6548,-0.0746082,0,0.0746082,0.993648,0,-0.993648
1.76291e+09,6549,-0.0741736,0,0.0741736,0.993485,0,-0.993485
1.76291e+09,6550,-0.0737395,0,0.0737395,0.993322,0,-0.993322
1.76291e+09,6551,-0.0733061,0,0.0733061,0.993157,0,-0.993157
1.76291e+09,6552,-0.0728733,0,0.0728733,0.992991,0,-0.992991
1.76291e+09,6553,-0.0724414,0,0.0724414,0.992825,0,-0.992825
1.76291e+09,6554,-0.0720102,0,0.0720102,0.992657,0,-0.992657
1.76291e+09,6555,-0.07158,0,0.07158,0.992489,0,-0.992489
1.76291e+09,6556,-0.0711507,0,0.0711507,0.992319,0,-0.992319
1.76291e+09,6557,-0.0707224,0,0.0707224,0.992149,0,-0.992149
1.76291e+09,6558,-0.0702953,0,0.0702953,0.991977,0,-0.991977
1.76291e+09,6559,-0.0698693,0,0.0698693,0.991805,0,-0.991805
1.76291e+09,6560,-0.0694445,0,0.0694445,0.991632,0,-0.991632
1.76291e+09,6561,-0.0690209,0,0.0690209,0.991459,0,-0.991459
1.76291e+09,6562,-0.0685987,0,0.0685987,0.991284,0,-0.991284
1.76291e+09,6563,-0.0681779,0,0.0681779,0.991109,0,-0.991109
1.76291e+09,6564,-0.0677586,0,0.0677586,0.990933,0,-0.990933
1.76291e+09,6565,-0.0673407,0,0.0673407,0.990757,0,-0.990757
1.76291e+09,6566,-0.0669244,0,0.0669244,0.990579,0,-0.990579
1.76291e+09,6567,-0.0665097,0,0.0665097,0.990402,0,-0.990402
1.76291e+09,6568,-0.0660967,0,0.0660967,0.990223,0,-0.990223
1.76291e+09,6569,-0.0656854,0,0.0656854,0.990044,0,-0.990044
1.76291e+09,6570,-0.0652758,0,0.0652758,0.989865,0,-0.989865
1.76291e+09,6571,-0.0648681,0,0.0648681,0.989685,0,-0.989685
1.76291e+09,6572,-0.0644623,0,0.0644623,0.989504,0,-0.989504
1.76291e+09,6573,-0.0640583,0,0.0640583,0.989323,0,-0.989323
1.76291e+09,6574,-0.0636563,0,0.0636563,0.989142,0,-0.989142
1.76291e+09,6575,-0.0632563,0,0.0632563,0.98896,0,-0.98896
1.76291e+09,6576,-0.0628584,0,0.0628584,0.988778,0,-0.988778
1.76291e+09,6577,-0.0624625,0,0.0624625,0.988595,0,-0.988595
1.76291e+09,6578,-0.0620688,0,0.0620688,0.988412,0,-0.988412
1.76291e+09,6579,-0.0616772,0,0.0616772,0.988229,0,-0.988229
1.76291e+09,6580,-0.0612878,0,0.0612878,0.988046,0,-0.988046
1.76291e+09,6581,-0.0609006,0,0.0609006,0.987862,0,-0.987862
1.76291e+09,6582,-0.0605157,0,0.0605157,0.987679,0,-0.987679
1.76291e+09,6583,-0.0601331,0,0.0601331,0.987495,0,-0.987495
1.76291e+09,6584,-0.0597527,0,0.0597527,0.987311,0,-0.987311
1.76291e+09,6585,-0.0593747,0,0.0593747,0.987127,0,-0.987127
1.76291e+09,6586,-0.0589991,0,0.0589991,0.986942,0,-0.986942
1.76291e+09,6587,-0.0586258,0,0.0586258,0.986758,0,-0.986758
1.76291e+09,6588,-0.058255,0,0.058255,0.986573,0,-0.986573
1.76291e+09,6589,-0.0578865,0,0.0578865,0.986389,0,-0.986389
1.76291e+09,6590,-0.0575205,0,0.0575205,0.986205,0,-0.986205
1.76291e+09,6591,-0.0571569,0,0.0571569,0.98602,0,-0.98602
1.76291e+09,6592,-0.0567958,0,0.0567958,0.985836,0,-0.985836
1.76291e+09,6593,-0.0564371,0,0.0564371,0.985651,0,-0.985651
1.76291e+09,6594,-0.0560809,0,0.0560809,0.985467,0,-0.985467
1.76291e+09,6595,-0.0557272,0,0.0557272,0.985283,0,-0.985283
1.76291e+09,6596,-0.0553759,0,0.0553759,0.985099,0,-0.985099
1.76291e+09,6597,-0.0550271,0,0.0550271,0.984915,0,-0.984915
1.76291e+09,6598,-0.0546808,0,0.0546808,0.984731,0,-0.984731
1.76291e+09,6599,-0.0543369,0,0.0543369,0.984547,0,-0.984547
1.76291e+09,6600,-0.0540735,0,0.0540735,0.989285,0,-0.989285
1.76291e+09,6601,-0.0538118,0,0.0538118,0.994007,0,-0.994007
1.76291e+09,6602,-0.0535518,0,0.0535518,0.998713,0,-0.998713
1.76291e+09,6603,-0.0532934,0,0.0532934,1.0034,0,-1.0034
1.76291e+09,6604,-0.0530368,0,0.0530368,1.00807,0,-1.00807
1.76291e+09,6605,-0.0527819,0,0.0527819,1.01273,0,-1.01273
1.76291e+09,6606,-0.0525286,0,0.0525286,1.01737,0,-1.01737
1.76291e+09,6607,-0.052277,0,0.052277,1.02199,0,-1.02199
1.76291e+09,6608,-0.0520271,0,0.0520271,1.0266,0,-1.0266
1.76291e+09,6609,-0.0517788,0,0.0517788,1.03119,0,-1.03119
1.76291e+09,6610,-0.0515322,0,0.0515322,1.03577,0,-1.03577
1.76291e+09,6611,-0.0512873,0,0.0512873,1.04033,0,-1.04033
1.76291e+09,6612,-0.0510439,0,0.0510439,1.04487,0,-1.04487
1.76291e+09,6613,-0.0508022,0,0.0508022,1.0494,0,-1.0494
1.76291e+09,6614,-0.0505621,0,0.0505621,1.05391,0,-1.05391
1.76291e+09,6615,-0.0503236,0,0.0503236,1.05841,0,-1.05841
1.76291e+09,6616,-0.0500867,0,0.0500867,1.06289,0,-1.06289
1.76291e+09,6617,-0.0498514,0,0.0498514,1.06735,0,-1.06735
1.76291e+09,6618,-0.0496176,0,0.0496176,1.0718,0,-1.0718
1.76291e+09,6619,-0.0493854,0,0.0493854,1.07623,0,-1.07623
1.76291e+09,6620,-0.0491547,0,0.0491547,1.08065,0,-1.08065
1.76291e+09,6621,-0.0489256,0,0.0489256,1.08505,0,-1.08505
1.76291e+09,6622,-0.0486981,0,0.0486981,1.08943,0,-1.08943
1.76291e+09,6623,-0.048472,0,0.048472,1.0938,0,-1.0938
1.76291e+09,6624,-0.0482474,0,0.0482474,1.09816,0,-1.09816
1.76291e+09,6625,-0.0480244,0,0.0480244,1.10249,0,-1.10249
1.76291e+09,6626,-0.0478028,0,0.0478028,1.10682,0,-1.10682
1.76291e+09,6627,-0.0475828,0,0.0475828,1.11112,0,-1.11112
1.76291e+09,6628,-0.0473641,0,0.0473641,1.11541,0,-1.11541
1.76291e+09,6629,-0.047147,0,0.047147,1.11969,0,-1.11969
1.76291e+09,6630,-0.0469313,0,0.0469313,1.12394,0,-1.12394
1.76291e+09,6631,-0.0467171,0,0.0467171,1.12819,0,-1.12819
1.76291e+09,6632,-0.0465043,0,0.0465043,1.13241,0,-1.13241
1.76291e+09,6633,-0.0462929,0,0.0462929,1.13663,0,-1.13663
1.76291e+09,6634,-0.0460829,0,0.0460829,1.14082,0,-1.14082
1.76291e+09,6635,-0.0458744,0,0.0458744,1.145,0,-1.145
1.76291e+09,6636,-0.0456672,0,0.0456672,1.14916,0,-1.14916
1.76291e+09,6637,-0.0454615,0,0.0454615,1.15331,0,-1.15331
1.76291e+09,6638,-0.0452571,0,0.0452571,1.15745,0,-1.15745
1.76291e+09,6639,-0.0450542,0,0.0450542,1.16156,0,-1.16156
1.76291e+09,6640,-0.0448525,0,0.0448525,1.16566,0,-1.16566
1.76291e+09,6641,-0.0446523,0,0.0446523,1.16975,0,-1.16975
1.76291e+09,6642,-0.0444534,0,0.0444534,1.17382,0,-1.17382
1.76291e+09,6643,-0.0442559,0,0.0442559,1.17787,0,-1.17787
1.76291e+09,6644,-0.0440597,0,0.0440597,1.18191,0,-1.18191
1.76291e+09,6645,-0.0438649,0,0.0438649,1.18593,0,-1.18593
1.76291e+09,6646,-0.0436713,0,0.0436713,1.18993,0,-1.18993
1.76291e+09,6647,-0.0434791,0,0.0434791,1.19392,0,-1.19392
1.76291e+09,6648,-0.0432883,0,0.0432883,1.1979,0,-1.1979
1.76291e+09,6649,-0.0430987,0,0.0430987,1.20186,0,-1.20186
1.76291e+09,6650,-0.0429104,0,0.0429104,1.2058,0,-1.2058
1.76291e+09,6651,-0.0427234,0,0.0427234,1.20972,0,-1.20972
1.76291e+09,6652,-0.0425377,0,0.0425377,1.21363,0,-1.21363
1.76291e+09,6653,-0.0423533,0,0.0423533,1.21753,0,-1.21753
1.76291e+09,6654,-0.0421702,0,0.0421702,1.22141,0,-1.22141
1.76291e+09,6655,-0.0419883,0,0.0419883,1.22527,0,-1.22527
1.76291e+09,6656,-0.0418077,0,0.0418077,1.22911,0,-1.22911
1.76291e+09,6657,-0.0416284,0,0.0416284,1.23294,0,-1.23294
1.76291e+09,6658,-0.0414503,0,0.0414503,1.23676,0,-1.23676
1.76291e+09,6659,-0.0412735,0,0.0412735,1.24055,0,-1.24055
1.76291e+09,6660,-0.0410979,0,0.0410979,1.24433,0,-1.24433
1.76291e+09,6661,-0.0409235,0,0.0409235,1.2481,0,-1.2481
1.76291e+09,6662,-0.0407504,0,0.0407504,1.25185,0,-1.25185
1.76291e+09,6663,-0.0405784,0,0.0405784,1.25558,0,-1.25558
1.76291e+09,6664,-0.0404077,0,0.0404077,1.25929,0,-1.25929
1.76291e+09,6665,-0.0402382,0,0.0402382,1.26299,0,-1.26299
1.76291e+09,6666,-0.0400699,0,0.0400699,1.26668,0,-1.26668
1.76291e+09,6667,-0.0399029,0,0.0399029,1.27034,0,-1.27034
1.76291e+09,6668,-0.039737,0,0.039737,1.27399,0,-1.27399
1.76291e+09,6669,-0.0395722,0,0.0395722,1.27763,0,-1.27763
1.76291e+09,6670,-0.0394087,0,0.0394087,1.28125,0,-1.28125
1.76291e+09,6671,-0.0392464,0,0.0392464,1.28485,0,-1.28485
1.76291e+09,6672,-0.0390852,0,0.0390852,1.28843,0,-1.28843
1.76291e+09,6673,-0.0389252,0,0.0389252,1.292,0,-1.292
1.76291e+09,6674,-0.0387663,0,0.0387663,1.29555,0,-1.29555
1.76291e+09,6675,-0.0386087,0,0.0386087,1.29908,0,-1.29908
1.76291e+09,6676,-0.0384521,0,0.0384521,1.3026,0,-1.3026
1.76291e+09,6677,-0.0382967,0,0.0382967,1.3061,0,-1.3061
1.76291e+09,6678,-0.0381425,0,0.0381425,1.30959,0,-1.30959
1.76291e+09,6679,-0.0379894,0,0.0379894,1.31305,0,-1.31305
1.76291e+09,6680,-0.0378374,0,0.0378374,1.3165,0,-1.3165
1.76291e+09,6681,-0.0376866,0,0.0376866,1.31994,0,-1.31994
1.76291e+09,6682,-0.0375369,0,0.0375369,1.32335,0,-1.32335
1.76291e+09,6683,-0.0373883,0,0.0373883,1.32675,0,-1.32675
1.76291e+09,6684,-0.0372408,0,0.0372408,1.33014,0,-1.33014
1.76291e+09,6685,-0.0370944,0,0.0370944,1.3335,0,-1.3335
1.76291e+09,6686,-0.0369492,0,0.0369492,1.33685,0,-1.33685
1.76291e+09,6687,-0.036805,0,0.036805,1.34018,0,-1.34018
1.76291e+09,6688,-0.0366619,0,0.0366619,1.3435,0,-1.3435
1.76291e+09,6689,-0.03652,0,0.03652,1.34679,0,-1.34679
1.76291e+09,6690,-0.0363791,0,0.0363791,1.35007,0,-1.35007
1.76291e+09,6691,-0.0362393,0,0.0362393,1.35334,0,-1.35334
1.76291e+09,6692,-0.0361006,0,0.0361006,1.35658,0,-1.35658
1.76291e+09,6693,-0.035963,0,0.035963,1.35981,0,-1.35981
1.76291e+09,6694,-0.0358265,0,0.0358265,1.36302,0,-1.36302
1.76291e+09,6695,-0.035691,0,0.035691,1.36622,0,-1.36622
1.76291e+09,6696,-0.0355566,0,0.0355566,1.36939,0,-1.36939
1.76291e+09,6697,-0.0354232,0,0.0354232,1.37255,0,-1.37255
1.76291e+09,6698,-0.0352909,0,0.0352909,1.37569,0,-1.37569
1.76291e+09,6699,-0.0351597,0,0.0351597,1.37881,0,-1.37881
1.76291e+09,6700,-0.0350295,0,0.0350295,1.38192,0,-1.38192
1.76291e+09,6701,-0.0349004,0,0.0349004,1.38501,0,-1.38501
1.76291e+09,6702,-0.0347723,0,0.0347723,1.38808,0,-1.38808
1.76291e+09,6703,-0.0346453,0,0.0346453,1.39113,0,-1.39113
1.76291e+09,6704,-0.0345193,0,0.0345193,1.39417,0,-1.39417
1.76291e+09,6705,-0.0343944,0,0.0343944,1.39718,0,-1.39718
1.76291e+09,6706,-0.0342704,0,0.0342704,1.40018,0,-1.40018
1.76291e+09,6707,-0.0341475,0,0.0341475,1.40316,0,-1.40316
1.76291e+09,6708,-0.0340257,0,0.0340257,1.40613,0,-1.40613
1.76291e+09,6709,-0.0339048,0,0.0339048,1.40907,0,-1.40907
1.76291e+09,6710,-0.033785,0,0.033785,1.412,0,-1.412
1.76291e+09,6711,-0.0336662,0,0.0336662,1.41491,0,-1.41491
1.76291e+09,6712,-0.0335484,0,0.0335484,1.4178,0,-1.4178
1.76291e+09,6713,-0.0334317,0,0.0334317,1.42067,0,-1.42067
1.76291e+09,6714,-0.0333159,0,0.0333159,1.42353,0,-1.42353
1.76291e+09,6715,-0.0332011,0,0.0332011,1.42637,0,-1.42637
1.76291e+09,6716,-0.0330874,0,0.0330874,1.42918,0,-1.42918
1.76291e+09,6717,-0.0329747,0,0.0329747,1.43198,0,-1.43198
1.76291e+09,6718,-0.0328629,0,0.0328629,1.43477,0,-1.43477
1.76291e+09,6719,-0.0327522,0,0.0327522,1.43753,0,-1.43753
1.76291e+09,6720,-0.0326424,0,0.0326424,1.44027,0,-1.44027
1.76291e+09,6721,-0.0325336,0,0.0325336,1.443,0,-1.443
1.76291e+09,6722,-0.0324259,0,0.0324259,1.44571,0,-1.44571
1.76291e+09,6723,-0.0323191,0,0.0323191,1.4484,0,-1.4484
1.76291e+09,6724,-0.0322133,0,0.0322133,1.45107,0,-1.45107
1.76291e+09,6725,-0.0321084,0,0.0321084,1.45372,0,-1.45372
1.76291e+09,6726,-0.0320046,0,0.0320046,1.45635,0,-1.45635
1.76291e+09,6727,-0.0319017,0,0.0319017,1.45897,0,-1.45897
1.76291e+09,6728,-0.0317999,0,0.0317999,1.46156,0,-1.46156
1.76291e+09,6729,-0.0316989,0,0.0316989,1.46414,0,-1.46414
1.76291e+09,6730,-0.031599,0,0.031599,1.4667,0,-1.4667
1.76291e+09,6731,-0.0315,0,0.0315,1.46923,0,-1.46923
1.76291e+09,6732,-0.031402,0,0.031402,1.47175,0,-1.47175
1.76291e+09,6733,-0.031305,0,0.031305,1.47425,0,-1.47425
1.76291e+09,6734,-0.0312089,0,0.0312089,1.47674,0,-1.47674
1.76291e+09,6735,-0.0311138,0,0.0311138,1.4792,0,-1.4792
1.76291e+09,6736,-0.0310196,0,0.0310196,1.48164,0,-1.48164
1.76291e+09,6737,-0.0309264,0,0.0309264,1.48407,0,-1.48407
1.76291e+09,6738,-0.0308342,0,0.0308342,1.48647,0,-1.48647
1.76291e+09,6739,-0.0307429,0,0.0307429,1.48886,0,-1.48886
1.76291e+09,6740,-0.0306526,0,0.0306526,1.49122,0,-1.49122
1.76291e+09,6741,-0.0305632,0,0.0305632,1.49357,0,-1.49357
1.76291e+09,6742,-0.0304748,0,0.0304748,1.4959,0,-1.4959
1.76291e+09,6743,-0.0303873,0,0.0303873,1.49821,0,-1.49821
1.76291e+09,6744,-0.0303007,0,0.0303007,1.50049,0,-1.50049
1.76291e+09,6745,-0.0302151,0,0.0302151,1.50276,0,-1.50276
1.76291e+09,6746,-0.0301305,0,0.0301305,1.50501,0,-1.50501
1.76291e+09,6747,-0.0300468,0,0.0300468,1.50724,0,-1.50724
1.76291e+09,6748,-0.029964,0,0.029964,1.50945,0,-1.50945
1.76291e+09,6749,-0.0298822,0,0.0298822,1.51164,0,-1.51164
1.76291e+09,6750,-0.0298013,0,0.0298013,1.51381,0,-1.51381
1.76291e+09,6751,-0.0297213,0,0.0297213,1.51596,0,-1.51596
1.76291e+09,6752,-0.0296423,0,0.0296423,1.51809,0,-1.51809
1.76291e+09,6753,-0.0295642,0,0.0295642,1.52021,0,-1.52021
1.76291e+09,6754,-0.029487,0,0.029487,1.5223,0,-1.5223
1.76291e+09,6755,-0.0294108,0,0.0294108,1.52437,0,-1.52437
1.76291e+09,6756,-0.0293355,0,0.0293355,1.52642,0,-1.52642
1.76291e+09,6757,-0.0292611,0,0.0292611,1.52845,0,-1.52845
1.76291e+09,6758,-0.0291877,0,0.0291877,1.53046,0,-1.53046
1.76291e+09,6759,-0.0291152,0,0.0291152,1.53245,0,-1.53245
1.76291e+09,6760,-0.0290436,0,0.0290436,1.53442,0,-1.53442
1.76291e+09,6761,-0.0289729,0,0.0289729,1.53637,0,-1.53637
1.76291e+09,6762,-0.0289032,0,0.0289032,1.5383,0,-1.5383
1.76291e+09,6763,-0.0288343,0,0.0288343,1.54021,0,-1.54021
1.76291e+09,6764,-0.0287664,0,0.0287664,1.5421,0,-1.5421
1.76291e+09,6765,-0.0286994,0,0.0286994,1.54397,0,-1.54397
1.76291e+09,6766,-0.0286334,0,0.0286334,1.54582,0,-1.54582
1.76291e+09,6767,-0.0285682,0,0.0285682,1.54765,0,-1.54765
1.76291e+09,6768,-0.028504,0,0.028504,1.54945,0,-1.54945
1.76291e+09,6769,-0.0284407,0,0.0284407,1.55124,0,-1.55124
1.76291e+09,6770,-0.0283783,0,0.0283783,1.55301,0,-1.55301
1.76291e+09,6771,-0.0283168,0,0.0283168,1.55475,0,-1.55475
1.76291e+09,6772,-0.0282562,0,0.0282562,1.55648,0,-1.55648
1.76291e+09,6773,-0.0281965,0,0.0281965,1.55818,0,-1.55818
1.76291e+09,6774,-0.0281378,0,0.0281378,1.55986,0,-1.55986
1.76291e+09,6775,-0.0280799,0,0.0280799,1.56153,0,-1.56153
1.76291e+09,6776,-0.028023,0,0.028023,1.56317,0,-1.56317
1.76291e+09,6777,-0.027967,0,0.027967,1.56479,0,-1.56479
1.76291e+09,6778,-0.0279118,0,0.0279118,1.56639,0,-1.56639
1.76291e+09,6779,-0.0278576,0,0.0278576,1.56797,0,-1.56797
1.76291e+09,6780,-0.0278043,0,0.0278043,1.56953,0,-1.56953
1.76291e+09,6781,-0.0277519,0,0.0277519,1.57106,0,-1.57106
1.76291e+09,6782,-0.0277004,0,0.0277004,1.57258,0,-1.57258
1.76291e+09,6783,-0.0276498,0,0.0276498,1.57408,0,-1.57408
1.76291e+09,6784,-0.0276002,0,0.0276002,1.57555,0,-1.57555
1.76291e+09,6785,-0.0275514,0,0.0275514,1.577,0,-1.577
1.76291e+09,6786,-0.0275035,0,0.0275035,1.57843,0,-1.57843
1.76291e+09,6787,-0.0274565,0,0.0274565,1.57984,0,-1.57984
1.76291e+09,6788,-0.0274105,0,0.0274105,1.58123,0,-1.58123
1.76291e+09,6789,-0.0273653,0,0.0273653,1.5826,0,-1.5826
1.76291e+09,6790,-0.027321,0,0.027321,1.58395,0,-1.58395
1.76291e+09,6791,-0.0272776,0,0.0272776,1.58527,0,-1.58527
1.76291e+09,6792,-0.0272352,0,0.0272352,1.58658,0,-1.58658
1.76291e+09,6793,-0.0271936,0,0.0271936,1.58786,0,-1.58786
1.76291e+09,6794,-0.0271529,0,0.0271529,1.58912,0,-1.58912
1.76291e+09,6795,-0.0271132,0,0.0271132,1.59036,0,-1.59036
1.76291e+09,6796,-0.0270743,0,0.0270743,1.59158,0,-1.59158
1.76291e+09,6797,-0.0270363,0,0.0270363,1.59277,0,-1.59277
1.76291e+09,6798,-0.0269992,0,0.0269992,1.59395,0,-1.59395
1.76291e+09,6799,-0.026963,0,0.026963,1.5951,0,-1.5951
1.76291e+09,6800,-0.0269277,0,0.0269277,1.59623,0,-1.59623
1.76291e+09,6801,-0.0268933,0,0.0268933,1.59734,0,-1.59734
1.76291e+09,6802,-0.0268598,0,0.0268598,1.59843,0,-1.59843
1.76291e+09,6803,-0.0268272,0,0.0268272,1.59949,0,-1.59949
1.76291e+09,6804,-0.0267955,0,0.0267955,1.60054,0,-1.60054
1.76291e+09,6805,-0.0267647,0,0.0267647,1.60156,0,-1.60156
1.76291e+09,6806,-0.0267348,0,0.0267348,1.60256,0,-1.60256
1.76291e+09,6807,-0.0267058,0,0.0267058,1.60354,0,-1.60354
1.76291e+09,6808,-0.0266776,0,0.0266776,1.60449,0,-1.60449
1.76291e+09,6809,-0.0266504,0,0.0266504,1.60543,0,-1.60543
1.76291e+09,6810,-0.026624,0,0.026624,1.60634,0,-1.60634
1.76291e+09,6811,-0.0265986,0,0.0265986,1.60723,0,-1.60723
1.76291e+09,6812,-0.026574,0,0.026574,1.6081,0,-1.6081
1.76291e+09,6813,-0.0265503,0,0.0265503,1.60895,0,-1.60895
1.76291e+09,6814,-0.0265276,0,0.0265276,1.60977,0,-1.60977
1.76291e+09,6815,-0.0265057,0,0.0265057,1.61058,0,-1.61058
1.76291e+09,6816,-0.0264847,0,0.0264847,1.61136,0,-1.61136
1.76291e+09,6817,-0.0264646,0,0.0264646,1.61211,0,-1.61211
1.76291e+09,6818,-0.0264453,0,0.0264453,1.61285,0,-1.61285
1.76291e+09,6819,-0.026427,0,0.026427,1.61357,0,-1.61357
1.76291e+09,6820,-0.0264096,0,0.0264096,1.61426,0,-1.61426
1.76291e+09,6821,-0.026393,0,0.026393,1.61493,0,-1.61493
1.76291e+09,6822,-0.0263773,0,0.0263773,1.61557,0,-1.61557
1.76291e+09,6823,-0.0263626,0,0.0263626,1.6162,0,-1.6162
1.76291e+09,6824,-0.0263487,0,0.0263487,1.6168,0,-1.6168
1.76291e+09,6825,-0.0263357,0,0.0263357,1.61738,0,-1.61738
1.76291e+09,6826,-0.0263236,0,0.0263236,1.61794,0,-1.61794
1.76291e+09,6827,-0.0263124,0,0.0263124,1.61848,0,-1.61848
1.76291e+09,6828,-0.026302,0,0.026302,1.61899,0,-1.61899
1.76291e+09,6829,-0.0262926,0,0.0262926,1.61948,0,-1.61948
1.76291e+09,6830,-0.026284,0,0.026284,1.61995,0,-1.61995
1.76291e+09,6831,-0.0262764,0,0.0262764,1.62039,0,-1.62039
1.76291e+09,6832,-0.0262696,0,0.0262696,1.62082,0,-1.62082
1.76291e+09,6833,-0.0262637,0,0.0262637,1.62122,0,-1.62122
1.76291e+09,6834,-0.0262587,0,0.0262587,1.6216,0,-1.6216
1.76291e+09,6835,-0.0262546,0,0.0262546,1.62195,0,-1.62195
1.76291e+09,6836,-0.0262513,0,0.0262513,1.62229,0,-1.62229
1.76291e+09,6837,-0.026249,0,0.026249,1.6226,0,-1.6226
1.76291e+09,6838,-0.0262475,0,0.0262475,1.62289,0,-1.62289
1.76291e+09,6839,-0.026247,0,0.026247,1.62315,0,-1.62315
1.76291e+09,6840,-0.0262473,0,0.0262473,1.6234,0,-1.6234
1.76291e+09,6841,-0.0262485,0,0.0262485,1.62362,0,-1.62362
1.76291e+09,6842,-0.0262506,0,0.0262506,1.62382,0,-1.62382
1.76291e+09,6843,-0.0262535,0,0.0262535,1.62399,0,-1.62399
1.76291e+09,6844,-0.0262574,0,0.0262574,1.62415,0,-1.62415
1.76291e+09,6845,-0.0262621,0,0.0262621,1.62428,0,-1.62428
1.76291e+09,6846,-0.0262678,0,0.0262678,1.62438,0,-1.62438
1.76291e+09,6847,-0.0262743,0,0.0262743,1.62447,0,-1.62447
1.76291e+09,6848,-0.0262817,0,0.0262817,1.62453,0,-1.62453
1.76291e+09,6849,-0.02629,0,0.02629,1.62457,0,-1.62457
1.76291e+09,6850,-0.0262991,0,0.0262991,1.62459,0,-1.62459
1.76291e+09,6851,-0.0263092,0,0.0263092,1.62458,0,-1.62458
1.76291e+09,6852,-0.0263201,0,0.0263201,1.62455,0,-1.62455
1.76291e+09,6853,-0.026332,0,0.026332,1.6245,0,-1.6245
1.76291e+09,6854,-0.0263447,0,0.0263447,1.62443,0,-1.62443
1.76291e+09,6855,-0.0263583,0,0.0263583,1.62433,0,-1.62433
1.76291e+09,6856,-0.0263728,0,0.0263728,1.62421,0,-1.62421
1.76291e+09,6857,-0.0263881,0,0.0263881,1.62407,0,-1.62407
1.76291e+09,6858,-0.0264044,0,0.0264044,1.62391,0,-1.62391
1.76291e+09,6859,-0.0264215,0,0.0264215,1.62372,0,-1.62372
1.76291e+09,6860,-0.0264395,0,0.0264395,1.62351,0,-1.62351
1.76291e+09,6861,-0.0264585,0,0.0264585,1.62328,0,-1.62328
1.76291e+09,6862,-0.0264783,0,0.0264783,1.62302,0,-1.62302
1.76291e+09,6863,-0.0264989,0,0.0264989,1.62274,0,-1.62274
1.76291e+09,6864,-0.0265205,0,0.0265205,1.62244,0,-1.62244
1.76291e+09,6865,-0.0265429,0,0.0265429,1.62212,0,-1.62212
1.76291e+09,6866,-0.0265663,0,0.0265663,1.62177,0,-1.62177
1.76291e+09,6867,-0.0265905,0,0.0265905,1.6214,0,-1.6214
1.76291e+09,6868,-0.0266156,0,0.0266156,1.62101,0,-1.62101
1.76291e+09,6869,-0.0266416,0,0.0266416,1.6206,0,-1.6206
1.76291e+09,6870,-0.0266685,0,0.0266685,1.62016,0,-1.62016
1.76291e+09,6871,-0.0266962,0,0.0266962,1.6197,0,-1.6197
1.76291e+09,6872,-0.0267249,0,0.0267249,1.61922,0,-1.61922
1.76291e+09,6873,-0.0267544,0,0.0267544,1.61871,0,-1.61871
1.76291e+09,6874,-0.0267848,0,0.0267848,1.61818,0,-1.61818
1.76291e+09,6875,-0.0268161,0,0.0268161,1.61763,0,-1.61763
1.76291e+09,6876,-0.0268483,0,0.0268483,1.61706,0,-1.61706
1.76291e+09,6877,-0.0268814,0,0.0268814,1.61646,0,-1.61646
1.76291e+09,6878,-0.0269154,0,0.0269154,1.61584,0,-1.61584
1.76291e+09,6879,-0.0269502,0,0.0269502,1.6152,0,-1.6152
1.76291e+09,6880,-0.026986,0,0.026986,1.61453,0,-1.61453
1.76291e+09,6881,-0.0270226,0,0.0270226,1.61385,0,-1.61385
1.76291e+09,6882,-0.0270601,0,0.0270601,1.61314,0,-1.61314
1.76291e+09,6883,-0.0270985,0,0.0270985,1.6124,0,-1.6124
1.76291e+09,6884,-0.0271378,0,0.0271378,1.61165,0,-1.61165
1.76291e+09,6885,-0.027178,0,0.027178,1.61087,0,-1.61087
1.76291e+09,6886,-0.027219,0,0.027219,1.61007,0,-1.61007
1.76291e+09,6887,-0.027261,0,0.027261,1.60925,0,-1.60925
1.76291e+09,6888,-0.0273038,0,0.0273038,1.6084,0,-1.6084
1.76291e+09,6889,-0.0273475,0,0.0273475,1.60753,0,-1.60753
1.76291e+09,6890,-0.0273922,0,0.0273922,1.60664,0,-1.60664
1.76291e+09,6891,-0.0274377,0,0.0274377,1.60573,0,-1.60573
1.76291e+09,6892,-0.0274841,0,0.0274841,1.60479,0,-1.60479
1.76291e+09,6893,-0.0275314,0,0.0275314,1.60383,0,-1.60383
1.76291e+09,6894,-0.0275795,0,0.0275795,1.60285,0,-1.60285
1.76291e+09,6895,-0.0276286,0,0.0276286,1.60185,0,-1.60185
1.76291e+09,6896,-0.0276786,0,0.0276786,1.60082,0,-1.60082
1.76291e+09,6897,-0.0277294,0,0.0277294,1.59977,0,-1.59977
1.76291e+09,6898,-0.0277812,0,0.0277812,1.5987,0,-1.5987
1.76291e+09,6899,-0.0278338,0,0.0278338,1.59761,0,-1.59761
1.76291e+09,6900,-0.0278873,0,0.0278873,1.59649,0,-1.59649
1.76291e+09,6901,-0.0279418,0,0.0279418,1.59535,0,-1.59535
1.76291e+09,6902,-0.0279971,0,0.0279971,1.59419,0,-1.59419
1.76291e+09,6903,-0.0280533,0,0.0280533,1.59301,0,-1.59301
1.76291e+09,6904,-0.0281104,0,0.0281104,1.5918,0,-1.5918
1.76291e+09,6905,-0.0281684,0,0.0281684,1.59058,0,-1.59058
1.76291e+09,6906,-0.0282273,0,0.0282273,1.58932,0,-1.58932
1.76291e+09,6907,-0.0282871,0,0.0282871,1.58805,0,-1.58805
1.76291e+09,6908,-0.0283478,0,0.0283478,1.58676,0,-1.58676
1.76291e+09,6909,-0.0284094,0,0.0284094,1.58544,0,-1.58544
1.76291e+09,6910,-0.0284719,0,0.0284719,1.5841,0,-1.5841
1.76291e+09,6911,-0.0285353,0,0.0285353,1.58274,0,-1.58274
1.76291e+09,6912,-0.0285996,0,0.0285996,1.58135,0,-1.58135
1.76291e+09,6913,-0.0286648,0,0.0286648,1.57995,0,-1.57995
1.76291e+09,6914,-0.0287309,0,0.0287309,1.57852,0,-1.57852
1.76291e+09,6915,-0.0287979,0,0.0287979,1.57707,0,-1.57707
1.76291e+09,6916,-0.0288658,0,0.0288658,1.5756,0,-1.5756
1.76291e+09,6917,-0.0289346,0,0.0289346,1.5741,0,-1.5741
1.76291e+09,6918,-0.0290043,0,0.0290043,1.57258,0,-1.57258
1.76291e+09,6919,-0.0290749,0,0.0290749,1.57104,0,-1.57104
1.76291e+09,6920,-0.0291464,0,0.0291464,1.56948,0,-1.56948
1.76291e+09,6921,-0.0292188,0,0.0292188,1.5679,0,-1.5679
1.76291e+09,6922,-0.0292922,0,0.0292922,1.5663,0,-1.5663
1.76291e+09,6923,-0.0293664,0,0.0293664,1.56467,0,-1.56467
1.76291e+09,6924,-0.0294416,0,0.0294416,1.56302,0,-1.56302
1.76291e+09,6925,-0.0295176,0,0.0295176,1.56135,0,-1.56135
1.76291e+09,6926,-0.0295946,0,0.0295946,1.55966,0,-1.55966
1.76291e+09,6927,-0.0296725,0,0.0296725,1.55794,0,-1.55794
1.76291e+09,6928,-0.0297513,0,0.0297513,1.55621,0,-1.55621
1.76291e+09,6929,-0.029831,0,0.029831,1.55445,0,-1.55445
1.76291e+09,6930,-0.0299117,0,0.0299117,1.55267,0,-1.55267
1.76291e+09,6931,-0.0299932,0,0.0299932,1.55087,0,-1.55087
1.76291e+09,6932,-0.0300757,0,0.0300757,1.54904,0,-1.54904
1.76291e+09,6933,-0.0301591,0,0.0301591,1.5472,0,-1.5472
1.76291e+09,6934,-0.0302434,0,0.0302434,1.54533,0,-1.54533
1.76291e+09,6935,-0.0303287,0,0.0303287,1.54344,0,-1.54344
1.76291e+09,6936,-0.0304148,0,0.0304148,1.54153,0,-1.54153
1.76291e+09,6937,-0.0305019,0,0.0305019,1.5396,0,-1.5396
1.76291e+09,6938,-0.03059,0,0.03059,1.53765,0,-1.53765
1.76291e+09,6939,-0.0306789,0,0.0306789,1.53567,0,-1.53567
1.76291e+09,6940,-0.0307688,0,0.0307688,1.53368,0,-1.53368
1.76291e+09,6941,-0.0308596,0,0.0308596,1.53166,0,-1.53166
1.76291e+09,6942,-0.0309513,0,0.0309513,1.52962,0,-1.52962
1.76291e+09,6943,-0.031044,0,0.031044,1.52756,0,-1.52756
1.76291e+09,6944,-0.0311376,0,0.0311376,1.52548,0,-1.52548
1.76291e+09,6945,-0.0312322,0,0.0312322,1.52338,0,-1.52338
1.76291e+09,6946,-0.0313277,0,0.0313277,1.52125,0,-1.52125
1.76291e+09,6947,-0.0314241,0,0.0314241,1.51911,0,-1.51911
1.76291e+09,6948,-0.0315215,0,0.0315215,1.51694,0,-1.51694
1.76291e+09,6949,-0.0316198,0,0.0316198,1.51475,0,-1.51475
1.76291e+09,6950,-0.0317191,0,0.0317191,1.51254,0,-1.51254
1.76291e+09,6951,-0.0318193,0,0.0318193,1.51031,0,-1.51031
1.76291e+09,6952,-0.0319205,0,0.0319205,1.50806,0,-1.50806
1.76291e+09,6953,-0.0320226,0,0.0320226,1.50579,0,-1.50579
1.76291e+09,6954,-0.0321257,0,0.0321257,1.5035,0,-1.5035
1.76291e+09,6955,-0.0322297,0,0.0322297,1.50118,0,-1.50118
1.76291e+09,6956,-0.0323347,0,0.0323347,1.49885,0,-1.49885
1.76291e+09,6957,-0.0324406,0,0.0324406,1.49649,0,-1.49649
1.76291e+09,6958,-0.0325475,0,0.0325475,1.49411,0,-1.49411
1.76291e+09,6959,-0.0326554,0,0.0326554,1.49172,0,-1.49172
1.76291e+09,6960,-0.0327643,0,0.0327643,1.4893,0,-1.4893
1.76291e+09,6961,-0.0328741,0,0.0328741,1.48686,0,-1.48686
1.76291e+09,6962,-0.0329849,0,0.0329849,1.4844,0,-1.4844
1.76291e+09,6963,-0.0330966,0,0.0330966,1.48192,0,-1.48192
1.76291e+09,6964,-0.0332094,0,0.0332094,1.47941,0,-1.47941
1.76291e+09,6965,-0.0333231,0,0.0333231,1.47689,0,-1.47689
1.76291e+09,6966,-0.0334378,0,0.0334378,1.47435,0,-1.47435
1.76291e+09,6967,-0.0335535,0,0.0335535,1.47179,0,-1.47179
1.76291e+09,6968,-0.0336701,0,0.0336701,1.4692,0,-1.4692
1.76291e+09,6969,-0.0337878,0,0.0337878,1.4666,0,-1.4666
1.76291e+09,6970,-0.0339064,0,0.0339064,1.46397,0,-1.46397
1.76291e+09,6971,-0.0340261,0,0.0340261,1.46132,0,-1.46132
1.76291e+09,6972,-0.0341467,0,0.0341467,1.45866,0,-1.45866
1.76291e+09,6973,-0.0342684,0,0.0342684,1.45597,0,-1.45597
1.76291e+09,6974,-0.034391,0,0.034391,1.45326,0,-1.45326
1.76291e+09,6975,-0.0345147,0,0.0345147,1.45054,0,-1.45054
1.76291e+09,6976,-0.0346393,0,0.0346393,1.44779,0,-1.44779
1.76291e+09,6977,-0.034765,0,0.034765,1.44502,0,-1.44502
1.76291e+09,6978,-0.0348917,0,0.0348917,1.44223,0,-1.44223
1.76291e+09,6979,-0.0350194,0,0.0350194,1.43942,0,-1.43942
1.76291e+09,6980,-0.0351481,0,0.0351481,1.43659,0,-1.43659
1.76291e+09,6981,-0.0352779,0,0.0352779,1.43374,0,-1.43374
1.76291e+09,6982,-0.0354087,0,0.0354087,1.43087,0,-1.43087
1.76291e+09,6983,-0.0355405,0,0.0355405,1.42799,0,-1.42799
1.76291e+09,6984,-0.0356733,0,0.0356733,1.42508,0,-1.42508
1.76291e+09,6985,-0.0358072,0,0.0358072,1.42215,0,-1.42215
1.76291e+09,6986,-0.0359422,0,0.0359422,1.4192,0,-1.4192
1.76291e+09,6987,-0.0360781,0,0.0360781,1.41623,0,-1.41623
1.76291e+09,6988,-0.0362152,0,0.0362152,1.41324,0,-1.41324
1.76291e+09,6989,-0.0363532,0,0.0363532,1.41023,0,-1.41023
1.76291e+09,6990,-0.0364924,0,0.0364924,1.4072,0,-1.4072
1.76291e+09,6991,-0.0366326,0,0.0366326,1.40415,0,-1.40415
1.76291e+09,6992,-0.0367738,0,0.0367738,1.40108,0,-1.40108
1.76291e+09,6993,-0.0369161,0,0.0369161,1.39799,0,-1.39799
1.76291e+09,6994,-0.0370595,0,0.0370595,1.39488,0,-1.39488
1.76291e+09,6995,-0.037204,0,0.037204,1.39175,0,-1.39175
1.76291e+09,6996,-0.0373496,0,0.0373496,1.3886,0,-1.3886
1.76291e+09,6997,-0.0374962,0,0.0374962,1.38544,0,-1.38544
1.76291e+09,6998,-0.0376439,0,0.0376439,1.38225,0,-1.38225
1.76291e+09,6999,-0.0377927,0,0.0377927,1.37904,0,-1.37904
1.76291e+09,7000,-0.0379426,0,0.0379426,1.37581,0,-1.37581
1.76291e+09,7001,-0.0380937,0,0.0380937,1.37257,0,-1.37257
1.76291e+09,7002,-0.0382458,0,0.0382458,1.3693,0,-1.3693
1.76291e+09,7003,-0.038399,0,0.038399,1.36602,0,-1.36602
1.76291e+09,7004,-0.0385533,0,0.0385533,1.36271,0,-1.36271
1.76291e+09,7005,-0.0387088,0,0.0387088,1.35938,0,-1.35938
1.76291e+09,7006,-0.0388654,0,0.0388654,1.35604,0,-1.35604
1.76291e+09,7007,-0.0390231,0,0.0390231,1.35268,0,-1.35268
1.76291e+09,7008,-0.039182,0,0.039182,1.34929,0,-1.34929
1.76291e+09,7009,-0.0393419,0,0.0393419,1.34589,0,-1.34589
1.76291e+09,7010,-0.0395031,0,0.0395031,1.34247,0,-1.34247
1.76291e+09,7011,-0.0396653,0,0.0396653,1.33902,0,-1.33902
1.76291e+09,7012,-0.0398288,0,0.0398288,1.33556,0,-1.33556
1.76291e+09,7013,-0.0399934,0,0.0399934,1.33208,0,-1.33208
1.76291e+09,7014,-0.0401591,0,0.0401591,1.32858,0,-1.32858
1.76291e+09,7015,-0.040326,0,0.040326,1.32506,0,-1.32506
1.76291e+09,7016,-0.0404941,0,0.0404941,1.32152,0,-1.32152
1.76291e+09,7017,-0.0406634,0,0.0406634,1.31797,0,-1.31797
1.76291e+09,7018,-0.0408338,0,0.0408338,1.31439,0,-1.31439
1.76291e+09,7019,-0.0410055,0,0.0410055,1.31079,0,-1.31079
1.76291e+09,7020,-0.0411783,0,0.0411783,1.30718,0,-1.30718
1.76291e+09,7021,-0.0413524,0,0.0413524,1.30354,0,-1.30354
1.76291e+09,7022,-0.0415276,0,0.0415276,1.29989,0,-1.29989
1.76291e+09,7023,-0.0417041,0,0.0417041,1.29621,0,-1.29621
1.76291e+09,7024,-0.0418818,0,0.0418818,1.29252,0,-1.29252
1.76291e+09,7025,-0.0420607,0,0.0420607,1.28881,0,-1.28881
1.76291e+09,7026,-0.0422408,0,0.0422408,1.28507,0,-1.28507
1.76291e+09,7027,-0.0424222,0,0.0424222,1.28132,0,-1.28132
1.76291e+09,7028,-0.0426048,0,0.0426048,1.27755,0,-1.27755
1.76291e+09,7029,-0.0427887,0,0.0427887,1.27376,0,-1.27376
1.76291e+09,7030,-0.0429738,0,0.0429738,1.26995,0,-1.26995
1.76291e+09,7031,-0.0431602,0,0.0431602,1.26613,0,-1.26613
1.76291e+09,7032,-0.0433478,0,0.0433478,1.26228,0,-1.26228
1.76291e+09,7033,-0.0435367,0,0.0435367,1.25841,0,-1.25841
1.76291e+09,7034,-0.0437269,0,0.0437269,1.25453,0,-1.25453
1.76291e+09,7035,-0.0439184,0,0.0439184,1.25062,0,-1.25062
1.76291e+09,7036,-0.0441112,0,0.0441112,1.2467,0,-1.2467
1.76291e+09,7037,-0.0443053,0,0.0443053,1.24275,0,-1.24275
1.76291e+09,7038,-0.0445007,0,0.0445007,1.23879,0,-1.23879
1.76291e+09,7039,-0.0446974,0,0.0446974,1.23481,0,-1.23481
1.76291e+09,7040,-0.0448954,0,0.0448954,1.23081,0,-1.23081
1.76291e+09,7041,-0.0450948,0,0.0450948,1.22678,0,-1.22678
1.76291e+09,7042,-0.0452955,0,0.0452955,1.22274,0,-1.22274
1.76291e+09,7043,-0.0454975,0,0.0454975,1.21868,0,-1.21868
1.76291e+09,7044,-0.0457009,0,0.0457009,1.2146,0,-1.2146
1.76291e+09,7045,-0.0459057,0,0.0459057,1.21051,0,-1.21051
1.76291e+09,7046,-0.0461118,0,0.0461118,1.20639,0,-1.20639
1.76291e+09,7047,-0.0463193,0,0.0463193,1.20225,0,-1.20225
1.76291e+09,7048,-0.0465282,0,0.0465282,1.19809,0,-1.19809
1.76291e+09,7049,-0.0467384,0,0.0467384,1.19392,0,-1.19392
1.76291e+09,7050,-0.0469501,0,0.0469501,1.18972,0,-1.18972
1.76291e+09,7051,-0.0471632,0,0.0471632,1.18551,0,-1.18551
1.76291e+09,7052,-0.0473776,0,0.0473776,1.18127,0,-1.18127
1.76291e+09,7053,-0.0475935,0,0.0475935,1.17702,0,-1.17702
1.76291e+09,7054,-0.0478109,0,0.0478109,1.17274,0,-1.17274
1.76291e+09,7055,-0.0480297,0,0.0480297,1.16845,0,-1.16845
1.76291e+09,7056,-0.0482499,0,0.0482499,1.16413,0,-1.16413
1.76291e+09,7057,-0.0484716,0,0.0484716,1.1598,0,-1.1598
1.76291e+09,7058,-0.0486947,0,0.0486947,1.15544,0,-1.15544
1.76291e+09,7059,-0.0489194,0,0.0489194,1.15107,0,-1.15107
1.76291e+09,7060,-0.0491455,0,0.0491455,1.14668,0,-1.14668
1.76291e+09,7061,-0.0493731,0,0.0493731,1.14226,0,-1.14226
1.76291e+09,7062,-0.0496022,0,0.0496022,1.13783,0,-1.13783
1.76291e+09,7063,-0.0498328,0,0.0498328,1.13337,0,-1.13337
1.76291e+09,7064,-0.050065,0,0.050065,1.1289,0,-1.1289
1.76291e+09,7065,-0.0502987,0,0.0502987,1.12441,0,-1.12441
1.76291e+09,7066,-0.050534,0,0.050534,1.11989,0,-1.11989
1.76291e+09,7067,-0.0507708,0,0.0507708,1.11536,0,-1.11536
1.76291e+09,7068,-0.0510092,0,0.0510092,1.1108,0,-1.1108
1.76291e+09,7069,-0.0512491,0,0.0512491,1.10622,0,-1.10622
1.76291e+09,7070,-0.0514907,0,0.0514907,1.10163,0,-1.10163
1.76291e+09,7071,-0.0517338,0,0.0517338,1.09701,0,-1.09701
1.76291e+09,7072,-0.0519786,0,0.0519786,1.09237,0,-1.09237
1.76291e+09,7073,-0.052225,0,0.052225,1.08771,0,-1.08771
1.76291e+09,7074,-0.052473,0,0.052473,1.08303,0,-1.08303
1.76291e+09,7075,-0.0527226,0,0.0527226,1.07832,0,-1.07832
1.76291e+09,7076,-0.0529739,0,0.0529739,1.0736,0,-1.0736
1.76291e+09,7077,-0.0532269,0,0.0532269,1.06886,0,-1.06886
1.76291e+09,7078,-0.0534815,0,0.0534815,1.06409,0,-1.06409
1.76291e+09,7079,-0.0537378,0,0.0537378,1.0593,0,-1.0593
1.76291e+09,7080,-0.0540736,0,0.0540736,1.05921,0,-1.05921
1.76291e+09,7081,-0.0544118,0,0.0544118,1.05912,0,-1.05912
1.76291e+09,7082,-0.0547525,0,0.0547525,1.05902,0,-1.05902
1.76291e+09,7083,-0.0550956,0,0.0550956,1.05893,0,-1.05893
1.76291e+09,7084,-0.0554411,0,0.0554411,1.05883,0,-1.05883
1.76291e+09,7085,-0.0557891,0,0.0557891,1.05873,0,-1.05873
1.76291e+09,7086,-0.0561395,0,0.0561395,1.05863,0,-1.05863
1.76291e+09,7087,-0.0564924,0,0.0564924,1.05853,0,-1.05853
1.76291e+09,7088,-0.0568477,0,0.0568477,1.05843,0,-1.05843
1.76291e+09,7089,-0.0572055,0,0.0572055,1.05833,0,-1.05833
1.76291e+09,7090,-0.0575657,0,0.0575657,1.05822,0,-1.05822
1.76291e+09,7091,-0.0579284,0,0.0579284,1.05811,0,-1.05811
1.76291e+09,7092,-0.0582934,0,0.0582934,1.058,0,-1.058
1.76291e+09,7093,-0.0586609,0,0.0586609,1.05789,0,-1.05789
1.76291e+09,7094,-0.0590308,0,0.0590308,1.05778,0,-1.05778
1.76291e+09,7095,-0.0594031,0,0.0594031,1.05767,0,-1.05767
1.76291e+09,7096,-0.0597777,0,0.0597777,1.05755,0,-1.05755
1.76291e+09,7097,-0.0601547,0,0.0601547,1.05743,0,-1.05743
1.76291e+09,7098,-0.060534,0,0.060534,1.05731,0,-1.05731
1.76291e+09,7099,-0.0609157,0,0.0609157,1.05719,0,-1.05719
1.76291e+09,7100,-0.0612996,0,0.0612996,1.05707,0,-1.05707
1.76291e+09,7101,-0.0616857,0,0.0616857,1.05695,0,-1.05695
1.76291e+09,7102,-0.0620741,0,0.0620741,1.05682,0,-1.05682
1.76291e+09,7103,-0.0624647,0,0.0624647,1.05669,0,-1.05669
1.76291e+09,7104,-0.0628574,0,0.0628574,1.05656,0,-1.05656
1.76291e+09,7105,-0.0632523,0,0.0632523,1.05643,0,-1.05643
1.76291e+09,7106,-0.0636492,0,0.0636492,1.0563,0,-1.0563
1.76291e+09,7107,-0.0640482,0,0.0640482,1.05617,0,-1.05617
1.76291e+09,7108,-0.0644493,0,0.0644493,1.05603,0,-1.05603
1.76291e+09,7109,-0.0648522,0,0.0648522,1.05589,0,-1.05589
1.76291e+09,7110,-0.0652571,0,0.0652571,1.05575,0,-1.05575
1.76291e+09,7111,-0.0656639,0,0.0656639,1.05561,0,-1.05561
1.76291e+09,7112,-0.0660726,0,0.0660726,1.05547,0,-1.05547
1.76291e+09,7113,-0.066483,0,0.066483,1.05533,0,-1.05533
1.76291e+09,7114,-0.0668951,0,0.0668951,1.05518,0,-1.05518
1.76291e+09,7115,-0.067309,0,0.067309,1.05503,0,-1.05503
1.76291e+09,7116,-0.0677244,0,0.0677244,1.05488,0,-1.05488
1.76291e+09,7117,-0.0681415,0,0.0681415,1.05473,0,-1.05473
1.76291e+09,7118,-0.0685601,0,0.0685601,1.05458,0,-1.05458
1.76291e+09,7119,-0.0689802,0,0.0689802,1.05442,0,-1.05442
1.76291e+09,7120,-0.0694016,0,0.0694016,1.05427,0,-1.05427
1.76291e+09,7121,-0.0698245,0,0.0698245,1.05411,0,-1.05411
1.76291e+09,7122,-0.0702486,0,0.0702486,1.05395,0,-1.05395
1.76291e+09,7123,-0.070674,0,0.070674,1.05379,0,-1.05379
1.76291e+09,7124,-0.0711006,0,0.0711006,1.05363,0,-1.05363
1.76291e+09,7125,-0.0715283,0,0.0715283,1.05346,0,-1.05346
1.76291e+09,7126,-0.071957,0,0.071957,1.0533,0,-1.0533
1.76291e+09,7127,-0.0723867,0,0.0723867,1.05313,0,-1.05313
1.76291e+09,7128,-0.0728174,0,0.0728174,1.05296,0,-1.05296
1.76291e+09,7129,-0.0732489,0,0.0732489,1.05279,0,-1.05279
1.76291e+09,7130,-0.0736813,0,0.0736813,1.05262,0,-1.05262
1.76291e+09,7131,-0.0741144,0,0.0741144,1.05245,0,-1.05245
1.76291e+09,7132,-0.0745481,0,0.0745481,1.05227,0,-1.05227
1.76291e+09,7133,-0.0749825,0,0.0749825,1.05209,0,-1.05209
1.76291e+09,7134,-0.0754174,0,0.0754174,1.05192,0,-1.05192
1.76291e+09,7135,-0.0758528,0,0.0758528,1.05174,0,-1.05174
1.76291e+09,7136,-0.0762886,0,0.0762886,1.05156,0,-1.05156
1.76291e+09,7137,-0.0767247,0,0.0767247,1.05138,0,-1.05138
1.76291e+09,7138,-0.0771611,0,0.0771611,1.05119,0,-1.05119
1.76291e+09,7139,-0.0775977,0,0.0775977,1.05101,0,-1.05101
1.76291e+09,7140,-0.0780344,0,0.0780344,1.05083,0,-1.05083
1.76291e+09,7141,-0.0784712,0,0.0784712,1.05064,0,-1.05064
1.76291e+09,7142,-0.078908,0,0.078908,1.05045,0,-1.05045
1.76291e+09,7143,-0.0793448,0,0.0793448,1.05026,0,-1.05026
1.76291e+09,7144,-0.0797814,0,0.0797814,1.05007,0,-1.05007
1.76291e+09,7145,-0.0802178,0,0.0802178,1.04988,0,-1.04988
1.76291e+09,7146,-0.0806539,0,0.0806539,1.04969,0,-1.04969
1.76291e+09,7147,-0.0810897,0,0.0810897,1.0495,0,-1.0495
1.76291e+09,7148,-0.0815251,0,0.0815251,1.0493,0,-1.0493
1.76291e+09,7149,-0.08196,0,0.08196,1.04911,0,-1.04911
1.76291e+09,7150,-0.0823943,0,0.0823943,1.04891,0,-1.04891
1.76291e+09,7151,-0.0828281,0,0.0828281,1.04872,0,-1.04872
1.76291e+09,7152,-0.0832612,0,0.0832612,1.04852,0,-1.04852
1.76291e+09,7153,-0.0836935,0,0.0836935,1.04832,0,-1.04832
1.76291e+09,7154,-0.0841251,0,0.0841251,1.04812,0,-1.04812
1.76291e+09,7155,-0.0845557,0,0.0845557,1.04792,0,-1.04792
1.76291e+09,7156,-0.0849855,0,0.0849855,1.04772,0,-1.04772
1.76291e+09,7157,-0.0854142,0,0.0854142,1.04752,0,-1.04752
1.76291e+09,7158,-0.0858419,0,0.0858419,1.04732,0,-1.04732
1.76291e+09,7159,-0.0862685,0,0.0862685,1.04712,0,-1.04712
1.76291e+09,7160,-0.0866939,0,0.0866939,1.04691,0,-1.04691
1.76291e+09,7161,-0.0871181,0,0.0871181,1.04671,0,-1.04671
1.76291e+09,7162,-0.0875409,0,0.0875409,1.04651,0,-1.04651
1.76291e+09,7163,-0.0879624,0,0.0879624,1.0463,0,-1.0463
1.76291e+09,7164,-0.0883825,0,0.0883825,1.0461,0,-1.0461
1.76291e+09,7165,-0.0888011,0,0.0888011,1.04589,0,-1.04589
1.76291e+09,7166,-0.0892182,0,0.0892182,1.04569,0,-1.04569
1.76291e+09,7167,-0.0896337,0,0.0896337,1.04548,0,-1.04548
1.76291e+09,7168,-0.0900476,0,0.0900476,1.04528,0,-1.04528
1.76291e+09,7169,-0.0904597,0,0.0904597,1.04507,0,-1.04507
1.76291e+09,7170,-0.0908702,0,0.0908702,1.04486,0,-1.04486
1.76291e+09,7171,-0.0912789,0,0.0912789,1.04466,0,-1.04466
1.76291e+09,7172,-0.0916857,0,0.0916857,1.04445,0,-1.04445
1.76291e+09,7173,-0.0920906,0,0.0920906,1.04424,0,-1.04424
1.76291e+09,7174,-0.0924937,0,0.0924937,1.04404,0,-1.04404
1.76291e+09,7175,-0.0928948,0,0.0928948,1.04383,0,-1.04383
1.76291e+09,7176,-0.0932938,0,0.0932938,1.04363,0,-1.04363
1.76291e+09,7177,-0.0936908,0,0.0936908,1.04342,0,-1.04342
1.76291e+09,7178,-0.0940858,0,0.0940858,1.04321,0,-1.04321
1.76291e+09,7179,-0.0944786,0,0.0944786,1.04301,0,-1.04301
1.76291e+09,7180,-0.0948692,0,0.0948692,1.0428,0,-1.0428
1.76291e+09,7181,-0.0952577,0,0.0952577,1.0426,0,-1.0426
1.76291e+09,7182,-0.0956439,0,0.0956439,1.04239,0,-1.04239
1.76291e+09,7183,-0.0960279,0,0.0960279,1.04219,0,-1.04219
1.76291e+09,7184,-0.0964096,0,0.0964096,1.04198,0,-1.04198
1.76291e+09,7185,-0.0967891,0,0.0967891,1.04178,0,-1.04178
1.76291e+09,7186,-0.0971662,0,0.0971662,1.04158,0,-1.04158
1.76291e+09,7187,-0.0975409,0,0.0975409,1.04137,0,-1.04137
1.76291e+09,7188,-0.0979133,0,0.0979133,1.04117,0,-1.04117
1.76291e+09,7189,-0.0982834,0,0.0982834,1.04097,0,-1.04097
1.76291e+09,7190,-0.098651,0,0.098651,1.04077,0,-1.04077
1.76291e+09,7191,-0.0990162,0,0.0990162,1.04057,0,-1.04057
1.76291e+09,7192,-0.099379,0,0.099379,1.04037,0,-1.04037
1.76291e+09,7193,-0.0997394,0,0.0997394,1.04017,0,-1.04017
1.76291e+09,7194,-0.100097,0,0.100097,1.03997,0,-1.03997
1.76291e+09,7195,-0.100453,0,0.100453,1.03977,0,-1.03977
1.76291e+09,7196,-0.100806,0,0.100806,1.03957,0,-1.03957
1.76291e+09,7197,-0.101157,0,0.101157,1.03937,0,-1.03937
1.76291e+09,7198,-0.101505,0,0.101505,1.03917,0,-1.03917
1.76291e+09,7199,-0.101851,0,0.101851,1.03898,0,-1.03898
1.76291e+09,7200,-0.102188,0,0.102188,1.03877,0,-1.03877
1.76291e+09,7201,-0.102523,0,0.102523,1.03855,0,-1.03855
1.76291e+09,7202,-0.102856,0,0.102856,1.03834,0,-1.03834
1.76291e+09,7203,-0.103186,0,0.103186,1.03813,0,-1.03813
1.76291e+09,7204,-0.103514,0,0.103514,1.03792,0,-1.03792
1.76291e+09,7205,-0.103839,0,0.103839,1.03771,0,-1.03771
1.76291e+09,7206,-0.104162,0,0.104162,1.03751,0,-1.03751
1.76291e+09,7207,-0.104482,0,0.104482,1.0373,0,-1.0373
1.76291e+09,7208,-0.104801,0,0.104801,1.03709,0,-1.03709
1.76291e+09,7209,-0.105116,0,0.105116,1.03689,0,-1.03689
1.76291e+09,7210,-0.10543,0,0.10543,1.03668,0,-1.03668
1.76291e+09,7211,-0.105741,0,0.105741,1.03648,0,-1.03648
1.76291e+09,7212,-0.106049,0,0.106049,1.03627,0,-1.03627
1.76291e+09,7213,-0.106356,0,0.106356,1.03607,0,-1.03607
1.76291e+09,7214,-0.10666,0,0.10666,1.03587,0,-1.03587
1.76291e+09,7215,-0.106961,0,0.106961,1.03567,0,-1.03567
1.76291e+09,7216,-0.107261,0,0.107261,1.03547,0,-1.03547
1.76291e+09,7217,-0.107558,0,0.107558,1.03527,0,-1.03527
1.76291e+09,7218,-0.107853,0,0.107853,1.03507,0,-1.03507
1.76291e+09,7219,-0.108146,0,0.108146,1.03487,0,-1.03487
1.76291e+09,7220,-0.108436,0,0.108436,1.03467,0,-1.03467
1.76291e+09,7221,-0.108725,0,0.108725,1.03448,0,-1.03448
1.76291e+09,7222,-0.109011,0,0.109011,1.03428,0,-1.03428
1.76291e+09,7223,-0.109295,0,0.109295,1.03409,0,-1.03409
1.76291e+09,7224,-0.109577,0,0.109577,1.03389,0,-1.03389
1.76291e+09,7225,-0.109856,0,0.109856,1.0337,0,-1.0337
1.76291e+09,7226,-0.110134,0,0.110134,1.03351,0,-1.03351
1.76291e+09,7227,-0.110409,0,0.110409,1.03331,0,-1.03331
1.76291e+09,7228,-0.110683,0,0.110683,1.03312,0,-1.03312
1.76291e+09,7229,-0.110954,0,0.110954,1.03293,0,-1.03293
1.76291e+09,7230,-0.111223,0,0.111223,1.03274,0,-1.03274
1.76291e+09,7231,-0.11149,0,0.11149,1.03255,0,-1.03255
1.76291e+09,7232,-0.111755,0,0.111755,1.03237,0,-1.03237
1.76291e+09,7233,-0.112018,0,0.112018,1.03218,0,-1.03218
1.76291e+09,7234,-0.112279,0,0.112279,1.03199,0,-1.03199
1.76291e+09,7235,-0.112538,0,0.112538,1.03181,0,-1.03181
1.76291e+09,7236,-0.112795,0,0.112795,1.03162,0,-1.03162
1.76291e+09,7237,-0.11305,0,0.11305,1.03144,0,-1.03144
1.76291e+09,7238,-0.113303,0,0.113303,1.03126,0,-1.03126
1.76291e+09,7239,-0.113554,0,0.113554,1.03107,0,-1.03107
1.76291e+09,7240,-0.113803,0,0.113803,1.03089,0,-1.03089
1.76291e+09,7241,-0.11405,0,0.11405,1.03071,0,-1.03071
1.76291e+09,7242,-0.114295,0,0.114295,1.03053,0,-1.03053
1.76291e+09,7243,-0.114539,0,0.114539,1.03035,0,-1.03035
1.76291e+09,7244,-0.11478,0,0.11478,1.03018,0,-1.03018
1.76291e+09,7245,-0.11502,0,0.11502,1.03,0,-1.03
1.76291e+09,7246,-0.115257,0,0.115257,1.02982,0,-1.02982
1.76291e+09,7247,-0.115493,0,0.115493,1.02965,0,-1.02965
1.76291e+09,7248,-0.115727,0,0.115727,1.02947,0,-1.02947
1.76291e+09,7249,-0.115959,0,0.115959,1.0293,0,-1.0293
1.76291e+09,7250,-0.116189,0,0.116189,1.02912,0,-1.02912
1.76291e+09,7251,-0.116417,0,0.116417,1.02895,0,-1.02895
1.76291e+09,7252,-0.116644,0,0.116644,1.02878,0,-1.02878
1.76291e+09,7253,-0.116869,0,0.116869,1.02861,0,-1.02861
1.76291e+09,7254,-0.117092,0,0.117092,1.02844,0,-1.02844
1.76291e+09,7255,-0.117313,0,0.117313,1.02827,0,-1.02827
1.76291e+09,7256,-0.117532,0,0.117532,1.0281,0,-1.0281
1.76291e+09,7257,-0.11775,0,0.11775,1.02794,0,-1.02794
1.76291e+09,7258,-0.117966,0,0.117966,1.02777,0,-1.02777
1.76291e+09,7259,-0.11818,0,0.11818,1.0276,0,-1.0276
1.76291e+09,7260,-0.118392,0,0.118392,1.02744,0,-1.02744
1.76291e+09,7261,-0.118603,0,0.118603,1.02727,0,-1.02727
1.76291e+09,7262,-0.118812,0,0.118812,1.02711,0,-1.02711
1.76291e+09,7263,-0.119019,0,0.119019,1.02695,0,-1.02695
1.76291e+09,7264,-0.119225,0,0.119225,1.02679,0,-1.02679
1.76291e+09,7265,-0.119428,0,0.119428,1.02662,0,-1.02662
1.76291e+09,7266,-0.119631,0,0.119631,1.02646,0,-1.02646
1.76291e+09,7267,-0.119831,0,0.119831,1.0263,0,-1.0263
1.76291e+09,7268,-0.12003,0,0.12003,1.02615,0,-1.02615
1.76291e+09,7269,-0.120227,0,0.120227,1.02599,0,-1.02599
1.76291e+09,7270,-0.120423,0,0.120423,1.02583,0,-1.02583
1.76291e+09,7271,-0.120617,0,0.120617,1.02568,0,-1.02568
1.76291e+09,7272,-0.120809,0,0.120809,1.02552,0,-1.02552
1.76291e+09,7273,-0.121,0,0.121,1.02537,0,-1.02537
1.76291e+09,7274,-0.121189,0,0.121189,1.02521,0,-1.02521
1.76291e+09,7275,-0.121376,0,0.121376,1.02506,0,-1.02506
1.76291e+09,7276,-0.121562,0,0.121562,1.02491,0,-1.02491
1.76291e+09,7277,-0.121747,0,0.121747,1.02476,0,-1.02476
1.76291e+09,7278,-0.12193,0,0.12193,1.0246,0,-1.0246
1.76291e+09,7279,-0.122111,0,0.122111,1.02445,0,-1.02445
1.76291e+09,7280,-0.122291,0,0.122291,1.02431,0,-1.02431
1.76291e+09,7281,-0.122469,0,0.122469,1.02416,0,-1.02416
1.76291e+09,7282,-0.122645,0,0.122645,1.02401,0,-1.02401
1.76291e+09,7283,-0.12282,0,0.12282,1.02386,0,-1.02386
1.76291e+09,7284,-0.122994,0,0.122994,1.02372,0,-1.02372
1.76291e+09,7285,-0.123166,0,0.123166,1.02357,0,-1.02357
1.76291e+09,7286,-0.123337,0,0.123337,1.02343,0,-1.02343
1.76291e+09,7287,-0.123506,0,0.123506,1.02328,0,-1.02328
1.76291e+09,7288,-0.123673,0,0.123673,1.02314,0,-1.02314
1.76291e+09,7289,-0.12384,0,0.12384,1.023,0,-1.023
1.76291e+09,7290,-0.124004,0,0.124004,1.02286,0,-1.02286
1.76291e+09,7291,-0.124167,0,0.124167,1.02272,0,-1.02272
1.76291e+09,7292,-0.124329,0,0.124329,1.02258,0,-1.02258
1.76291e+09,7293,-0.124489,0,0.124489,1.02244,0,-1.02244
1.76291e+09,7294,-0.124648,0,0.124648,1.0223,0,-1.0223
1.76291e+09,7295,-0.124806,0,0.124806,1.02216,0,-1.02216
1.76291e+09,7296,-0.124962,0,0.124962,1.02203,0,-1.02203
1.76291e+09,7297,-0.125116,0,0.125116,1.02189,0,-1.02189
1.76291e+09,7298,-0.12527,0,0.12527,1.02176,0,-1.02176
1.76291e+09,7299,-0.125421,0,0.125421,1.02162,0,-1.02162
1.76291e+09,7300,-0.125572,0,0.125572,1.02149,0,-1.02149
1.76291e+09,7301,-0.125721,0,0.125721,1.02136,0,-1.02136
1.76291e+09,7302,-0.125868,0,0.125868,1.02122,0,-1.02122
1.76291e+09,7303,-0.126015,0,0.126015,1.02109,0,-1.02109
1.76291e+09,7304,-0.12616,0,0.12616,1.02096,0,-1.02096
1.76291e+09,7305,-0.126303,0,0.126303,1.02083,0,-1.02083
1.76291e+09,7306,-0.126445,0,0.126445,1.0207,0,-1.0207
1.76291e+09,7307,-0.126586,0,0.126586,1.02058,0,-1.02058
1.76291e+09,7308,-0.126726,0,0.126726,1.02045,0,-1.02045
1.76291e+09,7309,-0.126864,0,0.126864,1.02032,0,-1.02032
1.76291e+09,7310,-0.127001,0,0.127001,1.0202,0,-1.0202
1.76291e+09,7311,-0.127136,0,0.127136,1.02007,0,-1.02007
1.76291e+09,7312,-0.127271,0,0.127271,1.01995,0,-1.01995
1.76291e+09,7313,-0.127403,0,0.127403,1.01982,0,-1.01982
1.76291e+09,7314,-0.127535,0,0.127535,1.0197,0,-1.0197
1.76291e+09,7315,-0.127665,0,0.127665,1.01958,0,-1.01958
1.76291e+09,7316,-0.127794,0,0.127794,1.01945,0,-1.01945
1.76291e+09,7317,-0.127922,0,0.127922,1.01933,0,-1.01933
1.76291e+09,7318,-0.128049,0,0.128049,1.01921,0,-1.01921
1.76291e+09,7319,-0.128174,0,0.128174,1.01909,0,-1.01909
1.76291e+09,7320,-0.128298,0,0.128298,1.01897,0,-1.01897
1.76291e+09,7321,-0.128421,0,0.128421,1.01886,0,-1.01886
1.76291e+09,7322,-0.128542,0,0.128542,1.01874,0,-1.01874
1.76291e+09,7323,-0.128662,0,0.128662,1.01862,0,-1.01862
1.76291e+09,7324,-0.128781,0,0.128781,1.01851,0,-1.01851
1.76291e+09,7325,-0.128899,0,0.128899,1.01839,0,-1.01839
1.76291e+09,7326,-0.129015,0,0.129015,1.01828,0,-1.01828
1.76291e+09,7327,-0.129131,0,0.129131,1.01816,0,-1.01816
1.76291e+09,7328,-0.129245,0,0.129245,1.01805,0,-1.01805
1.76291e+09,7329,-0.129357,0,0.129357,1.01794,0,-1.01794
1.76291e+09,7330,-0.129469,0,0.129469,1.01782,0,-1.01782
1.76291e+09,7331,-0.12958,0,0.12958,1.01771,0,-1.01771
1.76291e+09,7332,-0.129689,0,0.129689,1.0176,0,-1.0176
1.76291e+09,7333,-0.129797,0,0.129797,1.01749,0,-1.01749
1.76291e+09,7334,-0.129904,0,0.129904,1.01738,0,-1.01738
1.76291e+09,7335,-0.130009,0,0.130009,1.01728,0,-1.01728
1.76291e+09,7336,-0.130114,0,0.130114,1.01717,0,-1.01717
1.76291e+09,7337,-0.130217,0,0.130217,1.01706,0,-1.01706
1.76291e+09,7338,-0.130319,0,0.130319,1.01695,0,-1.01695
1.76291e+09,7339,-0.13042,0,0.13042,1.01685,0,-1.01685
1.76291e+09,7340,-0.13052,0,0.13052,1.01674,0,-1.01674
1.76291e+09,7341,-0.130619,0,0.130619,1.01664,0,-1.01664
1.76291e+09,7342,-0.130716,0,0.130716,1.01653,0,-1.01653
1.76291e+09,7343,-0.130813,0,0.130813,1.01643,0,-1.01643
1.76291e+09,7344,-0.130908,0,0.130908,1.01633,0,-1.01633
1.76291e+09,7345,-0.131002,0,0.131002,1.01623,0,-1.01623
1.76291e+09,7346,-0.131095,0,0.131095,1.01613,0,-1.01613
1.76291e+09,7347,-0.131187,0,0.131187,1.01602,0,-1.01602
1.76291e+09,7348,-0.131278,0,0.131278,1.01592,0,-1.01592
1.76291e+09,7349,-0.131367,0,0.131367,1.01583,0,-1.01583
1.76291e+09,7350,-0.131456,0,0.131456,1.01573,0,-1.01573
1.76291e+09,7351,-0.131543,0,0.131543,1.01563,0,-1.01563
1.76291e+09,7352,-0.131629,0,0.131629,1.01553,0,-1.01553
1.76291e+09,7353,-0.131715,0,0.131715,1.01543,0,-1.01543
1.76291e+09,7354,-0.131799,0,0.131799,1.01534,0,-1.01534
1.76291e+09,7355,-0.131882,0,0.131882,1.01524,0,-1.01524
1.76291e+09,7356,-0.131964,0,0.131964,1.01515,0,-1.01515
1.76291e+09,7357,-0.132045,0,0.132045,1.01505,0,-1.01505
1.76291e+09,7358,-0.132124,0,0.132124,1.01496,0,-1.01496
1.76291e+09,7359,-0.132203,0,0.132203,1.01487,0,-1.01487
1.76291e+09,7360,-0.132281,0,0.132281,1.01477,0,-1.01477
1.76291e+09,7361,-0.132357,0,0.132357,1.01468,0,-1.01468
1.76291e+09,7362,-0.132433,0,0.132433,1.01459,0,-1.01459
1.76291e+09,7363,-0.132507,0,0.132507,1.0145,0,-1.0145
1.76291e+09,7364,-0.13258,0,0.13258,1.01441,0,-1.01441
1.76291e+09,7365,-0.132653,0,0.132653,1.01432,0,-1.01432
1.76291e+09,7366,-0.132724,0,0.132724,1.01423,0,-1.01423
1.76291e+09,7367,-0.132794,0,0.132794,1.01414,0,-1.01414
1.76291e+09,7368,-0.132863,0,0.132863,1.01406,0,-1.01406
1.76291e+09,7369,-0.132931,0,0.132931,1.01397,0,-1.01397
1.76291e+09,7370,-0.132998,0,0.132998,1.01388,0,-1.01388
1.76291e+09,7371,-0.133064,0,0.133064,1.0138,0,-1.0138
1.76291e+09,7372,-0.133129,0,0.133129,1.01371,0,-1.01371
1.76291e+09,7373,-0.133193,0,0.133193,1.01363,0,-1.01363
1.76291e+09,7374,-0.133256,0,0.133256,1.01354,0,-1.01354
1.76291e+09,7375,-0.133318,0,0.133318,1.01346,0,-1.01346
1.76291e+09,7376,-0.133379,0,0.133379,1.01337,0,-1.01337
1.76291e+09,7377,-0.133439,0,0.133439,1.01329,0,-1.01329
1.76291e+09,7378,-0.133498,0,0.133498,1.01321,0,-1.01321
1.76291e+09,7379,-0.133556,0,0.133556,1.01313,0,-1.01313
1.76291e+09,7380,-0.133613,0,0.133613,1.01305,0,-1.01305
1.76291e+09,7381,-0.133668,0,0.133668,1.01297,0,-1.01297
1.76291e+09,7382,-0.133723,0,0.133723,1.01289,0,-1.01289
1.76291e+09,7383,-0.133777,0,0.133777,1.01281,0,-1.01281
1.76291e+09,7384,-0.13383,0,0.13383,1.01273,0,-1.01273
1.76291e+09,7385,-0.133882,0,0.133882,1.01265,0,-1.01265
1.76291e+09,7386,-0.133933,0,0.133933,1.01257,0,-1.01257
1.76291e+09,7387,-0.133982,0,0.133982,1.0125,0,-1.0125
1.76291e+09,7388,-0.134031,0,0.134031,1.01242,0,-1.01242
1.76291e+09,7389,-0.134079,0,0.134079,1.01234,0,-1.01234
1.76291e+09,7390,-0.134126,0,0.134126,1.01227,0,-1.01227
1.76291e+09,7391,-0.134172,0,0.134172,1.01219,0,-1.01219
1.76291e+09,7392,-0.134217,0,0.134217,1.01212,0,-1.01212
1.76291e+09,7393,-0.134261,0,0.134261,1.01205,0,-1.01205
1.76291e+09,7394,-0.134304,0,0.134304,1.01197,0,-1.01197
1.76291e+09,7395,-0.134346,0,0.134346,1.0119,0,-1.0119
1.76291e+09,7396,-0.134387,0,0.134387,1.01183,0,-1.01183
1.76291e+09,7397,-0.134427,0,0.134427,1.01176,0,-1.01176
1.76291e+09,7398,-0.134466,0,0.134466,1.01169,0,-1.01169
1.76291e+09,7399,-0.134504,0,0.134504,1.01161,0,-1.01161
1.76291e+09,7400,-0.134541,0,0.134541,1.01154,0,-1.01154
1.76291e+09,7401,-0.134578,0,0.134578,1.01147,0,-1.01147
1.76291e+09,7402,-0.134613,0,0.134613,1.01141,0,-1.01141
1.76291e+09,7403,-0.134647,0,0.134647,1.01134,0,-1.01134
1.76291e+09,7404,-0.13468,0,0.13468,1.01127,0,-1.01127
1.76291e+09,7405,-0.134713,0,0.134713,1.0112,0,-1.0112
1.76291e+09,7406,-0.134744,0,0.134744,1.01113,0,-1.01113
1.76291e+09,7407,-0.134775,0,0.134775,1.01107,0,-1.01107
1.76291e+09,7408,-0.134804,0,0.134804,1.011,0,-1.011
1.76291e+09,7409,-0.134833,0,0.134833,1.01093,0,-1.01093
1.76291e+09,7410,-0.13486,0,0.13486,1.01087,0,-1.01087
1.76291e+09,7411,-0.134887,0,0.134887,1.0108,0,-1.0108
1.76291e+09,7412,-0.134913,0,0.134913,1.01074,0,-1.01074
1.76291e+09,7413,-0.134938,0,0.134938,1.01068,0,-1.01068
1.76291e+09,7414,-0.134962,0,0.134962,1.01061,0,-1.01061
1.76291e+09,7415,-0.134984,0,0.134984,1.01055,0,-1.01055
1.76291e+09,7416,-0.135006,0,0.135006,1.01049,0,-1.01049
1.76291e+09,7417,-0.135027,0,0.135027,1.01043,0,-1.01043
1.76291e+09,7418,-0.135048,0,0.135048,1.01036,0,-1.01036
1.76291e+09,7419,-0.135067,0,0.135067,1.0103,0,-1.0103
1.76291e+09,7420,-0.135085,0,0.135085,1.01024,0,-1.01024
1.76291e+09,7421,-0.135102,0,0.135102,1.01018,0,-1.01018
1.76291e+09,7422,-0.135119,0,0.135119,1.01012,0,-1.01012
1.76291e+09,7423,-0.135134,0,0.135134,1.01006,0,-1.01006
1.76291e+09,7424,-0.135148,0,0.135148,1.01,0,-1.01
1.76291e+09,7425,-0.135162,0,0.135162,1.00995,0,-1.00995
1.76291e+09,7426,-0.135175,0,0.135175,1.00989,0,-1.00989
1.76291e+09,7427,-0.135186,0,0.135186,1.00983,0,-1.00983
1.76291e+09,7428,-0.135197,0,0.135197,1.00977,0,-1.00977
1.76291e+09,7429,-0.135207,0,0.135207,1.00972,0,-1.00972
1.76291e+09,7430,-0.135216,0,0.135216,1.00966,0,-1.00966
1.76291e+09,7431,-0.135224,0,0.135224,1.00961,0,-1.00961
1.76291e+09,7432,-0.135231,0,0.135231,1.00955,0,-1.00955
1.76291e+09,7433,-0.135237,0,0.135237,1.00949,0,-1.00949
1.76291e+09,7434,-0.135242,0,0.135242,1.00944,0,-1.00944
1.76291e+09,7435,-0.135247,0,0.135247,1.00939,0,-1.00939
1.76291e+09,7436,-0.13525,0,0.13525,1.00933,0,-1.00933
1.76291e+09,7437,-0.135252,0,0.135252,1.00928,0,-1.00928
1.76291e+09,7438,-0.135254,0,0.135254,1.00923,0,-1.00923
1.76291e+09,7439,-0.135254,0,0.135254,1.00917,0,-1.00917
1.76291e+09,7440,-0.135254,0,0.135254,1.00912,0,-1.00912
1.76291e+09,7441,-0.135253,0,0.135253,1.00907,0,-1.00907
1.76291e+09,7442,-0.135251,0,0.135251,1.00902,0,-1.00902
1.76291e+09,7443,-0.135247,0,0.135247,1.00897,0,-1.00897
1.76291e+09,7444,-0.135243,0,0.135243,1.00892,0,-1.00892
1.76291e+09,7445,-0.135238,0,0.135238,1.00887,0,-1.00887
1.76291e+09,7446,-0.135232,0,0.135232,1.00882,0,-1.00882
1.76291e+09,7447,-0.135226,0,0.135226,1.00877,0,-1.00877
1.76291e+09,7448,-0.135218,0,0.135218,1.00872,0,-1.00872
1.76291e+09,7449,-0.135209,0,0.135209,1.00867,0,-1.00867
1.76291e+09,7450,-0.1352,0,0.1352,1.00863,0,-1.00863
1.76291e+09,7451,-0.135189,0,0.135189,1.00858,0,-1.00858
1.76291e+09,7452,-0.135178,0,0.135178,1.00853,0,-1.00853
1.76291e+09,7453,-0.135165,0,0.135165,1.00848,0,-1.00848
1.76291e+09,7454,-0.135152,0,0.135152,1.00844,0,-1.00844
1.76291e+09,7455,-0.135138,0,0.135138,1.00839,0,-1.00839
1.76291e+09,7456,-0.135122,0,0.135122,1.00835,0,-1.00835
1.76291e+09,7457,-0.135106,0,0.135106,1.0083,0,-1.0083
1.76291e+09,7458,-0.135089,0,0.135089,1.00826,0,-1.00826
1.76291e+09,7459,-0.135071,0,0.135071,1.00821,0,-1.00821
1.76291e+09,7460,-0.135052,0,0.135052,1.00817,0,-1.00817
1.76291e+09,7461,-0.135033,0,0.135033,1.00812,0,-1.00812
1.76291e+09,7462,-0.135012,0,0.135012,1.00808,0,-1.00808
1.76291e+09,7463,-0.13499,0,0.13499,1.00804,0,-1.00804
1.76291e+09,7464,-0.134967,0,0.134967,1.00799,0,-1.00799
1.76291e+09,7465,-0.134944,0,0.134944,1.00795,0,-1.00795
1.76291e+09,7466,-0.134919,0,0.134919,1.00791,0,-1.00791
1.76291e+09,7467,-0.134894,0,0.134894,1.00787,0,-1.00787
1.76291e+09,7468,-0.134868,0,0.134868,1.00783,0,-1.00783
1.76291e+09,7469,-0.13484,0,0.13484,1.00778,0,-1.00778
1.76291e+09,7470,-0.134812,0,0.134812,1.00774,0,-1.00774
1.76291e+09,7471,-0.134783,0,0.134783,1.0077,0,-1.0077
1.76291e+09,7472,-0.134753,0,0.134753,1.00766,0,-1.00766
1.76291e+09,7473,-0.134721,0,0.134721,1.00762,0,-1.00762
1.76291e+09,7474,-0.134689,0,0.134689,1.00758,0,-1.00758
1.76291e+09,7475,-0.134656,0,0.134656,1.00755,0,-1.00755
1.76291e+09,7476,-0.134622,0,0.134622,1.00751,0,-1.00751
1.76291e+09,7477,-0.134588,0,0.134588,1.00747,0,-1.00747
1.76291e+09,7478,-0.134552,0,0.134552,1.00743,0,-1.00743
1.76291e+09,7479,-0.134515,0,0.134515,1.00739,0,-1.00739
1.76291e+09,7480,-0.134477,0,0.134477,1.00735,0,-1.00735
1.76291e+09,7481,-0.134438,0,0.134438,1.00732,0,-1.00732
1.76291e+09,7482,-0.134399,0,0.134399,1.00728,0,-1.00728
1.76291e+09,7483,-0.134358,0,0.134358,1.00724,0,-1.00724
1.76291e+09,7484,-0.134317,0,0.134317,1.00721,0,-1.00721
1.76291e+09,7485,-0.134274,0,0.134274,1.00717,0,-1.00717
1.76291e+09,7486,-0.13423,0,0.13423,1.00714,0,-1.00714
1.76291e+09,7487,-0.134186,0,0.134186,1.0071,0,-1.0071
1.76291e+09,7488,-0.13414,0,0.13414,1.00707,0,-1.00707
1.76291e+09,7489,-0.134094,0,0.134094,1.00703,0,-1.00703
1.76291e+09,7490,-0.134047,0,0.134047,1.007,0,-1.007
1.76291e+09,7491,-0.133998,0,0.133998,1.00696,0,-1.00696
1.76291e+09,7492,-0.133949,0,0.133949,1.00693,0,-1.00693
1.76291e+09,7493,-0.133898,0,0.133898,1.0069,0,-1.0069
1.76291e+09,7494,-0.133847,0,0.133847,1.00686,0,-1.00686
1.76291e+09,7495,-0.133795,0,0.133795,1.00683,0,-1.00683
1.76291e+09,7496,-0.133741,0,0.133741,1.0068,0,-1.0068
1.76291e+09,7497,-0.133687,0,0.133687,1.00676,0,-1.00676
1.76291e+09,7498,-0.133632,0,0.133632,1.00673,0,-1.00673
1.76291e+09,7499,-0.133576,0,0.133576,1.0067,0,-1.0067
1.76291e+09,7500,-0.133518,0,0.133518,1.00667,0,-1.00667
1.76291e+09,7501,-0.13346,0,0.13346,1.00664,0,-1.00664
1.76291e+09,7502,-0.133401,0,0.133401,1.00661,0,-1.00661
1.76291e+09,7503,-0.13334,0,0.13334,1.00658,0,-1.00658
1.76291e+09,7504,-0.133279,0,0.133279,1.00655,0,-1.00655
1.76291e+09,7505,-0.133217,0,0.133217,1.00651,0,-1.00651
1.76291e+09,7506,-0.133154,0,0.133154,1.00648,0,-1.00648
1.76291e+09,7507,-0.133089,0,0.133089,1.00646,0,-1.00646
1.76291e+09,7508,-0.133024,0,0.133024,1.00643,0,-1.00643
1.76291e+09,7509,-0.132957,0,0.132957,1.0064,0,-1.0064
1.76291e+09,7510,-0.13289,0,0.13289,1.00637,0,-1.00637
1.76291e+09,7511,-0.132822,0,0.132822,1.00634,0,-1.00634
1.76291e+09,7512,-0.132752,0,0.132752,1.00631,0,-1.00631
1.76291e+09,7513,-0.132682,0,0.132682,1.00628,0,-1.00628
1.76291e+09,7514,-0.13261,0,0.13261,1.00625,0,-1.00625
1.76291e+09,7515,-0.132538,0,0.132538,1.00623,0,-1.00623
1.76291e+09,7516,-0.132464,0,0.132464,1.0062,0,-1.0062
1.76291e+09,7517,-0.132389,0,0.132389,1.00617,0,-1.00617
1.76291e+09,7518,-0.132314,0,0.132314,1.00614,0,-1.00614
1.76291e+09,7519,-0.132237,0,0.132237,1.00612,0,-1.00612
1.76291e+09,7520,-0.132159,0,0.132159,1.00609,0,-1.00609
1.76291e+09,7521,-0.13208,0,0.13208,1.00606,0,-1.00606
1.76291e+09,7522,-0.132,0,0.132,1.00604,0,-1.00604
1.76291e+09,7523,-0.131919,0,0.131919,1.00601,0,-1.00601
1.76291e+09,7524,-0.131837,0,0.131837,1.00598,0,-1.00598
1.76291e+09,7525,-0.131754,0,0.131754,1.00596,0,-1.00596
1.76291e+09,7526,-0.13167,0,0.13167,1.00593,0,-1.00593
1.76291e+09,7527,-0.131584,0,0.131584,1.00591,0,-1.00591
1.76291e+09,7528,-0.131498,0,0.131498,1.00588,0,-1.00588
1.76291e+09,7529,-0.131411,0,0.131411,1.00586,0,-1.00586
1.76291e+09,7530,-0.131322,0,0.131322,1.00583,0,-1.00583
1.76291e+09,7531,-0.131232,0,0.131232,1.00581,0,-1.00581
1.76291e+09,7532,-0.131141,0,0.131141,1.00578,0,-1.00578
1.76291e+09,7533,-0.13105,0,0.13105,1.00576,0,-1.00576
1.76291e+09,7534,-0.130957,0,0.130957,1.00574,0,-1.00574
1.76291e+09,7535,-0.130862,0,0.130862,1.00571,0,-1.00571
1.76291e+09,7536,-0.130767,0,0.130767,1.00569,0,-1.00569
1.76291e+09,7537,-0.130671,0,0.130671,1.00566,0,-1.00566
1.76291e+09,7538,-0.130573,0,0.130573,1.00564,0,-1.00564
1.76291e+09,7539,-0.130475,0,0.130475,1.00562,0,-1.00562
1.76291e+09,7540,-0.130375,0,0.130375,1.00559,0,-1.00559
1.76291e+09,7541,-0.130274,0,0.130274,1.00557,0,-1.00557
1.76291e+09,7542,-0.130172,0,0.130172,1.00555,0,-1.00555
1.76291e+09,7543,-0.130069,0,0.130069,1.00553,0,-1.00553
1.76291e+09,7544,-0.129964,0,0.129964,1.0055,0,-1.0055
1.76291e+09,7545,-0.129859,0,0.129859,1.00548,0,-1.00548
1.76291e+09,7546,-0.129752,0,0.129752,1.00546,0,-1.00546
1.76291e+09,7547,-0.129644,0,0.129644,1.00544,0,-1.00544
1.76291e+09,7548,-0.129535,0,0.129535,1.00542,0,-1.00542
1.76291e+09,7549,-0.129425,0,0.129425,1.00539,0,-1.00539
1.76291e+09,7550,-0.129314,0,0.129314,1.00537,0,-1.00537
1.76291e+09,7551,-0.129201,0,0.129201,1.00535,0,-1.00535
1.76291e+09,7552,-0.129088,0,0.129088,1.00533,0,-1.00533
1.76291e+09,7553,-0.128973,0,0.128973,1.00531,0,-1.00531
1.76291e+09,7554,-0.128857,0,0.128857,1.00529,0,-1.00529
1.76291e+09,7555,-0.128739,0,0.128739,1.00526,0,-1.00526
1.76291e+09,7556,-0.128621,0,0.128621,1.00524,0,-1.00524
1.76291e+09,7557,-0.128501,0,0.128501,1.00522,0,-1.00522
1.76291e+09,7558,-0.12838,0,0.12838,1.0052,0,-1.0052
1.76291e+09,7559,-0.128257,0,0.128257,1.00518,0,-1.00518
1.76291e+09,7560,-0.128134,0,0.128134,1.00516,0,-1.00516
1.76291e+09,7561,-0.128009,0,0.128009,1.00514,0,-1.00514
1.76291e+09,7562,-0.127883,0,0.127883,1.00512,0,-1.00512
1.76291e+09,7563,-0.127756,0,0.127756,1.0051,0,-1.0051
1.76291e+09,7564,-0.127628,0,0.127628,1.00508,0,-1.00508
1.76291e+09,7565,-0.127498,0,0.127498,1.00506,0,-1.00506
1.76291e+09,7566,-0.127367,0,0.127367,1.00504,0,-1.00504
1.76291e+09,7567,-0.127235,0,0.127235,1.00502,0,-1.00502
1.76291e+09,7568,-0.127101,0,0.127101,1.005,0,-1.005
1.76291e+09,7569,-0.126966,0,0.126966,1.00498,0,-1.00498
1.76291e+09,7570,-0.12683,0,0.12683,1.00496,0,-1.00496
1.76291e+09,7571,-0.126692,0,0.126692,1.00494,0,-1.00494
1.76291e+09,7572,-0.126554,0,0.126554,1.00492,0,-1.00492
1.76291e+09,7573,-0.126414,0,0.126414,1.0049,0,-1.0049
1.76291e+09,7574,-0.126272,0,0.126272,1.00488,0,-1.00488
1.76291e+09,7575,-0.126129,0,0.126129,1.00486,0,-1.00486
1.76291e+09,7576,-0.125985,0,0.125985,1.00484,0,-1.00484
1.76291e+09,7577,-0.12584,0,0.12584,1.00482,0,-1.00482
1.76291e+09,7578,-0.125693,0,0.125693,1.0048,0,-1.0048
1.76291e+09,7579,-0.125545,0,0.125545,1.00478,0,-1.00478
1.76291e+09,7580,-0.125396,0,0.125396,1.00476,0,-1.00476
1.76291e+09,7581,-0.125245,0,0.125245,1.00474,0,-1.00474
1.76291e+09,7582,-0.125093,0,0.125093,1.00472,0,-1.00472
1.76291e+09,7583,-0.124939,0,0.124939,1.0047,0,-1.0047
1.76291e+09,7584,-0.124784,0,0.124784,1.00468,0,-1.00468
1.76291e+09,7585,-0.124628,0,0.124628,1.00466,0,-1.00466
1.76291e+09,7586,-0.12447,0,0.12447,1.00464,0,-1.00464
1.76291e+09,7587,-0.124311,0,0.124311,1.00462,0,-1.00462
1.76291e+09,7588,-0.12415,0,0.12415,1.0046,0,-1.0046
1.76291e+09,7589,-0.123988,0,0.123988,1.00458,0,-1.00458
1.76291e+09,7590,-0.123825,0,0.123825,1.00456,0,-1.00456
1.76291e+09,7591,-0.12366,0,0.12366,1.00454,0,-1.00454
1.76291e+09,7592,-0.123494,0,0.123494,1.00452,0,-1.00452
1.76291e+09,7593,-0.123326,0,0.123326,1.0045,0,-1.0045
1.76291e+09,7594,-0.123157,0,0.123157,1.00448,0,-1.00448
1.76291e+09,7595,-0.122986,0,0.122986,1.00446,0,-1.00446
1.76291e+09,7596,-0.122814,0,0.122814,1.00444,0,-1.00444
1.76291e+09,7597,-0.12264,0,0.12264,1.00442,0,-1.00442
1.76291e+09,7598,-0.122465,0,0.122465,1.0044,0,-1.0044
1.76291e+09,7599,-0.122288,0,0.122288,1.00438,0,-1.00438
1.76291e+09,7600,-0.12211,0,0.12211,1.00436,0,-1.00436
1.76291e+09,7601,-0.12193,0,0.12193,1.00434,0,-1.00434
1.76291e+09,7602,-0.121749,0,0.121749,1.00432,0,-1.00432
1.76291e+09,7603,-0.121567,0,0.121567,1.00429,0,-1.00429
1.76291e+09,7604,-0.121382,0,0.121382,1.00427,0,-1.00427
1.76291e+09,7605,-0.121197,0,0.121197,1.00425,0,-1.00425
1.76291e+09,7606,-0.121009,0,0.121009,1.00423,0,-1.00423
1.76291e+09,7607,-0.12082,0,0.12082,1.00421,0,-1.00421
1.76291e+09,7608,-0.12063,0,0.12063,1.00419,0,-1.00419
1.76291e+09,7609,-0.120438,0,0.120438,1.00417,0,-1.00417
1.76291e+09,7610,-0.120244,0,0.120244,1.00414,0,-1.00414
1.76291e+09,7611,-0.120049,0,0.120049,1.00412,0,-1.00412
1.76291e+09,7612,-0.119852,0,0.119852,1.0041,0,-1.0041
1.76291e+09,7613,-0.119653,0,0.119653,1.00408,0,-1.00408
1.76291e+09,7614,-0.119453,0,0.119453,1.00405,0,-1.00405
1.76291e+09,7615,-0.119251,0,0.119251,1.00403,0,-1.00403
1.76291e+09,7616,-0.119048,0,0.119048,1.00401,0,-1.00401
1.76291e+09,7617,-0.118843,0,0.118843,1.00398,0,-1.00398
1.76291e+09,7618,-0.118636,0,0.118636,1.00396,0,-1.00396
1.76291e+09,7619,-0.118428,0,0.118428,1.00394,0,-1.00394
1.76291e+09,7620,-0.118218,0,0.118218,1.00391,0,-1.00391
1.76291e+09,7621,-0.118006,0,0.118006,1.00389,0,-1.00389
1.76291e+09,7622,-0.117792,0,0.117792,1.00386,0,-1.00386
1.76291e+09,7623,-0.117577,0,0.117577,1.00384,0,-1.00384
1.76291e+09,7624,-0.11736,0,0.11736,1.00381,0,-1.00381
1.76291e+09,7625,-0.117142,0,0.117142,1.00379,0,-1.00379
1.76291e+09,7626,-0.116921,0,0.116921,1.00376,0,-1.00376
1.76291e+09,7627,-0.116699,0,0.116699,1.00373,0,-1.00373
1.76291e+09,7628,-0.116475,0,0.116475,1.00371,0,-1.00371
1.76291e+09,7629,-0.11625,0,0.11625,1.00368,0,-1.00368
1.76291e+09,7630,-0.116022,0,0.116022,1.00366,0,-1.00366
1.76291e+09,7631,-0.115793,0,0.115793,1.00363,0,-1.00363
1.76291e+09,7632,-0.115562,0,0.115562,1.0036,0,-1.0036
1.76291e+09,7633,-0.115329,0,0.115329,1.00357,0,-1.00357
1.76291e+09,7634,-0.115094,0,0.115094,1.00354,0,-1.00354
1.76291e+09,7635,-0.114858,0,0.114858,1.00352,0,-1.00352
1.76291e+09,7636,-0.11462,0,0.11462,1.00349,0,-1.00349
1.76291e+09,7637,-0.114379,0,0.114379,1.00346,0,-1.00346
1.76291e+09,7638,-0.114137,0,0.114137,1.00343,0,-1.00343
1.76291e+09,7639,-0.113893,0,0.113893,1.0034,0,-1.0034
1.76291e+09,7640,-0.113647,0,0.113647,1.00337,0,-1.00337
1.76291e+09,7641,-0.1134,0,0.1134,1.00333,0,-1.00333
1.76291e+09,7642,-0.11315,0,0.11315,1.0033,0,-1.0033
1.76291e+09,7643,-0.112898,0,0.112898,1.00327,0,-1.00327
1.76291e+09,7644,-0.112645,0,0.112645,1.00324,0,-1.00324
1.76291e+09,7645,-0.112389,0,0.112389,1.00321,0,-1.00321
1.76291e+09,7646,-0.112132,0,0.112132,1.00317,0,-1.00317
1.76291e+09,7647,-0.111873,0,0.111873,1.00314,0,-1.00314
1.76291e+09,7648,-0.111611,0,0.111611,1.0031,0,-1.0031
1.76291e+09,7649,-0.111348,0,0.111348,1.00307,0,-1.00307
1.76291e+09,7650,-0.111082,0,0.111082,1.00303,0,-1.00303
1.76291e+09,7651,-0.110815,0,0.110815,1.003,0,-1.003
1.76291e+09,7652,-0.110546,0,0.110546,1.00296,0,-1.00296
1.76291e+09,7653,-0.110274,0,0.110274,1.00293,0,-1.00293
1.76291e+09,7654,-0.110001,0,0.110001,1.00289,0,-1.00289
1.76291e+09,7655,-0.109725,0,0.109725,1.00285,0,-1.00285
1.76291e+09,7656,-0.109447,0,0.109447,1.00281,0,-1.00281
1.76291e+09,7657,-0.109168,0,0.109168,1.00277,0,-1.00277
1.76291e+09,7658,-0.108886,0,0.108886,1.00273,0,-1.00273
1.76291e+09,7659,-0.108602,0,0.108602,1.00269,0,-1.00269
1.76291e+09,7660,-0.108316,0,0.108316,1.00265,0,-1.00265
1.76291e+09,7661,-0.108027,0,0.108027,1.00261,0,-1.00261
1.76291e+09,7662,-0.107737,0,0.107737,1.00257,0,-1.00257
1.76291e+09,7663,-0.107444,0,0.107444,1.00252,0,-1.00252
1.76291e+09,7664,-0.107149,0,0.107149,1.00248,0,-1.00248
1.76291e+09,7665,-0.106852,0,0.106852,1.00243,0,-1.00243
1.76291e+09,7666,-0.106553,0,0.106553,1.00239,0,-1.00239
1.76291e+09,7667,-0.106252,0,0.106252,1.00234,0,-1.00234
1.76291e+09,7668,-0.105948,0,0.105948,1.0023,0,-1.0023
1.76291e+09,7669,-0.105642,0,0.105642,1.00225,0,-1.00225
1.76291e+09,7670,-0.105333,0,0.105333,1.0022,0,-1.0022
1.76291e+09,7671,-0.105023,0,0.105023,1.00215,0,-1.00215
1.76291e+09,7672,-0.10471,0,0.10471,1.0021,0,-1.0021
1.76291e+09,7673,-0.104395,0,0.104395,1.00205,0,-1.00205
1.76291e+09,7674,-0.104077,0,0.104077,1.002,0,-1.002
1.76291e+09,7675,-0.103757,0,0.103757,1.00195,0,-1.00195
1.76291e+09,7676,-0.103435,0,0.103435,1.00189,0,-1.00189
1.76291e+09,7677,-0.10311,0,0.10311,1.00184,0,-1.00184
1.76291e+09,7678,-0.102783,0,0.102783,1.00178,0,-1.00178
1.76291e+09,7679,-0.102453,0,0.102453,1.00173,0,-1.00173
1.76291e+09,7680,-0.102116,0,0.102116,1.00165,0,-1.00165
1.76291e+09,7681,-0.101775,0,0.101775,1.00158,0,-1.00158
1.76291e+09,7682,-0.101433,0,0.101433,1.0015,0,-1.0015
1.76291e+09,7683,-0.101088,0,0.101088,1.00142,0,-1.00142
1.76291e+09,7684,-0.10074,0,0.10074,1.00134,0,-1.00134
1.76291e+09,7685,-0.100391,0,0.100391,1.00126,0,-1.00126
1.76291e+09,7686,-0.100038,0,0.100038,1.00118,0,-1.00118
1.76291e+09,7687,-0.0996838,0,0.0996838,1.0011,0,-1.0011
1.76291e+09,7688,-0.0993268,0,0.0993268,1.00102,0,-1.00102
1.76291e+09,7689,-0.0989673,0,0.0989673,1.00093,0,-1.00093
1.76291e+09,7690,-0.0986055,0,0.0986055,1.00085,0,-1.00085
1.76291e+09,7691,-0.0982412,0,0.0982412,1.00076,0,-1.00076
1.76291e+09,7692,-0.0978746,0,0.0978746,1.00067,0,-1.00067
1.76291e+09,7693,-0.0975056,0,0.0975056,1.00058,0,-1.00058
1.76291e+09,7694,-0.0971342,0,0.0971342,1.00049,0,-1.00049
1.76291e+09,7695,-0.0967604,0,0.0967604,1.0004,0,-1.0004
1.76291e+09,7696,-0.0963844,0,0.0963844,1.00031,0,-1.00031
1.76291e+09,7697,-0.096006,0,0.096006,1.00021,0,-1.00021
1.76291e+09,7698,-0.0956253,0,0.0956253,1.00012,0,-1.00012
1.76291e+09,7699,-0.0952424,0,0.0952424,1.00002,0,-1.00002
1.76291e+09,7700,-0.0948572,0,0.0948572,0.999926,0,-0.999926
1.76291e+09,7701,-0.0944698,0,0.0944698,0.999827,0,-0.999827
1.76291e+09,7702,-0.0940802,0,0.0940802,0.999727,0,-0.999727
1.76291e+09,7703,-0.0936884,0,0.0936884,0.999625,0,-0.999625
1.76291e+09,7704,-0.0932945,0,0.0932945,0.999523,0,-0.999523
1.76291e+09,7705,-0.0928986,0,0.0928986,0.999418,0,-0.999418
1.76291e+09,7706,-0.0925005,0,0.0925005,0.999313,0,-0.999313
1.76291e+09,7707,-0.0921005,0,0.0921005,0.999206,0,-0.999206
1.76291e+09,7708,-0.0916985,0,0.0916985,0.999098,0,-0.999098
1.76291e+09,7709,-0.0912945,0,0.0912945,0.998989,0,-0.998989
1.76291e+09,7710,-0.0908887,0,0.0908887,0.998878,0,-0.998878
1.76291e+09,7711,-0.090481,0,0.090481,0.998766,0,-0.998766
1.76291e+09,7712,-0.0900715,0,0.0900715,0.998652,0,-0.998652
1.76291e+09,7713,-0.0896602,0,0.0896602,0.998537,0,-0.998537
1.76291e+09,7714,-0.0892473,0,0.0892473,0.998421,0,-0.998421
1.76291e+09,7715,-0.0888326,0,0.0888326,0.998303,0,-0.998303
1.76291e+09,7716,-0.0884164,0,0.0884164,0.998184,0,-0.998184
1.76291e+09,7717,-0.0879986,0,0.0879986,0.998063,0,-0.998063
1.76291e+09,7718,-0.0875794,0,0.0875794,0.997941,0,-0.997941
1.76291e+09,7719,-0.0871587,0,0.0871587,0.997818,0,-0.997818
1.76291e+09,7720,-0.0867366,0,0.0867366,0.997693,0,-0.997693
1.76291e+09,7721,-0.0863131,0,0.0863131,0.997567,0,-0.997567
1.76291e+09,7722,-0.0858885,0,0.0858885,0.997439,0,-0.997439
1.76291e+09,7723,-0.0854625,0,0.0854625,0.99731,0,-0.99731
1.76291e+09,7724,-0.0850355,0,0.0850355,0.99718,0,-0.99718
1.76291e+09,7725,-0.0846073,0,0.0846073,0.997048,0,-0.997048
1.76291e+09,7726,-0.0841782,0,0.0841782,0.996915,0,-0.996915
1.76291e+09,7727,-0.083748,0,0.083748,0.99678,0,-0.99678
1.76291e+09,7728,-0.083317,0,0.083317,0.996644,0,-0.996644
1.76291e+09,7729,-0.0828851,0,0.0828851,0.996507,0,-0.996507
1.76291e+09,7730,-0.0824525,0,0.0824525,0.996368,0,-0.996368
1.76291e+09,7731,-0.0820191,0,0.0820191,0.996228,0,-0.996228
1.76291e+09,7732,-0.0815851,0,0.0815851,0.996086,0,-0.996086
1.76291e+09,7733,-0.0811505,0,0.0811505,0.995943,0,-0.995943
1.76291e+09,7734,-0.0807154,0,0.0807154,0.995799,0,-0.995799
1.76291e+09,7735,-0.0802799,0,0.0802799,0.995654,0,-0.995654
1.76291e+09,7736,-0.079844,0,0.079844,0.995507,0,-0.995507
1.76291e+09,7737,-0.0794077,0,0.0794077,0.995359,0,-0.995359
1.76291e+09,7738,-0.0789713,0,0.0789713,0.995209,0,-0.995209
1.76291e+09,7739,-0.0785346,0,0.0785346,0.995058,0,-0.995058
1.76291e+09,7740,-0.0780979,0,0.0780979,0.994907,0,-0.994907
1.76291e+09,7741,-0.0776611,0,0.0776611,0.994753,0,-0.994753
1.76291e+09,7742,-0.0772243,0,0.0772243,0.994599,0,-0.994599
1.76291e+09,7743,-0.0767877,0,0.0767877,0.994443,0,-0.994443
1.76291e+09,7744,-0.0763512,0,0.0763512,0.994286,0,-0.994286
1.76291e+09,7745,-0.0759149,0,0.0759149,0.994128,0,-0.994128
1.76291e+09,7746,-0.075479,0,0.075479,0.993969,0,-0.993969
1.76291e+09,7747,-0.0750434,0,0.0750434,0.993809,0,-0.993809
1.76291e+09,7748,-0.0746082,0,0.0746082,0.993648,0,-0.993648
1.76291e+09,7749,-0.0741736,0,0.0741736,0.993485,0,-0.993485
1.76291e+09,7750,-0.0737395,0,0.0737395,0.993322,0,-0.993322
1.76291e+09,7751,-0.0733061,0,0.0733061,0.993157,0,-0.993157
1.76291e+09,7752,-0.0728733,0,0.0728733,0.992991,0,-0.992991
1.76291e+09,7753,-0.0724414,0,0.0724414,0.992825,0,-0.992825
1.76291e+09,7754,-0.0720102,0,0.0720102,0.992657,0,-0.992657
1.76291e+09,7755,-0.07158,0,0.07158,0.992489,0,-0.992489
1.76291e+09,7756,-0.0711507,0,0.0711507,0.992319,0,-0.992319
1.76291e+09,7757,-0.0707224,0,0.0707224,0.992149,0,-0.992149
1.76291e+09,7758,-0.0702953,0,0.0702953,0.991977,0,-0.991977
1.76291e+09,7759,-0.0698693,0,0.0698693,0.991805,0,-0.991805
1.76291e+09,7760,-0.0694445,0,0.0694445,0.991632,0,-0.991632
1.76291e+09,7761,-0.0690209,0,0.0690209,0.991459,0,-0.991459
1.76291e+09,7762,-0.0685987,0,0.0685987,0.991284,0,-0.991284
1.76291e+09,7763,-0.0681779,0,0.0681779,0.991109,0,-0.991109
1.76291e+09,7764,-0.0677586,0,0.0677586,0.990933,0,-0.990933
1.76291e+09,7765,-0.0673407,0,0.0673407,0.990757,0,-0.990757
1.76291e+09,7766,-0.0669244,0,0.0669244,0.990579,0,-0.990579
1.76291e+09,7767,-0.0665097,0,0.0665097,0.990402,0,-0.990402
1.76291e+09,7768,-0.0660967,0,0.0660967,0.990223,0,-0.990223
1.76291e+09,7769,-0.0656854,0,0.0656854,0.990044,0,-0.990044
1.76291e+09,7770,-0.0652758,0,0.0652758,0.989865,0,-0.989865
1.76291e+09,7771,-0.0648681,0,0.0648681,0.989685,0,-0.989685
1.76291e+09,7772,-0.0644623,0,0.0644623,0.989504,0,-0.989504
1.76291e+09,7773,-0.0640583,0,0.0640583,0.989323,0,-0.989323
1.76291e+09,7774,-0.0636563,0,0.0636563,0.989142,0,-0.989142
1.76291e+09,7775,-0.0632563,0,0.0632563,0.98896,0,-0.98896
1.76291e+09,7776,-0.0628584,0,0.0628584,0.988778,0,-0.988778
1.76291e+09,7777,-0.0624625,0,0.0624625,0.988595,0,-0.988595
1.76291e+09,7778,-0.0620688,0,0.0620688,0.988412,0,-0.988412
1.76291e+09,7779,-0.0616772,0,0.0616772,0.988229,0,-0.988229
1.76291e+09,7780,-0.0612878,0,0.0612878,0.988046,0,-0.988046
1.76291e+09,7781,-0.0609006,0,0.0609006,0.987862,0,-0.987862
1.76291e+09,7782,-0.0605157,0,0.0605157,0.987679,0,-0.987679
1.76291e+09,7783,-0.0601331,0,0.0601331,0.987495,0,-0.987495
1.76291e+09,7784,-0.0597527,0,0.0597527,0.987311,0,-0.987311
1.76291e+09,7785,-0.0593747,0,0.0593747,0.987127,0,-0.987127
1.76291e+09,7786,-0.0589991,0,0.0589991,0.986942,0,-0.986942
1.76291e+09,7787,-0.0586258,0,0.0586258,0.986758,0,-0.986758
1.76291e+09,7788,-0.058255,0,0.058255,0.986573,0,-0.986573
1.76291e+09,7789,-0.0578865,0,0.0578865,0.986389,0,-0.986389
1.76291e+09,7790,-0.0575205,0,0.0575205,0.986205,0,-0.986205
1.76291e+09,7791,-0.0571569,0,0.0571569,0.98602,0,-0.98602
1.76291e+09,7792,-0.0567958,0,0.0567958,0.985836,0,-0.985836
1.76291e+09,7793,-0.0564371,0,0.0564371,0.985651,0,-0.985651
1.76291e+09,7794,-0.0560809,0,0.0560809,0.985467,0,-0.985467
1.76291e+09,7795,-0.0557272,0,0.0557272,0.985283,0,-0.985283
1.76291e+09,7796,-0.0553759,0,0.0553759,0.985099,0,-0.985099
1.76291e+09,7797,-0.0550271,0,0.0550271,0.984915,0,-0.984915
1.76291e+09,7798,-0.0546808,0,0.0546808,0.984731,0,-0.984731
1.76291e+09,7799,-0.0543369,0,0.0543369,0.984547,0,-0.984547
1.76291e+09,7800,-0.0540735,0,0.0540735,0.989285,0,-0.989285
1.76291e+09,7801,-0.0538118,0,0.0538118,0.994007,0,-0.994007
1.76291e+09,7802,-0.0535518,0,0.0535518,0.998713,0,-0.998713
1.76291e+09,7803,-0.0532934,0,0.0532934,1.0034,0,-1.0034
1.76291e+09,7804,-0.0530368,0,0.0530368,1.00807,0,-1.00807
1.76291e+09,7805,-0.0527819,0,0.0527819,1.01273,0,-1.01273
1.76291e+09,7806,-0.0525286,0,0.0525286,1.01737,0,-1.01737
1.76291e+09,7807,-0.052277,0,0.052277,1.02199,0,-1.02199
1.76291e+09,7808,-0.0520271,0,0.0520271,1.0266,0,-1.0266
1.76291e+09,7809,-0.0517788,0,0.0517788,1.03119,0,-1.03119
1.76291e+09,7810,-0.0515322,0,0.0515322,1.03577,0,-1.03577
1.76291e+09,7811,-0.0512873,0,0.0512873,1.04033,0,-1.04033
1.76291e+09,7812,-0.0510439,0,0.0510439,1.04487,0,-1.04487
1.76291e+09,7813,-0.0508022,0,0.0508022,1.0494,0,-1.0494
1.76291e+09,7814,-0.0505621,0,0.0505621,1.05391,0,-1.05391
1.76291e+09,7815,-0.0503236,0,0.0503236,1.05841,0,-1.05841
1.76291e+09,7816,-0.0500867,0,0.0500867,1.06289,0,-1.06289
1.76291e+09,7817,-0.0498514,0,0.0498514,1.06735,0,-1.06735
1.76291e+09,7818,-0.0496176,0,0.0496176,1.0718,0,-1.0718
1.76291e+09,7819,-0.0493854,0,0.0493854,1.07623,0,-1.07623
1.76291e+09,7820,-0.0491547,0,0.0491547,1.08065,0,-1.08065
1.76291e+09,7821,-0.0489256,0,0.0489256,1.08505,0,-1.08505
1.76291e+09,7822,-0.0486981,0,0.0486981,1.08943,0,-1.08943
1.76291e+09,7823,-0.048472,0,0.048472,1.0938,0,-1.0938
1.76291e+09,7824,-0.0482474,0,0.0482474,1.09816,0,-1.09816
1.76291e+09,7825,-0.0480244,0,0.0480244,1.10249,0,-1.10249
1.76291e+09,7826,-0.0478028,0,0.0478028,1.10682,0,-1.10682
1.76291e+09,7827,-0.0475828,0,0.0475828,1.11112,0,-1.11112
1.76291e+09,7828,-0.0473641,0,0.0473641,1.11541,0,-1.11541
1.76291e+09,7829,-0.047147,0,0.047147,1.11969,0,-1.11969
1.76291e+09,7830,-0.0469313,0,0.0469313,1.12394,0,-1.12394
1.76291e+09,7831,-0.0467171,0,0.0467171,1.12819,0,-1.12819
1.76291e+09,7832,-0.0465043,0,0.0465043,1.13241,0,-1.13241
1.76291e+09,7833,-0.0462929,0,0.0462929,1.13663,0,-1.13663
1.76291e+09,7834,-0.0460829,0,0.0460829,1.14082,0,-1.14082
1.76291e+09,7835,-0.0458744,0,0.0458744,1.145,0,-1.145
1.76291e+09,7836,-0.0456672,0,0.0456672,1.14916,0,-1.14916
1.76291e+09,7837,-0.0454615,0,0.0454615,1.15331,0,-1.15331
1.76291e+09,7838,-0.0452571,0,0.0452571,1.15745,0,-1.15745
1.76291e+09,7839,-0.0450542,0,0.0450542,1.16156,0,-1.16156
1.76291e+09,7840,-0.0448525,0,0.0448525,1.16566,0,-1.16566
1.76291e+09,7841,-0.0446523,0,0.0446523,1.16975,0,-1.16975
1.76291e+09,7842,-0.0444534,0,0.0444534,1.17382,0,-1.17382
1.76291e+09,7843,-0.0442559,0,0.0442559,1.17787,0,-1.17787
1.76291e+09,7844,-0.0440597,0,0.0440597,1.18191,0,-1.18191
1.76291e+09,7845,-0.0438649,0,0.0438649,1.18593,0,-1.18593
1.76291e+09,7846,-0.0436713,0,0.0436713,1.18993,0,-1.18993
1.76291e+09,7847,-0.0434791,0,0.0434791,1.19392,0,-1.19392
1.76291e+09,7848,-0.0432883,0,0.0432883,1.1979,0,-1.1979
1.76291e+09,7849,-0.0430987,0,0.0430987,1.20186,0,-1.20186
1.76291e+09,7850,-0.0429104,0,0.0429104,1.2058,0,-1.2058
1.76291e+09,7851,-0.0427234,0,0.0427234,1.20972,0,-1.20972
1.76291e+09,7852,-0.0425377,0,0.0425377,1.21363,0,-1.21363
1.76291e+09,7853,-0.0423533,0,0.0423533,1.21753,0,-1.21753
1.76291e+09,7854,-0.0421702,0,0.0421702,1.22141,0,-1.22141
1.76291e+09,7855,-0.0419883,0,0.0419883,1.22527,0,-1.22527
1.76291e+09,7856,-0.0418077,0,0.0418077,1.22911,0,-1.22911
1.76291e+09,7857,-0.0416284,0,0.0416284,1.23294,0,-1.23294
1.76291e+09,7858,-0.0414503,0,0.0414503,1.23676,0,-1.23676
1.76291e+09,7859,-0.0412735,0,0.0412735,1.24055,0,-1.24055
1.76291e+09,7860,-0.0410979,0,0.0410979,1.24433,0,-1.24433
1.76291e+09,7861,-0.0409235,0,0.0409235,1.2481,0,-1.2481
1.76291e+09,7862,-0.0407504,0,0.0407504,1.25185,0,-1.25185
1.76291e+09,7863,-0.0405784,0,0.0405784,1.25558,0,-1.25558
1.76291e+09,7864,-0.0404077,0,0.0404077,1.25929,0,-1.25929
1.76291e+09,7865,-0.0402382,0,0.0402382,1.26299,0,-1.26299
1.76291e+09,7866,-0.0400699,0,0.0400699,1.26668,0,-1.26668
1.76291e+09,7867,-0.0399029,0,0.0399029,1.27034,0,-1.27034
1.76291e+09,7868,-0.039737,0,0.039737,1.27399,0,-1.27399
1.76291e+09,7869,-0.0395722,0,0.0395722,1.27763,0,-1.27763
1.76291e+09,7870,-0.0394087,0,0.0394087,1.28125,0,-1.28125
1.76291e+09,7871,-0.0392464,0,0.0392464,1.28485,0,-1.28485
1.76291e+09,7872,-0.0390852,0,0.0390852,1.28843,0,-1.28843
1.76291e+09,7873,-0.0389252,0,0.0389252,1.292,0,-1.292
1.76291e+09,7874,-0.0387663,0,0.0387663,1.29555,0,-1.29555
1.76291e+09,7875,-0.0386087,0,0.0386087,1.29908,0,-1.29908
1.76291e+09,7876,-0.0384521,0,0.0384521,1.3026,0,-1.3026
1.76291e+09,7877,-0.0382967,0,0.0382967,1.3061,0,-1.3061
1.76291e+09,7878,-0.0381425,0,0.0381425,1.30959,0,-1.30959
1.76291e+09,7879,-0.0379894,0,0.0379894,1.31305,0,-1.31305
1.76291e+09,7880,-0.0378374,0,0.0378374,1.3165,0,-1.3165
1.76291e+09,7881,-0.0376866,0,0.0376866,1.31994,0,-1.31994
1.76291e+09,7882,-0.0375369,0,0.0375369,1.32335,0,-1.32335
1.76291e+09,7883,-0.0373883,0,0.0373883,1.32675,0,-1.32675
1.76291e+09,7884,-0.0372408,0,0.0372408,1.33014,0,-1.33014
1.76291e+09,7885,-0.0370944,0,0.0370944,1.3335,0,-1.3335
1.76291e+09,7886,-0.0369492,0,0.0369492,1.33685,0,-1.33685
1.76291e+09,7887,-0.036805,0,0.036805,1.34018,0,-1.34018
1.76291e+09,7888,-0.0366619,0,0.0366619,1.3435,0,-1.3435
1.76291e+09,7889,-0.03652,0,0.03652,1.34679,0,-1.34679
1.76291e+09,7890,-0.0363791,0,0.0363791,1.35007,0,-1.35007
1.76291e+09,7891,-0.0362393,0,0.0362393,1.35334,0,-1.35334
1.76291e+09,7892,-0.0361006,0,0.0361006,1.35658,0,-1.35658
1.76291e+09,7893,-0.035963,0,0.035963,1.35981,0,-1.35981
1.76291e+09,7894,-0.0358265,0,0.0358265,1.36302,0,-1.36302
1.76291e+09,7895,-0.035691,0,0.035691,1.36622,0,-1.36622
1.76291e+09,7896,-0.0355566,0,0.0355566,1.36939,0,-1.36939
1.76291e+09,7897,-0.0354232,0,0.0354232,1.37255,0,-1.37255
1.76291e+09,7898,-0.0352909,0,0.0352909,1.37569,0,-1.37569
1.76291e+09,7899,-0.0351597,0,0.0351597,1.37881,0,-1.37881
1.76291e+09,7900,-0.0350295,0,0.0350295,1.38192,0,-1.38192
1.76291e+09,7901,-0.0349004,0,0.0349004,1.38501,0,-1.38501
1.76291e+09,7902,-0.0347723,0,0.0347723,1.38808,0,-1.38808
1.76291e+09,7903,-0.0346453,0,0.0346453,1.39113,0,-1.39113
1.76291e+09,7904,-0.0345193,0,0.0345193,1.39417,0,-1.39417
1.76291e+09,7905,-0.0343944,0,0.0343944,1.39718,0,-1.39718
1.76291e+09,7906,-0.0342704,0,0.0342704,1.40018,0,-1.40018
1.76291e+09,7907,-0.0341475,0,0.0341475,1.40316,0,-1.40316
1.76291e+09,7908,-0.0340257,0,0.0340257,1.40613,0,-1.40613
1.76291e+09,7909,-0.0339048,0,0.0339048,1.40907,0,-1.40907
1.76291e+09,7910,-0.033785,0,0.033785,1.412,0,-1.412
1.76291e+09,7911,-0.0336662,0,0.0336662,1.41491,0,-1.41491
1.76291e+09,7912,-0.0335484,0,0.0335484,1.4178,0,-1.4178
1.76291e+09,7913,-0.0334317,0,0.0334317,1.42067,0,-1.42067
1.76291e+09,7914,-0.0333159,0,0.0333159,1.42353,0,-1.42353
1.76291e+09,7915,-0.0332011,0,0.0332011,1.42637,0,-1.42637
1.76291e+09,7916,-0.0330874,0,0.0330874,1.42918,0,-1.42918
1.76291e+09,7917,-0.0329747,0,0.0329747,1.43198,0,-1.43198
1.76291e+09,7918,-0.0328629,0,0.0328629,1.43477,0,-1.43477
1.76291e+09,7919,-0.0327522,0,0.0327522,1.43753,0,-1.43753
1.76291e+09,7920,-0.0326424,0,0.0326424,1.44027,0,-1.44027
1.76291e+09,7921,-0.0325336,0,0.0325336,1.443,0,-1.443
1.76291e+09,7922,-0.0324259,0,0.0324259,1.44571,0,-1.44571
1.76291e+09,7923,-0.0323191,0,0.0323191,1.4484,0,-1.4484
1.76291e+09,7924,-0.0322133,0,0.0322133,1.45107,0,-1.45107
1.76291e+09,7925,-0.0321084,0,0.0321084,1.45372,0,-1.45372
1.76291e+09,7926,-0.0320046,0,0.0320046,1.45635,0,-1.45635
1.76291e+09,7927,-0.0319017,0,0.0319017,1.45897,0,-1.45897
1.76291e+09,7928,-0.0317999,0,0.0317999,1.46156,0,-1.46156
1.76291e+09,7929,-0.0316989,0,0.0316989,1.46414,0,-1.46414
1.76291e+09,7930,-0.031599,0,0.031599,1.4667,0,-1.4667
1.76291e+09,7931,-0.0315,0,0.0315,1.46923,0,-1.46923
1.76291e+09,7932,-0.031402,0,0.031402,1.47175,0,-1.47175
1.76291e+09,7933,-0.031305,0,0.031305,1.47425,0,-1.47425
1.76291e+09,7934,-0.0312089,0,0.0312089,1.47674,0,-1.47674
1.76291e+09,7935,-0.0311138,0,0.0311138,1.4792,0,-1.4792
1.76291e+09,7936,-0.0310196,0,0.0310196,1.48164,0,-1.48164
1.76291e+09,7937,-0.0309264,0,0.0309264,1.48407,0,-1.48407
1.76291e+09,7938,-0.0308342,0,0.0308342,1.48647,0,-1.48647
1.76291e+09,7939,-0.0307429,0,0.0307429,1.48886,0,-1.48886
1.76291e+09,7940,-0.0306526,0,0.0306526,1.49122,0,-1.49122
1.76291e+09,7941,-0.0305632,0,0.0305632,1.49357,0,-1.49357
1.76291e+09,7942,-0.0304748,0,0.0304748,1.4959,0,-1.4959
1.76291e+09,7943,-0.0303873,0,0.0303873,1.49821,0,-1.49821
1.76291e+09,7944,-0.0303007,0,0.0303007,1.50049,0,-1.50049
1.76291e+09,7945,-0.0302151,0,0.0302151,1.50276,0,-1.50276
1.76291e+09,7946,-0.0301305,0,0.0301305,1.50501,0,-1.50501
1.76291e+09,7947,-0.0300468,0,0.0300468,1.50724,0,-1.50724
1.76291e+09,7948,-0.029964,0,0.029964,1.50945,0,-1.50945
1.76291e+09,7949,-0.0298822,0,0.0298822,1.51164,0,-1.51164
1.76291e+09,7950,-0.0298013,0,0.0298013,1.51381,0,-1.51381
1.76291e+09,7951,-0.0297213,0,0.0297213,1.51596,0,-1.51596
1.76291e+09,7952,-0.0296423,0,0.0296423,1.51809,0,-1.51809
1.76291e+09,7953,-0.0295642,0,0.0295642,1.52021,0,-1.52021
1.76291e+09,7954,-0.029487,0,0.029487,1.5223,0,-1.5223
1.76291e+09,7955,-0.0294108,0,0.0294108,1.52437,0,-1.52437
1.76291e+09,7956,-0.0293355,0,0.0293355,1.52642,0,-1.52642
1.76291e+09,7957,-0.0292611,0,0.0292611,1.52845,0,-1.52845
1.76291e+09,7958,-0.0291877,0,0.0291877,1.53046,0,-1.53046
1.76291e+09,7959,-0.0291152,0,0.0291152,1.53245,0,-1.53245
1.76291e+09,7960,-0.0290436,0,0.0290436,1.53442,0,-1.53442
1.76291e+09,7961,-0.0289729,0,0.0289729,1.53637,0,-1.53637
1.76291e+09,7962,-0.0289032,0,0.0289032,1.5383,0,-1.5383
1.76291e+09,7963,-0.0288343,0,0.0288343,1.54021,0,-1.54021
1.76291e+09,7964,-0.0287664,0,0.0287664,1.5421,0,-1.5421
1.76291e+09,7965,-0.0286994,0,0.0286994,1.54397,0,-1.54397
1.76291e+09,7966,-0.0286334,0,0.0286334,1.54582,0,-1.54582
1.76291e+09,7967,-0.0285682,0,0.0285682,1.54765,0,-1.54765
1.76291e+09,7968,-0.028504,0,0.028504,1.54945,0,-1.54945
1.76291e+09,7969,-0.0284407,0,0.0284407,1.55124,0,-1.55124
1.76291e+09,7970,-0.0283783,0,0.0283783,1.55301,0,-1.55301
1.76291e+09,7971,-0.0283168,0,0.0283168,1.55475,0,-1.55475
1.76291e+09,7972,-0.0282562,0,0.0282562,1.55648,0,-1.55648
1.76291e+09,7973,-0.0281965,0,0.0281965,1.55818,0,-1.55818
1.76291e+09,7974,-0.0281378,0,0.0281378,1.55986,0,-1.55986
1.76291e+09,7975,-0.0280799,0,0.0280799,1.56153,0,-1.56153
1.76291e+09,7976,-0.028023,0,0.028023,1.56317,0,-1.56317
1.76291e+09,7977,-0.027967,0,0.027967,1.56479,0,-1.56479
1.76291e+09,7978,-0.0279118,0,0.0279118,1.56639,0,-1.56639
1.76291e+09,7979,-0.0278576,0,0.0278576,1.56797,0,-1.56797
1.76291e+09,7980,-0.0278043,0,0.0278043,1.56953,0,-1.56953
1.76291e+09,7981,-0.0277519,0,0.0277519,1.57106,0,-1.57106
1.76291e+09,7982,-0.0277004,0,0.0277004,1.57258,0,-1.57258
1.76291e+09,7983,-0.0276498,0,0.0276498,1.57408,0,-1.57408
1.76291e+09,7984,-0.0276002,0,0.0276002,1.57555,0,-1.57555
1.76291e+09,7985,-0.0275514,0,0.0275514,1.577,0,-1.577
1.76291e+09,7986,-0.0275035,0,0.0275035,1.57843,0,-1.57843
1.76291e+09,7987,-0.0274565,0,0.0274565,1.57984,0,-1.57984
1.76291e+09,7988,-0.0274105,0,0.0274105,1.58123,0,-1.58123
1.76291e+09,7989,-0.0273653,0,0.0273653,1.5826,0,-1.5826
1.76291e+09,7990,-0.027321,0,0.027321,1.58395,0,-1.58395
1.76291e+09,7991,-0.0272776,0,0.0272776,1.58527,0,-1.58527
1.76291e+09,7992,-0.0272352,0,0.0272352,1.58658,0,-1.58658
1.76291e+09,7993,-0.0271936,0,0.0271936,1.58786,0,-1.58786
1.76291e+09,7994,-0.0271529,0,0.0271529,1.58912,0,-1.58912
1.76291e+09,7995,-0.0271132,0,0.0271132,1.59036,0,-1.59036
1.76291e+09,7996,-0.0270743,0,0.0270743,1.59158,0,-1.59158
1.76291e+09,7997,-0.0270363,0,0.0270363,1.59277,0,-1.59277
1.76291e+09,7998,-0.0269992,0,0.0269992,1.59395,0,-1.59395
1.76291e+09,7999,-0.026963,0,0.026963,1.5951,0,-1.5951
1.76291e+09,8000,-0.0269277,0,0.0269277,1.59623,0,-1.59623
1.76291e+09,8001,-0.0268933,0,0.0268933,1.59734,0,-1.59734
1.76291e+09,8002,-0.0268598,0,0.0268598,1.59843,0,-1.59843
1.76291e+09,8003,-0.0268272,0,0.0268272,1.59949,0,-1.59949
1.76291e+09,8004,-0.0267955,0,0.0267955,1.60054,0,-1.60054
1.76291e+09,8005,-0.0267647,0,0.0267647,1.60156,0,-1.60156
1.76291e+09,8006,-0.0267348,0,0.0267348,1.60256,0,-1.60256
1.76291e+09,8007,-0.0267058,0,0.0267058,1.60354,0,-1.60354
1.76291e+09,8008,-0.0266776,0,0.0266776,1.60449,0,-1.60449
1.76291e+09,8009,-0.0266504,0,0.0266504,1.60543,0,-1.60543
1.76291e+09,8010,-0.026624,0,0.026624,1.60634,0,-1.60634
1.76291e+09,8011,-0.0265986,0,0.0265986,1.60723,0,-1.60723
1.76291e+09,8012,-0.026574,0,0.026574,1.6081,0,-1.6081
1.76291e+09,8013,-0.0265503,0,0.0265503,1.60895,0,-1.60895
1.76291e+09,8014,-0.0265276,0,0.0265276,1.60977,0,-1.60977
1.76291e+09,8015,-0.0265057,0,0.0265057,1.61058,0,-1.61058
1.76291e+09,8016,-0.0264847,0,0.0264847,1.61136,0,-1.61136
1.76291e+09,8017,-0.0264646,0,0.0264646,1.61211,0,-1.61211
1.76291e+09,8018,-0.0264453,0,0.0264453,1.61285,0,-1.61285
1.76291e+09,8019,-0.026427,0,0.026427,1.61357,0,-1.61357
1.76291e+09,8020,-0.0264096,0,0.0264096,1.61426,0,-1.61426
1.76291e+09,8021,-0.026393,0,0.026393,1.61493,0,-1.61493
1.76291e+09,8022,-0.0263773,0,0.0263773,1.61557,0,-1.61557
1.76291e+09,8023,-0.0263626,0,0.0263626,1.6162,0,-1.6162
1.76291e+09,8024,-0.0263487,0,0.0263487,1.6168,0,-1.6168
1.76291e+09,8025,-0.0263357,0,0.0263357,1.61738,0,-1.61738
1.76291e+09,8026,-0.0263236,0,0.0263236,1.61794,0,-1.61794
1.76291e+09,8027,-0.0263124,0,0.0263124,1.61848,0,-1.61848
1.76291e+09,8028,-0.026302,0,0.026302,1.61899,0,-1.61899
1.76291e+09,8029,-0.0262926,0,0.0262926,1.61948,0,-1.61948
1.76291e+09,8030,-0.026284,0,0.026284,1.61995,0,-1.61995
1.76291e+09,8031,-0.0262764,0,0.0262764,1.62039,0,-1.62039
1.76291e+09,8032,-0.0262696,0,0.0262696,1.62082,0,-1.62082
1.76291e+09,8033,-0.0262637,0,0.0262637,1.62122,0,-1.62122
1.76291e+09,8034,-0.0262587,0,0.0262587,1.6216,0,-1.6216
1.76291e+09,8035,-0.0262546,0,0.0262546,1.62195,0,-1.62195
1.76291e+09,8036,-0.0262513,0,0.0262513,1.62229,0,-1.62229
1.76291e+09,8037,-0.026249,0,0.026249,1.6226,0,-1.6226
1.76291e+09,8038,-0.0262475,0,0.0262475,1.62289,0,-1.62289
1.76291e+09,8039,-0.026247,0,0.026247,1.62315,0,-1.62315
1.76291e+09,8040,-0.0262473,0,0.0262473,1.6234,0,-1.6234
1.76291e+09,8041,-0.0262485,0,0.0262485,1.62362,0,-1.62362
1.76291e+09,8042,-0.0262506,0,0.0262506,1.62382,0,-1.62382
1.76291e+09,8043,-0.0262535,0,0.0262535,1.62399,0,-1.62399
1.76291e+09,8044,-0.0262574,0,0.0262574,1.62415,0,-1.62415
1.76291e+09,8045,-0.0262621,0,0.0262621,1.62428,0,-1.62428
1.76291e+09,8046,-0.0262678,0,0.0262678,1.62438,0,-1.62438
1.76291e+09,8047,-0.0262743,0,0.0262743,1.62447,0,-1.62447
1.76291e+09,8048,-0.0262817,0,0.0262817,1.62453,0,-1.62453
1.76291e+09,8049,-0.02629,0,0.02629,1.62457,0,-1.62457
1.76291e+09,8050,-0.0262991,0,0.0262991,1.62459,0,-1.62459
1.76291e+09,8051,-0.0263092,0,0.0263092,1.62458,0,-1.62458
1.76291e+09,8052,-0.0263201,0,0.0263201,1.62455,0,-1.62455
1.76291e+09,8053,-0.026332,0,0.026332,1.6245,0,-1.6245
1.76291e+09,8054,-0.0263447,0,0.0263447,1.62443,0,-1.62443
1.76291e+09,8055,-0.0263583,0,0.0263583,1.62433,0,-1.62433
1.76291e+09,8056,-0.0263728,0,0.0263728,1.62421,0,-1.62421
1.76291e+09,8057,-0.0263881,0,0.0263881,1.62407,0,-1.62407
1.76291e+09,8058,-0.0264044,0,0.0264044,1.62391,0,-1.62391
1.76291e+09,8059,-0.0264215,0,0.0264215,1.62372,0,-1.62372
1.76291e+09,8060,-0.0264395,0,0.0264395,1.62351,0,-1.62351
1.76291e+09,8061,-0.0264585,0,0.0264585,1.62328,0,-1.62328
1.76291e+09,8062,-0.0264783,0,0.0264783,1.62302,0,-1.62302
1.76291e+09,8063,-0.0264989,0,0.0264989,1.62274,0,-1.62274
1.76291e+09,8064,-0.0265205,0,0.0265205,1.62244,0,-1.62244
1.76291e+09,8065,-0.0265429,0,0.0265429,1.62212,0,-1.62212
1.76291e+09,8066,-0.0265663,0,0.0265663,1.62177,0,-1.62177
1.76291e+09,8067,-0.0265905,0,0.0265905,1.6214,0,-1.6214
1.76291e+09,8068,-0.0266156,0,0.0266156,1.62101,0,-1.62101
1.76291e+09,8069,-0.0266416,0,0.0266416,1.6206,0,-1.6206
1.76291e+09,8070,-0.0266685,0,0.0266685,1.62016,0,-1.62016
1.76291e+09,8071,-0.0266962,0,0.0266962,1.6197,0,-1.6197
1.76291e+09,8072,-0.0267249,0,0.0267249,1.61922,0,-1.61922
1.76291e+09,8073,-0.0267544,0,0.0267544,1.61871,0,-1.61871
1.76291e+09,8074,-0.0267848,0,0.0267848,1.61818,0,-1.61818
1.76291e+09,8075,-0.0268161,0,0.0268161,1.61763,0,-1.61763
1.76291e+09,8076,-0.0268483,0,0.0268483,1.61706,0,-1.61706
1.76291e+09,8077,-0.0268814,0,0.0268814,1.61646,0,-1.61646
1.76291e+09,8078,-0.0269154,0,0.0269154,1.61584,0,-1.61584
1.76291e+09,8079,-0.0269502,0,0.0269502,1.6152,0,-1.6152
1.76291e+09,8080,-0.026986,0,0.026986,1.61453,0,-1.61453
1.76291e+09,8081,-0.0270226,0,0.0270226,1.61385,0,-1.61385
1.76291e+09,8082,-0.0270601,0,0.0270601,1.61314,0,-1.61314
1.76291e+09,8083,-0.0270985,0,0.0270985,1.6124,0,-1.6124
1.76291e+09,8084,-0.0271378,0,0.0271378,1.61165,0,-1.61165
1.76291e+09,8085,-0.027178,0,0.027178,1.61087,0,-1.61087
1.76291e+09,8086,-0.027219,0,0.027219,1.61007,0,-1.61007
1.76291e+09,8087,-0.027261,0,0.027261,1.60925,0,-1.60925
1.76291e+09,8088,-0.0273038,0,0.0273038,1.6084,0,-1.6084
1.76291e+09,8089,-0.0273475,0,0.0273475,1.60753,0,-1.60753
1.76291e+09,8090,-0.0273922,0,0.0273922,1.60664,0,-1.60664
1.76291e+09,8091,-0.0274377,0,0.0274377,1.60573,0,-1.60573
1.76291e+09,8092,-0.0274841,0,0.0274841,1.60479,0,-1.60479
1.76291e+09,8093,-0.0275314,0,0.0275314,1.60383,0,-1.60383
1.76291e+09,8094,-0.0275795,0,0.0275795,1.60285,0,-1.60285
1.76291e+09,8095,-0.0276286,0,0.0276286,1.60185,0,-1.60185
1.76291e+09,8096,-0.0276786,0,0.0276786,1.60082,0,-1.60082
1.76291e+09,8097,-0.0277294,0,0.0277294,1.59977,0,-1.59977
1.76291e+09,8098,-0.0277812,0,0.0277812,1.5987,0,-1.5987
1.76291e+09,8099,-0.0278338,0,0.0278338,1.59761,0,-1.59761
1.76291e+09,8100,-0.0278873,0,0.0278873,1.59649,0,-1.59649
1.76291e+09,8101,-0.0279418,0,0.0279418,1.59535,0,-1.59535
1.76291e+09,8102,-0.0279971,0,0.0279971,1.59419,0,-1.59419
1.76291e+09,8103,-0.0280533,0,0.0280533,1.59301,0,-1.59301
1.76291e+09,8104,-0.0281104,0,0.0281104,1.5918,0,-1.5918
1.76291e+09,8105,-0.0281684,0,0.0281684,1.59058,0,-1.59058
1.76291e+09,8106,-0.0282273,0,0.0282273,1.58932,0,-1.58932
1.76291e+09,8107,-0.0282871,0,0.0282871,1.58805,0,-1.58805
1.76291e+09,8108,-0.0283478,0,0.0283478,1.58676,0,-1.58676
1.76291e+09,8109,-0.0284094,0,0.0284094,1.58544,0,-1.58544
1.76291e+09,8110,-0.0284719,0,0.0284719,1.5841,0,-1.5841
1.76291e+09,8111,-0.0285353,0,0.0285353,1.58274,0,-1.58274
1.76291e+09,8112,-0.0285996,0,0.0285996,1.58135,0,-1.58135
1.76291e+09,8113,-0.0286648,0,0.0286648,1.57995,0,-1.57995
1.76291e+09,8114,-0.0287309,0,0.0287309,1.57852,0,-1.57852
1.76291e+09,8115,-0.0287979,0,0.0287979,1.57707,0,-1.57707
1.76291e+09,8116,-0.0288658,0,0.0288658,1.5756,0,-1.5756
1.76291e+09,8117,-0.0289346,0,0.0289346,1.5741,0,-1.5741
1.76291e+09,8118,-0.0290043,0,0.0290043,1.57258,0,-1.57258
1.76291e+09,8119,-0.0290749,0,0.0290749,1.57104,0,-1.57104
1.76291e+09,8120,-0.0291464,0,0.0291464,1.56948,0,-1.56948
1.76291e+09,8121,-0.0292188,0,0.0292188,1.5679,0,-1.5679
1.76291e+09,8122,-0.0292922,0,0.0292922,1.5663,0,-1.5663
1.76291e+09,8123,-0.0293664,0,0.0293664,1.56467,0,-1.56467
1.76291e+09,8124,-0.0294416,0,0.0294416,1.56302,0,-1.56302
1.76291e+09,8125,-0.0295176,0,0.0295176,1.56135,0,-1.56135
1.76291e+09,8126,-0.0295946,0,0.0295946,1.55966,0,-1.55966
1.76291e+09,8127,-0.0296725,0,0.0296725,1.55794,0,-1.55794
1.76291e+09,8128,-0.0297513,0,0.0297513,1.55621,0,-1.55621
1.76291e+09,8129,-0.029831,0,0.029831,1.55445,0,-1.55445
1.76291e+09,8130,-0.0299117,0,0.0299117,1.55267,0,-1.55267
1.76291e+09,8131,-0.0299932,0,0.0299932,1.55087,0,-1.55087
1.76291e+09,8132,-0.0300757,0,0.0300757,1.54904,0,-1.54904
1.76291e+09,8133,-0.0301591,0,0.0301591,1.5472,0,-1.5472
1.76291e+09,8134,-0.0302434,0,0.0302434,1.54533,0,-1.54533
1.76291e+09,8135,-0.0303287,0,0.0303287,1.54344,0,-1.54344
1.76291e+09,8136,-0.0304148,0,0.0304148,1.54153,0,-1.54153
1.76291e+09,8137,-0.0305019,0,0.0305019,1.5396,0,-1.5396
1.76291e+09,8138,-0.03059,0,0.03059,1.53765,0,-1.53765
1.76291e+09,8139,-0.0306789,0,0.0306789,1.53567,0,-1.53567
1.76291e+09,8140,-0.0307688,0,0.0307688,1.53368,0,-1.53368
1.76291e+09,8141,-0.0308596,0,0.0308596,1.53166,0,-1.53166
1.76291e+09,8142,-0.0309513,0,0.0309513,1.52962,0,-1.52962
1.76291e+09,8143,-0.031044,0,0.031044,1.52756,0,-1.52756
1.76291e+09,8144,-0.0311376,0,0.0311376,1.52548,0,-1.52548
1.76291e+09,8145,-0.0312322,0,0.0312322,1.52338,0,-1.52338
1.76291e+09,8146,-0.0313277,0,0.0313277,1.52125,0,-1.52125
1.76291e+09,8147,-0.0314241,0,0.0314241,1.51911,0,-1.51911
1.76291e+09,8148,-0.0315215,0,0.0315215,1.51694,0,-1.51694
1.76291e+09,8149,-0.0316198,0,0.0316198,1.51475,0,-1.51475
1.76291e+09,8150,-0.0317191,0,0.0317191,1.51254,0,-1.51254
1.76291e+09,8151,-0.0318193,0,0.0318193,1.51031,0,-1.51031
1.76291e+09,8152,-0.0319205,0,0.0319205,1.50806,0,-1.50806
1.76291e+09,8153,-0.0320226,0,0.0320226,1.50579,0,-1.50579
1.76291e+09,8154,-0.0321257,0,0.0321257,1.5035,0,-1.5035
1.76291e+09,8155,-0.0322297,0,0.0322297,1.50118,0,-1.50118
1.76291e+09,8156,-0.0323347,0,0.0323347,1.49885,0,-1.49885
1.76291e+09,8157,-0.0324406,0,0.0324406,1.49649,0,-1.49649
1.76291e+09,8158,-0.0325475,0,0.0325475,1.49411,0,-1.49411
1.76291e+09,8159,-0.0326554,0,0.0326554,1.49172,0,-1.49172
1.76291e+09,8160,-0.0327643,0,0.0327643,1.4893,0,-1.4893
1.76291e+09,8161,-0.0328741,0,0.0328741,1.48686,0,-1.48686
1.76291e+09,8162,-0.0329849,0,0.0329849,1.4844,0,-1.4844
1.76291e+09,8163,-0.0330966,0,0.0330966,1.48192,0,-1.48192
1.76291e+09,8164,-0.0332094,0,0.0332094,1.47941,0,-1.47941
1.76291e+09,8165,-0.0333231,0,0.0333231,1.47689,0,-1.47689
1.76291e+09,8166,-0.0334378,0,0.0334378,1.47435,0,-1.47435
1.76291e+09,8167,-0.0335535,0,0.0335535,1.47179,0,-1.47179
1.76291e+09,8168,-0.0336701,0,0.0336701,1.4692,0,-1.4692
1.76291e+09,8169,-0.0337878,0,0.0337878,1.4666,0,-1.4666
1.76291e+09,8170,-0.0339064,0,0.0339064,1.46397,0,-1.46397
1.76291e+09,8171,-0.0340261,0,0.0340261,1.46132,0,-1.46132
1.76291e+09,8172,-0.0341467,0,0.0341467,1.45866,0,-1.45866
1.76291e+09,8173,-0.0342684,0,0.0342684,1.45597,0,-1.45597
1.76291e+09,8174,-0.034391,0,0.034391,1.45326,0,-1.45326
1.76291e+09,8175,-0.0345147,0,0.0345147,1.45054,0,-1.45054
1.76291e+09,8176,-0.0346393,0,0.0346393,1.44779,0,-1.44779
1.76291e+09,8177,-0.034765,0,0.034765,1.44502,0,-1.44502
1.76291e+09,8178,-0.0348917,0,0.0348917,1.44223,0,-1.44223
1.76291e+09,8179,-0.0350194,0,0.0350194,1.43942,0,-1.43942
1.76291e+09,8180,-0.0351481,0,0.0351481,1.43659,0,-1.43659
1.76291e+09,8181,-0.0352779,0,0.0352779,1.43374,0,-1.43374
1.76291e+09,8182,-0.0354087,0,0.0354087,1.43087,0,-1.43087
1.76291e+09,8183,-0.0355405,0,0.0355405,1.42799,0,-1.42799
1.76291e+09,8184,-0.0356733,0,0.0356733,1.42508,0,-1.42508
1.76291e+09,8185,-0.0358072,0,0.0358072,1.42215,0,-1.42215
1.76291e+09,8186,-0.0359422,0,0.0359422,1.4192,0,-1.4192
1.76291e+09,8187,-0.0360781,0,0.0360781,1.41623,0,-1.41623
1.76291e+09,8188,-0.0362152,0,0.0362152,1.41324,0,-1.41324
1.76291e+09,8189,-0.0363532,0,0.0363532,1.41023,0,-1.41023
1.76291e+09,8190,-0.0364924,0,0.0364924,1.4072,0,-1.4072
1.76291e+09,8191,-0.0366326,0,0.0366326,1.40415,0,-1.40415
1.76291e+09,8192,-0.0367738,0,0.0367738,1.40108,0,-1.40108
1.76291e+09,8193,-0.0369161,0,0.0369161,1.39799,0,-1.39799
1.76291e+09,8194,-0.0370595,0,0.0370595,1.39488,0,-1.39488
1.76291e+09,8195,-0.037204,0,0.037204,1.39175,0,-1.39175
1.76291e+09,8196,-0.0373496,0,0.0373496,1.3886,0,-1.3886
1.76291e+09,8197,-0.0374962,0,0.0374962,1.38544,0,-1.38544
1.76291e+09,8198,-0.0376439,0,0.0376439,1.38225,0,-1.38225
1.76291e+09,8199,-0.0377927,0,0.0377927,1.37904,0,-1.37904
1.76291e+09,8200,-0.0379426,0,0.0379426,1.37581,0,-1.37581
1.76291e+09,8201,-0.0380937,0,0.0380937,1.37257,0,-1.37257
1.76291e+09,8202,-0.0382458,0,0.0382458,1.3693,0,-1.3693
1.76291e+09,8203,-0.038399,0,0.038399,1.36602,0,-1.36602
1.76291e+09,8204,-0.0385533,0,0.0385533,1.36271,0,-1.36271
1.76291e+09,8205,-0.0387088,0,0.0387088,1.35938,0,-1.35938
1.76291e+09,8206,-0.0388654,0,0.0388654,1.35604,0,-1.35604
1.76291e+09,8207,-0.0390231,0,0.0390231,1.35268,0,-1.35268
1.76291e+09,8208,-0.039182,0,0.039182,1.34929,0,-1.34929
1.76291e+09,8209,-0.0393419,0,0.0393419,1.34589,0,-1.34589
1.76291e+09,8210,-0.0395031,0,0.0395031,1.34247,0,-1.34247
1.76291e+09,8211,-0.0396653,0,0.0396653,1.33902,0,-1.33902
1.76291e+09,8212,-0.0398288,0,0.0398288,1.33556,0,-1.33556
1.76291e+09,8213,-0.0399934,0,0.0399934,1.33208,0,-1.33208
1.76291e+09,8214,-0.0401591,0,0.0401591,1.32858,0,-1.32858
1.76291e+09,8215,-0.040326,0,0.040326,1.32506,0,-1.32506
1.76291e+09,8216,-0.0404941,0,0.0404941,1.32152,0,-1.32152
1.76291e+09,8217,-0.0406634,0,0.0406634,1.31797,0,-1.31797
1.76291e+09,8218,-0.0408338,0,0.0408338,1.31439,0,-1.31439
1.76291e+09,8219,-0.0410055,0,0.0410055,1.31079,0,-1.31079
1.76291e+09,8220,-0.0411783,0,0.0411783,1.30718,0,-1.30718
1.76291e+09,8221,-0.0413524,0,0.0413524,1.30354,0,-1.30354
1.76291e+09,8222,-0.0415276,0,0.0415276,1.29989,0,-1.29989
1.76291e+09,8223,-0.0417041,0,0.0417041,1.29621,0,-1.29621
1.76291e+09,8224,-0.0418818,0,0.0418818,1.29252,0,-1.29252
1.76291e+09,8225,-0.0420607,0,0.0420607,1.28881,0,-1.28881
1.76291e+09,8226,-0.0422408,0,0.0422408,1.28507,0,-1.28507
1.76291e+09,8227,-0.0424222,0,0.0424222,1.28132,0,-1.28132
1.76291e+09,8228,-0.0426048,0,0.0426048,1.27755,0,-1.27755
1.76291e+09,8229,-0.0427887,0,0.0427887,1.27376,0,-1.27376
1.76291e+09,8230,-0.0429738,0,0.0429738,1.26995,0,-1.26995
1.76291e+09,8231,-0.0431602,0,0.0431602,1.26613,0,-1.26613
1.76291e+09,8232,-0.0433478,0,0.0433478,1.26228,0,-1.26228
1.76291e+09,8233,-0.0435367,0,0.0435367,1.25841,0,-1.25841
1.76291e+09,8234,-0.0437269,0,0.0437269,1.25453,0,-1.25453
1.76291e+09,8235,-0.0439184,0,0.0439184,1.25062,0,-1.25062
1.76291e+09,8236,-0.0441112,0,0.0441112,1.2467,0,-1.2467
1.76291e+09,8237,-0.0443053,0,0.0443053,1.24275,0,-1.24275
1.76291e+09,8238,-0.0445007,0,0.0445007,1.23879,0,-1.23879
1.76291e+09,8239,-0.0446974,0,0.0446974,1.23481,0,-1.23481
1.76291e+09,8240,-0.0448954,0,0.0448954,1.23081,0,-1.23081
1.76291e+09,8241,-0.0450948,0,0.0450948,1.22678,0,-1.22678
1.76291e+09,8242,-0.0452955,0,0.0452955,1.22274,0,-1.22274
1.76291e+09,8243,-0.0454975,0,0.0454975,1.21868,0,-1.21868
1.76291e+09,8244,-0.0457009,0,0.0457009,1.2146,0,-1.2146
1.76291e+09,8245,-0.0459057,0,0.0459057,1.21051,0,-1.21051
1.76291e+09,8246,-0.0461118,0,0.0461118,1.20639,0,-1.20639
1.76291e+09,8247,-0.0463193,0,0.0463193,1.20225,0,-1.20225
1.76291e+09,8248,-0.0465282,0,0.0465282,1.19809,0,-1.19809
1.76291e+09,8249,-0.0467384,0,0.0467384,1.19392,0,-1.19392
1.76291e+09,8250,-0.0469501,0,0.0469501,1.18972,0,-1.18972
1.76291e+09,8251,-0.0471632,0,0.0471632,1.18551,0,-1.18551
1.76291e+09,8252,-0.0473776,0,0.0473776,1.18127,0,-1.18127
1.76291e+09,8253,-0.0475935,0,0.0475935,1.17702,0,-1.17702
1.76291e+09,8254,-0.0478109,0,0.0478109,1.17274,0,-1.17274
1.76291e+09,8255,-0.0480297,0,0.0480297,1.16845,0,-1.16845
1.76291e+09,8256,-0.0482499,0,0.0482499,1.16413,0,-1.16413
1.76291e+09,8257,-0.0484716,0,0.0484716,1.1598,0,-1.1598
1.76291e+09,8258,-0.0486947,0,0.0486947,1.15544,0,-1.15544
1.76291e+09,8259,-0.0489194,0,0.0489194,1.15107,0,-1.15107
1.76291e+09,8260,-0.0491455,0,0.0491455,1.14668,0,-1.14668
1.76291e+09,8261,-0.0493731,0,0.0493731,1.14226,0,-1.14226
1.76291e+09,8262,-0.0496022,0,0.0496022,1.13783,0,-1.13783
1.76291e+09,8263,-0.0498328,0,0.0498328,1.13337,0,-1.13337
1.76291e+09,8264,-0.050065,0,0.050065,1.1289,0,-1.1289
1.76291e+09,8265,-0.0502987,0,0.0502987,1.12441,0,-1.12441
1.76291e+09,8266,-0.050534,0,0.050534,1.11989,0,-1.11989
1.76291e+09,8267,-0.0507708,0,0.0507708,1.11536,0,-1.11536
1.76291e+09,8268,-0.0510092,0,0.0510092,1.1108,0,-1.1108
1.76291e+09,8269,-0.0512491,0,0.0512491,1.10622,0,-1.10622
1.76291e+09,8270,-0.0514907,0,0.0514907,1.10163,0,-1.10163
1.76291e+09,8271,-0.0517338,0,0.0517338,1.09701,0,-1.09701
1.76291e+09,8272,-0.0519786,0,0.0519786,1.09237,0,-1.09237
1.76291e+09,8273,-0.052225,0,0.052225,1.08771,0,-1.08771
1.76291e+09,8274,-0.052473,0,0.052473,1.08303,0,-1.08303
1.76291e+09,8275,-0.0527226,0,0.0527226,1.07832,0,-1.07832
1.76291e+09,8276,-0.0529739,0,0.0529739,1.0736,0,-1.0736
1.76291e+09,8277,-0.0532269,0,0.0532269,1.06886,0,-1.06886
1.76291e+09,8278,-0.0534815,0,0.0534815,1.06409,0,-1.06409
1.76291e+09,8279,-0.0537378,0,0.0537378,1.0593,0,-1.0593
1.76291e+09,8280,-0.0540736,0,0.0540736,1.05921,0,-1.05921
1.76291e+09,8281,-0.0544118,0,0.0544118,1.05912,0,-1.05912
1.76291e+09,8282,-0.0547525,0,0.0547525,1.05902,0,-1.05902
1.76291e+09,8283,-0.0550956,0,0.0550956,1.05893,0,-1.05893
1.76291e+09,8284,-0.0554411,0,0.0554411,1.05883,0,-1.05883
1.76291e+09,8285,-0.0557891,0,0.0557891,1.05873,0,-1.05873
1.76291e+09,8286,-0.0561395,0,0.0561395,1.05863,0,-1.05863
1.76291e+09,8287,-0.0564924,0,0.0564924,1.05853,0,-1.05853
1.76291e+09,8288,-0.0568477,0,0.0568477,1.05843,0,-1.05843
1.76291e+09,8289,-0.0572055,0,0.0572055,1.05833,0,-1.05833
1.76291e+09,8290,-0.0575657,0,0.0575657,1.05822,0,-1.05822
1.76291e+09,8291,-0.0579284,0,0.0579284,1.05811,0,-1.05811
1.76291e+09,8292,-0.0582934,0,0.0582934,1.058,0,-1.058
1.76291e+09,8293,-0.0586609,0,0.0586609,1.05789,0,-1.05789
1.76291e+09,8294,-0.0590308,0,0.0590308,1.05778,0,-1.05778
1.76291e+09,8295,-0.0594031,0,0.0594031,1.05767,0,-1.05767
1.76291e+09,8296,-0.0597777,0,0.0597777,1.05755,0,-1.05755
1.76291e+09,8297,-0.0601547,0,0.0601547,1.05743,0,-1.05743
1.76291e+09,8298,-0.060534,0,0.060534,1.05731,0,-1.05731
1.76291e+09,8299,-0.0609157,0,0.0609157,1.05719,0,-1.05719
1.76291e+09,8300,-0.0612996,0,0.0612996,1.05707,0,-1.05707
1.76291e+09,8301,-0.0616857,0,0.0616857,1.05695,0,-1.05695
1.76291e+09,8302,-0.0620741,0,0.0620741,1.05682,0,-1.05682
1.76291e+09,8303,-0.0624647,0,0.0624647,1.05669,0,-1.05669
1.76291e+09,8304,-0.0628574,0,0.0628574,1.05656,0,-1.05656
1.76291e+09,8305,-0.0632523,0,0.0632523,1.05643,0,-1.05643
1.76291e+09,8306,-0.0636492,0,0.0636492,1.0563,0,-1.0563
1.76291e+09,8307,-0.0640482,0,0.0640482,1.05617,0,-1.05617
1.76291e+09,8308,-0.0644493,0,0.0644493,1.05603,0,-1.05603
1.76291e+09,8309,-0.0648522,0,0.0648522,1.05589,0,-1.05589
1.76291e+09,8310,-0.0652571,0,0.0652571,1.05575,0,-1.05575
1.76291e+09,8311,-0.0656639,0,0.0656639,1.05561,0,-1.05561
1.76291e+09,8312,-0.0660726,0,0.0660726,1.05547,0,-1.05547
1.76291e+09,8313,-0.066483,0,0.066483,1.05533,0,-1.05533
1.76291e+09,8314,-0.0668951,0,0.0668951,1.05518,0,-1.05518
1.76291e+09,8315,-0.067309,0,0.067309,1.05503,0,-1.05503
1.76291e+09,8316,-0.0677244,0,0.0677244,1.05488,0,-1.05488
1.76291e+09,8317,-0.0681415,0,0.0681415,1.05473,0,-1.05473
1.76291e+09,8318,-0.0685601,0,0.0685601,1.05458,0,-1.05458
1.76291e+09,8319,-0.0689802,0,0.0689802,1.05442,0,-1.05442
1.76291e+09,8320,-0.0694016,0,0.0694016,1.05427,0,-1.05427
1.76291e+09,8321,-0.0698245,0,0.0698245,1.05411,0,-1.05411
1.76291e+09,8322,-0.0702486,0,0.0702486,1.05395,0,-1.05395
1.76291e+09,8323,-0.070674,0,0.070674,1.05379,0,-1.05379
1.76291e+09,8324,-0.0711006,0,0.0711006,1.05363,0,-1.05363
1.76291e+09,8325,-0.0715283,0,0.0715283,1.05346,0,-1.05346
1.76291e+09,8326,-0.071957,0,0.071957,1.0533,0,-1.0533
1.76291e+09,8327,-0.0723867,0,0.0723867,1.05313,0,-1.05313
1.76291e+09,8328,-0.0728174,0,0.0728174,1.05296,0,-1.05296
1.76291e+09,8329,-0.0732489,0,0.0732489,1.05279,0,-1.05279
1.76291e+09,8330,-0.0736813,0,0.0736813,1.05262,0,-1.05262
1.76291e+09,8331,-0.0741144,0,0.0741144,1.05245,0,-1.05245
1.76291e+09,8332,-0.0745481,0,0.0745481,1.05227,0,-1.05227
1.76291e+09,8333,-0.0749825,0,0.0749825,1.05209,0,-1.05209
1.76291e+09,8334,-0.0754174,0,0.0754174,1.05192,0,-1.05192
1.76291e+09,8335,-0.0758528,0,0.0758528,1.05174,0,-1.05174
1.76291e+09,8336,-0.0762886,0,0.0762886,1.05156,0,-1.05156
1.76291e+09,8337,-0.0767247,0,0.0767247,1.05138,0,-1.05138
1.76291e+09,8338,-0.0771611,0,0.0771611,1.05119,0,-1.05119
1.76291e+09,8339,-0.0775977,0,0.0775977,1.05101,0,-1.05101
1.76291e+09,8340,-0.0780344,0,0.0780344,1.05083,0,-1.05083
1.76291e+09,8341,-0.0784712,0,0.0784712,1.05064,0,-1.05064
1.76291e+09,8342,-0.078908,0,0.078908,1.05045,0,-1.05045
1.76291e+09,8343,-0.0793448,0,0.0793448,1.05026,0,-1.05026
1.76291e+09,8344,-0.0797814,0,0.0797814,1.05007,0,-1.05007
1.76291e+09,8345,-0.0802178,0,0.0802178,1.04988,0,-1.04988
1.76291e+09,8346,-0.0806539,0,0.0806539,1.04969,0,-1.04969
1.76291e+09,8347,-0.0810897,0,0.0810897,1.0495,0,-1.0495
1.76291e+09,8348,-0.0815251,0,0.0815251,1.0493,0,-1.0493
1.76291e+09,8349,-0.08196,0,0.08196,1.04911,0,-1.04911
1.76291e+09,8350,-0.0823943,0,0.0823943,1.04891,0,-1.04891
1.76291e+09,8351,-0.0828281,0,0.0828281,1.04872,0,-1.04872
1.76291e+09,8352,-0.0832612,0,0.0832612,1.04852,0,-1.04852
1.76291e+09,8353,-0.0836935,0,0.0836935,1.04832,0,-1.04832
1.76291e+09,8354,-0.0841251,0,0.0841251,1.04812,0,-1.04812
1.76291e+09,8355,-0.0845557,0,0.0845557,1.04792,0,-1.04792
1.76291e+09,8356,-0.0849855,0,0.0849855,1.04772,0,-1.04772
1.76291e+09,8357,-0.0854142,0,0.0854142,1.04752,0,-1.04752
1.76291e+09,8358,-0.0858419,0,0.0858419,1.04732,0,-1.04732
1.76291e+09,8359,-0.0862685,0,0.0862685,1.04712,0,-1.04712
1.76291e+09,8360,-0.0866939,0,0.0866939,1.04691,0,-1.04691
1.76291e+09,8361,-0.0871181,0,0.0871181,1.04671,0,-1.04671
1.76291e+09,8362,-0.0875409,0,0.0875409,1.04651,0,-1.04651
1.76291e+09,8363,-0.0879624,0,0.0879624,1.0463,0,-1.0463
1.76291e+09,8364,-0.0883825,0,0.0883825,1.0461,0,-1.0461
1.76291e+09,8365,-0.0888011,0,0.0888011,1.04589,0,-1.04589
1.76291e+09,8366,-0.0892182,0,0.0892182,1.04569,0,-1.04569
1.76291e+09,8367,-0.0896337,0,0.0896337,1.04548,0,-1.04548
1.76291e+09,8368,-0.0900476,0,0.0900476,1.04528,0,-1.04528
1.76291e+09,8369,-0.0904597,0,0.0904597,1.04507,0,-1.04507
1.76291e+09,8370,-0.0908702,0,0.0908702,1.04486,0,-1.04486
1.76291e+09,8371,-0.0912789,0,0.0912789,1.04466,0,-1.04466
1.76291e+09,8372,-0.0916857,0,0.0916857,1.04445,0,-1.04445
1.76291e+09,8373,-0.0920906,0,0.0920906,1.04424,0,-1.04424
1.76291e+09,8374,-0.0924937,0,0.0924937,1.04404,0,-1.04404
1.76291e+09,8375,-0.0928948,0,0.0928948,1.04383,0,-1.04383
1.76291e+09,8376,-0.0932938,0,0.0932938,1.04363,0,-1.04363
1.76291e+09,8377,-0.0936908,0,0.0936908,1.04342,0,-1.04342
1.76291e+09,8378,-0.0940858,0,0.0940858,1.04321,0,-1.04321
1.76291e+09,8379,-0.0944786,0,0.0944786,1.04301,0,-1.04301
1.76291e+09,8380,-0.0948692,0,0.0948692,1.0428,0,-1.0428
1.76291e+09,8381,-0.0952577,0,0.0952577,1.0426,0,-1.0426
1.76291e+09,8382,-0.0956439,0,0.0956439,1.04239,0,-1.04239
1.76291e+09,8383,-0.0960279,0,0.0960279,1.04219,0,-1.04219
1.76291e+09,8384,-0.0964096,0,0.0964096,1.04198,0,-1.04198
1.76291e+09,8385,-0.0967891,0,0.0967891,1.04178,0,-1.04178
1.76291e+09,8386,-0.0971662,0,0.0971662,1.04158,0,-1.04158
1.76291e+09,8387,-0.0975409,0,0.0975409,1.04137,0,-1.04137
1.76291e+09,8388,-0.0979133,0,0.0979133,1.04117,0,-1.04117
1.76291e+09,8389,-0.0982834,0,0.0982834,1.04097,0,-1.04097
1.76291e+09,8390,-0.098651,0,0.098651,1.04077,0,-1.04077
1.76291e+09,8391,-0.0990162,0,0.0990162,1.04057,0,-1.04057
1.76291e+09,8392,-0.099379,0,0.099379,1.04037,0,-1.04037
1.76291e+09,8393,-0.0997394,0,0.0997394,1.04017,0,-1.04017
1.76291e+09,8394,-0.100097,0,0.100097,1.03997,0,-1.03997
1.76291e+09,8395,-0.100453,0,0.100453,1.03977,0,-1.03977
1.76291e+09,8396,-0.100806,0,0.100806,1.03957,0,-1.03957
1.76291e+09,8397,-0.101157,0,0.101157,1.03937,0,-1.03937
1.76291e+09,8398,-0.101505,0,0.101505,1.03917,0,-1.03917
1.76291e+09,8399,-0.101851,0,0.101851,1.03898,0,-1.03898
1.76291e+09,8400,-0.102188,0,0.102188,1.03877,0,-1.03877
1.76291e+09,8401,-0.102523,0,0.102523,1.03855,0,-1.03855
1.76291e+09,8402,-0.102856,0,0.102856,1.03834,0,-1.03834
1.76291e+09,8403,-0.103186,0,0.103186,1.03813,0,-1.03813
1.76291e+09,8404,-0.103514,0,0.103514,1.03792,0,-1.03792
1.76291e+09,8405,-0.103839,0,0.103839,1.03771,0,-1.03771
1.76291e+09,8406,-0.104162,0,0.104162,1.03751,0,-1.03751
1.76291e+09,8407,-0.104482,0,0.104482,1.0373,0,-1.0373
1.76291e+09,8408,-0.104801,0,0.104801,1.03709,0,-1.03709
1.76291e+09,8409,-0.105116,0,0.105116,1.03689,0,-1.03689
1.76291e+09,8410,-0.10543,0,0.10543,1.03668,0,-1.03668
1.76291e+09,8411,-0.105741,0,0.105741,1.03648,0,-1.03648
1.76291e+09,8412,-0.106049,0,0.106049,1.03627,0,-1.03627
1.76291e+09,8413,-0.106356,0,0.106356,1.03607,0,-1.03607
1.76291e+09,8414,-0.10666,0,0.10666,1.03587,0,-1.03587
1.76291e+09,8415,-0.106961,0,0.106961,1.03567,0,-1.03567
1.76291e+09,8416,-0.107261,0,0.107261,1.03547,0,-1.03547
1.76291e+09,8417,-0.107558,0,0.107558,1.03527,0,-1.03527
1.76291e+09,8418,-0.107853,0,0.107853,1.03507,0,-1.03507
1.76291e+09,8419,-0.108146,0,0.108146,1.03487,0,-1.03487
1.76291e+09,8420,-0.108436,0,0.108436,1.03467,0,-1.03467
1.76291e+09,8421,-0.108725,0,0.108725,1.03448,0,-1.03448
1.76291e+09,8422,-0.109011,0,0.109011,1.03428,0,-1.03428
1.76291e+09,8423,-0.109295,0,0.109295,1.03409,0,-1.03409
1.76291e+09,8424,-0.109577,0,0.109577,1.03389,0,-1.03389
1.76291e+09,8425,-0.109856,0,0.109856,1.0337,0,-1.0337
1.76291e+09,8426,-0.110134,0,0.110134,1.03351,0,-1.03351
1.76291e+09,8427,-0.110409,0,0.110409,1.03331,0,-1.03331
1.76291e+09,8428,-0.110683,0,0.110683,1.03312,0,-1.03312
1.76291e+09,8429,-0.110954,0,0.110954,1.03293,0,-1.03293
1.76291e+09,8430,-0.111223,0,0.111223,1.03274,0,-1.03274
1.76291e+09,8431,-0.11149,0,0.11149,1.03255,0,-1.03255
1.76291e+09,8432,-0.111755,0,0.111755,1.03237,0,-1.03237
1.76291e+09,8433,-0.112018,0,0.112018,1.03218,0,-1.03218
1.76291e+09,8434,-0.112279,0,0.112279,1.03199,0,-1.03199
1.76291e+09,8435,-0.112538,0,0.112538,1.03181,0,-1.03181
1.76291e+09,8436,-0.112795,0,0.112795,1.03162,0,-1.03162
1.76291e+09,8437,-0.11305,0,0.11305,1.03144,0,-1.03144
1.76291e+09,8438,-0.113303,0,0.113303,1.03126,0,-1.03126
1.76291e+09,8439,-0.113554,0,0.113554,1.03107,0,-1.03107
1.76291e+09,8440,-0.113803,0,0.113803,1.03089,0,-1.03089
1.76291e+09,8441,-0.11405,0,0.11405,1.03071,0,-1.03071
1.76291e+09,8442,-0.114295,0,0.114295,1.03053,0,-1.03053
1.76291e+09,8443,-0.114539,0,0.114539,1.03035,0,-1.03035
1.76291e+09,8444,-0.11478,0,0.11478,1.03018,0,-1.03018
1.76291e+09,8445,-0.11502,0,0.11502,1.03,0,-1.03
1.76291e+09,8446,-0.115257,0,0.115257,1.02982,0,-1.02982
1.76291e+09,8447,-0.115493,0,0.115493,1.02965,0,-1.02965
1.76291e+09,8448,-0.115727,0,0.115727,1.02947,0,-1.02947
1.76291e+09,8449,-0.115959,0,0.115959,1.0293,0,-1.0293
1.76291e+09,8450,-0.116189,0,0.116189,1.02912,0,-1.02912
1.76291e+09,8451,-0.116417,0,0.116417,1.02895,0,-1.02895
1.76291e+09,8452,-0.116644,0,0.116644,1.02878,0,-1.02878
1.76291e+09,8453,-0.116869,0,0.116869,1.02861,0,-1.02861
1.76291e+09,8454,-0.117092,0,0.117092,1.02844,0,-1.02844
1.76291e+09,8455,-0.117313,0,0.117313,1.02827,0,-1.02827
1.76291e+09,8456,-0.117532,0,0.117532,1.0281,0,-1.0281
1.76291e+09,8457,-0.11775,0,0.11775,1.02794,0,-1.02794
1.76291e+09,8458,-0.117966,0,0.117966,1.02777,0,-1.02777
1.76291e+09,8459,-0.11818,0,0.11818,1.0276,0,-1.0276
1.76291e+09,8460,-0.118392,0,0.118392,1.02744,0,-1.02744
1.76291e+09,8461,-0.118603,0,0.118603,1.02727,0,-1.02727
1.76291e+09,8462,-0.118812,0,0.118812,1.02711,0,-1.02711
1.76291e+09,8463,-0.119019,0,0.119019,1.02695,0,-1.02695
1.76291e+09,8464,-0.119225,0,0.119225,1.02679,0,-1.02679
1.76291e+09,8465,-0.119428,0,0.119428,1.02662,0,-1.02662
1.76291e+09,8466,-0.119631,0,0.119631,1.02646,0,-1.02646
1.76291e+09,8467,-0.119831,0,0.119831,1.0263,0,-1.0263
1.76291e+09,8468,-0.12003,0,0.12003,1.02615,0,-1.02615
1.76291e+09,8469,-0.120227,0,0.120227,1.02599,0,-1.02599
1.76291e+09,8470,-0.120423,0,0.120423,1.02583,0,-1.02583
1.76291e+09,8471,-0.120617,0,0.120617,1.02568,0,-1.02568
1.76291e+09,8472,-0.120809,0,0.120809,1.02552,0,-1.02552
1.76291e+09,8473,-0.121,0,0.121,1.02537,0,-1.02537
1.76291e+09,8474,-0.121189,0,0.121189,1.02521,0,-1.02521
1.76291e+09,8475,-0.121376,0,0.121376,1.02506,0,-1.02506
1.76291e+09,8476,-0.121562,0,0.121562,1.02491,0,-1.02491
1.76291e+09,8477,-0.121747,0,0.121747,1.02476,0,-1.02476
1.76291e+09,8478,-0.12193,0,0.12193,1.0246,0,-1.0246
1.76291e+09,8479,-0.122111,0,0.122111,1.02445,0,-1.02445
1.76291e+09,8480,-0.122291,0,0.122291,1.02431,0,-1.02431
1.76291e+09,8481,-0.122469,0,0.122469,1.02416,0,-1.02416
1.76291e+09,8482,-0.122645,0,0.122645,1.02401,0,-1.02401
1.76291e+09,8483,-0.12282,0,0.12282,1.02386,0,-1.02386
1.76291e+09,8484,-0.122994,0,0.122994,1.02372,0,-1.02372
1.76291e+09,8485,-0.123166,0,0.123166,1.02357,0,-1.02357
1.76291e+09,8486,-0.123337,0,0.123337,1.02343,0,-1.02343
1.76291e+09,8487,-0.123506,0,0.123506,1.02328,0,-1.02328
1.76291e+09,8488,-0.123673,0,0.123673,1.02314,0,-1.02314
1.76291e+09,8489,-0.12384,0,0.12384,1.023,0,-1.023
1.76291e+09,8490,-0.124004,0,0.124004,1.02286,0,-1.02286
1.76291e+09,8491,-0.124167,0,0.124167,1.02272,0,-1.02272
1.76291e+09,8492,-0.124329,0,0.124329,1.02258,0,-1.02258
1.76291e+09,8493,-0.124489,0,0.124489,1.02244,0,-1.02244
1.76291e+09,8494,-0.124648,0,0.124648,1.0223,0,-1.0223
1.76291e+09,8495,-0.124806,0,0.124806,1.02216,0,-1.02216
1.76291e+09,8496,-0.124962,0,0.124962,1.02203,0,-1.02203
1.76291e+09,8497,-0.125116,0,0.125116,1.02189,0,-1.02189
1.76291e+09,8498,-0.12527,0,0.12527,1.02176,0,-1.02176
1.76291e+09,8499,-0.125421,0,0.125421,1.02162,0,-1.02162
1.76291e+09,8500,-0.125572,0,0.125572,1.02149,0,-1.02149
1.76291e+09,8501,-0.125721,0,0.125721,1.02136,0,-1.02136
1.76291e+09,8502,-0.125868,0,0.125868,1.02122,0,-1.02122
1.76291e+09,8503,-0.126015,0,0.126015,1.02109,0,-1.02109
1.76291e+09,8504,-0.12616,0,0.12616,1.02096,0,-1.02096
1.76291e+09,8505,-0.126303,0,0.126303,1.02083,0,-1.02083
1.76291e+09,8506,-0.126445,0,0.126445,1.0207,0,-1.0207
1.76291e+09,8507,-0.126586,0,0.126586,1.02058,0,-1.02058
1.76291e+09,8508,-0.126726,0,0.126726,1.02045,0,-1.02045
1.76291e+09,8509,-0.126864,0,0.126864,1.02032,0,-1.02032
1.76291e+09,8510,-0.127001,0,0.127001,1.0202,0,-1.0202
1.76291e+09,8511,-0.127136,0,0.127136,1.02007,0,-1.02007
1.76291e+09,8512,-0.127271,0,0.127271,1.01995,0,-1.01995
1.76291e+09,8513,-0.127403,0,0.127403,1.01982,0,-1.01982
1.76291e+09,8514,-0.127535,0,0.127535,1.0197,0,-1.0197
1.76291e+09,8515,-0.127665,0,0.127665,1.01958,0,-1.01958
1.76291e+09,8516,-0.127794,0,0.127794,1.01945,0,-1.01945
1.76291e+09,8517,-0.127922,0,0.127922,1.01933,0,-1.01933
1.76291e+09,8518,-0.128049,0,0.128049,1.01921,0,-1.01921
1.76291e+09,8519,-0.128174,0,0.128174,1.01909,0,-1.01909
1.76291e+09,8520,-0.128298,0,0.128298,1.01897,0,-1.01897
1.76291e+09,8521,-0.128421,0,0.128421,1.01886,0,-1.01886
1.76291e+09,8522,-0.128542,0,0.128542,1.01874,0,-1.01874
1.76291e+09,8523,-0.128662,0,0.128662,1.01862,0,-1.01862
1.76291e+09,8524,-0.128781,0,0.128781,1.01851,0,-1.01851
1.76291e+09,8525,-0.128899,0,0.128899,1.01839,0,-1.01839
1.76291e+09,8526,-0.129015,0,0.129015,1.01828,0,-1.01828
1.76291e+09,8527,-0.129131,0,0.129131,1.01816,0,-1.01816
1.76291e+09,8528,-0.129245,0,0.129245,1.01805,0,-1.01805
1.76291e+09,8529,-0.129357,0,0.129357,1.01794,0,-1.01794
1.76291e+09,8530,-0.129469,0,0.129469,1.01782,0,-1.01782
1.76291e+09,8531,-0.12958,0,0.12958,1.01771,0,-1.01771
1.76291e+09,8532,-0.129689,0,0.129689,1.0176,0,-1.0176
1.76291e+09,8533,-0.129797,0,0.129797,1.01749,0,-1.01749
1.76291e+09,8534,-0.129904,0,0.129904,1.01738,0,-1.01738
1.76291e+09,8535,-0.130009,0,0.130009,1.01728,0,-1.01728
1.76291e+09,8536,-0.130114,0,0.130114,1.01717,0,-1.01717
1.76291e+09,8537,-0.130217,0,0.130217,1.01706,0,-1.01706
1.76291e+09,8538,-0.130319,0,0.130319,1.01695,0,-1.01695
1.76291e+09,8539,-0.13042,0,0.13042,1.01685,0,-1.01685
1.76291e+09,8540,-0.13052,0,0.13052,1.01674,0,-1.01674
1.76291e+09,8541,-0.130619,0,0.130619,1.01664,0,-1.01664
1.76291e+09,8542,-0.130716,0,0.130716,1.01653,0,-1.01653
1.76291e+09,8543,-0.130813,0,0.130813,1.01643,0,-1.01643
1.76291e+09,8544,-0.130908,0,0.130908,1.01633,0,-1.01633
1.76291e+09,8545,-0.131002,0,0.131002,1.01623,0,-1.01623
1.76291e+09,8546,-0.131095,0,0.131095,1.01613,0,-1.01613
1.76291e+09,8547,-0.131187,0,0.131187,1.01602,0,-1.01602
1.76291e+09,8548,-0.131278,0,0.131278,1.01592,0,-1.01592
1.76291e+09,8549,-0.131367,0,0.131367,1.01583,0,-1.01583
1.76291e+09,8550,-0.131456,0,0.131456,1.01573,0,-1.01573
1.76291e+09,8551,-0.131543,0,0.131543,1.01563,0,-1.01563
1.76291e+09,8552,-0.131629,0,0.131629,1.01553,0,-1.01553
1.76291e+09,8553,-0.131715,0,0.131715,1.01543,0,-1.01543
1.76291e+09,8554,-0.131799,0,0.131799,1.01534,0,-1.01534
1.76291e+09,8555,-0.131882,0,0.131882,1.01524,0,-1.01524
1.76291e+09,8556,-0.131964,0,0.131964,1.01515,0,-1.01515
1.76291e+09,8557,-0.132045,0,0.132045,1.01505,0,-1.01505
1.76291e+09,8558,-0.132124,0,0.132124,1.01496,0,-1.01496
1.76291e+09,8559,-0.132203,0,0.132203,1.01487,0,-1.01487
1.76291e+09,8560,-0.132281,0,0.132281,1.01477,0,-1.01477
1.76291e+09,8561,-0.132357,0,0.132357,1.01468,0,-1.01468
1.76291e+09,8562,-0.132433,0,0.132433,1.01459,0,-1.01459
1.76291e+09,8563,-0.132507,0,0.132507,1.0145,0,-1.0145
1.76291e+09,8564,-0.13258,0,0.13258,1.01441,0,-1.01441
1.76291e+09,8565,-0.132653,0,0.132653,1.01432,0,-1.01432
1.76291e+09,8566,-0.132724,0,0.132724,1.01423,0,-1.01423
1.76291e+09,8567,-0.132794,0,0.132794,1.01414,0,-1.01414
1.76291e+09,8568,-0.132863,0,0.132863,1.01406,0,-1.01406
1.76291e+09,8569,-0.132931,0,0.132931,1.01397,0,-1.01397
1.76291e+09,8570,-0.132998,0,0.132998,1.01388,0,-1.01388
1.76291e+09,8571,-0.133064,0,0.133064,1.0138,0,-1.0138
1.76291e+09,8572,-0.133129,0,0.133129,1.01371,0,-1.01371
1.76291e+09,8573,-0.133193,0,0.133193,1.01363,0,-1.01363
1.76291e+09,8574,-0.133256,0,0.133256,1.01354,0,-1.01354
1.76291e+09,8575,-0.133318,0,0.133318,1.01346,0,-1.01346
1.76291e+09,8576,-0.133379,0,0.133379,1.01337,0,-1.01337
1.76291e+09,8577,-0.133439,0,0.133439,1.01329,0,-1.01329
1.76291e+09,8578,-0.133498,0,0.133498,1.01321,0,-1.01321
1.76291e+09,8579,-0.133556,0,0.133556,1.01313,0,-1.01313
1.76291e+09,8580,-0.133613,0,0.133613,1.01305,0,-1.01305
1.76291e+09,8581,-0.133668,0,0.133668,1.01297,0,-1.01297
1.76291e+09,8582,-0.133723,0,0.133723,1.01289,0,-1.01289
1.76291e+09,8583,-0.133777,0,0.133777,1.01281,0,-1.01281
1.76291e+09,8584,-0.13383,0,0.13383,1.01273,0,-1.01273
1.76291e+09,8585,-0.133882,0,0.133882,1.01265,0,-1.01265
1.76291e+09,8586,-0.133933,0,0.133933,1.01257,0,-1.01257
1.76291e+09,8587,-0.133982,0,0.133982,1.0125,0,-1.0125
1.76291e+09,8588,-0.134031,0,0.134031,1.01242,0,-1.01242
1.76291e+09,8589,-0.134079,0,0.134079,1.01234,0,-1.01234
1.76291e+09,8590,-0.134126,0,0.134126,1.01227,0,-1.01227
1.76291e+09,8591,-0.134172,0,0.134172,1.01219,0,-1.01219
1.76291e+09,8592,-0.134217,0,0.134217,1.01212,0,-1.01212
1.76291e+09,8593,-0.134261,0,0.134261,1.01205,0,-1.01205
1.76291e+09,8594,-0.134304,0,0.134304,1.01197,0,-1.01197
1.76291e+09,8595,-0.134346,0,0.134346,1.0119,0,-1.0119
1.76291e+09,8596,-0.134387,0,0.134387,1.01183,0,-1.01183
1.76291e+09,8597,-0.134427,0,0.134427,1.01176,0,-1.01176
1.76291e+09,8598,-0.134466,0,0.134466,1.01169,0,-1.01169
1.76291e+09,8599,-0.134504,0,0.134504,1.01161,0,-1.01161
1.76291e+09,8600,-0.134541,0,0.134541,1.01154,0,-1.01154
1.76291e+09,8601,-0.134578,0,0.134578,1.01147,0,-1.01147
1.76291e+09,8602,-0.134613,0,0.134613,1.01141,0,-1.01141
1.76291e+09,8603,-0.134647,0,0.134647,1.01134,0,-1.01134
1.76291e+09,8604,-0.13468,0,0.13468,1.01127,0,-1.01127
1.76291e+09,8605,-0.134713,0,0.134713,1.0112,0,-1.0112
1.76291e+09,8606,-0.134744,0,0.134744,1.01113,0,-1.01113
1.76291e+09,8607,-0.134775,0,0.134775,1.01107,0,-1.01107
1.76291e+09,8608,-0.134804,0,0.134804,1.011,0,-1.011
1.76291e+09,8609,-0.134833,0,0.134833,1.01093,0,-1.01093
1.76291e+09,8610,-0.13486,0,0.13486,1.01087,0,-1.01087
1.76291e+09,8611,-0.134887,0,0.134887,1.0108,0,-1.0108
1.76291e+09,8612,-0.134913,0,0.134913,1.01074,0,-1.01074
1.76291e+09,8613,-0.134938,0,0.134938,1.01068,0,-1.01068
1.76291e+09,8614,-0.134962,0,0.134962,1.01061,0,-1.01061
1.76291e+09,8615,-0.134984,0,0.134984,1.01055,0,-1.01055
1.76291e+09,8616,-0.135006,0,0.135006,1.01049,0,-1.01049
1.76291e+09,8617,-0.135027,0,0.135027,1.01043,0,-1.01043
1.76291e+09,8618,-0.135048,0,0.135048,1.01036,0,-1.01036
1.76291e+09,8619,-0.135067,0,0.135067,1.0103,0,-1.0103
1.76291e+09,8620,-0.135085,0,0.135085,1.01024,0,-1.01024
1.76291e+09,8621,-0.135102,0,0.135102,1.01018,0,-1.01018
1.76291e+09,8622,-0.135119,0,0.135119,1.01012,0,-1.01012
1.76291e+09,8623,-0.135134,0,0.135134,1.01006,0,-1.01006
1.76291e+09,8624,-0.135148,0,0.135148,1.01,0,-1.01
1.76291e+09,8625,-0.135162,0,0.135162,1.00995,0,-1.00995
1.76291e+09,8626,-0.135175,0,0.135175,1.00989,0,-1.00989
1.76291e+09,8627,-0.135186,0,0.135186,1.00983,0,-1.00983
1.76291e+09,8628,-0.135197,0,0.135197,1.00977,0,-1.00977
1.76291e+09,8629,-0.135207,0,0.135207,1.00972,0,-1.00972
1.76291e+09,8630,-0.135216,0,0.135216,1.00966,0,-1.00966
1.76291e+09,8631,-0.135224,0,0.135224,1.00961,0,-1.00961
1.76291e+09,8632,-0.135231,0,0.135231,1.00955,0,-1.00955
1.76291e+09,8633,-0.135237,0,0.135237,1.00949,0,-1.00949
1.76291e+09,8634,-0.135242,0,0.135242,1.00944,0,-1.00944
1.76291e+09,8635,-0.135247,0,0.135247,1.00939,0,-1.00939
1.76291e+09,8636,-0.13525,0,0.13525,1.00933,0,-1.00933
1.76291e+09,8637,-0.135252,0,0.135252,1.00928,0,-1.00928
1.76291e+09,8638,-0.135254,0,0.135254,1.00923,0,-1.00923
1.76291e+09,8639,-0.135254,0,0.135254,1.00917,0,-1.00917
1.76291e+09,8640,-0.135254,0,0.135254,1.00912,0,-1.00912
1.76291e+09,8641,-0.135253,0,0.135253,1.00907,0,-1.00907
1.76291e+09,8642,-0.135251,0,0.135251,1.00902,0,-1.00902
1.76291e+09,8643,-0.135247,0,0.135247,1.00897,0,-1.00897
1.76291e+09,8644,-0.135243,0,0.135243,1.00892,0,-1.00892
1.76291e+09,8645,-0.135238,0,0.135238,1.00887,0,-1.00887
1.76291e+09,8646,-0.135232,0,0.135232,1.00882,0,-1.00882
1.76291e+09,8647,-0.135226,0,0.135226,1.00877,0,-1.00877
1.76291e+09,8648,-0.135218,0,0.135218,1.00872,0,-1.00872
1.76291e+09,8649,-0.135209,0,0.135209,1.00867,0,-1.00867
1.76291e+09,8650,-0.1352,0,0.1352,1.00863,0,-1.00863
1.76291e+09,8651,-0.135189,0,0.135189,1.00858,0,-1.00858
1.76291e+09,8652,-0.135178,0,0.135178,1.00853,0,-1.00853
1.76291e+09,8653,-0.135165,0,0.135165,1.00848,0,-1.00848
1.76291e+09,8654,-0.135152,0,0.135152,1.00844,0,-1.00844
1.76291e+09,8655,-0.135138,0,0.135138,1.00839,0,-1.00839
1.76291e+09,8656,-0.135122,0,0.135122,1.00835,0,-1.00835
1.76291e+09,8657,-0.135106,0,0.135106,1.0083,0,-1.0083
1.76291e+09,8658,-0.135089,0,0.135089,1.00826,0,-1.00826
1.76291e+09,8659,-0.135071,0,0.135071,1.00821,0,-1.00821
1.76291e+09,8660,-0.135052,0,0.135052,1.00817,0,-1.00817
1.76291e+09,8661,-0.135033,0,0.135033,1.00812,0,-1.00812
1.76291e+09,8662,-0.135012,0,0.135012,1.00808,0,-1.00808
1.76291e+09,8663,-0.13499,0,0.13499,1.00804,0,-1.00804
1.76291e+09,8664,-0.134967,0,0.134967,1.00799,0,-1.00799
1.76291e+09,8665,-0.134944,0,0.134944,1.00795,0,-1.00795
1.76291e+09,8666,-0.134919,0,0.134919,1.00791,0,-1.00791
1.76291e+09,8667,-0.134894,0,0.134894,1.00787,0,-1.00787
1.76291e+09,8668,-0.134868,0,0.134868,1.00783,0,-1.00783
1.76291e+09,8669,-0.13484,0,0.13484,1.00778,0,-1.00778
1.76291e+09,8670,-0.134812,0,0.134812,1.00774,0,-1.00774
1.76291e+09,8671,-0.134783,0,0.134783,1.0077,0,-1.0077
1.76291e+09,8672,-0.134753,0,0.134753,1.00766,0,-1.00766
1.76291e+09,8673,-0.134721,0,0.134721,1.00762,0,-1.00762
1.76291e+09,8674,-0.134689,0,0.134689,1.00758,0,-1.00758
1.76291e+09,8675,-0.134656,0,0.134656,1.00755,0,-1.00755
1.76291e+09,8676,-0.134622,0,0.134622,1.00751,0,-1.00751
1.76291e+09,8677,-0.134588,0,0.134588,1.00747,0,-1.00747
1.76291e+09,8678,-0.134552,0,0.134552,1.00743,0,-1.00743
1.76291e+09,8679,-0.134515,0,0.134515,1.00739,0,-1.00739
1.76291e+09,8680,-0.134477,0,0.134477,1.00735,0,-1.00735
1.76291e+09,8681,-0.134438,0,0.134438,1.00732,0,-1.00732
1.76291e+09,8682,-0.134399,0,0.134399,1.00728,0,-1.00728
1.76291e+09,8683,-0.134358,0,0.134358,1.00724,0,-1.00724
1.76291e+09,8684,-0.134317,0,0.134317,1.00721,0,-1.00721
1.76291e+09,8685,-0.134274,0,0.134274,1.00717,0,-1.00717
1.76291e+09,8686,-0.13423,0,0.13423,1.00714,0,-1.00714
1.76291e+09,8687,-0.134186,0,0.134186,1.0071,0,-1.0071
1.76291e+09,8688,-0.13414,0,0.13414,1.00707,0,-1.00707
1.76291e+09,8689,-0.134094,0,0.134094,1.00703,0,-1.00703
1.76291e+09,8690,-0.134047,0,0.134047,1.007,0,-1.007
1.76291e+09,8691,-0.133998,0,0.133998,1.00696,0,-1.00696
1.76291e+09,8692,-0.133949,0,0.133949,1.00693,0,-1.00693
1.76291e+09,8693,-0.133898,0,0.133898,1.0069,0,-1.0069
1.76291e+09,8694,-0.133847,0,0.133847,1.00686,0,-1.00686
1.76291e+09,8695,-0.133795,0,0.133795,1.00683,0,-1.00683
1.76291e+09,8696,-0.133741,0,0.133741,1.0068,0,-1.0068
1.76291e+09,8697,-0.133687,0,0.133687,1.00676,0,-1.00676
1.76291e+09,8698,-0.133632,0,0.133632,1.00673,0,-1.00673
1.76291e+09,8699,-0.133576,0,0.133576,1.0067,0,-1.0067
1.76291e+09,8700,-0.133518,0,0.133518,1.00667,0,-1.00667
1.76291e+09,8701,-0.13346,0,0.13346,1.00664,0,-1.00664
1.76291e+09,8702,-0.133401,0,0.133401,1.00661,0,-1.00661
1.76291e+09,8703,-0.13334,0,0.13334,1.00658,0,-1.00658
1.76291e+09,8704,-0.133279,0,0.133279,1.00655,0,-1.00655
1.76291e+09,8705,-0.133217,0,0.133217,1.00651,0,-1.00651
1.76291e+09,8706,-0.133154,0,0.133154,1.00648,0,-1.00648
1.76291e+09,8707,-0.133089,0,0.133089,1.00646,0,-1.00646
1.76291e+09,8708,-0.133024,0,0.133024,1.00643,0,-1.00643
1.76291e+09,8709,-0.132957,0,0.132957,1.0064,0,-1.0064
1.76291e+09,8710,-0.13289,0,0.13289,1.00637,0,-1.00637
1.76291e+09,8711,-0.132822,0,0.132822,1.00634,0,-1.00634
1.76291e+09,8712,-0.132752,0,0.132752,1.00631,0,-1.00631
1.76291e+09,8713,-0.132682,0,0.132682,1.00628,0,-1.00628
1.76291e+09,8714,-0.13261,0,0.13261,1.00625,0,-1.00625
1.76291e+09,8715,-0.132538,0,0.132538,1.00623,0,-1.00623
1.76291e+09,8716,-0.132464,0,0.132464,1.0062,0,-1.0062
1.76291e+09,8717,-0.132389,0,0.132389,1.00617,0,-1.00617
1.76291e+09,8718,-0.132314,0,0.132314,1.00614,0,-1.00614
1.76291e+09,8719,-0.132237,0,0.132237,1.00612,0,-1.00612
1.76291e+09,8720,-0.132159,0,0.132159,1.00609,0,-1.00609
1.76291e+09,8721,-0.13208,0,0.13208,1.00606,0,-1.00606
1.76291e+09,8722,-0.132,0,0.132,1.00604,0,-1.00604
1.76291e+09,8723,-0.131919,0,0.131919,1.00601,0,-1.00601
1.76291e+09,8724,-0.131837,0,0.131837,1.00598,0,-1.00598
1.76291e+09,8725,-0.131754,0,0.131754,1.00596,0,-1.00596
1.76291e+09,8726,-0.13167,0,0.13167,1.00593,0,-1.00593
1.76291e+09,8727,-0.131584,0,0.131584,1.00591,0,-1.00591
1.76291e+09,8728,-0.131498,0,0.131498,1.00588,0,-1.00588
1.76291e+09,8729,-0.131411,0,0.131411,1.00586,0,-1.00586
1.76291e+09,8730,-0.131322,0,0.131322,1.00583,0,-1.00583
1.76291e+09,8731,-0.131232,0,0.131232,1.00581,0,-1.00581
1.76291e+09,8732,-0.131141,0,0.131141,1.00578,0,-1.00578
1.76291e+09,8733,-0.13105,0,0.13105,1.00576,0,-1.00576
1.76291e+09,8734,-0.130957,0,0.130957,1.00574,0,-1.00574
1.76291e+09,8735,-0.130862,0,0.130862,1.00571,0,-1.00571
1.76291e+09,8736,-0.130767,0,0.130767,1.00569,0,-1.00569
1.76291e+09,8737,-0.130671,0,0.130671,1.00566,0,-1.00566
1.76291e+09,8738,-0.130573,0,0.130573,1.00564,0,-1.00564
1.76291e+09,8739,-0.130475,0,0.130475,1.00562,0,-1.00562
1.76291e+09,8740,-0.130375,0,0.130375,1.00559,0,-1.00559
1.76291e+09,8741,-0.130274,0,0.130274,1.00557,0,-1.00557
1.76291e+09,8742,-0.130172,0,0.130172,1.00555,0,-1.00555
1.76291e+09,8743,-0.130069,0,0.130069,1.00553,0,-1.00553
1.76291e+09,8744,-0.129964,0,0.129964,1.0055,0,-1.0055
1.76291e+09,8745,-0.129859,0,0.129859,1.00548,0,-1.00548
1.76291e+09,8746,-0.129752,0,0.129752,1.00546,0,-1.00546
1.76291e+09,8747,-0.129644,0,0.129644,1.00544,0,-1.00544
1.76291e+09,8748,-0.129535,0,0.129535,1.00542,0,-1.00542
1.76291e+09,8749,-0.129425,0,0.129425,1.00539,0,-1.00539
1.76291e+09,8750,-0.129314,0,0.129314,1.00537,0,-1.00537
1.76291e+09,8751,-0.129201,0,0.129201,1.00535,0,-1.00535
1.76291e+09,8752,-0.129088,0,0.129088,1.00533,0,-1.00533
1.76291e+09,8753,-0.128973,0,0.128973,1.00531,0,-1.00531
1.76291e+09,8754,-0.128857,0,0.128857,1.00529,0,-1.00529
1.76291e+09,8755,-0.128739,0,0.128739,1.00526,0,-1.00526
1.76291e+09,8756,-0.128621,0,0.128621,1.00524,0,-1.00524
1.76291e+09,8757,-0.128501,0,0.128501,1.00522,0,-1.00522
1.76291e+09,8758,-0.12838,0,0.12838,1.0052,0,-1.0052
1.76291e+09,8759,-0.128257,0,0.128257,1.00518,0,-1.00518
1.76291e+09,8760,-0.128134,0,0.128134,1.00516,0,-1.00516
1.76291e+09,8761,-0.128009,0,0.128009,1.00514,0,-1.00514
1.76291e+09,8762,-0.127883,0,0.127883,1.00512,0,-1.00512
1.76291e+09,8763,-0.127756,0,0.127756,1.0051,0,-1.0051
1.76291e+09,8764,-0.127628,0,0.127628,1.00508,0,-1.00508
1.76291e+09,8765,-0.127498,0,0.127498,1.00506,0,-1.00506
1.76291e+09,8766,-0.127367,0,0.127367,1.00504,0,-1.00504
1.76291e+09,8767,-0.127235,0,0.127235,1.00502,0,-1.00502
1.76291e+09,8768,-0.127101,0,0.127101,1.005,0,-1.005
1.76291e+09,8769,-0.126966,0,0.126966,1.00498,0,-1.00498
1.76291e+09,8770,-0.12683,0,0.12683,1.00496,0,-1.00496
1.76291e+09,8771,-0.126692,0,0.126692,1.00494,0,-1.00494
1.76291e+09,8772,-0.126554,0,0.126554,1.00492,0,-1.00492
1.76291e+09,8773,-0.126414,0,0.126414,1.0049,0,-1.0049
1.76291e+09,8774,-0.126272,0,0.126272,1.00488,0,-1.00488
1.76291e+09,8775,-0.126129,0,0.126129,1.00486,0,-1.00486
1.76291e+09,8776,-0.125985,0,0.125985,1.00484,0,-1.00484
1.76291e+09,8777,-0.12584,0,0.12584,1.00482,0,-1.00482
1.76291e+09,8778,-0.125693,0,0.125693,1.0048,0,-1.0048
1.76291e+09,8779,-0.125545,0,0.125545,1.00478,0,-1.00478
1.76291e+09,8780,-0.125396,0,0.125396,1.00476,0,-1.00476
1.76291e+09,8781,-0.125245,0,0.125245,1.00474,0,-1.00474
1.76291e+09,8782,-0.125093,0,0.125093,1.00472,0,-1.00472
1.76291e+09,8783,-0.124939,0,0.124939,1.0047,0,-1.0047
1.76291e+09,8784,-0.124784,0,0.124784,1.00468,0,-1.00468
1.76291e+09,8785,-0.124628,0,0.124628,1.00466,0,-1.00466
1.76291e+09,8786,-0.12447,0,0.12447,1.00464,0,-1.00464
1.76291e+09,8787,-0.124311,0,0.124311,1.00462,0,-1.00462
1.76291e+09,8788,-0.12415,0,0.12415,1.0046,0,-1.0046
1.76291e+09,8789,-0.123988,0,0.123988,1.00458,0,-1.00458
1.76291e+09,8790,-0.123825,0,0.123825,1.00456,0,-1.00456
1.76291e+09,8791,-0.12366,0,0.12366,1.00454,0,-1.00454
1.76291e+09,8792,-0.123494,0,0.123494,1.00452,0,-1.00452
1.76291e+09,8793,-0.123326,0,0.123326,1.0045,0,-1.0045
1.76291e+09,8794,-0.123157,0,0.123157,1.00448,0,-1.00448
1.76291e+09,8795,-0.122986,0,0.122986,1.00446,0,-1.00446
1.76291e+09,8796,-0.122814,0,0.122814,1.00444,0,-1.00444
1.76291e+09,8797,-0.12264,0,0.12264,1.00442,0,-1.00442
1.76291e+09,8798,-0.122465,0,0.122465,1.0044,0,-1.0044
1.76291e+09,8799,-0.122288,0,0.122288,1.00438,0,-1.00438
1.76291e+09,8800,-0.12211,0,0.12211,1.00436,0,-1.00436
1.76291e+09,8801,-0.12193,0,0.12193,1.00434,0,-1.00434
1.76291e+09,8802,-0.121749,0,0.121749,1.00432,0,-1.00432
1.76291e+09,8803,-0.121567,0,0.121567,1.00429,0,-1.00429
1.76291e+09,8804,-0.121382,0,0.121382,1.00427,0,-1.00427
1.76291e+09,8805,-0.121197,0,0.121197,1.00425,0,-1.00425
1.76291e+09,8806,-0.121009,0,0.121009,1.00423,0,-1.00423
1.76291e+09,8807,-0.12082,0,0.12082,1.00421,0,-1.00421
1.76291e+09,8808,-0.12063,0,0.12063,1.00419,0,-1.00419
1.76291e+09,8809,-0.120438,0,0.120438,1.00417,0,-1.00417
1.76291e+09,8810,-0.120244,0,0.120244,1.00414,0,-1.00414
1.76291e+09,8811,-0.120049,0,0.120049,1.00412,0,-1.00412
1.76291e+09,8812,-0.119852,0,0.119852,1.0041,0,-1.0041
1.76291e+09,8813,-0.119653,0,0.119653,1.00408,0,-1.00408
1.76291e+09,8814,-0.119453,0,0.119453,1.00405,0,-1.00405
1.76291e+09,8815,-0.119251,0,0.119251,1.00403,0,-1.00403
1.76291e+09,8816,-0.119048,0,0.119048,1.00401,0,-1.00401
1.76291e+09,8817,-0.118843,0,0.118843,1.00398,0,-1.00398
1.76291e+09,8818,-0.118636,0,0.118636,1.00396,0,-1.00396
1.76291e+09,8819,-0.118428,0,0.118428,1.00394,0,-1.00394
1.76291e+09,8820,-0.118218,0,0.118218,1.00391,0,-1.00391
1.76291e+09,8821,-0.118006,0,0.118006,1.00389,0,-1.00389
1.76291e+09,8822,-0.117792,0,0.117792,1.00386,0,-1.00386
1.76291e+09,8823,-0.117577,0,0.117577,1.00384,0,-1.00384
1.76291e+09,8824,-0.11736,0,0.11736,1.00381,0,-1.00381
1.76291e+09,8825,-0.117142,0,0.117142,1.00379,0,-1.00379
1.76291e+09,8826,-0.116921,0,0.116921,1.00376,0,-1.00376
1.76291e+09,8827,-0.116699,0,0.116699,1.00373,0,-1.00373
1.76291e+09,8828,-0.116475,0,0.116475,1.00371,0,-1.00371
1.76291e+09,8829,-0.11625,0,0.11625,1.00368,0,-1.00368
1.76291e+09,8830,-0.116022,0,0.116022,1.00366,0,-1.00366
1.76291e+09,8831,-0.115793,0,0.115793,1.00363,0,-1.00363
1.76291e+09,8832,-0.115562,0,0.115562,1.0036,0,-1.0036
1.76291e+09,8833,-0.115329,0,0.115329,1.00357,0,-1.00357
1.76291e+09,8834,-0.115094,0,0.115094,1.00354,0,-1.00354
1.76291e+09,8835,-0.114858,0,0.114858,1.00352,0,-1.00352
1.76291e+09,8836,-0.11462,0,0.11462,1.00349,0,-1.00349
1.76291e+09,8837,-0.114379,0,0.114379,1.00346,0,-1.00346
1.76291e+09,8838,-0.114137,0,0.114137,1.00343,0,-1.00343
1.76291e+09,8839,-0.113893,0,0.113893,1.0034,0,-1.0034
1.76291e+09,8840,-0.113647,0,0.113647,1.00337,0,-1.00337
1.76291e+09,8841,-0.1134,0,0.1134,1.00333,0,-1.00333
1.76291e+09,8842,-0.11315,0,0.11315,1.0033,0,-1.0033
1.76291e+09,8843,-0.112898,0,0.112898,1.00327,0,-1.00327
1.76291e+09,8844,-0.112645,0,0.112645,1.00324,0,-1.00324
1.76291e+09,8845,-0.112389,0,0.112389,1.00321,0,-1.00321
1.76291e+09,8846,-0.112132,0,0.112132,1.00317,0,-1.00317
1.76291e+09,8847,-0.111873,0,0.111873,1.00314,0,-1.00314
1.76291e+09,8848,-0.111611,0,0.111611,1.0031,0,-1.0031
1.76291e+09,8849,-0.111348,0,0.111348,1.00307,0,-1.00307
1.76291e+09,8850,-0.111082,0,0.111082,1.00303,0,-1.00303
1.76291e+09,8851,-0.110815,0,0.110815,1.003,0,-1.003
1.76291e+09,8852,-0.110546,0,0.110546,1.00296,0,-1.00296
1.76291e+09,8853,-0.110274,0,0.110274,1.00293,0,-1.00293
1.76291e+09,8854,-0.110001,0,0.110001,1.00289,0,-1.00289
1.76291e+09,8855,-0.109725,0,0.109725,1.00285,0,-1.00285
1.76291e+09,8856,-0.109447,0,0.109447,1.00281,0,-1.00281
1.76291e+09,8857,-0.109168,0,0.109168,1.00277,0,-1.00277
1.76291e+09,8858,-0.108886,0,0.108886,1.00273,0,-1.00273
1.76291e+09,8859,-0.108602,0,0.108602,1.00269,0,-1.00269
1.76291e+09,8860,-0.108316,0,0.108316,1.00265,0,-1.00265
1.76291e+09,8861,-0.108027,0,0.108027,1.00261,0,-1.00261
1.76291e+09,8862,-0.107737,0,0.107737,1.00257,0,-1.00257
1.76291e+09,8863,-0.107444,0,0.107444,1.00252,0,-1.00252
1.76291e+09,8864,-0.107149,0,0.107149,1.00248,0,-1.00248
1.76291e+09,8865,-0.106852,0,0.106852,1.00243,0,-1.00243
1.76291e+09,8866,-0.106553,0,0.106553,1.00239,0,-1.00239
1.76291e+09,8867,-0.106252,0,0.106252,1.00234,0,-1.00234
1.76291e+09,8868,-0.105948,0,0.105948,1.0023,0,-1.0023
1.76291e+09,8869,-0.105642,0,0.105642,1.00225,0,-1.00225
1.76291e+09,8870,-0.105333,0,0.105333,1.0022,0,-1.0022
1.76291e+09,8871,-0.105023,0,0.105023,1.00215,0,-1.00215
1.76291e+09,8872,-0.10471,0,0.10471,1.0021,0,-1.0021
1.76291e+09,8873,-0.104395,0,0.104395,1.00205,0,-1.00205
1.76291e+09,8874,-0.104077,0,0.104077,1.002,0,-1.002
1.76291e+09,8875,-0.103757,0,0.103757,1.00195,0,-1.00195
1.76291e+09,8876,-0.103435,0,0.103435,1.00189,0,-1.00189
1.76291e+09,8877,-0.10311,0,0.10311,1.00184,0,-1.00184
1.76291e+09,8878,-0.102783,0,0.102783,1.00178,0,-1.00178
1.76291e+09,8879,-0.102453,0,0.102453,1.00173,0,-1.00173
1.76291e+09,8880,-0.102116,0,0.102116,1.00165,0,-1.00165
1.76291e+09,8881,-0.101775,0,0.101775,1.00158,0,-1.00158
1.76291e+09,8882,-0.101433,0,0.101433,1.0015,0,-1.0015
1.76291e+09,8883,-0.101088,0,0.101088,1.00142,0,-1.00142
1.76291e+09,8884,-0.10074,0,0.10074,1.00134,0,-1.00134
1.76291e+09,8885,-0.100391,0,0.100391,1.00126,0,-1.00126
1.76291e+09,8886,-0.100038,0,0.100038,1.00118,0,-1.00118
1.76291e+09,8887,-0.0996838,0,0.0996838,1.0011,0,-1.0011
1.76291e+09,8888,-0.0993268,0,0.0993268,1.00102,0,-1.00102
1.76291e+09,8889,-0.0989673,0,0.0989673,1.00093,0,-1.00093
1.76291e+09,8890,-0.0986055,0,0.0986055,1.00085,0,-1.00085
1.76291e+09,8891,-0.0982412,0,0.0982412,1.00076,0,-1.00076
1.76291e+09,8892,-0.0978746,0,0.0978746,1.00067,0,-1.00067
1.76291e+09,8893,-0.0975056,0,0.0975056,1.00058,0,-1.00058
1.76291e+09,8894,-0.0971342,0,0.0971342,1.00049,0,-1.00049
1.76291e+09,8895,-0.0967604,0,0.0967604,1.0004,0,-1.0004
1.76291e+09,8896,-0.0963844,0,0.0963844,1.00031,0,-1.00031
1.76291e+09,8897,-0.096006,0,0.096006,1.00021,0,-1.00021
1.76291e+09,8898,-0.0956253,0,0.0956253,1.00012,0,-1.00012
1.76291e+09,8899,-0.0952424,0,0.0952424,1.00002,0,-1.00002
1.76291e+09,8900,-0.0948572,0,0.0948572,0.999926,0,-0.999926
1.76291e+09,8901,-0.0944698,0,0.0944698,0.999827,0,-0.999827
1.76291e+09,8902,-0.0940802,0,0.0940802,0.999727,0,-0.999727
1.76291e+09,8903,-0.0936884,0,0.0936884,0.999625,0,-0.999625
1.76291e+09,8904,-0.0932945,0,0.0932945,0.999523,0,-0.999523
1.76291e+09,8905,-0.0928986,0,0.0928986,0.999418,0,-0.999418
1.76291e+09,8906,-0.0925005,0,0.0925005,0.999313,0,-0.999313
1.76291e+09,8907,-0.0921005,0,0.0921005,0.999206,0,-0.999206
1.76291e+09,8908,-0.0916985,0,0.0916985,0.999098,0,-0.999098
1.76291e+09,8909,-0.0912945,0,0.0912945,0.998989,0,-0.998989
1.76291e+09,8910,-0.0908887,0,0.0908887,0.998878,0,-0.998878
1.76291e+09,8911,-0.090481,0,0.090481,0.998766,0,-0.998766
1.76291e+09,8912,-0.0900715,0,0.0900715,0.998652,0,-0.998652
1.76291e+09,8913,-0.0896602,0,0.0896602,0.998537,0,-0.998537
1.76291e+09,8914,-0.0892473,0,0.0892473,0.998421,0,-0.998421
1.76291e+09,8915,-0.0888326,0,0.0888326,0.998303,0,-0.998303
1.76291e+09,8916,-0.0884164,0,0.0884164,0.998184,0,-0.998184
1.76291e+09,8917,-0.0879986,0,0.0879986,0.998063,0,-0.998063
1.76291e+09,8918,-0.0875794,0,0.0875794,0.997941,0,-0.997941
1.76291e+09,8919,-0.0871587,0,0.0871587,0.997818,0,-0.997818
1.76291e+09,8920,-0.0867366,0,0.0867366,0.997693,0,-0.997693
1.76291e+09,8921,-0.0863131,0,0.0863131,0.997567,0,-0.997567
1.76291e+09,8922,-0.0858885,0,0.0858885,0.997439,0,-0.997439
1.76291e+09,8923,-0.0854625,0,0.0854625,0.99731,0,-0.99731
1.76291e+09,8924,-0.0850355,0,0.0850355,0.99718,0,-0.99718
1.76291e+09,8925,-0.0846073,0,0.0846073,0.997048,0,-0.997048
1.76291e+09,8926,-0.0841782,0,0.0841782,0.996915,0,-0.996915
1.76291e+09,8927,-0.083748,0,0.083748,0.99678,0,-0.99678
1.76291e+09,8928,-0.083317,0,0.083317,0.996644,0,-0.996644
1.76291e+09,8929,-0.0828851,0,0.0828851,0.996507,0,-0.996507
1.76291e+09,8930,-0.0824525,0,0.0824525,0.996368,0,-0.996368
1.76291e+09,8931,-0.0820191,0,0.0820191,0.996228,0,-0.996228
1.76291e+09,8932,-0.0815851,0,0.0815851,0.996086,0,-0.996086
1.76291e+09,8933,-0.0811505,0,0.0811505,0.995943,0,-0.995943
1.76291e+09,8934,-0.0807154,0,0.0807154,0.995799,0,-0.995799
1.76291e+09,8935,-0.0802799,0,0.0802799,0.995654,0,-0.995654
1.76291e+09,8936,-0.079844,0,0.079844,0.995507,0,-0.995507
1.76291e+09,8937,-0.0794077,0,0.0794077,0.995359,0,-0.995359
1.76291e+09,8938,-0.0789713,0,0.0789713,0.995209,0,-0.995209
1.76291e+09,8939,-0.0785346,0,0.0785346,0.995058,0,-0.995058
1.76291e+09,8940,-0.0780979,0,0.0780979,0.994907,0,-0.994907
1.76291e+09,8941,-0.0776611,0,0.0776611,0.994753,0,-0.994753
1.76291e+09,8942,-0.0772243,0,0.0772243,0.994599,0,-0.994599
1.76291e+09,8943,-0.0767877,0,0.0767877,0.994443,0,-0.994443
1.76291e+09,8944,-0.0763512,0,0.0763512,0.994286,0,-0.994286
1.76291e+09,8945,-0.0759149,0,0.0759149,0.994128,0,-0.994128
1.76291e+09,8946,-0.075479,0,0.075479,0.993969,0,-0.993969
1.76291e+09,8947,-0.0750434,0,0.0750434,0.993809,0,-0.993809
1.76291e+09,8948,-0.0746082,0,0.0746082,0.993648,0,-0.993648
1.76291e+09,8949,-0.0741736,0,0.0741736,0.993485,0,-0.993485
1.76291e+09,8950,-0.0737395,0,0.0737395,0.993322,0,-0.993322
1.76291e+09,8951,-0.0733061,0,0.0733061,0.993157,0,-0.993157
1.76291e+09,8952,-0.0728733,0,0.0728733,0.992991,0,-0.992991
1.76291e+09,8953,-0.0724414,0,0.0724414,0.992825,0,-0.992825
1.76291e+09,8954,-0.0720102,0,0.0720102,0.992657,0,-0.992657
1.76291e+09,8955,-0.07158,0,0.07158,0.992489,0,-0.992489
1.76291e+09,8956,-0.0711507,0,0.0711507,0.992319,0,-0.992319
1.76291e+09,8957,-0.0707224,0,0.0707224,0.992149,0,-0.992149
1.76291e+09,8958,-0.0702953,0,0.0702953,0.991977,0,-0.991977
1.76291e+09,8959,-0.0698693,0,0.0698693,0.991805,0,-0.991805
1.76291e+09,8960,-0.0694445,0,0.0694445,0.991632,0,-0.991632
1.76291e+09,8961,-0.0690209,0,0.0690209,0.991459,0,-0.991459
1.76291e+09,8962,-0.0685987,0,0.0685987,0.991284,0,-0.991284
1.76291e+09,8963,-0.0681779,0,0.0681779,0.991109,0,-0.991109
1.76291e+09,8964,-0.0677586,0,0.0677586,0.990933,0,-0.990933
1.76291e+09,8965,-0.0673407,0,0.0673407,0.990757,0,-0.990757
1.76291e+09,8966,-0.0669244,0,0.0669244,0.990579,0,-0.990579
1.76291e+09,8967,-0.0665097,0,0.0665097,0.990402,0,-0.990402
1.76291e+09,8968,-0.0660967,0,0.0660967,0.990223,0,-0.990223
1.76291e+09,8969,-0.0656854,0,0.0656854,0.990044,0,-0.990044
1.76291e+09,8970,-0.0652758,0,0.0652758,0.989865,0,-0.989865
1.76291e+09,8971,-0.0648681,0,0.0648681,0.989685,0,-0.989685
1.76291e+09,8972,-0.0644623,0,0.0644623,0.989504,0,-0.989504
1.76291e+09,8973,-0.0640583,0,0.0640583,0.989323,0,-0.989323
1.76291e+09,8974,-0.0636563,0,0.0636563,0.989142,0,-0.989142
1.76291e+09,8975,-0.0632563,0,0.0632563,0.98896,0,-0.98896
1.76291e+09,8976,-0.0628584,0,0.0628584,0.988778,0,-0.988778
1.76291e+09,8977,-0.0624625,0,0.0624625,0.988595,0,-0.988595
1.76291e+09,8978,-0.0620688,0,0.0620688,0.988412,0,-0.988412
1.76291e+09,8979,-0.0616772,0,0.0616772,0.988229,0,-0.988229
1.76291e+09,8980,-0.0612878,0,0.0612878,0.988046,0,-0.988046
1.76291e+09,8981,-0.0609006,0,0.0609006,0.987862,0,-0.987862
1.76291e+09,8982,-0.0605157,0,0.0605157,0.987679,0,-0.987679
1.76291e+09,8983,-0.0601331,0,0.0601331,0.987495,0,-0.987495
1.76291e+09,8984,-0.0597527,0,0.0597527,0.987311,0,-0.987311
1.76291e+09,8985,-0.0593747,0,0.0593747,0.987127,0,-0.987127
1.76291e+09,8986,-0.0589991,0,0.0589991,0.986942,0,-0.986942
1.76291e+09,8987,-0.0586258,0,0.0586258,0.986758,0,-0.986758
1.76291e+09,8988,-0.058255,0,0.058255,0.986573,0,-0.986573
1.76291e+09,8989,-0.0578865,0,0.0578865,0.986389,0,-0.986389
1.76291e+09,8990,-0.0575205,0,0.0575205,0.986205,0,-0.986205
1.76291e+09,8991,-0.0571569,0,0.0571569,0.98602,0,-0.98602
1.76291e+09,8992,-0.0567958,0,0.0567958,0.985836,0,-0.985836
1.76291e+09,8993,-0.0564371,0,0.0564371,0.985651,0,-0.985651
1.76291e+09,8994,-0.0560809,0,0.0560809,0.985467,0,-0.985467
1.76291e+09,8995,-0.0557272,0,0.0557272,0.985283,0,-0.985283
1.76291e+09,8996,-0.0553759,0,0.0553759,0.985099,0,-0.985099
1.76291e+09,8997,-0.0550271,0,0.0550271,0.984915,0,-0.984915
1.76291e+09,8998,-0.0546808,0,0.0546808,0.984731,0,-0.984731
1.76291e+09,8999,-0.0543369,0,0.0543369,0.984547,0,-0.984547
1.76291e+09,9000,-0.0540735,0,0.0540735,0.989285,0,-0.989285
1.76291e+09,9001,-0.0538118,0,0.0538118,0.994007,0,-0.994007
1.76291e+09,9002,-0.0535518,0,0.0535518,0.998713,0,-0.998713
1.76291e+09,9003,-0.0532934,0,0.0532934,1.0034,0,-1.0034
1.76291e+09,9004,-0.0530368,0,0.0530368,1.00807,0,-1.00807
1.76291e+09,9005,-0.0527819,0,0.0527819,1.01273,0,-1.01273
1.76291e+09,9006,-0.0525286,0,0.0525286,1.01737,0,-1.01737
1.76291e+09,9007,-0.052277,0,0.052277,1.02199,0,-1.02199
1.76291e+09,9008,-0.0520271,0,0.0520271,1.0266,0,-1.0266
1.76291e+09,9009,-0.0517788,0,0.0517788,1.03119,0,-1.03119
1.76291e+09,9010,-0.0515322,0,0.0515322,1.03577,0,-1.03577
1.76291e+09,9011,-0.0512873,0,0.0512873,1.04033,0,-1.04033
1.76291e+09,9012,-0.0510439,0,0.0510439,1.04487,0,-1.04487
1.76291e+09,9013,-0.0508022,0,0.0508022,1.0494,0,-1.0494
1.76291e+09,9014,-0.0505621,0,0.0505621,1.05391,0,-1.05391
1.76291e+09,9015,-0.0503236,0,0.0503236,1.05841,0,-1.05841
1.76291e+09,9016,-0.0500867,0,0.0500867,1.06289,0,-1.06289
1.76291e+09,9017,-0.0498514,0,0.0498514,1.06735,0,-1.06735
1.76291e+09,9018,-0.0496176,0,0.0496176,1.0718,0,-1.0718
1.76291e+09,9019,-0.0493854,0,0.0493854,1.07623,0,-1.07623
1.76291e+09,9020,-0.0491547,0,0.0491547,1.08065,0,-1.08065
1.76291e+09,9021,-0.0489256,0,0.0489256,1.08505,0,-1.08505
1.76291e+09,9022,-0.0486981,0,0.0486981,1.08943,0,-1.08943
1.76291e+09,9023,-0.048472,0,0.048472,1.0938,0,-1.0938
1.76291e+09,9024,-0.0482474,0,0.0482474,1.09816,0,-1.09816
1.76291e+09,9025,-0.0480244,0,0.0480244,1.10249,0,-1.10249
1.76291e+09,9026,-0.0478028,0,0.0478028,1.10682,0,-1.10682
1.76291e+09,9027,-0.0475828,0,0.0475828,1.11112,0,-1.11112
1.76291e+09,9028,-0.0473641,0,0.0473641,1.11541,0,-1.11541
1.76291e+09,9029,-0.047147,0,0.047147,1.11969,0,-1.11969
1.76291e+09,9030,-0.0469313,0,0.0469313,1.12394,0,-1.12394
1.76291e+09,9031,-0.0467171,0,0.0467171,1.12819,0,-1.12819
1.76291e+09,9032,-0.0465043,0,0.0465043,1.13241,0,-1.13241
1.76291e+09,9033,-0.0462929,0,0.0462929,1.13663,0,-1.13663
1.76291e+09,9034,-0.0460829,0,0.0460829,1.14082,0,-1.14082
1.76291e+09,9035,-0.0458744,0,0.0458744,1.145,0,-1.145
1.76291e+09,9036,-0.0456672,0,0.0456672,1.14916,0,-1.14916
1.76291e+09,9037,-0.0454615,0,0.0454615,1.15331,0,-1.15331
1.76291e+09,9038,-0.0452571,0,0.0452571,1.15745,0,-1.15745
1.76291e+09,9039,-0.0450542,0,0.0450542,1.16156,0,-1.16156
1.76291e+09,9040,-0.0448525,0,0.0448525,1.16566,0,-1.16566
1.76291e+09,9041,-0.0446523,0,0.0446523,1.16975,0,-1.16975
1.76291e+09,9042,-0.0444534,0,0.0444534,1.17382,0,-1.17382
1.76291e+09,9043,-0.0442559,0,0.0442559,1.17787,0,-1.17787
1.76291e+09,9044,-0.0440597,0,0.0440597,1.18191,0,-1.18191
1.76291e+09,9045,-0.0438649,0,0.0438649,1.18593,0,-1.18593
1.76291e+09,9046,-0.0436713,0,0.0436713,1.18993,0,-1.18993
1.76291e+09,9047,-0.0434791,0,0.0434791,1.19392,0,-1.19392
1.76291e+09,9048,-0.0432883,0,0.0432883,1.1979,0,-1.1979
1.76291e+09,9049,-0.0430987,0,0.0430987,1.20186,0,-1.20186
1.76291e+09,9050,-0.0429104,0,0.0429104,1.2058,0,-1.2058
1.76291e+09,9051,-0.0427234,0,0.0427234,1.20972,0,-1.20972
1.76291e+09,9052,-0.0425377,0,0.0425377,1.21363,0,-1.21363
1.76291e+09,9053,-0.0423533,0,0.0423533,1.21753,0,-1.21753
1.76291e+09,9054,-0.0421702,0,0.0421702,1.22141,0,-1.22141
1.76291e+09,9055,-0.0419883,0,0.0419883,1.22527,0,-1.22527
1.76291e+09,9056,-0.0418077,0,0.0418077,1.22911,0,-1.22911
1.76291e+09,9057,-0.0416284,0,0.0416284,1.23294,0,-1.23294
1.76291e+09,9058,-0.0414503,0,0.0414503,1.23676,0,-1.23676
1.76291e+09,9059,-0.0412735,0,0.0412735,1.24055,0,-1.24055
1.76291e+09,9060,-0.0410979,0,0.0410979,1.24433,0,-1.24433
1.76291e+09,9061,-0.0409235,0,0.0409235,1.2481,0,-1.2481
1.76291e+09,9062,-0.0407504,0,0.0407504,1.25185,0,-1.25185
1.76291e+09,9063,-0.0405784,0,0.0405784,1.25558,0,-1.25558
1.76291e+09,9064,-0.0404077,0,0.0404077,1.25929,0,-1.25929
1.76291e+09,9065,-0.0402382,0,0.0402382,1.26299,0,-1.26299
1.76291e+09,9066,-0.0400699,0,0.0400699,1.26668,0,-1.26668
1.76291e+09,9067,-0.0399029,0,0.0399029,1.27034,0,-1.27034
1.76291e+09,9068,-0.039737,0,0.039737,1.27399,0,-1.27399
1.76291e+09,9069,-0.0395722,0,0.0395722,1.27763,0,-1.27763
1.76291e+09,9070,-0.0394087,0,0.0394087,1.28125,0,-1.28125
1.76291e+09,9071,-0.0392464,0,0.0392464,1.28485,0,-1.28485
1.76291e+09,9072,-0.0390852,0,0.0390852,1.28843,0,-1.28843
1.76291e+09,9073,-0.0389252,0,0.0389252,1.292,0,-1.292
1.76291e+09,9074,-0.0387663,0,0.0387663,1.29555,0,-1.29555
1.76291e+09,9075,-0.0386087,0,0.0386087,1.29908,0,-1.29908
1.76291e+09,9076,-0.0384521,0,0.0384521,1.3026,0,-1.3026
1.76291e+09,9077,-0.0382967,0,0.0382967,1.3061,0,-1.3061
1.76291e+09,9078,-0.0381425,0,0.0381425,1.30959,0,-1.30959
1.76291e+09,9079,-0.0379894,0,0.0379894,1.31305,0,-1.31305
1.76291e+09,9080,-0.0378374,0,0.0378374,1.3165,0,-1.3165
1.76291e+09,9081,-0.0376866,0,0.0376866,1.31994,0,-1.31994
1.76291e+09,9082,-0.0375369,0,0.0375369,1.32335,0,-1.32335
1.76291e+09,9083,-0.0373883,0,0.0373883,1.32675,0,-1.32675
1.76291e+09,9084,-0.0372408,0,0.0372408,1.33014,0,-1.33014
1.76291e+09,9085,-0.0370944,0,0.0370944,1.3335,0,-1.3335
1.76291e+09,9086,-0.0369492,0,0.0369492,1.33685,0,-1.33685
1.76291e+09,9087,-0.036805,0,0.036805,1.34018,0,-1.34018
1.76291e+09,9088,-0.0366619,0,0.0366619,1.3435,0,-1.3435
1.76291e+09,9089,-0.03652,0,0.03652,1.34679,0,-1.34679
1.76291e+09,9090,-0.0363791,0,0.0363791,1.35007,0,-1.35007
1.76291e+09,9091,-0.0362393,0,0.0362393,1.35334,0,-1.35334
1.76291e+09,9092,-0.0361006,0,0.0361006,1.35658,0,-1.35658
1.76291e+09,9093,-0.035963,0,0.035963,1.35981,0,-1.35981
1.76291e+09,9094,-0.0358265,0,0.0358265,1.36302,0,-1.36302
1.76291e+09,9095,-0.035691,0,0.035691,1.36622,0,-1.36622
1.76291e+09,9096,-0.0355566,0,0.0355566,1.36939,0,-1.36939
1.76291e+09,9097,-0.0354232,0,0.0354232,1.37255,0,-1.37255
1.76291e+09,9098,-0.0352909,0,0.0352909,1.37569,0,-1.37569
1.76291e+09,9099,-0.0351597,0,0.0351597,1.37881,0,-1.37881
1.76291e+09,9100,-0.0350295,0,0.0350295,1.38192,0,-1.38192
1.76291e+09,9101,-0.0349004,0,0.0349004,1.38501,0,-1.38501
1.76291e+09,9102,-0.0347723,0,0.0347723,1.38808,0,-1.38808
1.76291e+09,9103,-0.0346453,0,0.0346453,1.39113,0,-1.39113
1.76291e+09,9104,-0.0345193,0,0.0345193,1.39417,0,-1.39417
1.76291e+09,9105,-0.0343944,0,0.0343944,1.39718,0,-1.39718
1.76291e+09,9106,-0.0342704,0,0.0342704,1.40018,0,-1.40018
1.76291e+09,9107,-0.0341475,0,0.0341475,1.40316,0,-1.40316
1.76291e+09,9108,-0.0340257,0,0.0340257,1.40613,0,-1.40613
1.76291e+09,9109,-0.0339048,0,0.0339048,1.40907,0,-1.40907
1.76291e+09,9110,-0.033785,0,0.033785,1.412,0,-1.412
1.76291e+09,9111,-0.0336662,0,0.0336662,1.41491,0,-1.41491
1.76291e+09,9112,-0.0335484,0,0.0335484,1.4178,0,-1.4178
1.76291e+09,9113,-0.0334317,0,0.0334317,1.42067,0,-1.42067
1.76291e+09,9114,-0.0333159,0,0.0333159,1.42353,0,-1.42353
1.76291e+09,9115,-0.0332011,0,0.0332011,1.42637,0,-1.42637
1.76291e+09,9116,-0.0330874,0,0.0330874,1.42918,0,-1.42918
1.76291e+09,9117,-0.0329747,0,0.0329747,1.43198,0,-1.43198
1.76291e+09,9118,-0.0328629,0,0.0328629,1.43477,0,-1.43477
1.76291e+09,9119,-0.0327522,0,0.0327522,1.43753,0,-1.43753
1.76291e+09,9120,-0.0326424,0,0.0326424,1.44027,0,-1.44027
1.76291e+09,9121,-0.0325336,0,0.0325336,1.443,0,-1.443
1.76291e+09,9122,-0.0324259,0,0.0324259,1.44571,0,-1.44571
1.76291e+09,9123,-0.0323191,0,0.0323191,1.4484,0,-1.4484
1.76291e+09,9124,-0.0322133,0,0.0322133,1.45107,0,-1.45107
1.76291e+09,9125,-0.0321084,0,0.0321084,1.45372,0,-1.45372
1.76291e+09,9126,-0.0320046,0,0.0320046,1.45635,0,-1.45635
1.76291e+09,9127,-0.0319017,0,0.0319017,1.45897,0,-1.45897
1.76291e+09,9128,-0.0317999,0,0.0317999,1.46156,0,-1.46156
1.76291e+09,9129,-0.0316989,0,0.0316989,1.46414,0,-1.46414
1.76291e+09,9130,-0.031599,0,0.031599,1.4667,0,-1.4667
1.76291e+09,9131,-0.0315,0,0.0315,1.46923,0,-1.46923
1.76291e+09,9132,-0.031402,0,0.031402,1.47175,0,-1.47175
1.76291e+09,9133,-0.031305,0,0.031305,1.47425,0,-1.47425
1.76291e+09,9134,-0.0312089,0,0.0312089,1.47674,0,-1.47674
1.76291e+09,9135,-0.0311138,0,0.0311138,1.4792,0,-1.4792
1.76291e+09,9136,-0.0310196,0,0.0310196,1.48164,0,-1.48164
1.76291e+09,9137,-0.0309264,0,0.0309264,1.48407,0,-1.48407
1.76291e+09,9138,-0.0308342,0,0.0308342,1.48647,0,-1.48647
1.76291e+09,9139,-0.0307429,0,0.0307429,1.48886,0,-1.48886
1.76291e+09,9140,-0.0306526,0,0.0306526,1.49122,0,-1.49122
1.76291e+09,9141,-0.0305632,0,0.0305632,1.49357,0,-1.49357
1.76291e+09,9142,-0.0304748,0,0.0304748,1.4959,0,-1.4959
1.76291e+09,9143,-0.0303873,0,0.0303873,1.49821,0,-1.49821
1.76291e+09,9144,-0.0303007,0,0.0303007,1.50049,0,-1.50049
1.76291e+09,9145,-0.0302151,0,0.0302151,1.50276,0,-1.50276
1.76291e+09,9146,-0.0301305,0,0.0301305,1.50501,0,-1.50501
1.76291e+09,9147,-0.0300468,0,0.0300468,1.50724,0,-1.50724
1.76291e+09,9148,-0.029964,0,0.029964,1.50945,0,-1.50945
1.76291e+09,9149,-0.0298822,0,0.0298822,1.51164,0,-1.51164
1.76291e+09,9150,-0.0298013,0,0.0298013,1.51381,0,-1.51381
1.76291e+09,9151,-0.0297213,0,0.0297213,1.51596,0,-1.51596
1.76291e+09,9152,-0.0296423,0,0.0296423,1.51809,0,-1.51809
1.76291e+09,9153,-0.0295642,0,0.0295642,1.52021,0,-1.52021
1.76291e+09,9154,-0.029487,0,0.029487,1.5223,0,-1.5223
1.76291e+09,9155,-0.0294108,0,0.0294108,1.52437,0,-1.52437
1.76291e+09,9156,-0.0293355,0,0.0293355,1.52642,0,-1.52642
1.76291e+09,9157,-0.0292611,0,0.0292611,1.52845,0,-1.52845
1.76291e+09,9158,-0.0291877,0,0.0291877,1.53046,0,-1.53046
1.76291e+09,9159,-0.0291152,0,0.0291152,1.53245,0,-1.53245
1.76291e+09,9160,-0.0290436,0,0.0290436,1.53442,0,-1.53442
1.76291e+09,9161,-0.0289729,0,0.0289729,1.53637,0,-1.53637
1.76291e+09,9162,-0.0289032,0,0.0289032,1.5383,0,-1.5383
1.76291e+09,9163,-0.0288343,0,0.0288343,1.54021,0,-1.54021
1.76291e+09,9164,-0.0287664,0,0.0287664,1.5421,0,-1.5421
1.76291e+09,9165,-0.0286994,0,0.0286994,1.54397,0,-1.54397
1.76291e+09,9166,-0.0286334,0,0.0286334,1.54582,0,-1.54582
1.76291e+09,9167,-0.0285682,0,0.0285682,1.54765,0,-1.54765
1.76291e+09,9168,-0.028504,0,0.028504,1.54945,0,-1.54945
1.76291e+09,9169,-0.0284407,0,0.0284407,1.55124,0,-1.55124
1.76291e+09,9170,-0.0283783,0,0.0283783,1.55301,0,-1.55301
1.76291e+09,9171,-0.0283168,0,0.0283168,1.55475,0,-1.55475
1.76291e+09,9172,-0.0282562,0,0.0282562,1.55648,0,-1.55648
1.76291e+09,9173,-0.0281965,0,0.0281965,1.55818,0,-1.55818
1.76291e+09,9174,-0.0281378,0,0.0281378,1.55986,0,-1.55986
1.76291e+09,9175,-0.0280799,0,0.0280799,1.56153,0,-1.56153
1.76291e+09,9176,-0.028023,0,0.028023,1.56317,0,-1.56317
1.76291e+09,9177,-0.027967,0,0.027967,1.56479,0,-1.56479
1.76291e+09,9178,-0.0279118,0,0.0279118,1.56639,0,-1.56639
1.76291e+09,9179,-0.0278576,0,0.0278576,1.56797,0,-1.56797
1.76291e+09,9180,-0.0278043,0,0.0278043,1.56953,0,-1.56953
1.76291e+09,9181,-0.0277519,0,0.0277519,1.57106,0,-1.57106
1.76291e+09,9182,-0.0277004,0,0.0277004,1.57258,0,-1.57258
1.76291e+09,9183,-0.0276498,0,0.0276498,1.57408,0,-1.57408
1.76291e+09,9184,-0.0276002,0,0.0276002,1.57555,0,-1.57555
1.76291e+09,9185,-0.0275514,0,0.0275514,1.577,0,-1.577
1.76291e+09,9186,-0.0275035,0,0.0275035,1.57843,0,-1.57843
1.76291e+09,9187,-0.0274565,0,0.0274565,1.57984,0,-1.57984
1.76291e+09,9188,-0.0274105,0,0.0274105,1.58123,0,-1.58123
1.76291e+09,9189,-0.0273653,0,0.0273653,1.5826,0,-1.5826
1.76291e+09,9190,-0.027321,0,0.027321,1.58395,0,-1.58395
1.76291e+09,9191,-0.0272776,0,0.0272776,1.58527,0,-1.58527
1.76291e+09,9192,-0.0272352,0,0.0272352,1.58658,0,-1.58658
1.76291e+09,9193,-0.0271936,0,0.0271936,1.58786,0,-1.58786
1.76291e+09,9194,-0.0271529,0,0.0271529,1.58912,0,-1.58912
1.76291e+09,9195,-0.0271132,0,0.0271132,1.59036,0,-1.59036
1.76291e+09,9196,-0.0270743,0,0.0270743,1.59158,0,-1.59158
1.76291e+09,9197,-0.0270363,0,0.0270363,1.59277,0,-1.59277
1.76291e+09,9198,-0.0269992,0,0.0269992,1.59395,0,-1.59395
1.76291e+09,9199,-0.026963,0,0.026963,1.5951,0,-1.5951
1.76291e+09,9200,-0.0269277,0,0.0269277,1.59623,0,-1.59623
1.76291e+09,9201,-0.0268933,0,0.0268933,1.59734,0,-1.59734
1.76291e+09,9202,-0.0268598,0,0.0268598,1.59843,0,-1.59843
1.76291e+09,9203,-0.0268272,0,0.0268272,1.59949,0,-1.59949
1.76291e+09,9204,-0.0267955,0,0.0267955,1.60054,0,-1.60054
1.76291e+09,9205,-0.0267647,0,0.0267647,1.60156,0,-1.60156
1.76291e+09,9206,-0.0267348,0,0.0267348,1.60256,0,-1.60256
1.76291e+09,9207,-0.0267058,0,0.0267058,1.60354,0,-1.60354
1.76291e+09,9208,-0.0266776,0,0.0266776,1.60449,0,-1.60449
1.76291e+09,9209,-0.0266504,0,0.0266504,1.60543,0,-1.60543
1.76291e+09,9210,-0.026624,0,0.026624,1.60634,0,-1.60634
1.76291e+09,9211,-0.0265986,0,0.0265986,1.60723,0,-1.60723
1.76291e+09,9212,-0.026574,0,0.026574,1.6081,0,-1.6081
1.76291e+09,9213,-0.0265503,0,0.0265503,1.60895,0,-1.60895
1.76291e+09,9214,-0.0265276,0,0.0265276,1.60977,0,-1.60977
1.76291e+09,9215,-0.0265057,0,0.0265057,1.61058,0,-1.61058
1.76291e+09,9216,-0.0264847,0,0.0264847,1.61136,0,-1.61136
1.76291e+09,9217,-0.0264646,0,0.0264646,1.61211,0,-1.61211
1.76291e+09,9218,-0.0264453,0,0.0264453,1.61285,0,-1.61285
1.76291e+09,9219,-0.026427,0,0.026427,1.61357,0,-1.61357
1.76291e+09,9220,-0.0264096,0,0.0264096,1.61426,0,-1.61426
1.76291e+09,9221,-0.026393,0,0.026393,1.61493,0,-1.61493
1.76291e+09,9222,-0.0263773,0,0.0263773,1.61557,0,-1.61557
1.76291e+09,9223,-0.0263626,0,0.0263626,1.6162,0,-1.6162
1.76291e+09,9224,-0.0263487,0,0.0263487,1.6168,0,-1.6168
1.76291e+09,9225,-0.0263357,0,0.0263357,1.61738,0,-1.61738
1.76291e+09,9226,-0.0263236,0,0.0263236,1.61794,0,-1.61794
1.76291e+09,9227,-0.0263124,0,0.0263124,1.61848,0,-1.61848
1.76291e+09,9228,-0.026302,0,0.026302,1.61899,0,-1.61899
1.76291e+09,9229,-0.0262926,0,0.0262926,1.61948,0,-1.61948
1.76291e+09,9230,-0.026284,0,0.026284,1.61995,0,-1.61995
1.76291e+09,9231,-0.0262764,0,0.0262764,1.62039,0,-1.62039
1.76291e+09,9232,-0.0262696,0,0.0262696,1.62082,0,-1.62082
1.76291e+09,9233,-0.0262637,0,0.0262637,1.62122,0,-1.62122
1.76291e+09,9234,-0.0262587,0,0.0262587,1.6216,0,-1.6216
1.76291e+09,9235,-0.0262546,0,0.0262546,1.62195,0,-1.62195
1.76291e+09,9236,-0.0262513,0,0.0262513,1.62229,0,-1.62229
1.76291e+09,9237,-0.026249,0,0.026249,1.6226,0,-1.6226
1.76291e+09,9238,-0.0262475,0,0.0262475,1.62289,0,-1.62289
1.76291e+09,9239,-0.026247,0,0.026247,1.62315,0,-1.62315
1.76291e+09,9240,-0.0262473,0,0.0262473,1.6234,0,-1.6234
1.76291e+09,9241,-0.0262485,0,0.0262485,1.62362,0,-1.62362
1.76291e+09,9242,-0.0262506,0,0.0262506,1.62382,0,-1.62382
1.76291e+09,9243,-0.0262535,0,0.0262535,1.62399,0,-1.62399
1.76291e+09,9244,-0.0262574,0,0.0262574,1.62415,0,-1.62415
1.76291e+09,9245,-0.0262621,0,0.0262621,1.62428,0,-1.62428
1.76291e+09,9246,-0.0262678,0,0.0262678,1.62438,0,-1.62438
1.76291e+09,9247,-0.0262743,0,0.0262743,1.62447,0,-1.62447
1.76291e+09,9248,-0.0262817,0,0.0262817,1.62453,0,-1.62453
1.76291e+09,9249,-0.02629,0,0.02629,1.62457,0,-1.62457
1.76291e+09,9250,-0.0262991,0,0.0262991,1.62459,0,-1.62459
1.76291e+09,9251,-0.0263092,0,0.0263092,1.62458,0,-1.62458
1.76291e+09,9252,-0.0263201,0,0.0263201,1.62455,0,-1.62455
1.76291e+09,9253,-0.026332,0,0.026332,1.6245,0,-1.6245
1.76291e+09,9254,-0.0263447,0,0.0263447,1.62443,0,-1.62443
1.76291e+09,9255,-0.0263583,0,0.0263583,1.62433,0,-1.62433
1.76291e+09,9256,-0.0263728,0,0.0263728,1.62421,0,-1.62421
1.76291e+09,9257,-0.0263881,0,0.0263881,1.62407,0,-1.62407
1.76291e+09,9258,-0.0264044,0,0.0264044,1.62391,0,-1.62391
1.76291e+09,9259,-0.0264215,0,0.0264215,1.62372,0,-1.62372
1.76291e+09,9260,-0.0264395,0,0.0264395,1.62351,0,-1.62351
1.76291e+09,9261,-0.0264585,0,0.0264585,1.62328,0,-1.62328
1.76291e+09,9262,-0.0264783,0,0.0264783,1.62302,0,-1.62302
1.76291e+09,9263,-0.0264989,0,0.0264989,1.62274,0,-1.62274
1.76291e+09,9264,-0.0265205,0,0.0265205,1.62244,0,-1.62244
1.76291e+09,9265,-0.0265429,0,0.0265429,1.62212,0,-1.62212
1.76291e+09,9266,-0.0265663,0,0.0265663,1.62177,0,-1.62177
1.76291e+09,9267,-0.0265905,0,0.0265905,1.6214,0,-1.6214
1.76291e+09,9268,-0.0266156,0,0.0266156,1.62101,0,-1.62101
1.76291e+09,9269,-0.0266416,0,0.0266416,1.6206,0,-1.6206
1.76291e+09,9270,-0.0266685,0,0.0266685,1.62016,0,-1.62016
1.76291e+09,9271,-0.0266962,0,0.0266962,1.6197,0,-1.6197
1.76291e+09,9272,-0.0267249,0,0.0267249,1.61922,0,-1.61922
1.76291e+09,9273,-0.0267544,0,0.0267544,1.61871,0,-1.61871
1.76291e+09,9274,-0.0267848,0,0.0267848,1.61818,0,-1.61818
1.76291e+09,9275,-0.0268161,0,0.0268161,1.61763,0,-1.61763
1.76291e+09,9276,-0.0268483,0,0.0268483,1.61706,0,-1.61706
1.76291e+09,9277,-0.0268814,0,0.0268814,1.61646,0,-1.61646
1.76291e+09,9278,-0.0269154,0,0.0269154,1.61584,0,-1.61584
1.76291e+09,9279,-0.0269502,0,0.0269502,1.6152,0,-1.6152
1.76291e+09,9280,-0.026986,0,0.026986,1.61453,0,-1.61453
1.76291e+09,9281,-0.0270226,0,0.0270226,1.61385,0,-1.61385
1.76291e+09,9282,-0.0270601,0,0.0270601,1.61314,0,-1.61314
1.76291e+09,9283,-0.0270985,0,0.0270985,1.6124,0,-1.6124
1.76291e+09,9284,-0.0271378,0,0.0271378,1.61165,0,-1.61165
1.76291e+09,9285,-0.027178,0,0.027178,1.61087,0,-1.61087
1.76291e+09,9286,-0.027219,0,0.027219,1.61007,0,-1.61007
1.76291e+09,9287,-0.027261,0,0.027261,1.60925,0,-1.60925
1.76291e+09,9288,-0.0273038,0,0.0273038,1.6084,0,-1.6084
1.76291e+09,9289,-0.0273475,0,0.0273475,1.60753,0,-1.60753
1.76291e+09,9290,-0.0273922,0,0.0273922,1.60664,0,-1.60664
1.76291e+09,9291,-0.0274377,0,0.0274377,1.60573,0,-1.60573
1.76291e+09,9292,-0.0274841,0,0.0274841,1.60479,0,-1.60479
1.76291e+09,9293,-0.0275314,0,0.0275314,1.60383,0,-1.60383
1.76291e+09,9294,-0.0275795,0,0.0275795,1.60285,0,-1.60285
1.76291e+09,9295,-0.0276286,0,0.0276286,1.60185,0,-1.60185
1.76291e+09,9296,-0.0276786,0,0.0276786,1.60082,0,-1.60082
1.76291e+09,9297,-0.0277294,0,0.0277294,1.59977,0,-1.59977
1.76291e+09,9298,-0.0277812,0,0.0277812,1.5987,0,-1.5987
1.76291e+09,9299,-0.0278338,0,0.0278338,1.59761,0,-1.59761
1.76291e+09,9300,-0.0278873,0,0.0278873,1.59649,0,-1.59649
1.76291e+09,9301,-0.0279418,0,0.0279418,1.59535,0,-1.59535
1.76291e+09,9302,-0.0279971,0,0.0279971,1.59419,0,-1.59419
1.76291e+09,9303,-0.0280533,0,0.0280533,1.59301,0,-1.59301
1.76291e+09,9304,-0.0281104,0,0.0281104,1.5918,0,-1.5918
1.76291e+09,9305,-0.0281684,0,0.0281684,1.59058,0,-1.59058
1.76291e+09,9306,-0.0282273,0,0.0282273,1.58932,0,-1.58932
1.76291e+09,9307,-0.0282871,0,0.0282871,1.58805,0,-1.58805
1.76291e+09,9308,-0.0283478,0,0.0283478,1.58676,0,-1.58676
1.76291e+09,9309,-0.0284094,0,0.0284094,1.58544,0,-1.58544
1.76291e+09,9310,-0.0284719,0,0.0284719,1.5841,0,-1.5841
1.76291e+09,9311,-0.0285353,0,0.0285353,1.58274,0,-1.58274
1.76291e+09,9312,-0.0285996,0,0.0285996,1.58135,0,-1.58135
1.76291e+09,9313,-0.0286648,0,0.0286648,1.57995,0,-1.57995
1.76291e+09,9314,-0.0287309,0,0.0287309,1.57852,0,-1.57852
1.76291e+09,9315,-0.0287979,0,0.0287979,1.57707,0,-1.57707
1.76291e+09,9316,-0.0288658,0,0.0288658,1.5756,0,-1.5756
1.76291e+09,9317,-0.0289346,0,0.0289346,1.5741,0,-1.5741
1.76291e+09,9318,-0.0290043,0,0.0290043,1.57258,0,-1.57258
1.76291e+09,9319,-0.0290749,0,0.0290749,1.57104,0,-1.57104
1.76291e+09,9320,-0.0291464,0,0.0291464,1.56948,0,-1.56948
1.76291e+09,9321,-0.0292188,0,0.0292188,1.5679,0,-1.5679
1.76291e+09,9322,-0.0292922,0,0.0292922,1.5663,0,-1.5663
1.76291e+09,9323,-0.0293664,0,0.0293664,1.56467,0,-1.56467
1.76291e+09,9324,-0.0294416,0,0.0294416,1.56302,0,-1.56302
1.76291e+09,9325,-0.0295176,0,0.0295176,1.56135,0,-1.56135
1.76291e+09,9326,-0.0295946,0,0.0295946,1.55966,0,-1.55966
1.76291e+09,9327,-0.0296725,0,0.0296725,1.55794,0,-1.55794
1.76291e+09,9328,-0.0297513,0,0.0297513,1.55621,0,-1.55621
1.76291e+09,9329,-0.029831,0,0.029831,1.55445,0,-1.55445
1.76291e+09,9330,-0.0299117,0,0.0299117,1.55267,0,-1.55267
1.76291e+09,9331,-0.0299932,0,0.0299932,1.55087,0,-1.55087
1.76291e+09,9332,-0.0300757,0,0.0300757,1.54904,0,-1.54904
1.76291e+09,9333,-0.0301591,0,0.0301591,1.5472,0,-1.5472
1.76291e+09,9334,-0.0302434,0,0.0302434,1.54533,0,-1.54533
1.76291e+09,9335,-0.0303287,0,0.0303287,1.54344,0,-1.54344
1.76291e+09,9336,-0.0304148,0,0.0304148,1.54153,0,-1.54153
1.76291e+09,9337,-0.0305019,0,0.0305019,1.5396,0,-1.5396
1.76291e+09,9338,-0.03059,0,0.03059,1.53765,0,-1.53765
1.76291e+09,9339,-0.0306789,0,0.0306789,1.53567,0,-1.53567
1.76291e+09,9340,-0.0307688,0,0.0307688,1.53368,0,-1.53368
1.76291e+09,9341,-0.0308596,0,0.0308596,1.53166,0,-1.53166
1.76291e+09,9342,-0.0309513,0,0.0309513,1.52962,0,-1.52962
1.76291e+09,9343,-0.031044,0,0.031044,1.52756,0,-1.52756
1.76291e+09,9344,-0.0311376,0,0.0311376,1.52548,0,-1.52548
1.76291e+09,9345,-0.0312322,0,0.0312322,1.52338,0,-1.52338
1.76291e+09,9346,-0.0313277,0,0.0313277,1.52125,0,-1.52125
1.76291e+09,9347,-0.0314241,0,0.0314241,1.51911,0,-1.51911
1.76291e+09,9348,-0.0315215,0,0.0315215,1.51694,0,-1.51694
1.76291e+09,9349,-0.0316198,0,0.0316198,1.51475,0,-1.51475
1.76291e+09,9350,-0.0317191,0,0.0317191,1.51254,0,-1.51254
1.76291e+09,9351,-0.0318193,0,0.0318193,1.51031,0,-1.51031
1.76291e+09,9352,-0.0319205,0,0.0319205,1.50806,0,-1.50806
1.76291e+09,9353,-0.0320226,0,0.0320226,1.50579,0,-1.50579
1.76291e+09,9354,-0.0321257,0,0.0321257,1.5035,0,-1.5035
1.76291e+09,9355,-0.0322297,0,0.0322297,1.50118,0,-1.50118
1.76291e+09,9356,-0.0323347,0,0.0323347,1.49885,0,-1.49885
1.76291e+09,9357,-0.0324406,0,0.0324406,1.49649,0,-1.49649
1.76291e+09,9358,-0.0325475,0,0.0325475,1.49411,0,-1.49411
1.76291e+09,9359,-0.0326554,0,0.0326554,1.49172,0,-1.49172
1.76291e+09,9360,-0.0327643,0,0.0327643,1.4893,0,-1.4893
1.76291e+09,9361,-0.0328741,0,0.0328741,1.48686,0,-1.48686
1.76291e+09,9362,-0.0329849,0,0.0329849,1.4844,0,-1.4844
1.76291e+09,9363,-0.0330966,0,0.0330966,1.48192,0,-1.48192
1.76291e+09,9364,-0.0332094,0,0.0332094,1.47941,0,-1.47941
1.76291e+09,9365,-0.0333231,0,0.0333231,1.47689,0,-1.47689
1.76291e+09,9366,-0.0334378,0,0.0334378,1.47435,0,-1.47435
1.76291e+09,9367,-0.0335535,0,0.0335535,1.47179,0,-1.47179
1.76291e+09,9368,-0.0336701,0,0.0336701,1.4692,0,-1.4692
1.76291e+09,9369,-0.0337878,0,0.0337878,1.4666,0,-1.4666
1.76291e+09,9370,-0.0339064,0,0.0339064,1.46397,0,-1.46397
1.76291e+09,9371,-0.0340261,0,0.0340261,1.46132,0,-1.46132
1.76291e+09,9372,-0.0341467,0,0.0341467,1.45866,0,-1.45866
1.76291e+09,9373,-0.0342684,0,0.0342684,1.45597,0,-1.45597
1.76291e+09,9374,-0.034391,0,0.034391,1.45326,0,-1.45326
1.76291e+09,9375,-0.0345147,0,0.0345147,1.45054,0,-1.45054
1.76291e+09,9376,-0.0346393,0,0.0346393,1.44779,0,-1.44779
1.76291e+09,9377,-0.034765,0,0.034765,1.44502,0,-1.44502
1.76291e+09,9378,-0.0348917,0,0.0348917,1.44223,0,-1.44223
1.76291e+09,9379,-0.0350194,0,0.0350194,1.43942,0,-1.43942
1.76291e+09,9380,-0.0351481,0,0.0351481,1.43659,0,-1.43659
1.76291e+09,9381,-0.0352779,0,0.0352779,1.43374,0,-1.43374
1.76291e+09,9382,-0.0354087,0,0.0354087,1.43087,0,-1.43087
1.76291e+09,9383,-0.0355405,0,0.0355405,1.42799,0,-1.42799
1.76291e+09,9384,-0.0356733,0,0.0356733,1.42508,0,-1.42508
1.76291e+09,9385,-0.0358072,0,0.0358072,1.42215,0,-1.42215
1.76291e+09,9386,-0.0359422,0,0.0359422,1.4192,0,-1.4192
1.76291e+09,9387,-0.0360781,0,0.0360781,1.41623,0,-1.41623
1.76291e+09,9388,-0.0362152,0,0.0362152,1.41324,0,-1.41324
1.76291e+09,9389,-0.0363532,0,0.0363532,1.41023,0,-1.41023
1.76291e+09,9390,-0.0364924,0,0.0364924,1.4072,0,-1.4072
1.76291e+09,9391,-0.0366326,0,0.0366326,1.40415,0,-1.40415
1.76291e+09,9392,-0.0367738,0,0.0367738,1.40108,0,-1.40108
1.76291e+09,9393,-0.0369161,0,0.0369161,1.39799,0,-1.39799
1.76291e+09,9394,-0.0370595,0,0.0370595,1.39488,0,-1.39488
1.76291e+09,9395,-0.037204,0,0.037204,1.39175,0,-1.39175
1.76291e+09,9396,-0.0373496,0,0.0373496,1.3886,0,-1.3886
1.76291e+09,9397,-0.0374962,0,0.0374962,1.38544,0,-1.38544
1.76291e+09,9398,-0.0376439,0,0.0376439,1.38225,0,-1.38225
1.76291e+09,9399,-0.0377927,0,0.0377927,1.37904,0,-1.37904
1.76291e+09,9400,-0.0379426,0,0.0379426,1.37581,0,-1.37581
1.76291e+09,9401,-0.0380937,0,0.0380937,1.37257,0,-1.37257
1.76291e+09,9402,-0.0382458,0,0.0382458,1.3693,0,-1.3693
1.76291e+09,9403,-0.038399,0,0.038399,1.36602,0,-1.36602
1.76291e+09,9404,-0.0385533,0,0.0385533,1.36271,0,-1.36271
1.76291e+09,9405,-0.0387088,0,0.0387088,1.35938,0,-1.35938
1.76291e+09,9406,-0.0388654,0,0.0388654,1.35604,0,-1.35604
1.76291e+09,9407,-0.0390231,0,0.0390231,1.35268,0,-1.35268
1.76291e+09,9408,-0.039182,0,0.039182,1.34929,0,-1.34929
1.76291e+09,9409,-0.0393419,0,0.0393419,1.34589,0,-1.34589
1.76291e+09,9410,-0.0395031,0,0.0395031,1.34247,0,-1.34247
1.76291e+09,9411,-0.0396653,0,0.0396653,1.33902,0,-1.33902
1.76291e+09,9412,-0.0398288,0,0.0398288,1.33556,0,-1.33556
1.76291e+09,9413,-0.0399934,0,0.0399934,1.33208,0,-1.33208
1.76291e+09,9414,-0.0401591,0,0.0401591,1.32858,0,-1.32858
1.76291e+09,9415,-0.040326,0,0.040326,1.32506,0,-1.32506
1.76291e+09,9416,-0.0404941,0,0.0404941,1.32152,0,-1.32152
1.76291e+09,9417,-0.0406634,0,0.0406634,1.31797,0,-1.31797
1.76291e+09,9418,-0.0408338,0,0.0408338,1.31439,0,-1.31439
1.76291e+09,9419,-0.0410055,0,0.0410055,1.31079,0,-1.31079
1.76291e+09,9420,-0.0411783,0,0.0411783,1.30718,0,-1.30718
1.76291e+09,9421,-0.0413524,0,0.0413524,1.30354,0,-1.30354
1.76291e+09,9422,-0.0415276,0,0.0415276,1.29989,0,-1.29989
1.76291e+09,9423,-0.0417041,0,0.0417041,1.29621,0,-1.29621
1.76291e+09,9424,-0.0418818,0,0.0418818,1.29252,0,-1.29252
1.76291e+09,9425,-0.0420607,0,0.0420607,1.28881,0,-1.28881
1.76291e+09,9426,-0.0422408,0,0.0422408,1.28507,0,-1.28507
1.76291e+09,9427,-0.0424222,0,0.0424222,1.28132,0,-1.28132
1.76291e+09,9428,-0.0426048,0,0.0426048,1.27755,0,-1.27755
1.76291e+09,9429,-0.0427887,0,0.0427887,1.27376,0,-1.27376
1.76291e+09,9430,-0.0429738,0,0.0429738,1.26995,0,-1.26995
1.76291e+09,9431,-0.0431602,0,0.0431602,1.26613,0,-1.26613
1.76291e+09,9432,-0.0433478,0,0.0433478,1.26228,0,-1.26228
1.76291e+09,9433,-0.0435367,0,0.0435367,1.25841,0,-1.25841
1.76291e+09,9434,-0.0437269,0,0.0437269,1.25453,0,-1.25453
1.76291e+09,9435,-0.0439184,0,0.0439184,1.25062,0,-1.25062
1.76291e+09,9436,-0.0441112,0,0.0441112,1.2467,0,-1.2467
1.76291e+09,9437,-0.0443053,0,0.0443053,1.24275,0,-1.24275
1.76291e+09,9438,-0.0445007,0,0.0445007,1.23879,0,-1.23879
1.76291e+09,9439,-0.0446974,0,0.0446974,1.23481,0,-1.23481
1.76291e+09,9440,-0.0448954,0,0.0448954,1.23081,0,-1.23081
1.76291e+09,9441,-0.0450948,0,0.0450948,1.22678,0,-1.22678
1.76291e+09,9442,-0.0452955,0,0.0452955,1.22274,0,-1.22274
1.76291e+09,9443,-0.0454975,0,0.0454975,1.21868,0,-1.21868
1.76291e+09,9444,-0.0457009,0,0.0457009,1.2146,0,-1.2146
1.76291e+09,9445,-0.0459057,0,0.0459057,1.21051,0,-1.21051
1.76291e+09,9446,-0.0461118,0,0.0461118,1.20639,0,-1.20639
1.76291e+09,9447,-0.0463193,0,0.0463193,1.20225,0,-1.20225
1.76291e+09,9448,-0.0465282,0,0.0465282,1.19809,0,-1.19809
1.76291e+09,9449,-0.0467384,0,0.0467384,1.19392,0,-1.19392
1.76291e+09,9450,-0.0469501,0,0.0469501,1.18972,0,-1.18972
1.76291e+09,9451,-0.0471632,0,0.0471632,1.18551,0,-1.18551
1.76291e+09,9452,-0.0473776,0,0.0473776,1.18127,0,-1.18127
1.76291e+09,9453,-0.0475935,0,0.0475935,1.17702,0,-1.17702
1.76291e+09,9454,-0.0478109,0,0.0478109,1.17274,0,-1.17274
1.76291e+09,9455,-0.0480297,0,0.0480297,1.16845,0,-1.16845
1.76291e+09,9456,-0.0482499,0,0.0482499,1.16413,0,-1.16413
1.76291e+09,9457,-0.0484716,0,0.0484716,1.1598,0,-1.1598
1.76291e+09,9458,-0.0486947,0,0.0486947,1.15544,0,-1.15544
1.76291e+09,9459,-0.0489194,0,0.0489194,1.15107,0,-1.15107
1.76291e+09,9460,-0.0491455,0,0.0491455,1.14668,0,-1.14668
1.76291e+09,9461,-0.0493731,0,0.0493731,1.14226,0,-1.14226
1.76291e+09,9462,-0.0496022,0,0.0496022,1.13783,0,-1.13783
1.76291e+09,9463,-0.0498328,0,0.0498328,1.13337,0,-1.13337
1.76291e+09,9464,-0.050065,0,0.050065,1.1289,0,-1.1289
1.76291e+09,9465,-0.0502987,0,0.0502987,1.12441,0,-1.12441
1.76291e+09,9466,-0.050534,0,0.050534,1.11989,0,-1.11989
1.76291e+09,9467,-0.0507708,0,0.0507708,1.11536,0,-1.11536
1.76291e+09,9468,-0.0510092,0,0.0510092,1.1108,0,-1.1108
1.76291e+09,9469,-0.0512491,0,0.0512491,1.10622,0,-1.10622
1.76291e+09,9470,-0.0514907,0,0.0514907,1.10163,0,-1.10163
1.76291e+09,9471,-0.0517338,0,0.0517338,1.09701,0,-1.09701
1.76291e+09,9472,-0.0519786,0,0.0519786,1.09237,0,-1.09237
1.76291e+09,9473,-0.052225,0,0.052225,1.08771,0,-1.08771
1.76291e+09,9474,-0.052473,0,0.052473,1.08303,0,-1.08303
1.76291e+09,9475,-0.0527226,0,0.0527226,1.07832,0,-1.07832
1.76291e+09,9476,-0.0529739,0,0.0529739,1.0736,0,-1.0736
1.76291e+09,9477,-0.0532269,0,0.0532269,1.06886,0,-1.06886
1.76291e+09,9478,-0.0534815,0,0.0534815,1.06409,0,-1.06409
1.76291e+09,9479,-0.0537378,0,0.0537378,1.0593,0,-1.0593
1.76291e+09,9480,-0.0540736,0,0.0540736,1.05921,0,-1.05921
1.76291e+09,9481,-0.0544118,0,0.0544118,1.05912,0,-1.05912
1.76291e+09,9482,-0.0547525,0,0.0547525,1.05902,0,-1.05902
1.76291e+09,9483,-0.0550956,0,0.0550956,1.05893,0,-1.05893
1.76291e+09,9484,-0.0554411,0,0.0554411,1.05883,0,-1.05883
1.76291e+09,9485,-0.0557891,0,0.0557891,1.05873,0,-1.05873
1.76291e+09,9486,-0.0561395,0,0.0561395,1.05863,0,-1.05863
1.76291e+09,9487,-0.0564924,0,0.0564924,1.05853,0,-1.05853
1.76291e+09,9488,-0.0568477,0,0.0568477,1.05843,0,-1.05843
1.76291e+09,9489,-0.0572055,0,0.0572055,1.05833,0,-1.05833
1.76291e+09,9490,-0.0575657,0,0.0575657,1.05822,0,-1.05822
1.76291e+09,9491,-0.0579284,0,0.0579284,1.05811,0,-1.05811
1.76291e+09,9492,-0.0582934,0,0.0582934,1.058,0,-1.058
1.76291e+09,9493,-0.0586609,0,0.0586609,1.05789,0,-1.05789
1.76291e+09,9494,-0.0590308,0,0.0590308,1.05778,0,-1.05778
1.76291e+09,9495,-0.0594031,0,0.0594031,1.05767,0,-1.05767
1.76291e+09,9496,-0.0597777,0,0.0597777,1.05755,0,-1.05755
1.76291e+09,9497,-0.0601547,0,0.0601547,1.05743,0,-1.05743
1.76291e+09,9498,-0.060534,0,0.060534,1.05731,0,-1.05731
1.76291e+09,9499,-0.0609157,0,0.0609157,1.05719,0,-1.05719
1.76291e+09,9500,-0.0612996,0,0.0612996,1.05707,0,-1.05707
1.76291e+09,9501,-0.0616857,0,0.0616857,1.05695,0,-1.05695
1.76291e+09,9502,-0.0620741,0,0.0620741,1.05682,0,-1.05682
1.76291e+09,9503,-0.0624647,0,0.0624647,1.05669,0,-1.05669
1.76291e+09,9504,-0.0628574,0,0.0628574,1.05656,0,-1.05656
1.76291e+09,9505,-0.0632523,0,0.0632523,1.05643,0,-1.05643
1.76291e+09,9506,-0.0636492,0,0.0636492,1.0563,0,-1.0563
1.76291e+09,9507,-0.0640482,0,0.0640482,1.05617,0,-1.05617
1.76291e+09,9508,-0.0644493,0,0.0644493,1.05603,0,-1.05603
1.76291e+09,9509,-0.0648522,0,0.0648522,1.05589,0,-1.05589
1.76291e+09,9510,-0.0652571,0,0.0652571,1.05575,0,-1.05575
1.76291e+09,9511,-0.0656639,0,0.0656639,1.05561,0,-1.05561
1.76291e+09,9512,-0.0660726,0,0.0660726,1.05547,0,-1.05547
1.76291e+09,9513,-0.066483,0,0.066483,1.05533,0,-1.05533
1.76291e+09,9514,-0.0668951,0,0.0668951,1.05518,0,-1.05518
1.76291e+09,9515,-0.067309,0,0.067309,1.05503,0,-1.05503
1.76291e+09,9516,-0.0677244,0,0.0677244,1.05488,0,-1.05488
1.76291e+09,9517,-0.0681415,0,0.0681415,1.05473,0,-1.05473
1.76291e+09,9518,-0.0685601,0,0.0685601,1.05458,0,-1.05458
1.76291e+09,9519,-0.0689802,0,0.0689802,1.05442,0,-1.05442
1.76291e+09,9520,-0.0694016,0,0.0694016,1.05427,0,-1.05427
1.76291e+09,9521,-0.0698245,0,0.0698245,1.05411,0,-1.05411
1.76291e+09,9522,-0.0702486,0,0.0702486,1.05395,0,-1.05395
1.76291e+09,9523,-0.070674,0,0.070674,1.05379,0,-1.05379
1.76291e+09,9524,-0.0711006,0,0.0711006,1.05363,0,-1.05363
1.76291e+09,9525,-0.0715283,0,0.0715283,1.05346,0,-1.05346
1.76291e+09,9526,-0.071957,0,0.071957,1.0533,0,-1.0533
1.76291e+09,9527,-0.0723867,0,0.0723867,1.05313,0,-1.05313
1.76291e+09,9528,-0.0728174,0,0.0728174,1.05296,0,-1.05296
1.76291e+09,9529,-0.0732489,0,0.0732489,1.05279,0,-1.05279
1.76291e+09,9530,-0.0736813,0,0.0736813,1.05262,0,-1.05262
1.76291e+09,9531,-0.0741144,0,0.0741144,1.05245,0,-1.05245
1.76291e+09,9532,-0.0745481,0,0.0745481,1.05227,0,-1.05227
1.76291e+09,9533,-0.0749825,0,0.0749825,1.05209,0,-1.05209
1.76291e+09,9534,-0.0754174,0,0.0754174,1.05192,0,-1.05192
1.76291e+09,9535,-0.0758528,0,0.0758528,1.05174,0,-1.05174
1.76291e+09,9536,-0.0762886,0,0.0762886,1.05156,0,-1.05156
1.76291e+09,9537,-0.0767247,0,0.0767247,1.05138,0,-1.05138
1.76291e+09,9538,-0.0771611,0,0.0771611,1.05119,0,-1.05119
1.76291e+09,9539,-0.0775977,0,0.0775977,1.05101,0,-1.05101
1.76291e+09,9540,-0.0780344,0,0.0780344,1.05083,0,-1.05083
1.76291e+09,9541,-0.0784712,0,0.0784712,1.05064,0,-1.05064
1.76291e+09,9542,-0.078908,0,0.078908,1.05045,0,-1.05045
1.76291e+09,9543,-0.0793448,0,0.0793448,1.05026,0,-1.05026
1.76291e+09,9544,-0.0797814,0,0.0797814,1.05007,0,-1.05007
1.76291e+09,9545,-0.0802178,0,0.0802178,1.04988,0,-1.04988
1.76291e+09,9546,-0.0806539,0,0.0806539,1.04969,0,-1.04969
1.76291e+09,9547,-0.0810897,0,0.0810897,1.0495,0,-1.0495
1.76291e+09,9548,-0.0815251,0,0.0815251,1.0493,0,-1.0493
1.76291e+09,9549,-0.08196,0,0.08196,1.04911,0,-1.04911
1.76291e+09,9550,-0.0823943,0,0.0823943,1.04891,0,-1.04891
1.76291e+09,9551,-0.0828281,0,0.0828281,1.04872,0,-1.04872
1.76291e+09,9552,-0.0832612,0,0.0832612,1.04852,0,-1.04852
1.76291e+09,9553,-0.0836935,0,0.0836935,1.04832,0,-1.04832
1.76291e+09,9554,-0.0841251,0,0.0841251,1.04812,0,-1.04812
1.76291e+09,9555,-0.0845557,0,0.0845557,1.04792,0,-1.04792
1.76291e+09,9556,-0.0849855,0,0.0849855,1.04772,0,-1.04772
1.76291e+09,9557,-0.0854142,0,0.0854142,1.04752,0,-1.04752
1.76291e+09,9558,-0.0858419,0,0.0858419,1.04732,0,-1.04732
1.76291e+09,9559,-0.0862685,0,0.0862685,1.04712,0,-1.04712
1.76291e+09,9560,-0.0866939,0,0.0866939,1.04691,0,-1.04691
1.76291e+09,9561,-0.0871181,0,0.0871181,1.04671,0,-1.04671
1.76291e+09,9562,-0.0875409,0,0.0875409,1.04651,0,-1.04651
1.76291e+09,9563,-0.0879624,0,0.0879624,1.0463,0,-1.0463
1.76291e+09,9564,-0.0883825,0,0.0883825,1.0461,0,-1.0461
1.76291e+09,9565,-0.0888011,0,0.0888011,1.04589,0,-1.04589
1.76291e+09,9566,-0.0892182,0,0.0892182,1.04569,0,-1.04569
1.76291e+09,9567,-0.0896337,0,0.0896337,1.04548,0,-1.04548
1.76291e+09,9568,-0.0900476,0,0.0900476,1.04528,0,-1.04528
1.76291e+09,9569,-0.0904597,0,0.0904597,1.04507,0,-1.04507
1.76291e+09,9570,-0.0908702,0,0.0908702,1.04486,0,-1.04486
1.76291e+09,9571,-0.0912789,0,0.0912789,1.04466,0,-1.04466
1.76291e+09,9572,-0.0916857,0,0.0916857,1.04445,0,-1.04445
1.76291e+09,9573,-0.0920906,0,0.0920906,1.04424,0,-1.04424
1.76291e+09,9574,-0.0924937,0,0.0924937,1.04404,0,-1.04404
1.76291e+09,9575,-0.0928948,0,0.0928948,1.04383,0,-1.04383
1.76291e+09,9576,-0.0932938,0,0.0932938,1.04363,0,-1.04363
1.76291e+09,9577,-0.0936908,0,0.0936908,1.04342,0,-1.04342
1.76291e+09,9578,-0.0940858,0,0.0940858,1.04321,0,-1.04321
1.76291e+09,9579,-0.0944786,0,0.0944786,1.04301,0,-1.04301
1.76291e+09,9580,-0.0948692,0,0.0948692,1.0428,0,-1.0428
1.76291e+09,9581,-0.0952577,0,0.0952577,1.0426,0,-1.0426
1.76291e+09,9582,-0.0956439,0,0.0956439,1.04239,0,-1.04239
1.76291e+09,9583,-0.0960279,0,0.0960279,1.04219,0,-1.04219
1.76291e+09,9584,-0.0964096,0,0.0964096,1.04198,0,-1.04198
1.76291e+09,9585,-0.0967891,0,0.0967891,1.04178,0,-1.04178
1.76291e+09,9586,-0.0971662,0,0.0971662,1.04158,0,-1.04158
1.76291e+09,9587,-0.0975409,0,0.0975409,1.04137,0,-1.04137
1.76291e+09,9588,-0.0979133,0,0.0979133,1.04117,0,-1.04117
1.76291e+09,9589,-0.0982834,0,0.0982834,1.04097,0,-1.04097
1.76291e+09,9590,-0.098651,0,0.098651,1.04077,0,-1.04077
1.76291e+09,9591,-0.0990162,0,0.0990162,1.04057,0,-1.04057
1.76291e+09,9592,-0.099379,0,0.099379,1.04037,0,-1.04037
1.76291e+09,9593,-0.0997394,0,0.0997394,1.04017,0,-1.04017
1.76291e+09,9594,-0.100097,0,0.100097,1.03997,0,-1.03997
1.76291e+09,9595,-0.100453,0,0.100453,1.03977,0,-1.03977
1.76291e+09,9596,-0.100806,0,0.100806,1.03957,0,-1.03957
1.76291e+09,9597,-0.101157,0,0.101157,1.03937,0,-1.03937
1.76291e+09,9598,-0.101505,0,0.101505,1.03917,0,-1.03917
1.76291e+09,9599,-0.101851,0,0.101851,1.03898,0,-1.03898
1.76291e+09,9600,-0.102188,0,0.102188,1.03877,0,-1.03877
1.76291e+09,9601,-0.102523,0,0.102523,1.03855,0,-1.03855
1.76291e+09,9602,-0.102856,0,0.102856,1.03834,0,-1.03834
1.76291e+09,9603,-0.103186,0,0.103186,1.03813,0,-1.03813
1.76291e+09,9604,-0.103514,0,0.103514,1.03792,0,-1.03792
1.76291e+09,9605,-0.103839,0,0.103839,1.03771,0,-1.03771
1.76291e+09,9606,-0.104162,0,0.104162,1.03751,0,-1.03751
1.76291e+09,9607,-0.104482,0,0.104482,1.0373,0,-1.0373
1.76291e+09,9608,-0.104801,0,0.104801,1.03709,0,-1.03709
1.76291e+09,9609,-0.105116,0,0.105116,1.03689,0,-1.03689
1.76291e+09,9610,-0.10543,0,0.10543,1.03668,0,-1.03668
1.76291e+09,9611,-0.105741,0,0.105741,1.03648,0,-1.03648
1.76291e+09,9612,-0.106049,0,0.106049,1.03627,0,-1.03627
1.76291e+09,9613,-0.106356,0,0.106356,1.03607,0,-1.03607
1.76291e+09,9614,-0.10666,0,0.10666,1.03587,0,-1.03587
1.76291e+09,9615,-0.106961,0,0.106961,1.03567,0,-1.03567
1.76291e+09,9616,-0.107261,0,0.107261,1.03547,0,-1.03547
1.76291e+09,9617,-0.107558,0,0.107558,1.03527,0,-1.03527
1.76291e+09,9618,-0.107853,0,0.107853,1.03507,0,-1.03507
1.76291e+09,9619,-0.108146,0,0.108146,1.03487,0,-1.03487
1.76291e+09,9620,-0.108436,0,0.108436,1.03467,0,-1.03467
1.76291e+09,9621,-0.108725,0,0.108725,1.03448,0,-1.03448
1.76291e+09,9622,-0.109011,0,0.109011,1.03428,0,-1.03428
1.76291e+09,9623,-0.109295,0,0.109295,1.03409,0,-1.03409
1.76291e+09,9624,-0.109577,0,0.109577,1.03389,0,-1.03389
1.76291e+09,9625,-0.109856,0,0.109856,1.0337,0,-1.0337
1.76291e+09,9626,-0.110134,0,0.110134,1.03351,0,-1.03351
1.76291e+09,9627,-0.110409,0,0.110409,1.03331,0,-1.03331
1.76291e+09,9628,-0.110683,0,0.110683,1.03312,0,-1.03312
1.76291e+09,9629,-0.110954,0,0.110954,1.03293,0,-1.03293
1.76291e+09,9630,-0.111223,0,0.111223,1.03274,0,-1.03274
1.76291e+09,9631,-0.11149,0,0.11149,1.03255,0,-1.03255
1.76291e+09,9632,-0.111755,0,0.111755,1.03237,0,-1.03237
1.76291e+09,9633,-0.112018,0,0.112018,1.03218,0,-1.03218
1.76291e+09,9634,-0.112279,0,0.112279,1.03199,0,-1.03199
1.76291e+09,9635,-0.112538,0,0.112538,1.03181,0,-1.03181
1.76291e+09,9636,-0.112795,0,0.112795,1.03162,0,-1.03162
1.76291e+09,9637,-0.11305,0,0.11305,1.03144,0,-1.03144
1.76291e+09,9638,-0.113303,0,0.113303,1.03126,0,-1.03126
1.76291e+09,9639,-0.113554,0,0.113554,1.03107,0,-1.03107
1.76291e+09,9640,-0.113803,0,0.113803,1.03089,0,-1.03089
1.76291e+09,9641,-0.11405,0,0.11405,1.03071,0,-1.03071
1.76291e+09,9642,-0.114295,0,0.114295,1.03053,0,-1.03053
1.76291e+09,9643,-0.114539,0,0.114539,1.03035,0,-1.03035
1.76291e+09,9644,-0.11478,0,0.11478,1.03018,0,-1.03018
1.76291e+09,9645,-0.11502,0,0.11502,1.03,0,-1.03
1.76291e+09,9646,-0.115257,0,0.115257,1.02982,0,-1.02982
1.76291e+09,9647,-0.115493,0,0.115493,1.02965,0,-1.02965
1.76291e+09,9648,-0.115727,0,0.115727,1.02947,0,-1.02947
1.76291e+09,9649,-0.115959,0,0.115959,1.0293,0,-1.0293
1.76291e+09,9650,-0.116189,0,0.116189,1.02912,0,-1.02912
1.76291e+09,9651,-0.116417,0,0.116417,1.02895,0,-1.02895
1.76291e+09,9652,-0.116644,0,0.116644,1.02878,0,-1.02878
1.76291e+09,9653,-0.116869,0,0.116869,1.02861,0,-1.02861
1.76291e+09,9654,-0.117092,0,0.117092,1.02844,0,-1.02844
1.76291e+09,9655,-0.117313,0,0.117313,1.02827,0,-1.02827
1.76291e+09,9656,-0.117532,0,0.117532,1.0281,0,-1.0281
1.76291e+09,9657,-0.11775,0,0.11775,1.02794,0,-1.02794
1.76291e+09,9658,-0.117966,0,0.117966,1.02777,0,-1.02777
1.76291e+09,9659,-0.11818,0,0.11818,1.0276,0,-1.0276
1.76291e+09,9660,-0.118392,0,0.118392,1.02744,0,-1.02744
1.76291e+09,9661,-0.118603,0,0.118603,1.02727,0,-1.02727
1.76291e+09,9662,-0.118812,0,0.118812,1.02711,0,-1.02711
1.76291e+09,9663,-0.119019,0,0.119019,1.02695,0,-1.02695
1.76291e+09,9664,-0.119225,0,0.119225,1.02679,0,-1.02679
1.76291e+09,9665,-0.119428,0,0.119428,1.02662,0,-1.02662
1.76291e+09,9666,-0.119631,0,0.119631,1.02646,0,-1.02646
1.76291e+09,9667,-0.119831,0,0.119831,1.0263,0,-1.0263
1.76291e+09,9668,-0.12003,0,0.12003,1.02615,0,-1.02615
1.76291e+09,9669,-0.120227,0,0.120227,1.02599,0,-1.02599
1.76291e+09,9670,-0.120423,0,0.120423,1.02583,0,-1.02583
1.76291e+09,9671,-0.120617,0,0.120617,1.02568,0,-1.02568
1.76291e+09,9672,-0.120809,0,0.120809,1.02552,0,-1.02552
1.76291e+09,9673,-0.121,0,0.121,1.02537,0,-1.02537
1.76291e+09,9674,-0.121189,0,0.121189,1.02521,0,-1.02521
1.76291e+09,9675,-0.121376,0,0.121376,1.02506,0,-1.02506
1.76291e+09,9676,-0.121562,0,0.121562,1.02491,0,-1.02491
1.76291e+09,9677,-0.121747,0,0.121747,1.02476,0,-1.02476
1.76291e+09,9678,-0.12193,0,0.12193,1.0246,0,-1.0246
1.76291e+09,9679,-0.122111,0,0.122111,1.02445,0,-1.02445
1.76291e+09,9680,-0.122291,0,0.122291,1.02431,0,-1.02431
1.76291e+09,9681,-0.122469,0,0.122469,1.02416,0,-1.02416
1.76291e+09,9682,-0.122645,0,0.122645,1.02401,0,-1.02401
1.76291e+09,9683,-0.12282,0,0.12282,1.02386,0,-1.02386
1.76291e+09,9684,-0.122994,0,0.122994,1.02372,0,-1.02372
1.76291e+09,9685,-0.123166,0,0.123166,1.02357,0,-1.02357
1.76291e+09,9686,-0.123337,0,0.123337,1.02343,0,-1.02343
1.76291e+09,9687,-0.123506,0,0.123506,1.02328,0,-1.02328
1.76291e+09,9688,-0.123673,0,0.123673,1.02314,0,-1.02314
1.76291e+09,9689,-0.12384,0,0.12384,1.023,0,-1.023
1.76291e+09,9690,-0.124004,0,0.124004,1.02286,0,-1.02286
1.76291e+09,9691,-0.124167,0,0.124167,1.02272,0,-1.02272
1.76291e+09,9692,-0.124329,0,0.124329,1.02258,0,-1.02258
1.76291e+09,9693,-0.124489,0,0.124489,1.02244,0,-1.02244
1.76291e+09,9694,-0.124648,0,0.124648,1.0223,0,-1.0223
1.76291e+09,9695,-0.124806,0,0.124806,1.02216,0,-1.02216
1.76291e+09,9696,-0.124962,0,0.124962,1.02203,0,-1.02203
1.76291e+09,9697,-0.125116,0,0.125116,1.02189,0,-1.02189
1.76291e+09,9698,-0.12527,0,0.12527,1.02176,0,-1.02176
1.76291e+09,9699,-0.125421,0,0.125421,1.02162,0,-1.02162
1.76291e+09,9700,-0.125572,0,0.125572,1.02149,0,-1.02149
1.76291e+09,9701,-0.125721,0,0.125721,1.02136,0,-1.02136
1.76291e+09,9702,-0.125868,0,0.125868,1.02122,0,-1.02122
1.76291e+09,9703,-0.126015,0,0.126015,1.02109,0,-1.02109
1.76291e+09,9704,-0.12616,0,0.12616,1.02096,0,-1.02096
1.76291e+09,9705,-0.126303,0,0.126303,1.02083,0,-1.02083
1.76291e+09,9706,-0.126445,0,0.126445,1.0207,0,-1.0207
1.76291e+09,9707,-0.126586,0,0.126586,1.02058,0,-1.02058
1.76291e+09,9708,-0.126726,0,0.126726,1.02045,0,-1.02045
1.76291e+09,9709,-0.126864,0,0.126864,1.02032,0,-1.02032
1.76291e+09,9710,-0.127001,0,0.127001,1.0202,0,-1.0202
1.76291e+09,9711,-0.127136,0,0.127136,1.02007,0,-1.02007
1.76291e+09,9712,-0.127271,0,0.127271,1.01995,0,-1.01995
1.76291e+09,9713,-0.127403,0,0.127403,1.01982,0,-1.01982
1.76291e+09,9714,-0.127535,0,0.127535,1.0197,0,-1.0197
1.76291e+09,9715,-0.127665,0,0.127665,1.01958,0,-1.01958
1.76291e+09,9716,-0.127794,0,0.127794,1.01945,0,-1.01945
1.76291e+09,9717,-0.127922,0,0.127922,1.01933,0,-1.01933
1.76291e+09,9718,-0.128049,0,0.128049,1.01921,0,-1.01921
1.76291e+09,9719,-0.128174,0,0.128174,1.01909,0,-1.01909
1.76291e+09,9720,-0.128298,0,0.128298,1.01897,0,-1.01897
1.76291e+09,9721,-0.128421,0,0.128421,1.01886,0,-1.01886
1.76291e+09,9722,-0.128542,0,0.128542,1.01874,0,-1.01874
1.76291e+09,9723,-0.128662,0,0.128662,1.01862,0,-1.01862
1.76291e+09,9724,-0.128781,0,0.128781,1.01851,0,-1.01851
1.76291e+09,9725,-0.128899,0,0.128899,1.01839,0,-1.01839
1.76291e+09,9726,-0.129015,0,0.129015,1.01828,0,-1.01828
1.76291e+09,9727,-0.129131,0,0.129131,1.01816,0,-1.01816
1.76291e+09,9728,-0.129245,0,0.129245,1.01805,0,-1.01805
1.76291e+09,9729,-0.129357,0,0.129357,1.01794,0,-1.01794
1.76291e+09,9730,-0.129469,0,0.129469,1.01782,0,-1.01782
1.76291e+09,9731,-0.12958,0,0.12958,1.01771,0,-1.01771
1.76291e+09,9732,-0.129689,0,0.129689,1.0176,0,-1.0176
1.76291e+09,9733,-0.129797,0,0.129797,1.01749,0,-1.01749
1.76291e+09,9734,-0.129904,0,0.129904,1.01738,0,-1.01738
1.76291e+09,9735,-0.130009,0,0.130009,1.01728,0,-1.01728
1.76291e+09,9736,-0.130114,0,0.130114,1.01717,0,-1.01717
1.76291e+09,9737,-0.130217,0,0.130217,1.01706,0,-1.01706
1.76291e+09,9738,-0.130319,0,0.130319,1.01695,0,-1.01695
1.76291e+09,9739,-0.13042,0,0.13042,1.01685,0,-1.01685
1.76291e+09,9740,-0.13052,0,0.13052,1.01674,0,-1.01674
1.76291e+09,9741,-0.130619,0,0.130619,1.01664,0,-1.01664
1.76291e+09,9742,-0.130716,0,0.130716,1.01653,0,-1.01653
1.76291e+09,9743,-0.130813,0,0.130813,1.01643,0,-1.01643
1.76291e+09,9744,-0.130908,0,0.130908,1.01633,0,-1.01633
1.76291e+09,9745,-0.131002,0,0.131002,1.01623,0,-1.01623
1.76291e+09,9746,-0.131095,0,0.131095,1.01613,0,-1.01613
1.76291e+09,9747,-0.131187,0,0.131187,1.01602,0,-1.01602
1.76291e+09,9748,-0.131278,0,0.131278,1.01592,0,-1.01592
1.76291e+09,9749,-0.131367,0,0.131367,1.01583,0,-1.01583
1.76291e+09,9750,-0.131456,0,0.131456,1.01573,0,-1.01573
1.76291e+09,9751,-0.131543,0,0.131543,1.01563,0,-1.01563
1.76291e+09,9752,-0.131629,0,0.131629,1.01553,0,-1.01553
1.76291e+09,9753,-0.131715,0,0.131715,1.01543,0,-1.01543
1.76291e+09,9754,-0.131799,0,0.131799,1.01534,0,-1.01534
1.76291e+09,9755,-0.131882,0,0.131882,1.01524,0,-1.01524
1.76291e+09,9756,-0.131964,0,0.131964,1.01515,0,-1.01515
1.76291e+09,9757,-0.132045,0,0.132045,1.01505,0,-1.01505
1.76291e+09,9758,-0.132124,0,0.132124,1.01496,0,-1.01496
1.76291e+09,9759,-0.132203,0,0.132203,1.01487,0,-1.01487
1.76291e+09,9760,-0.132281,0,0.132281,1.01477,0,-1.01477
1.76291e+09,9761,-0.132357,0,0.132357,1.01468,0,-1.01468
1.76291e+09,9762,-0.132433,0,0.132433,1.01459,0,-1.01459
1.76291e+09,9763,-0.132507,0,0.132507,1.0145,0,-1.0145
1.76291e+09,9764,-0.13258,0,0.13258,1.01441,0,-1.01441
1.76291e+09,9765,-0.132653,0,0.132653,1.01432,0,-1.01432
1.76291e+09,9766,-0.132724,0,0.132724,1.01423,0,-1.01423
1.76291e+09,9767,-0.132794,0,0.132794,1.01414,0,-1.01414
1.76291e+09,9768,-0.132863,0,0.132863,1.01406,0,-1.01406
1.76291e+09,9769,-0.132931,0,0.132931,1.01397,0,-1.01397
1.76291e+09,9770,-0.132998,0,0.132998,1.01388,0,-1.01388
1.76291e+09,9771,-0.133064,0,0.133064,1.0138,0,-1.0138
1.76291e+09,9772,-0.133129,0,0.133129,1.01371,0,-1.01371
1.76291e+09,9773,-0.133193,0,0.133193,1.01363,0,-1.01363
1.76291e+09,9774,-0.133256,0,0.133256,1.01354,0,-1.01354
1.76291e+09,9775,-0.133318,0,0.133318,1.01346,0,-1.01346
1.76291e+09,9776,-0.133379,0,0.133379,1.01337,0,-1.01337
1.76291e+09,9777,-0.133439,0,0.133439,1.01329,0,-1.01329
1.76291e+09,9778,-0.133498,0,0.133498,1.01321,0,-1.01321
1.76291e+09,9779,-0.133556,0,0.133556,1.01313,0,-1.01313
1.76291e+09,9780,-0.133613,0,0.133613,1.01305,0,-1.01305
1.76291e+09,9781,-0.133668,0,0.133668,1.01297,0,-1.01297
1.76291e+09,9782,-0.133723,0,0.133723,1.01289,0,-1.01289
1.76291e+09,9783,-0.133777,0,0.133777,1.01281,0,-1.01281
1.76291e+09,9784,-0.13383,0,0.13383,1.01273,0,-1.01273
1.76291e+09,9785,-0.133882,0,0.133882,1.01265,0,-1.01265
1.76291e+09,9786,-0.133933,0,0.133933,1.01257,0,-1.01257
1.76291e+09,9787,-0.133982,0,0.133982,1.0125,0,-1.0125
1.76291e+09,9788,-0.134031,0,0.134031,1.01242,0,-1.01242
1.76291e+09,9789,-0.134079,0,0.134079,1.01234,0,-1.01234
1.76291e+09,9790,-0.134126,0,0.134126,1.01227,0,-1.01227
1.76291e+09,9791,-0.134172,0,0.134172,1.01219,0,-1.01219
1.76291e+09,9792,-0.134217,0,0.134217,1.01212,0,-1.01212
1.76291e+09,9793,-0.134261,0,0.134261,1.01205,0,-1.01205
1.76291e+09,9794,-0.134304,0,0.134304,1.01197,0,-1.01197
1.76291e+09,9795,-0.134346,0,0.134346,1.0119,0,-1.0119
1.76291e+09,9796,-0.134387,0,0.134387,1.01183,0,-1.01183
1.76291e+09,9797,-0.134427,0,0.134427,1.01176,0,-1.01176
1.76291e+09,9798,-0.134466,0,0.134466,1.01169,0,-1.01169
1.76291e+09,9799,-0.134504,0,0.134504,1.01161,0,-1.01161
1.76291e+09,9800,-0.134541,0,0.134541,1.01154,0,-1.01154
1.76291e+09,9801,-0.134578,0,0.134578,1.01147,0,-1.01147
1.76291e+09,9802,-0.134613,0,0.134613,1.01141,0,-1.01141
1.76291e+09,9803,-0.134647,0,0.134647,1.01134,0,-1.01134
1.76291e+09,9804,-0.13468,0,0.13468,1.01127,0,-1.01127
1.76291e+09,9805,-0.134713,0,0.134713,1.0112,0,-1.0112
1.76291e+09,9806,-0.134744,0,0.134744,1.01113,0,-1.01113
1.76291e+09,9807,-0.134775,0,0.134775,1.01107,0,-1.01107
1.76291e+09,9808,-0.134804,0,0.134804,1.011,0,-1.011
1.76291e+09,9809,-0.134833,0,0.134833,1.01093,0,-1.01093
1.76291e+09,9810,-0.13486,0,0.13486,1.01087,0,-1.01087
1.76291e+09,9811,-0.134887,0,0.134887,1.0108,0,-1.0108
1.76291e+09,9812,-0.134913,0,0.134913,1.01074,0,-1.01074
1.76291e+09,9813,-0.134938,0,0.134938,1.01068,0,-1.01068
1.76291e+09,9814,-0.134962,0,0.134962,1.01061,0,-1.01061
1.76291e+09,9815,-0.134984,0,0.134984,1.01055,0,-1.01055
1.76291e+09,9816,-0.135006,0,0.135006,1.01049,0,-1.01049
1.76291e+09,9817,-0.135027,0,0.135027,1.01043,0,-1.01043
1.76291e+09,9818,-0.135048,0,0.135048,1.01036,0,-1.01036
1.76291e+09,9819,-0.135067,0,0.135067,1.0103,0,-1.0103
1.76291e+09,9820,-0.135085,0,0.135085,1.01024,0,-1.01024
1.76291e+09,9821,-0.135102,0,0.135102,1.01018,0,-1.01018
1.76291e+09,9822,-0.135119,0,0.135119,1.01012,0,-1.01012
1.76291e+09,9823,-0.135134,0,0.135134,1.01006,0,-1.01006
1.76291e+09,9824,-0.135148,0,0.135148,1.01,0,-1.01
1.76291e+09,9825,-0.135162,0,0.135162,1.00995,0,-1.00995
1.76291e+09,9826,-0.135175,0,0.135175,1.00989,0,-1.00989
1.76291e+09,9827,-0.135186,0,0.135186,1.00983,0,-1.00983
1.76291e+09,9828,-0.135197,0,0.135197,1.00977,0,-1.00977
1.76291e+09,9829,-0.135207,0,0.135207,1.00972,0,-1.00972
1.76291e+09,9830,-0.135216,0,0.135216,1.00966,0,-1.00966
1.76291e+09,9831,-0.135224,0,0.135224,1.00961,0,-1.00961
1.76291e+09,9832,-0.135231,0,0.135231,1.00955,0,-1.00955
1.76291e+09,9833,-0.135237,0,0.135237,1.00949,0,-1.00949
1.76291e+09,9834,-0.135242,0,0.135242,1.00944,0,-1.00944
1.76291e+09,9835,-0.135247,0,0.135247,1.00939,0,-1.00939
1.76291e+09,9836,-0.13525,0,0.13525,1.00933,0,-1.00933
1.76291e+09,9837,-0.135252,0,0.135252,1.00928,0,-1.00928
1.76291e+09,9838,-0.135254,0,0.135254,1.00923,0,-1.00923
1.76291e+09,9839,-0.135254,0,0.135254,1.00917,0,-1.00917
1.76291e+09,9840,-0.135254,0,0.135254,1.00912,0,-1.00912
1.76291e+09,9841,-0.135253,0,0.135253,1.00907,0,-1.00907
1.76291e+09,9842,-0.135251,0,0.135251,1.00902,0,-1.00902
1.76291e+09,9843,-0.135247,0,0.135247,1.00897,0,-1.00897
1.76291e+09,9844,-0.135243,0,0.135243,1.00892,0,-1.00892
1.76291e+09,9845,-0.135238,0,0.135238,1.00887,0,-1.00887
1.76291e+09,9846,-0.135232,0,0.135232,1.00882,0,-1.00882
1.76291e+09,9847,-0.135226,0,0.135226,1.00877,0,-1.00877
1.76291e+09,9848,-0.135218,0,0.135218,1.00872,0,-1.00872
1.76291e+09,9849,-0.135209,0,0.135209,1.00867,0,-1.00867
1.76291e+09,9850,-0.1352,0,0.1352,1.00863,0,-1.00863
1.76291e+09,9851,-0.135189,0,0.135189,1.00858,0,-1.00858
1.76291e+09,9852,-0.135178,0,0.135178,1.00853,0,-1.00853
1.76291e+09,9853,-0.135165,0,0.135165,1.00848,0,-1.00848
1.76291e+09,9854,-0.135152,0,0.135152,1.00844,0,-1.00844
1.76291e+09,9855,-0.135138,0,0.135138,1.00839,0,-1.00839
1.76291e+09,9856,-0.135122,0,0.135122,1.00835,0,-1.00835
1.76291e+09,9857,-0.135106,0,0.135106,1.0083,0,-1.0083
1.76291e+09,9858,-0.135089,0,0.135089,1.00826,0,-1.00826
1.76291e+09,9859,-0.135071,0,0.135071,1.00821,0,-1.00821
1.76291e+09,9860,-0.135052,0,0.135052,1.00817,0,-1.00817
1.76291e+09,9861,-0.135033,0,0.135033,1.00812,0,-1.00812
1.76291e+09,9862,-0.135012,0,0.135012,1.00808,0,-1.00808
1.76291e+09,9863,-0.13499,0,0.13499,1.00804,0,-1.00804
1.76291e+09,9864,-0.134967,0,0.134967,1.00799,0,-1.00799
1.76291e+09,9865,-0.134944,0,0.134944,1.00795,0,-1.00795
1.76291e+09,9866,-0.134919,0,0.134919,1.00791,0,-1.00791
1.76291e+09,9867,-0.134894,0,0.134894,1.00787,0,-1.00787
1.76291e+09,9868,-0.134868,0,0.134868,1.00783,0,-1.00783
1.76291e+09,9869,-0.13484,0,0.13484,1.00778,0,-1.00778
1.76291e+09,9870,-0.134812,0,0.134812,1.00774,0,-1.00774
1.76291e+09,9871,-0.134783,0,0.134783,1.0077,0,-1.0077
1.76291e+09,9872,-0.134753,0,0.134753,1.00766,0,-1.00766
1.76291e+09,9873,-0.134721,0,0.134721,1.00762,0,-1.00762
1.76291e+09,9874,-0.134689,0,0.134689,1.00758,0,-1.00758
1.76291e+09,9875,-0.134656,0,0.134656,1.00755,0,-1.00755
1.76291e+09,9876,-0.134622,0,0.134622,1.00751,0,-1.00751
1.76291e+09,9877,-0.134588,0,0.134588,1.00747,0,-1.00747
1.76291e+09,9878,-0.134552,0,0.134552,1.00743,0,-1.00743
1.76291e+09,9879,-0.134515,0,0.134515,1.00739,0,-1.00739
1.76291e+09,9880,-0.134477,0,0.134477,1.00735,0,-1.00735
1.76291e+09,9881,-0.134438,0,0.134438,1.00732,0,-1.00732
1.76291e+09,9882,-0.134399,0,0.134399,1.00728,0,-1.00728
1.76291e+09,9883,-0.134358,0,0.134358,1.00724,0,-1.00724
1.76291e+09,9884,-0.134317,0,0.134317,1.00721,0,-1.00721
1.76291e+09,9885,-0.134274,0,0.134274,1.00717,0,-1.00717
1.76291e+09,9886,-0.13423,0,0.13423,1.00714,0,-1.00714
1.76291e+09,9887,-0.134186,0,0.134186,1.0071,0,-1.0071
1.76291e+09,9888,-0.13414,0,0.13414,1.00707,0,-1.00707
1.76291e+09,9889,-0.134094,0,0.134094,1.00703,0,-1.00703
1.76291e+09,9890,-0.134047,0,0.134047,1.007,0,-1.007
1.76291e+09,9891,-0.133998,0,0.133998,1.00696,0,-1.00696
1.76291e+09,9892,-0.133949,0,0.133949,1.00693,0,-1.00693
1.76291e+09,9893,-0.133898,0,0.133898,1.0069,0,-1.0069
1.76291e+09,9894,-0.133847,0,0.133847,1.00686,0,-1.00686
1.76291e+09,9895,-0.133795,0,0.133795,1.00683,0,-1.00683
1.76291e+09,9896,-0.133741,0,0.133741,1.0068,0,-1.0068
1.76291e+09,9897,-0.133687,0,0.133687,1.00676,0,-1.00676
1.76291e+09,9898,-0.133632,0,0.133632,1.00673,0,-1.00673
1.76291e+09,9899,-0.133576,0,0.133576,1.0067,0,-1.0067
1.76291e+09,9900,-0.133518,0,0.133518,1.00667,0,-1.00667
1.76291e+09,9901,-0.13346,0,0.13346,1.00664,0,-1.00664
1.76291e+09,9902,-0.133401,0,0.133401,1.00661,0,-1.00661
1.76291e+09,9903,-0.13334,0,0.13334,1.00658,0,-1.00658
1.76291e+09,9904,-0.133279,0,0.133279,1.00655,0,-1.00655
1.76291e+09,9905,-0.133217,0,0.133217,1.00651,0,-1.00651
1.76291e+09,9906,-0.133154,0,0.133154,1.00648,0,-1.00648
1.76291e+09,9907,-0.133089,0,0.133089,1.00646,0,-1.00646
1.76291e+09,9908,-0.133024,0,0.133024,1.00643,0,-1.00643
1.76291e+09,9909,-0.132957,0,0.132957,1.0064,0,-1.0064
1.76291e+09,9910,-0.13289,0,0.13289,1.00637,0,-1.00637
1.76291e+09,9911,-0.132822,0,0.132822,1.00634,0,-1.00634
1.76291e+09,9912,-0.132752,0,0.132752,1.00631,0,-1.00631
1.76291e+09,9913,-0.132682,0,0.132682,1.00628,0,-1.00628
1.76291e+09,9914,-0.13261,0,0.13261,1.00625,0,-1.00625
1.76291e+09,9915,-0.132538,0,0.132538,1.00623,0,-1.00623
1.76291e+09,9916,-0.132464,0,0.132464,1.0062,0,-1.0062
1.76291e+09,9917,-0.132389,0,0.132389,1.00617,0,-1.00617
1.76291e+09,9918,-0.132314,0,0.132314,1.00614,0,-1.00614
1.76291e+09,9919,-0.132237,0,0.132237,1.00612,0,-1.00612
1.76291e+09,9920,-0.132159,0,0.132159,1.00609,0,-1.00609
1.76291e+09,9921,-0.13208,0,0.13208,1.00606,0,-1.00606
1.76291e+09,9922,-0.132,0,0.132,1.00604,0,-1.00604
1.76291e+09,9923,-0.131919,0,0.131919,1.00601,0,-1.00601
1.76291e+09,9924,-0.131837,0,0.131837,1.00598,0,-1.00598
1.76291e+09,9925,-0.131754,0,0.131754,1.00596,0,-1.00596
1.76291e+09,9926,-0.13167,0,0.13167,1.00593,0,-1.00593
1.76291e+09,9927,-0.131584,0,0.131584,1.00591,0,-1.00591
1.76291e+09,9928,-0.131498,0,0.131498,1.00588,0,-1.00588
1.76291e+09,9929,-0.131411,0,0.131411,1.00586,0,-1.00586
1.76291e+09,9930,-0.131322,0,0.131322,1.00583,0,-1.00583
1.76291e+09,9931,-0.131232,0,0.131232,1.00581,0,-1.00581
1.76291e+09,9932,-0.131141,0,0.131141,1.00578,0,-1.00578
1.76291e+09,9933,-0.13105,0,0.13105,1.00576,0,-1.00576
1.76291e+09,9934,-0.130957,0,0.130957,1.00574,0,-1.00574
1.76291e+09,9935,-0.130862,0,0.130862,1.00571,0,-1.00571
1.76291e+09,9936,-0.130767,0,0.130767,1.00569,0,-1.00569
1.76291e+09,9937,-0.130671,0,0.130671,1.00566,0,-1.00566
1.76291e+09,9938,-0.130573,0,0.130573,1.00564,0,-1.00564
1.76291e+09,9939,-0.130475,0,0.130475,1.00562,0,-1.00562
1.76291e+09,9940,-0.130375,0,0.130375,1.00559,0,-1.00559
1.76291e+09,9941,-0.130274,0,0.130274,1.00557,0,-1.00557
1.76291e+09,9942,-0.130172,0,0.130172,1.00555,0,-1.00555
1.76291e+09,9943,-0.130069,0,0.130069,1.00553,0,-1.00553
1.76291e+09,9944,-0.129964,0,0.129964,1.0055,0,-1.0055
1.76291e+09,9945,-0.129859,0,0.129859,1.00548,0,-1.00548
1.76291e+09,9946,-0.129752,0,0.129752,1.00546,0,-1.00546
1.76291e+09,9947,-0.129644,0,0.129644,1.00544,0,-1.00544
1.76291e+09,9948,-0.129535,0,0.129535,1.00542,0,-1.00542
1.76291e+09,9949,-0.129425,0,0.129425,1.00539,0,-1.00539
1.76291e+09,9950,-0.129314,0,0.129314,1.00537,0,-1.00537
1.76291e+09,9951,-0.129201,0,0.129201,1.00535,0,-1.00535
1.76291e+09,9952,-0.129088,0,0.129088,1.00533,0,-1.00533
1.76291e+09,9953,-0.128973,0,0.128973,1.00531,0,-1.00531
1.76291e+09,9954,-0.128857,0,0.128857,1.00529,0,-1.00529
1.76291e+09,9955,-0.128739,0,0.128739,1.00526,0,-1.00526
1.76291e+09,9956,-0.128621,0,0.128621,1.00524,0,-1.00524
1.76291e+09,9957,-0.128501,0,0.128501,1.00522,0,-1.00522
1.76291e+09,9958,-0.12838,0,0.12838,1.0052,0,-1.0052
1.76291e+09,9959,-0.128257,0,0.128257,1.00518,0,-1.00518
1.76291e+09,9960,-0.128134,0,0.128134,1.00516,0,-1.00516
1.76291e+09,9961,-0.128009,0,0.128009,1.00514,0,-1.00514
1.76291e+09,9962,-0.127883,0,0.127883,1.00512,0,-1.00512
1.76291e+09,9963,-0.127756,0,0.127756,1.0051,0,-1.0051
1.76291e+09,9964,-0.127628,0,0.127628,1.00508,0,-1.00508
1.76291e+09,9965,-0.127498,0,0.127498,1.00506,0,-1.00506
1.76291e+09,9966,-0.127367,0,0.127367,1.00504,0,-1.00504
1.76291e+09,9967,-0.127235,0,0.127235,1.00502,0,-1.00502
1.76291e+09,9968,-0.127101,0,0.127101,1.005,0,-1.005
1.76291e+09,9969,-0.126966,0,0.126966,1.00498,0,-1.00498
1.76291e+09,9970,-0.12683,0,0.12683,1.00496,0,-1.00496
1.76291e+09,9971,-0.126692,0,0.126692,1.00494,0,-1.00494
1.76291e+09,9972,-0.126554,0,0.126554,1.00492,0,-1.00492
1.76291e+09,9973,-0.126414,0,0.126414,1.0049,0,-1.0049
1.76291e+09,9974,-0.126272,0,0.126272,1.00488,0,-1.00488
1.76291e+09,9975,-0.126129,0,0.126129,1.00486,0,-1.00486
1.76291e+09,9976,-0.125985,0,0.125985,1.00484,0,-1.00484
1.76291e+09,9977,-0.12584,0,0.12584,1.00482,0,-1.00482
1.76291e+09,9978,-0.125693,0,0.125693,1.0048,0,-1.0048
1.76291e+09,9979,-0.125545,0,0.125545,1.00478,0,-1.00478
1.76291e+09,9980,-0.125396,0,0.125396,1.00476,0,-1.00476
1.76291e+09,9981,-0.125245,0,0.125245,1.00474,0,-1.00474
1.76291e+09,9982,-0.125093,0,0.125093,1.00472,0,-1.00472
1.76291e+09,9983,-0.124939,0,0.124939,1.0047,0,-1.0047
1.76291e+09,9984,-0.124784,0,0.124784,1.00468,0,-1.00468
1.76291e+09,9985,-0.124628,0,0.124628,1.00466,0,-1.00466
1.76291e+09,9986,-0.12447,0,0.12447,1.00464,0,-1.00464
1.76291e+09,9987,-0.124311,0,0.124311,1.00462,0,-1.00462
1.76291e+09,9988,-0.12415,0,0.12415,1.0046,0,-1.0046
1.76291e+09,9989,-0.123988,0,0.123988,1.00458,0,-1.00458
1.76291e+09,9990,-0.123825,0,0.123825,1.00456,0,-1.00456
1.76291e+09,9991,-0.12366,0,0.12366,1.00454,0,-1.00454
1.76291e+09,9992,-0.123494,0,0.123494,1.00452,0,-1.00452
1.76291e+09,9993,-0.123326,0,0.123326,1.0045,0,-1.0045
1.76291e+09,9994,-0.123157,0,0.123157,1.00448,0,-1.00448
1.76291e+09,9995,-0.122986,0,0.122986,1.00446,0,-1.00446
1.76291e+09,9996,-0.122814,0,0.122814,1.00444,0,-1.00444
1.76291e+09,9997,-0.12264,0,0.12264,1.00442,0,-1.00442
1.76291e+09,9998,-0.122465,0,0.122465,1.0044,0,-1.0044
1.76291e+09,9999,-0.122288,0,0.122288,1.00438,0,-1.00438
1.76291e+09,10000,-0.12211,0,0.12211,1.00436,0,-1.00436
1.76291e+09,10001,-0.12193,0,0.12193,1.00434,0,-1.00434
1.76291e+09,10002,-0.121749,0,0.121749,1.00432,0,-1.00432
1.76291e+09,10003,-0.121567,0,0.121567,1.00429,0,-1.00429
1.76291e+09,10004,-0.121382,0,0.121382,1.00427,0,-1.00427
1.76291e+09,10005,-0.121197,0,0.121197,1.00425,0,-1.00425
1.76291e+09,10006,-0.121009,0,0.121009,1.00423,0,-1.00423
1.76291e+09,10007,-0.12082,0,0.12082,1.00421,0,-1.00421
1.76291e+09,10008,-0.12063,0,0.12063,1.00419,0,-1.00419
1.76291e+09,10009,-0.120438,0,0.120438,1.00417,0,-1.00417
1.76291e+09,10010,-0.120244,0,0.120244,1.00414,0,-1.00414
1.76291e+09,10011,-0.120049,0,0.120049,1.00412,0,-1.00412
1.76291e+09,10012,-0.119852,0,0.119852,1.0041,0,-1.0041
1.76291e+09,10013,-0.119653,0,0.119653,1.00408,0,-1.00408
1.76291e+09,10014,-0.119453,0,0.119453,1.00405,0,-1.00405
1.76291e+09,10015,-0.119251,0,0.119251,1.00403,0,-1.00403
1.76291e+09,10016,-0.119048,0,0.119048,1.00401,0,-1.00401
1.76291e+09,10017,-0.118843,0,0.118843,1.00398,0,-1.00398
1.76291e+09,10018,-0.118636,0,0.118636,1.00396,0,-1.00396
1.76291e+09,10019,-0.118428,0,0.118428,1.00394,0,-1.00394
1.76291e+09,10020,-0.118218,0,0.118218,1.00391,0,-1.00391
1.76291e+09,10021,-0.118006,0,0.118006,1.00389,0,-1.00389
1.76291e+09,10022,-0.117792,0,0.117792,1.00386,0,-1.00386
1.76291e+09,10023,-0.117577,0,0.117577,1.00384,0,-1.00384
1.76291e+09,10024,-0.11736,0,0.11736,1.00381,0,-1.00381
1.76291e+09,10025,-0.117142,0,0.117142,1.00379,0,-1.00379
1.76291e+09,10026,-0.116921,0,0.116921,1.00376,0,-1.00376
1.76291e+09,10027,-0.116699,0,0.116699,1.00373,0,-1.00373
1.76291e+09,10028,-0.116475,0,0.116475,1.00371,0,-1.00371
1.76291e+09,10029,-0.11625,0,0.11625,1.00368,0,-1.00368
1.76291e+09,10030,-0.116022,0,0.116022,1.00366,0,-1.00366
1.76291e+09,10031,-0.115793,0,0.115793,1.00363,0,-1.00363
1.76291e+09,10032,-0.115562,0,0.115562,1.0036,0,-1.0036
1.76291e+09,10033,-0.115329,0,0.115329,1.00357,0,-1.00357
1.76291e+09,10034,-0.115094,0,0.115094,1.00354,0,-1.00354
1.76291e+09,10035,-0.114858,0,0.114858,1.00352,0,-1.00352
1.76291e+09,10036,-0.11462,0,0.11462,1.00349,0,-1.00349
1.76291e+09,10037,-0.114379,0,0.114379,1.00346,0,-1.00346
1.76291e+09,10038,-0.114137,0,0.114137,1.00343,0,-1.00343
1.76291e+09,10039,-0.113893,0,0.113893,1.0034,0,-1.0034
1.76291e+09,10040,-0.113647,0,0.113647,1.00337,0,-1.00337
1.76291e+09,10041,-0.1134,0,0.1134,1.00333,0,-1.00333
1.76291e+09,10042,-0.11315,0,0.11315,1.0033,0,-1.0033
1.76291e+09,10043,-0.112898,0,0.112898,1.00327,0,-1.00327
1.76291e+09,10044,-0.112645,0,0.112645,1.00324,0,-1.00324
1.76291e+09,10045,-0.112389,0,0.112389,1.00321,0,-1.00321
1.76291e+09,10046,-0.112132,0,0.112132,1.00317,0,-1.00317
1.76291e+09,10047,-0.111873,0,0.111873,1.00314,0,-1.00314
1.76291e+09,10048,-0.111611,0,0.111611,1.0031,0,-1.0031
1.76291e+09,10049,-0.111348,0,0.111348,1.00307,0,-1.00307
1.76291e+09,10050,-0.111082,0,0.111082,1.00303,0,-1.00303
1.76291e+09,10051,-0.110815,0,0.110815,1.003,0,-1.003
1.76291e+09,10052,-0.110546,0,0.110546,1.00296,0,-1.00296
1.76291e+09,10053,-0.110274,0,0.110274,1.00293,0,-1.00293
1.76291e+09,10054,-0.110001,0,0.110001,1.00289,0,-1.00289
1.76291e+09,10055,-0.109725,0,0.109725,1.00285,0,-1.00285
1.76291e+09,10056,-0.109447,0,0.109447,1.00281,0,-1.00281
1.76291e+09,10057,-0.109168,0,0.109168,1.00277,0,-1.00277
1.76291e+09,10058,-0.108886,0,0.108886,1.00273,0,-1.00273
1.76291e+09,10059,-0.108602,0,0.108602,1.00269,0,-1.00269
1.76291e+09,10060,-0.108316,0,0.108316,1.00265,0,-1.00265
1.76291e+09,10061,-0.108027,0,0.108027,1.00261,0,-1.00261
1.76291e+09,10062,-0.107737,0,0.107737,1.00257,0,-1.00257
1.76291e+09,10063,-0.107444,0,0.107444,1.00252,0,-1.00252
1.76291e+09,10064,-0.107149,0,0.107149,1.00248,0,-1.00248
1.76291e+09,10065,-0.106852,0,0.106852,1.00243,0,-1.00243
1.76291e+09,10066,-0.106553,0,0.106553,1.00239,0,-1.00239
1.76291e+09,10067,-0.106252,0,0.106252,1.00234,0,-1.00234
1.76291e+09,10068,-0.105948,0,0.105948,1.0023,0,-1.0023
1.76291e+09,10069,-0.105642,0,0.105642,1.00225,0,-1.00225
1.76291e+09,10070,-0.105333,0,0.105333,1.0022,0,-1.0022
1.76291e+09,10071,-0.105023,0,0.105023,1.00215,0,-1.00215
1.76291e+09,10072,-0.10471,0,0.10471,1.0021,0,-1.0021
1.76291e+09,10073,-0.104395,0,0.104395,1.00205,0,-1.00205
1.76291e+09,10074,-0.104077,0,0.104077,1.002,0,-1.002
1.76291e+09,10075,-0.103757,0,0.103757,1.00195,0,-1.00195
1.76291e+09,10076,-0.103435,0,0.103435,1.00189,0,-1.00189
1.76291e+09,10077,-0.10311,0,0.10311,1.00184,0,-1.00184
1.76291e+09,10078,-0.102783,0,0.102783,1.00178,0,-1.00178
1.76291e+09,10079,-0.102453,0,0.102453,1.00173,0,-1.00173
1.76291e+09,10080,-0.102116,0,0.102116,1.00165,0,-1.00165
1.76291e+09,10081,-0.101775,0,0.101775,1.00158,0,-1.00158
1.76291e+09,10082,-0.101433,0,0.101433,1.0015,0,-1.0015
1.76291e+09,10083,-0.101088,0,0.101088,1.00142,0,-1.00142
1.76291e+09,10084,-0.10074,0,0.10074,1.00134,0,-1.00134
1.76291e+09,10085,-0.100391,0,0.100391,1.00126,0,-1.00126
1.76291e+09,10086,-0.100038,0,0.100038,1.00118,0,-1.00118
1.76291e+09,10087,-0.0996838,0,0.0996838,1.0011,0,-1.0011
1.76291e+09,10088,-0.0993268,0,0.0993268,1.00102,0,-1.00102
1.76291e+09,10089,-0.0989673,0,0.0989673,1.00093,0,-1.00093
1.76291e+09,10090,-0.0986055,0,0.0986055,1.00085,0,-1.00085
1.76291e+09,10091,-0.0982412,0,0.0982412,1.00076,0,-1.00076
1.76291e+09,10092,-0.0978746,0,0.0978746,1.00067,0,-1.00067
1.76291e+09,10093,-0.0975056,0,0.0975056,1.00058,0,-1.00058
1.76291e+09,10094,-0.0971342,0,0.0971342,1.00049,0,-1.00049
1.76291e+09,10095,-0.0967604,0,0.0967604,1.0004,0,-1.0004
1.76291e+09,10096,-0.0963844,0,0.0963844,1.00031,0,-1.00031
1.76291e+09,10097,-0.096006,0,0.096006,1.00021,0,-1.00021
1.76291e+09,10098,-0.0956253,0,0.0956253,1.00012,0,-1.00012
1.76291e+09,10099,-0.0952424,0,0.0952424,1.00002,0,-1.00002
1.76291e+09,10100,-0.0948572,0,0.0948572,0.999926,0,-0.999926
1.76291e+09,10101,-0.0944698,0,0.0944698,0.999827,0,-0.999827
1.76291e+09,10102,-0.0940802,0,0.0940802,0.999727,0,-0.999727
1.76291e+09,10103,-0.0936884,0,0.0936884,0.999625,0,-0.999625
1.76291e+09,10104,-0.0932945,0,0.0932945,0.999523,0,-0.999523
1.76291e+09,10105,-0.0928986,0,0.0928986,0.999418,0,-0.999418
1.76291e+09,10106,-0.0925005,0,0.0925005,0.999313,0,-0.999313
1.76291e+09,10107,-0.0921005,0,0.0921005,0.999206,0,-0.999206
1.76291e+09,10108,-0.0916985,0,0.0916985,0.999098,0,-0.999098
1.76291e+09,10109,-0.0912945,0,0.0912945,0.998989,0,-0.998989
1.76291e+09,10110,-0.0908887,0,0.0908887,0.998878,0,-0.998878
1.76291e+09,10111,-0.090481,0,0.090481,0.998766,0,-0.998766
1.76291e+09,10112,-0.0900715,0,0.0900715,0.998652,0,-0.998652
1.76291e+09,10113,-0.0896602,0,0.0896602,0.998537,0,-0.998537
1.76291e+09,10114,-0.0892473,0,0.0892473,0.998421,0,-0.998421
1.76291e+09,10115,-0.0888326,0,0.0888326,0.998303,0,-0.998303
1.76291e+09,10116,-0.0884164,0,0.0884164,0.998184,0,-0.998184
1.76291e+09,10117,-0.0879986,0,0.0879986,0.998063,0,-0.998063
1.76291e+09,10118,-0.0875794,0,0.0875794,0.997941,0,-0.997941
1.76291e+09,10119,-0.0871587,0,0.0871587,0.997818,0,-0.997818
1.76291e+09,10120,-0.0867366,0,0.0867366,0.997693,0,-0.997693
1.76291e+09,10121,-0.0863131,0,0.0863131,0.997567,0,-0.997567
1.76291e+09,10122,-0.0858885,0,0.0858885,0.997439,0,-0.997439
1.76291e+09,10123,-0.0854625,0,0.0854625,0.99731,0,-0.99731
1.76291e+09,10124,-0.0850355,0,0.0850355,0.99718,0,-0.99718
1.76291e+09,10125,-0.0846073,0,0.0846073,0.997048,0,-0.997048
1.76291e+09,10126,-0.0841782,0,0.0841782,0.996915,0,-0.996915
1.76291e+09,10127,-0.083748,0,0.083748,0.99678,0,-0.99678
1.76291e+09,10128,-0.083317,0,0.083317,0.996644,0,-0.996644
1.76291e+09,10129,-0.0828851,0,0.0828851,0.996507,0,-0.996507
1.76291e+09,10130,-0.0824525,0,0.0824525,0.996368,0,-0.996368
1.76291e+09,10131,-0.0820191,0,0.0820191,0.996228,0,-0.996228
1.76291e+09,10132,-0.0815851,0,0.0815851,0.996086,0,-0.996086
1.76291e+09,10133,-0.0811505,0,0.0811505,0.995943,0,-0.995943
1.76291e+09,10134,-0.0807154,0,0.0807154,0.995799,0,-0.995799
1.76291e+09,10135,-0.0802799,0,0.0802799,0.995654,0,-0.995654
1.76291e+09,10136,-0.079844,0,0.079844,0.995507,0,-0.995507
1.76291e+09,10137,-0.0794077,0,0.0794077,0.995359,0,-0.995359
1.76291e+09,10138,-0.0789713,0,0.0789713,0.995209,0,-0.995209
1.76291e+09,10139,-0.0785346,0,0.0785346,0.995058,0,-0.995058
1.76291e+09,10140,-0.0780979,0,0.0780979,0.994907,0,-0.994907
1.76291e+09,10141,-0.0776611,0,0.0776611,0.994753,0,-0.994753
1.76291e+09,10142,-0.0772243,0,0.0772243,0.994599,0,-0.994599
1.76291e+09,10143,-0.0767877,0,0.0767877,0.994443,0,-0.994443
1.76291e+09,10144,-0.0763512,0,0.0763512,0.994286,0,-0.994286
1.76291e+09,10145,-0.0759149,0,0.0759149,0.994128,0,-0.994128
1.76291e+09,10146,-0.075479,0,0.075479,0.993969,0,-0.993969
1.76291e+09,10147,-0.0750434,0,0.0750434,0.993809,0,-0.993809
1.76291e+09,10148,-0.0746082,0,0.0746082,0.993648,0,-0.993648
1.76291e+09,10149,-0.0741736,0,0.0741736,0.993485,0,-0.993485
1.76291e+09,10150,-0.0737395,0,0.0737395,0.993322,0,-0.993322
1.76291e+09,10151,-0.0733061,0,0.0733061,0.993157,0,-0.993157
1.76291e+09,10152,-0.0728733,0,0.0728733,0.992991,0,-0.992991
1.76291e+09,10153,-0.0724414,0,0.0724414,0.992825,0,-0.992825
1.76291e+09,10154,-0.0720102,0,0.0720102,0.992657,0,-0.992657
1.76291e+09,10155,-0.07158,0,0.07158,0.992489,0,-0.992489
1.76291e+09,10156,-0.0711507,0,0.0711507,0.992319,0,-0.992319
1.76291e+09,10157,-0.0707224,0,0.0707224,0.992149,0,-0.992149
1.76291e+09,10158,-0.0702953,0,0.0702953,0.991977,0,-0.991977
1.76291e+09,10159,-0.0698693,0,0.0698693,0.991805,0,-0.991805
1.76291e+09,10160,-0.0694445,0,0.0694445,0.991632,0,-0.991632
1.76291e+09,10161,-0.0690209,0,0.0690209,0.991459,0,-0.991459
1.76291e+09,10162,-0.0685987,0,0.0685987,0.991284,0,-0.991284
1.76291e+09,10163,-0.0681779,0,0.0681779,0.991109,0,-0.991109
1.76291e+09,10164,-0.0677586,0,0.0677586,0.990933,0,-0.990933
1.76291e+09,10165,-0.0673407,0,0.0673407,0.990757,0,-0.990757
1.76291e+09,10166,-0.0669244,0,0.0669244,0.990579,0,-0.990579
1.76291e+09,10167,-0.0665097,0,0.0665097,0.990402,0,-0.990402
1.76291e+09,10168,-0.0660967,0,0.0660967,0.990223,0,-0.990223
1.76291e+09,10169,-0.0656854,0,0.0656854,0.990044,0,-0.990044
1.76291e+09,10170,-0.0652758,0,0.0652758,0.989865,0,-0.989865
1.76291e+09,10171,-0.0648681,0,0.0648681,0.989685,0,-0.989685
1.76291e+09,10172,-0.0644623,0,0.0644623,0.989504,0,-0.989504
1.76291e+09,10173,-0.0640583,0,0.0640583,0.989323,0,-0.989323
1.76291e+09,10174,-0.0636563,0,0.0636563,0.989142,0,-0.989142
1.76291e+09,10175,-0.0632563,0,0.0632563,0.98896,0,-0.98896
1.76291e+09,10176,-0.0628584,0,0.0628584,0.988778,0,-0.988778
1.76291e+09,10177,-0.0624625,0,0.0624625,0.988595,0,-0.988595
1.76291e+09,10178,-0.0620688,0,0.0620688,0.988412,0,-0.988412
1.76291e+09,10179,-0.0616772,0,0.0616772,0.988229,0,-0.988229
1.76291e+09,10180,-0.0612878,0,0.0612878,0.988046,0,-0.988046
1.76291e+09,10181,-0.0609006,0,0.0609006,0.987862,0,-0.987862
1.76291e+09,10182,-0.0605157,0,0.0605157,0.987679,0,-0.987679
1.76291e+09,10183,-0.0601331,0,0.0601331,0.987495,0,-0.987495
1.76291e+09,10184,-0.0597527,0,0.0597527,0.987311,0,-0.987311
1.76291e+09,10185,-0.0593747,0,0.0593747,0.987127,0,-0.987127
1.76291e+09,10186,-0.0589991,0,0.0589991,0.986942,0,-0.986942
1.76291e+09,10187,-0.0586258,0,0.0586258,0.986758,0,-0.986758
1.76291e+09,10188,-0.058255,0,0.058255,0.986573,0,-0.986573
1.76291e+09,10189,-0.0578865,0,0.0578865,0.986389,0,-0.986389
1.76291e+09,10190,-0.0575205,0,0.0575205,0.986205,0,-0.986205
1.76291e+09,10191,-0.0571569,0,0.0571569,0.98602,0,-0.98602
1.76291e+09,10192,-0.0567958,0,0.0567958,0.985836,0,-0.985836
1.76291e+09,10193,-0.0564371,0,0.0564371,0.985651,0,-0.985651
1.76291e+09,10194,-0.0560809,0,0.0560809,0.985467,0,-0.985467
1.76291e+09,10195,-0.0557272,0,0.0557272,0.985283,0,-0.985283
1.76291e+09,10196,-0.0553759,0,0.0553759,0.985099,0,-0.985099
1.76291e+09,10197,-0.0550271,0,0.0550271,0.984915,0,-0.984915
1.76291e+09,10198,-0.0546808,0,0.0546808,0.984731,0,-0.984731
1.76291e+09,10199,-0.0543369,0,0.0543369,0.984547,0,-0.984547
1.76291e+09,10200,-0.0540735,0,0.0540735,0.989285,0,-0.989285
1.76291e+09,10201,-0.0538118,0,0.0538118,0.994007,0,-0.994007
1.76291e+09,10202,-0.0535518,0,0.0535518,0.998713,0,-0.998713
1.76291e+09,10203,-0.0532934,0,0.0532934,1.0034,0,-1.0034
1.76291e+09,10204,-0.0530368,0,0.0530368,1.00807,0,-1.00807
1.76291e+09,10205,-0.0527819,0,0.0527819,1.01273,0,-1.01273
1.76291e+09,10206,-0.0525286,0,0.0525286,1.01737,0,-1.01737
1.76291e+09,10207,-0.052277,0,0.052277,1.02199,0,-1.02199
1.76291e+09,10208,-0.0520271,0,0.0520271,1.0266,0,-1.0266
1.76291e+09,10209,-0.0517788,0,0.0517788,1.03119,0,-1.03119
1.76291e+09,10210,-0.0515322,0,0.0515322,1.03577,0,-1.03577
1.76291e+09,10211,-0.0512873,0,0.0512873,1.04033,0,-1.04033
1.76291e+09,10212,-0.0510439,0,0.0510439,1.04487,0,-1.04487
1.76291e+09,10213,-0.0508022,0,0.0508022,1.0494,0,-1.0494
1.76291e+09,10214,-0.0505621,0,0.0505621,1.05391,0,-1.05391
1.76291e+09,10215,-0.0503236,0,0.0503236,1.05841,0,-1.05841
1.76291e+09,10216,-0.0500867,0,0.0500867,1.06289,0,-1.06289
1.76291e+09,10217,-0.0498514,0,0.0498514,1.06735,0,-1.06735
1.76291e+09,10218,-0.0496176,0,0.0496176,1.0718,0,-1.0718
1.76291e+09,10219,-0.0493854,0,0.0493854,1.07623,0,-1.07623
1.76291e+09,10220,-0.0491547,0,0.0491547,1.08065,0,-1.08065
1.76291e+09,10221,-0.0489256,0,0.0489256,1.08505,0,-1.08505
1.76291e+09,10222,-0.0486981,0,0.0486981,1.08943,0,-1.08943
1.76291e+09,10223,-0.048472,0,0.048472,1.0938,0,-1.0938
1.76291e+09,10224,-0.0482474,0,0.0482474,1.09816,0,-1.09816
1.76291e+09,10225,-0.0480244,0,0.0480244,1.10249,0,-1.10249
1.76291e+09,10226,-0.0478028,0,0.0478028,1.10682,0,-1.10682
1.76291e+09,10227,-0.0475828,0,0.0475828,1.11112,0,-1.11112
1.76291e+09,10228,-0.0473641,0,0.0473641,1.11541,0,-1.11541
1.76291e+09,10229,-0.047147,0,0.047147,1.11969,0,-1.11969
1.76291e+09,10230,-0.0469313,0,0.0469313,1.12394,0,-1.12394
1.76291e+09,10231,-0.0467171,0,0.0467171,1.12819,0,-1.12819
1.76291e+09,10232,-0.0465043,0,0.0465043,1.13241,0,-1.13241
1.76291e+09,10233,-0.0462929,0,0.0462929,1.13663,0,-1.13663
1.76291e+09,10234,-0.0460829,0,0.0460829,1.14082,0,-1.14082
1.76291e+09,10235,-0.0458744,0,0.0458744,1.145,0,-1.145
1.76291e+09,10236,-0.0456672,0,0.0456672,1.14916,0,-1.14916
1.76291e+09,10237,-0.0454615,0,0.0454615,1.15331,0,-1.15331
1.76291e+09,10238,-0.0452571,0,0.0452571,1.15745,0,-1.15745
1.76291e+09,10239,-0.0450542,0,0.0450542,1.16156,0,-1.16156
1.76291e+09,10240,-0.0448525,0,0.0448525,1.16566,0,-1.16566
1.76291e+09,10241,-0.0446523,0,0.0446523,1.16975,0,-1.16975
1.76291e+09,10242,-0.0444534,0,0.0444534,1.17382,0,-1.17382
1.76291e+09,10243,-0.0442559,0,0.0442559,1.17787,0,-1.17787
1.76291e+09,10244,-0.0440597,0,0.0440597,1.18191,0,-1.18191
1.76291e+09,10245,-0.0438649,0,0.0438649,1.18593,0,-1.18593
1.76291e+09,10246,-0.0436713,0,0.0436713,1.18993,0,-1.18993
1.76291e+09,10247,-0.0434791,0,0.0434791,1.19392,0,-1.19392
1.76291e+09,10248,-0.0432883,0,0.0432883,1.1979,0,-1.1979
1.76291e+09,10249,-0.0430987,0,0.0430987,1.20186,0,-1.20186
1.76291e+09,10250,-0.0429104,0,0.0429104,1.2058,0,-1.2058
1.76291e+09,10251,-0.0427234,0,0.0427234,1.20972,0,-1.20972
1.76291e+09,10252,-0.0425377,0,0.0425377,1.21363,0,-1.21363
1.76291e+09,10253,-0.0423533,0,0.0423533,1.21753,0,-1.21753
1.76291e+09,10254,-0.0421702,0,0.0421702,1.22141,0,-1.22141
1.76291e+09,10255,-0.0419883,0,0.0419883,1.22527,0,-1.22527
1.76291e+09,10256,-0.0418077,0,0.0418077,1.22911,0,-1.22911
1.76291e+09,10257,-0.0416284,0,0.0416284,1.23294,0,-1.23294
1.76291e+09,10258,-0.0414503,0,0.0414503,1.23676,0,-1.23676
1.76291e+09,10259,-0.0412735,0,0.0412735,1.24055,0,-1.24055
1.76291e+09,10260,-0.0410979,0,0.0410979,1.24433,0,-1.24433
1.76291e+09,10261,-0.0409235,0,0.0409235,1.2481,0,-1.2481
1.76291e+09,10262,-0.0407504,0,0.0407504,1.25185,0,-1.25185
1.76291e+09,10263,-0.0405784,0,0.0405784,1.25558,0,-1.25558
1.76291e+09,10264,-0.0404077,0,0.0404077,1.25929,0,-1.25929
1.76291e+09,10265,-0.0402382,0,0.0402382,1.26299,0,-1.26299
1.76291e+09,10266,-0.0400699,0,0.0400699,1.26668,0,-1.26668
1.76291e+09,10267,-0.0399029,0,0.0399029,1.27034,0,-1.27034
1.76291e+09,10268,-0.039737,0,0.039737,1.27399,0,-1.27399
1.76291e+09,10269,-0.0395722,0,0.0395722,1.27763,0,-1.27763
1.76291e+09,10270,-0.0394087,0,0.0394087,1.28125,0,-1.28125
1.76291e+09,10271,-0.0392464,0,0.0392464,1.28485,0,-1.28485
1.76291e+09,10272,-0.0390852,0,0.0390852,1.28843,0,-1.28843
1.76291e+09,10273,-0.0389252,0,0.0389252,1.292,0,-1.292
1.76291e+09,10274,-0.0387663,0,0.0387663,1.29555,0,-1.29555
1.76291e+09,10275,-0.0386087,0,0.0386087,1.29908,0,-1.29908
1.76291e+09,10276,-0.0384521,0,0.0384521,1.3026,0,-1.3026
1.76291e+09,10277,-0.0382967,0,0.0382967,1.3061,0,-1.3061
1.76291e+09,10278,-0.0381425,0,0.0381425,1.30959,0,-1.30959
1.76291e+09,10279,-0.0379894,0,0.0379894,1.31305,0,-1.31305
1.76291e+09,10280,-0.0378374,0,0.0378374,1.3165,0,-1.3165
1.76291e+09,10281,-0.0376866,0,0.0376866,1.31994,0,-1.31994
1.76291e+09,10282,-0.0375369,0,0.0375369,1.32335,0,-1.32335
1.76291e+09,10283,-0.0373883,0,0.0373883,1.32675,0,-1.32675
1.76291e+09,10284,-0.0372408,0,0.0372408,1.33014,0,-1.33014
1.76291e+09,10285,-0.0370944,0,0.0370944,1.3335,0,-1.3335
1.76291e+09,10286,-0.0369492,0,0.0369492,1.33685,0,-1.33685
1.76291e+09,10287,-0.036805,0,0.036805,1.34018,0,-1.34018
1.76291e+09,10288,-0.0366619,0,0.0366619,1.3435,0,-1.3435
1.76291e+09,10289,-0.03652,0,0.03652,1.34679,0,-1.34679
1.76291e+09,10290,-0.0363791,0,0.0363791,1.35007,0,-1.35007
1.76291e+09,10291,-0.0362393,0,0.0362393,1.35334,0,-1.35334
1.76291e+09,10292,-0.0361006,0,0.0361006,1.35658,0,-1.35658
1.76291e+09,10293,-0.035963,0,0.035963,1.35981,0,-1.35981
1.76291e+09,10294,-0.0358265,0,0.0358265,1.36302,0,-1.36302
1.76291e+09,10295,-0.035691,0,0.035691,1.36622,0,-1.36622
1.76291e+09,10296,-0.0355566,0,0.0355566,1.36939,0,-1.36939
1.76291e+09,10297,-0.0354232,0,0.0354232,1.37255,0,-1.37255
1.76291e+09,10298,-0.0352909,0,0.0352909,1.37569,0,-1.37569
1.76291e+09,10299,-0.0351597,0,0.0351597,1.37881,0,-1.37881
1.76291e+09,10300,-0.0350295,0,0.0350295,1.38192,0,-1.38192
1.76291e+09,10301,-0.0349004,0,0.0349004,1.38501,0,-1.38501
1.76291e+09,10302,-0.0347723,0,0.0347723,1.38808,0,-1.38808
1.76291e+09,10303,-0.0346453,0,0.0346453,1.39113,0,-1.39113
1.76291e+09,10304,-0.0345193,0,0.0345193,1.39417,0,-1.39417
1.76291e+09,10305,-0.0343944,0,0.0343944,1.39718,0,-1.39718
1.76291e+09,10306,-0.0342704,0,0.0342704,1.40018,0,-1.40018
1.76291e+09,10307,-0.0341475,0,0.0341475,1.40316,0,-1.40316
1.76291e+09,10308,-0.0340257,0,0.0340257,1.40613,0,-1.40613
1.76291e+09,10309,-0.0339048,0,0.0339048,1.40907,0,-1.40907
1.76291e+09,10310,-0.033785,0,0.033785,1.412,0,-1.412
1.76291e+09,10311,-0.0336662,0,0.0336662,1.41491,0,-1.41491
1.76291e+09,10312,-0.0335484,0,0.0335484,1.4178,0,-1.4178
1.76291e+09,10313,-0.0334317,0,0.0334317,1.42067,0,-1.42067
1.76291e+09,10314,-0.0333159,0,0.0333159,1.42353,0,-1.42353
1.76291e+09,10315,-0.0332011,0,0.0332011,1.42637,0,-1.42637
1.76291e+09,10316,-0.0330874,0,0.0330874,1.42918,0,-1.42918
1.76291e+09,10317,-0.0329747,0,0.0329747,1.43198,0,-1.43198
1.76291e+09,10318,-0.0328629,0,0.0328629,1.43477,0,-1.43477
1.76291e+09,10319,-0.0327522,0,0.0327522,1.43753,0,-1.43753
1.76291e+09,10320,-0.0326424,0,0.0326424,1.44027,0,-1.44027
1.76291e+09,10321,-0.0325336,0,0.0325336,1.443,0,-1.443
1.76291e+09,10322,-0.0324259,0,0.0324259,1.44571,0,-1.44571
1.76291e+09,10323,-0.0323191,0,0.0323191,1.4484,0,-1.4484
1.76291e+09,10324,-0.0322133,0,0.0322133,1.45107,0,-1.45107
1.76291e+09,10325,-0.0321084,0,0.0321084,1.45372,0,-1.45372
1.76291e+09,10326,-0.0320046,0,0.0320046,1.45635,0,-1.45635
1.76291e+09,10327,-0.0319017,0,0.0319017,1.45897,0,-1.45897
1.76291e+09,10328,-0.0317999,0,0.0317999,1.46156,0,-1.46156
1.76291e+09,10329,-0.0316989,0,0.0316989,1.46414,0,-1.46414
1.76291e+09,10330,-0.031599,0,0.031599,1.4667,0,-1.4667
1.76291e+09,10331,-0.0315,0,0.0315,1.46923,0,-1.46923
1.76291e+09,10332,-0.031402,0,0.031402,1.47175,0,-1.47175
1.76291e+09,10333,-0.031305,0,0.031305,1.47425,0,-1.47425
1.76291e+09,10334,-0.0312089,0,0.0312089,1.47674,0,-1.47674
1.76291e+09,10335,-0.0311138,0,0.0311138,1.4792,0,-1.4792
1.76291e+09,10336,-0.0310196,0,0.0310196,1.48164,0,-1.48164
1.76291e+09,10337,-0.0309264,0,0.0309264,1.48407,0,-1.48407
1.76291e+09,10338,-0.0308342,0,0.0308342,1.48647,0,-1.48647
1.76291e+09,10339,-0.0307429,0,0.0307429,1.48886,0,-1.48886
1.76291e+09,10340,-0.0306526,0,0.0306526,1.49122,0,-1.49122
1.76291e+09,10341,-0.0305632,0,0.0305632,1.49357,0,-1.49357
1.76291e+09,10342,-0.0304748,0,0.0304748,1.4959,0,-1.4959
1.76291e+09,10343,-0.0303873,0,0.0303873,1.49821,0,-1.49821
1.76291e+09,10344,-0.0303007,0,0.0303007,1.50049,0,-1.50049
1.76291e+09,10345,-0.0302151,0,0.0302151,1.50276,0,-1.50276
1.76291e+09,10346,-0.0301305,0,0.0301305,1.50501,0,-1.50501
1.76291e+09,10347,-0.0300468,0,0.0300468,1.50724,0,-1.50724
1.76291e+09,10348,-0.029964,0,0.029964,1.50945,0,-1.50945
1.76291e+09,10349,-0.0298822,0,0.0298822,1.51164,0,-1.51164
1.76291e+09,10350,-0.0298013,0,0.0298013,1.51381,0,-1.51381
1.76291e+09,10351,-0.0297213,0,0.0297213,1.51596,0,-1.51596
1.76291e+09,10352,-0.0296423,0,0.0296423,1.51809,0,-1.51809
1.76291e+09,10353,-0.0295642,0,0.0295642,1.52021,0,-1.52021
1.76291e+09,10354,-0.029487,0,0.029487,1.5223,0,-1.5223
1.76291e+09,10355,-0.0294108,0,0.0294108,1.52437,0,-1.52437
1.76291e+09,10356,-0.0293355,0,0.0293355,1.52642,0,-1.52642
1.76291e+09,10357,-0.0292611,0,0.0292611,1.52845,0,-1.52845
1.76291e+09,10358,-0.0291877,0,0.0291877,1.53046,0,-1.53046
1.76291e+09,10359,-0.0291152,0,0.0291152,1.53245,0,-1.53245
1.76291e+09,10360,-0.0290436,0,0.0290436,1.53442,0,-1.53442
1.76291e+09,10361,-0.0289729,0,0.0289729,1.53637,0,-1.53637
1.76291e+09,10362,-0.0289032,0,0.0289032,1.5383,0,-1.5383
1.76291e+09,10363,-0.0288343,0,0.0288343,1.54021,0,-1.54021
1.76291e+09,10364,-0.0287664,0,0.0287664,1.5421,0,-1.5421
1.76291e+09,10365,-0.0286994,0,0.0286994,1.54397,0,-1.54397
1.76291e+09,10366,-0.0286334,0,0.0286334,1.54582,0,-1.54582
1.76291e+09,10367,-0.0285682,0,0.0285682,1.54765,0,-1.54765
1.76291e+09,10368,-0.028504,0,0.028504,1.54945,0,-1.54945
1.76291e+09,10369,-0.0284407,0,0.0284407,1.55124,0,-1.55124
1.76291e+09,10370,-0.0283783,0,0.0283783,1.55301,0,-1.55301
1.76291e+09,10371,-0.0283168,0,0.0283168,1.55475,0,-1.55475
1.76291e+09,10372,-0.0282562,0,0.0282562,1.55648,0,-1.55648
1.76291e+09,10373,-0.0281965,0,0.0281965,1.55818,0,-1.55818
1.76291e+09,10374,-0.0281378,0,0.0281378,1.55986,0,-1.55986
1.76291e+09,10375,-0.0280799,0,0.0280799,1.56153,0,-1.56153
1.76291e+09,10376,-0.028023,0,0.028023,1.56317,0,-1.56317
1.76291e+09,10377,-0.027967,0,0.027967,1.56479,0,-1.56479
1.76291e+09,10378,-0.0279118,0,0.0279118,1.56639,0,-1.56639
1.76291e+09,10379,-0.0278576,0,0.0278576,1.56797,0,-1.56797
1.76291e+09,10380,-0.0278043,0,0.0278043,1.56953,0,-1.56953
1.76291e+09,10381,-0.0277519,0,0.0277519,1.57106,0,-1.57106
1.76291e+09,10382,-0.0277004,0,0.0277004,1.57258,0,-1.57258
1.76291e+09,10383,-0.0276498,0,0.0276498,1.57408,0,-1.57408
1.76291e+09,10384,-0.0276002,0,0.0276002,1.57555,0,-1.57555
1.76291e+09,10385,-0.0275514,0,0.0275514,1.577,0,-1.577
1.76291e+09,10386,-0.0275035,0,0.0275035,1.57843,0,-1.57843
1.76291e+09,10387,-0.0274565,0,0.0274565,1.57984,0,-1.57984
1.76291e+09,10388,-0.0274105,0,0.0274105,1.58123,0,-1.58123
1.76291e+09,10389,-0.0273653,0,0.0273653,1.5826,0,-1.5826
1.76291e+09,10390,-0.027321,0,0.027321,1.58395,0,-1.58395
1.76291e+09,10391,-0.0272776,0,0.0272776,1.58527,0,-1.58527
1.76291e+09,10392,-0.0272352,0,0.0272352,1.58658,0,-1.58658
1.76291e+09,10393,-0.0271936,0,0.0271936,1.58786,0,-1.58786
1.76291e+09,10394,-0.0271529,0,0.0271529,1.58912,0,-1.58912
1.76291e+09,10395,-0.0271132,0,0.0271132,1.59036,0,-1.59036
1.76291e+09,10396,-0.0270743,0,0.0270743,1.59158,0,-1.59158
1.76291e+09,10397,-0.0270363,0,0.0270363,1.59277,0,-1.59277
1.76291e+09,10398,-0.0269992,0,0.0269992,1.59395,0,-1.59395
1.76291e+09,10399,-0.026963,0,0.026963,1.5951,0,-1.5951
1.76291e+09,10400,-0.0269277,0,0.0269277,1.59623,0,-1.59623
1.76291e+09,10401,-0.0268933,0,0.0268933,1.59734,0,-1.59734
1.76291e+09,10402,-0.0268598,0,0.0268598,1.59843,0,-1.59843
1.76291e+09,10403,-0.0268272,0,0.0268272,1.59949,0,-1.59949
1.76291e+09,10404,-0.0267955,0,0.0267955,1.60054,0,-1.60054
1.76291e+09,10405,-0.0267647,0,0.0267647,1.60156,0,-1.60156
1.76291e+09,10406,-0.0267348,0,0.0267348,1.60256,0,-1.60256
1.76291e+09,10407,-0.0267058,0,0.0267058,1.60354,0,-1.60354
1.76291e+09,10408,-0.0266776,0,0.0266776,1.60449,0,-1.60449
1.76291e+09,10409,-0.0266504,0,0.0266504,1.60543,0,-1.60543
1.76291e+09,10410,-0.026624,0,0.026624,1.60634,0,-1.60634
1.76291e+09,10411,-0.0265986,0,0.0265986,1.60723,0,-1.60723
1.76291e+09,10412,-0.026574,0,0.026574,1.6081,0,-1.6081
1.76291e+09,10413,-0.0265503,0,0.0265503,1.60895,0,-1.60895
1.76291e+09,10414,-0.0265276,0,0.0265276,1.60977,0,-1.60977
1.76291e+09,10415,-0.0265057,0,0.0265057,1.61058,0,-1.61058
1.76291e+09,10416,-0.0264847,0,0.0264847,1.61136,0,-1.61136
1.76291e+09,10417,-0.0264646,0,0.0264646,1.61211,0,-1.61211
1.76291e+09,10418,-0.0264453,0,0.0264453,1.61285,0,-1.61285
1.76291e+09,10419,-0.026427,0,0.026427,1.61357,0,-1.61357
1.76291e+09,10420,-0.0264096,0,0.0264096,1.61426,0,-1.61426
1.76291e+09,10421,-0.026393,0,0.026393,1.61493,0,-1.61493
1.76291e+09,10422,-0.0263773,0,0.0263773,1.61557,0,-1.61557
1.76291e+09,10423,-0.0263626,0,0.0263626,1.6162,0,-1.6162
1.76291e+09,10424,-0.0263487,0,0.0263487,1.6168,0,-1.6168
1.76291e+09,10425,-0.0263357,0,0.0263357,1.61738,0,-1.61738
1.76291e+09,10426,-0.0263236,0,0.0263236,1.61794,0,-1.61794
1.76291e+09,10427,-0.0263124,0,0.0263124,1.61848,0,-1.61848
1.76291e+09,10428,-0.026302,0,0.026302,1.61899,0,-1.61899
1.76291e+09,10429,-0.0262926,0,0.0262926,1.61948,0,-1.61948
1.76291e+09,10430,-0.026284,0,0.026284,1.61995,0,-1.61995
1.76291e+09,10431,-0.0262764,0,0.0262764,1.62039,0,-1.62039
1.76291e+09,10432,-0.0262696,0,0.0262696,1.62082,0,-1.62082
1.76291e+09,10433,-0.0262637,0,0.0262637,1.62122,0,-1.62122
1.76291e+09,10434,-0.0262587,0,0.0262587,1.6216,0,-1.6216
1.76291e+09,10435,-0.0262546,0,0.0262546,1.62195,0,-1.62195
1.76291e+09,10436,-0.0262513,0,0.0262513,1.62229,0,-1.62229
1.76291e+09,10437,-0.026249,0,0.026249,1.6226,0,-1.6226
1.76291e+09,10438,-0.0262475,0,0.0262475,1.62289,0,-1.62289
1.76291e+09,10439,-0.026247,0,0.026247,1.62315,0,-1.62315
1.76291e+09,10440,-0.0262473,0,0.0262473,1.6234,0,-1.6234
1.76291e+09,10441,-0.0262485,0,0.0262485,1.62362,0,-1.62362
1.76291e+09,10442,-0.0262506,0,0.0262506,1.62382,0,-1.62382
1.76291e+09,10443,-0.0262535,0,0.0262535,1.62399,0,-1.62399
1.76291e+09,10444,-0.0262574,0,0.0262574,1.62415,0,-1.62415
1.76291e+09,10445,-0.0262621,0,0.0262621,1.62428,0,-1.62428
1.76291e+09,10446,-0.0262678,0,0.0262678,1.62438,0,-1.62438
1.76291e+09,10447,-0.0262743,0,0.0262743,1.62447,0,-1.62447
1.76291e+09,10448,-0.0262817,0,0.0262817,1.62453,0,-1.62453
1.76291e+09,10449,-0.02629,0,0.02629,1.62457,0,-1.62457
1.76291e+09,10450,-0.0262991,0,0.0262991,1.62459,0,-1.62459
1.76291e+09,10451,-0.0263092,0,0.0263092,1.62458,0,-1.62458
1.76291e+09,10452,-0.0263201,0,0.0263201,1.62455,0,-1.62455
1.76291e+09,10453,-0.026332,0,0.026332,1.6245,0,-1.6245
1.76291e+09,10454,-0.0263447,0,0.0263447,1.62443,0,-1.62443
1.76291e+09,10455,-0.0263583,0,0.0263583,1.62433,0,-1.62433
1.76291e+09,10456,-0.0263728,0,0.0263728,1.62421,0,-1.62421
1.76291e+09,10457,-0.0263881,0,0.0263881,1.62407,0,-1.62407
1.76291e+09,10458,-0.0264044,0,0.0264044,1.62391,0,-1.62391
1.76291e+09,10459,-0.0264215,0,0.0264215,1.62372,0,-1.62372
1.76291e+09,10460,-0.0264395,0,0.0264395,1.62351,0,-1.62351
1.76291e+09,10461,-0.0264585,0,0.0264585,1.62328,0,-1.62328
1.76291e+09,10462,-0.0264783,0,0.0264783,1.62302,0,-1.62302
1.76291e+09,10463,-0.0264989,0,0.0264989,1.62274,0,-1.62274
1.76291e+09,10464,-0.0265205,0,0.0265205,1.62244,0,-1.62244
1.76291e+09,10465,-0.0265429,0,0.0265429,1.62212,0,-1.62212
1.76291e+09,10466,-0.0265663,0,0.0265663,1.62177,0,-1.62177
1.76291e+09,10467,-0.0265905,0,0.0265905,1.6214,0,-1.6214
1.76291e+09,10468,-0.0266156,0,0.0266156,1.62101,0,-1.62101
1.76291e+09,10469,-0.0266416,0,0.0266416,1.6206,0,-1.6206
1.76291e+09,10470,-0.0266685,0,0.0266685,1.62016,0,-1.62016
1.76291e+09,10471,-0.0266962,0,0.0266962,1.6197,0,-1.6197
1.76291e+09,10472,-0.0267249,0,0.0267249,1.61922,0,-1.61922
1.76291e+09,10473,-0.0267544,0,0.0267544,1.61871,0,-1.61871
1.76291e+09,10474,-0.0267848,0,0.0267848,1.61818,0,-1.61818
1.76291e+09,10475,-0.0268161,0,0.0268161,1.61763,0,-1.61763
1.76291e+09,10476,-0.0268483,0,0.0268483,1.61706,0,-1.61706
1.76291e+09,10477,-0.0268814,0,0.0268814,1.61646,0,-1.61646
1.76291e+09,10478,-0.0269154,0,0.0269154,1.61584,0,-1.61584
1.76291e+09,10479,-0.0269502,0,0.0269502,1.6152,0,-1.6152
1.76291e+09,10480,-0.026986,0,0.026986,1.61453,0,-1.61453
1.76291e+09,10481,-0.0270226,0,0.0270226,1.61385,0,-1.61385
1.76291e+09,10482,-0.0270601,0,0.0270601,1.61314,0,-1.61314
1.76291e+09,10483,-0.0270985,0,0.0270985,1.6124,0,-1.6124
1.76291e+09,10484,-0.0271378,0,0.0271378,1.61165,0,-1.61165
1.76291e+09,10485,-0.027178,0,0.027178,1.61087,0,-1.61087
1.76291e+09,10486,-0.027219,0,0.027219,1.61007,0,-1.61007
1.76291e+09,10487,-0.027261,0,0.027261,1.60925,0,-1.60925
1.76291e+09,10488,-0.0273038,0,0.0273038,1.6084,0,-1.6084
1.76291e+09,10489,-0.0273475,0,0.0273475,1.60753,0,-1.60753
1.76291e+09,10490,-0.0273922,0,0.0273922,1.60664,0,-1.60664
1.76291e+09,10491,-0.0274377,0,0.0274377,1.60573,0,-1.60573
1.76291e+09,10492,-0.0274841,0,0.0274841,1.60479,0,-1.60479
1.76291e+09,10493,-0.0275314,0,0.0275314,1.60383,0,-1.60383
1.76291e+09,10494,-0.0275795,0,0.0275795,1.60285,0,-1.60285
1.76291e+09,10495,-0.0276286,0,0.0276286,1.60185,0,-1.60185
1.76291e+09,10496,-0.0276786,0,0.0276786,1.60082,0,-1.60082
1.76291e+09,10497,-0.0277294,0,0.0277294,1.59977,0,-1.59977
1.76291e+09,10498,-0.0277812,0,0.0277812,1.5987,0,-1.5987
1.76291e+09,10499,-0.0278338,0,0.0278338,1.59761,0,-1.59761
1.76291e+09,10500,-0.0278873,0,0.0278873,1.59649,0,-1.59649
1.76291e+09,10501,-0.0279418,0,0.0279418,1.59535,0,-1.59535
1.76291e+09,10502,-0.0279971,0,0.0279971,1.59419,0,-1.59419
1.76291e+09,10503,-0.0280533,0,0.0280533,1.59301,0,-1.59301
1.76291e+09,10504,-0.0281104,0,0.0281104,1.5918,0,-1.5918
1.76291e+09,10505,-0.0281684,0,0.0281684,1.59058,0,-1.59058
1.76291e+09,10506,-0.0282273,0,0.0282273,1.58932,0,-1.58932
1.76291e+09,10507,-0.0282871,0,0.0282871,1.58805,0,-1.58805
1.76291e+09,10508,-0.0283478,0,0.0283478,1.58676,0,-1.58676
1.76291e+09,10509,-0.0284094,0,0.0284094,1.58544,0,-1.58544
1.76291e+09,10510,-0.0284719,0,0.0284719,1.5841,0,-1.5841
1.76291e+09,10511,-0.0285353,0,0.0285353,1.58274,0,-1.58274
1.76291e+09,10512,-0.0285996,0,0.0285996,1.58135,0,-1.58135
1.76291e+09,10513,-0.0286648,0,0.0286648,1.57995,0,-1.57995
1.76291e+09,10514,-0.0287309,0,0.0287309,1.57852,0,-1.57852
1.76291e+09,10515,-0.0287979,0,0.0287979,1.57707,0,-1.57707
1.76291e+09,10516,-0.0288658,0,0.0288658,1.5756,0,-1.5756
1.76291e+09,10517,-0.0289346,0,0.0289346,1.5741,0,-1.5741
1.76291e+09,10518,-0.0290043,0,0.0290043,1.57258,0,-1.57258
1.76291e+09,10519,-0.0290749,0,0.0290749,1.57104,0,-1.57104
1.76291e+09,10520,-0.0291464,0,0.0291464,1.56948,0,-1.56948
1.76291e+09,10521,-0.0292188,0,0.0292188,1.5679,0,-1.5679
1.76291e+09,10522,-0.0292922,0,0.0292922,1.5663,0,-1.5663
1.76291e+09,10523,-0.0293664,0,0.0293664,1.56467,0,-1.56467
1.76291e+09,10524,-0.0294416,0,0.0294416,1.56302,0,-1.56302
1.76291e+09,10525,-0.0295176,0,0.0295176,1.56135,0,-1.56135
1.76291e+09,10526,-0.0295946,0,0.0295946,1.55966,0,-1.55966
1.76291e+09,10527,-0.0296725,0,0.0296725,1.55794,0,-1.55794
1.76291e+09,10528,-0.0297513,0,0.0297513,1.55621,0,-1.55621
1.76291e+09,10529,-0.029831,0,0.029831,1.55445,0,-1.55445
1.76291e+09,10530,-0.0299117,0,0.0299117,1.55267,0,-1.55267
1.76291e+09,10531,-0.0299932,0,0.0299932,1.55087,0,-1.55087
1.76291e+09,10532,-0.0300757,0,0.0300757,1.54904,0,-1.54904
1.76291e+09,10533,-0.0301591,0,0.0301591,1.5472,0,-1.5472
1.76291e+09,10534,-0.0302434,0,0.0302434,1.54533,0,-1.54533
1.76291e+09,10535,-0.0303287,0,0.0303287,1.54344,0,-1.54344
1.76291e+09,10536,-0.0304148,0,0.0304148,1.54153,0,-1.54153
1.76291e+09,10537,-0.0305019,0,0.0305019,1.5396,0,-1.5396
1.76291e+09,10538,-0.03059,0,0.03059,1.53765,0,-1.53765
1.76291e+09,10539,-0.0306789,0,0.0306789,1.53567,0,-1.53567
1.76291e+09,10540,-0.0307688,0,0.0307688,1.53368,0,-1.53368
1.76291e+09,10541,-0.0308596,0,0.0308596,1.53166,0,-1.53166
1.76291e+09,10542,-0.0309513,0,0.0309513,1.52962,0,-1.52962
1.76291e+09,10543,-0.031044,0,0.031044,1.52756,0,-1.52756
1.76291e+09,10544,-0.0311376,0,0.0311376,1.52548,0,-1.52548
1.76291e+09,10545,-0.0312322,0,0.0312322,1.52338,0,-1.52338
1.76291e+09,10546,-0.0313277,0,0.0313277,1.52125,0,-1.52125
1.76291e+09,10547,-0.0314241,0,0.0314241,1.51911,0,-1.51911
1.76291e+09,10548,-0.0315215,0,0.0315215,1.51694,0,-1.51694
1.76291e+09,10549,-0.0316198,0,0.0316198,1.51475,0,-1.51475
1.76291e+09,10550,-0.0317191,0,0.0317191,1.51254,0,-1.51254
1.76291e+09,10551,-0.0318193,0,0.0318193,1.51031,0,-1.51031
1.76291e+09,10552,-0.0319205,0,0.0319205,1.50806,0,-1.50806
1.76291e+09,10553,-0.0320226,0,0.0320226,1.50579,0,-1.50579
1.76291e+09,10554,-0.0321257,0,0.0321257,1.5035,0,-1.5035
1.76291e+09,10555,-0.0322297,0,0.0322297,1.50118,0,-1.50118
1.76291e+09,10556,-0.0323347,0,0.0323347,1.49885,0,-1.49885
1.76291e+09,10557,-0.0324406,0,0.0324406,1.49649,0,-1.49649
1.76291e+09,10558,-0.0325475,0,0.0325475,1.49411,0,-1.49411
1.76291e+09,10559,-0.0326554,0,0.0326554,1.49172,0,-1.49172
1.76291e+09,10560,-0.0327643,0,0.0327643,1.4893,0,-1.4893
1.76291e+09,10561,-0.0328741,0,0.0328741,1.48686,0,-1.48686
1.76291e+09,10562,-0.0329849,0,0.0329849,1.4844,0,-1.4844
1.76291e+09,10563,-0.0330966,0,0.0330966,1.48192,0,-1.48192
1.76291e+09,10564,-0.0332094,0,0.0332094,1.47941,0,-1.47941
1.76291e+09,10565,-0.0333231,0,0.0333231,1.47689,0,-1.47689
1.76291e+09,10566,-0.0334378,0,0.0334378,1.47435,0,-1.47435
1.76291e+09,10567,-0.0335535,0,0.0335535,1.47179,0,-1.47179
1.76291e+09,10568,-0.0336701,0,0.0336701,1.4692,0,-1.4692
1.76291e+09,10569,-0.0337878,0,0.0337878,1.4666,0,-1.4666
1.76291e+09,10570,-0.0339064,0,0.0339064,1.46397,0,-1.46397
1.76291e+09,10571,-0.0340261,0,0.0340261,1.46132,0,-1.46132
1.76291e+09,10572,-0.0341467,0,0.0341467,1.45866,0,-1.45866
1.76291e+09,10573,-0.0342684,0,0.0342684,1.45597,0,-1.45597
1.76291e+09,10574,-0.034391,0,0.034391,1.45326,0,-1.45326
1.76291e+09,10575,-0.0345147,0,0.0345147,1.45054,0,-1.45054
1.76291e+09,10576,-0.0346393,0,0.0346393,1.44779,0,-1.44779
1.76291e+09,10577,-0.034765,0,0.034765,1.44502,0,-1.44502
1.76291e+09,10578,-0.0348917,0,0.0348917,1.44223,0,-1.44223
1.76291e+09,10579,-0.0350194,0,0.0350194,1.43942,0,-1.43942
1.76291e+09,10580,-0.0351481,0,0.0351481,1.43659,0,-1.43659
1.76291e+09,10581,-0.0352779,0,0.0352779,1.43374,0,-1.43374
1.76291e+09,10582,-0.0354087,0,0.0354087,1.43087,0,-1.43087
1.76291e+09,10583,-0.0355405,0,0.0355405,1.42799,0,-1.42799
1.76291e+09,10584,-0.0356733,0,0.0356733,1.42508,0,-1.42508
1.76291e+09,10585,-0.0358072,0,0.0358072,1.42215,0,-1.42215
1.76291e+09,10586,-0.0359422,0,0.0359422,1.4192,0,-1.4192
1.76291e+09,10587,-0.0360781,0,0.0360781,1.41623,0,-1.41623
1.76291e+09,10588,-0.0362152,0,0.0362152,1.41324,0,-1.41324
1.76291e+09,10589,-0.0363532,0,0.0363532,1.41023,0,-1.41023
1.76291e+09,10590,-0.0364924,0,0.0364924,1.4072,0,-1.4072
1.76291e+09,10591,-0.0366326,0,0.0366326,1.40415,0,-1.40415
1.76291e+09,10592,-0.0367738,0,0.0367738,1.40108,0,-1.40108
1.76291e+09,10593,-0.0369161,0,0.0369161,1.39799,0,-1.39799
1.76291e+09,10594,-0.0370595,0,0.0370595,1.39488,0,-1.39488
1.76291e+09,10595,-0.037204,0,0.037204,1.39175,0,-1.39175
1.76291e+09,10596,-0.0373496,0,0.0373496,1.3886,0,-1.3886
1.76291e+09,10597,-0.0374962,0,0.0374962,1.38544,0,-1.38544
1.76291e+09,10598,-0.0376439,0,0.0376439,1.38225,0,-1.38225
1.76291e+09,10599,-0.0377927,0,0.0377927,1.37904,0,-1.37904
1.76291e+09,10600,-0.0379426,0,0.0379426,1.37581,0,-1.37581
1.76291e+09,10601,-0.0380937,0,0.0380937,1.37257,0,-1.37257
1.76291e+09,10602,-0.0382458,0,0.0382458,1.3693,0,-1.3693
1.76291e+09,10603,-0.038399,0,0.038399,1.36602,0,-1.36602
1.76291e+09,10604,-0.0385533,0,0.0385533,1.36271,0,-1.36271
1.76291e+09,10605,-0.0387088,0,0.0387088,1.35938,0,-1.35938
1.76291e+09,10606,-0.0388654,0,0.0388654,1.35604,0,-1.35604
1.76291e+09,10607,-0.0390231,0,0.0390231,1.35268,0,-1.35268
1.76291e+09,10608,-0.039182,0,0.039182,1.34929,0,-1.34929
1.76291e+09,10609,-0.0393419,0,0.0393419,1.34589,0,-1.34589
1.76291e+09,10610,-0.0395031,0,0.0395031,1.34247,0,-1.34247
1.76291e+09,10611,-0.0396653,0,0.0396653,1.33902,0,-1.33902
1.76291e+09,10612,-0.0398288,0,0.0398288,1.33556,0,-1.33556
1.76291e+09,10613,-0.0399934,0,0.0399934,1.33208,0,-1.33208
1.76291e+09,10614,-0.0401591,0,0.0401591,1.32858,0,-1.32858
1.76291e+09,10615,-0.040326,0,0.040326,1.32506,0,-1.32506
1.76291e+09,10616,-0.0404941,0,0.0404941,1.32152,0,-1.32152
1.76291e+09,10617,-0.0406634,0,0.0406634,1.31797,0,-1.31797
1.76291e+09,10618,-0.0408338,0,0.0408338,1.31439,0,-1.31439
1.76291e+09,10619,-0.0410055,0,0.0410055,1.31079,0,-1.31079
1.76291e+09,10620,-0.0411783,0,0.0411783,1.30718,0,-1.30718
1.76291e+09,10621,-0.0413524,0,0.0413524,1.30354,0,-1.30354
1.76291e+09,10622,-0.0415276,0,0.0415276,1.29989,0,-1.29989
1.76291e+09,10623,-0.0417041,0,0.0417041,1.29621,0,-1.29621
1.76291e+09,10624,-0.0418818,0,0.0418818,1.29252,0,-1.29252
1.76291e+09,10625,-0.0420607,0,0.0420607,1.28881,0,-1.28881
1.76291e+09,10626,-0.0422408,0,0.0422408,1.28507,0,-1.28507
1.76291e+09,10627,-0.0424222,0,0.0424222,1.28132,0,-1.28132
1.76291e+09,10628,-0.0426048,0,0.0426048,1.27755,0,-1.27755
1.76291e+09,10629,-0.0427887,0,0.0427887,1.27376,0,-1.27376
1.76291e+09,10630,-0.0429738,0,0.0429738,1.26995,0,-1.26995
1.76291e+09,10631,-0.0431602,0,0.0431602,1.26613,0,-1.26613
1.76291e+09,10632,-0.0433478,0,0.0433478,1.26228,0,-1.26228
1.76291e+09,10633,-0.0435367,0,0.0435367,1.25841,0,-1.25841
1.76291e+09,10634,-0.0437269,0,0.0437269,1.25453,0,-1.25453
1.76291e+09,10635,-0.0439184,0,0.0439184,1.25062,0,-1.25062
1.76291e+09,10636,-0.0441112,0,0.0441112,1.2467,0,-1.2467
1.76291e+09,10637,-0.0443053,0,0.0443053,1.24275,0,-1.24275
1.76291e+09,10638,-0.0445007,0,0.0445007,1.23879,0,-1.23879
1.76291e+09,10639,-0.0446974,0,0.0446974,1.23481,0,-1.23481
1.76291e+09,10640,-0.0448954,0,0.0448954,1.23081,0,-1.23081
1.76291e+09,10641,-0.0450948,0,0.0450948,1.22678,0,-1.22678
1.76291e+09,10642,-0.0452955,0,0.0452955,1.22274,0,-1.22274
1.76291e+09,10643,-0.0454975,0,0.0454975,1.21868,0,-1.21868
1.76291e+09,10644,-0.0457009,0,0.0457009,1.2146,0,-1.2146
1.76291e+09,10645,-0.0459057,0,0.0459057,1.21051,0,-1.21051
1.76291e+09,10646,-0.0461118,0,0.0461118,1.20639,0,-1.20639
1.76291e+09,10647,-0.0463193,0,0.0463193,1.20225,0,-1.20225
1.76291e+09,10648,-0.0465282,0,0.0465282,1.19809,0,-1.19809
1.76291e+09,10649,-0.0467384,0,0.0467384,1.19392,0,-1.19392
1.76291e+09,10650,-0.0469501,0,0.0469501,1.18972,0,-1.18972
1.76291e+09,10651,-0.0471632,0,0.0471632,1.18551,0,-1.18551
1.76291e+09,10652,-0.0473776,0,0.0473776,1.18127,0,-1.18127
1.76291e+09,10653,-0.0475935,0,0.0475935,1.17702,0,-1.17702
1.76291e+09,10654,-0.0478109,0,0.0478109,1.17274,0,-1.17274
1.76291e+09,10655,-0.0480297,0,0.0480297,1.16845,0,-1.16845
1.76291e+09,10656,-0.0482499,0,0.0482499,1.16413,0,-1.16413
1.76291e+09,10657,-0.0484716,0,0.0484716,1.1598,0,-1.1598
1.76291e+09,10658,-0.0486947,0,0.0486947,1.15544,0,-1.15544
1.76291e+09,10659,-0.0489194,0,0.0489194,1.15107,0,-1.15107
1.76291e+09,10660,-0.0491455,0,0.0491455,1.14668,0,-1.14668
1.76291e+09,10661,-0.0493731,0,0.0493731,1.14226,0,-1.14226
1.76291e+09,10662,-0.0496022,0,0.0496022,1.13783,0,-1.13783
1.76291e+09,10663,-0.0498328,0,0.0498328,1.13337,0,-1.13337
1.76291e+09,10664,-0.050065,0,0.050065,1.1289,0,-1.1289
1.76291e+09,10665,-0.0502987,0,0.0502987,1.12441,0,-1.12441
1.76291e+09,10666,-0.050534,0,0.050534,1.11989,0,-1.11989
1.76291e+09,10667,-0.0507708,0,0.0507708,1.11536,0,-1.11536
1.76291e+09,10668,-0.0510092,0,0.0510092,1.1108,0,-1.1108
1.76291e+09,10669,-0.0512491,0,0.0512491,1.10622,0,-1.10622
1.76291e+09,10670,-0.0514907,0,0.0514907,1.10163,0,-1.10163
1.76291e+09,10671,-0.0517338,0,0.0517338,1.09701,0,-1.09701
1.76291e+09,10672,-0.0519786,0,0.0519786,1.09237,0,-1.09237
1.76291e+09,10673,-0.052225,0,0.052225,1.08771,0,-1.08771
1.76291e+09,10674,-0.052473,0,0.052473,1.08303,0,-1.08303
1.76291e+09,10675,-0.0527226,0,0.0527226,1.07832,0,-1.07832
1.76291e+09,10676,-0.0529739,0,0.0529739,1.0736,0,-1.0736
1.76291e+09,10677,-0.0532269,0,0.0532269,1.06886,0,-1.06886
1.76291e+09,10678,-0.0534815,0,0.0534815,1.06409,0,-1.06409
1.76291e+09,10679,-0.0537378,0,0.0537378,1.0593,0,-1.0593
1.76291e+09,10680,-0.0540736,0,0.0540736,1.05921,0,-1.05921
1.76291e+09,10681,-0.0544118,0,0.0544118,1.05912,0,-1.05912
1.76291e+09,10682,-0.0547525,0,0.0547525,1.05902,0,-1.05902
1.76291e+09,10683,-0.0550956,0,0.0550956,1.05893,0,-1.05893
1.76291e+09,10684,-0.0554411,0,0.0554411,1.05883,0,-1.05883
1.76291e+09,10685,-0.0557891,0,0.0557891,1.05873,0,-1.05873
1.76291e+09,10686,-0.0561395,0,0.0561395,1.05863,0,-1.05863
1.76291e+09,10687,-0.0564924,0,0.0564924,1.05853,0,-1.05853
1.76291e+09,10688,-0.0568477,0,0.0568477,1.05843,0,-1.05843
1.76291e+09,10689,-0.0572055,0,0.0572055,1.05833,0,-1.05833
1.76291e+09,10690,-0.0575657,0,0.0575657,1.05822,0,-1.05822
1.76291e+09,10691,-0.0579284,0,0.0579284,1.05811,0,-1.05811
1.76291e+09,10692,-0.0582934,0,0.0582934,1.058,0,-1.058
1.76291e+09,10693,-0.0586609,0,0.0586609,1.05789,0,-1.05789
1.76291e+09,10694,-0.0590308,0,0.0590308,1.05778,0,-1.05778
1.76291e+09,10695,-0.0594031,0,0.0594031,1.05767,0,-1.05767
1.76291e+09,10696,-0.0597777,0,0.0597777,1.05755,0,-1.05755
1.76291e+09,10697,-0.0601547,0,0.0601547,1.05743,0,-1.05743
1.76291e+09,10698,-0.060534,0,0.060534,1.05731,0,-1.05731
1.76291e+09,10699,-0.0609157,0,0.0609157,1.05719,0,-1.05719
1.76291e+09,10700,-0.0612996,0,0.0612996,1.05707,0,-1.05707
1.76291e+09,10701,-0.0616857,0,0.0616857,1.05695,0,-1.05695
1.76291e+09,10702,-0.0620741,0,0.0620741,1.05682,0,-1.05682
1.76291e+09,10703,-0.0624647,0,0.0624647,1.05669,0,-1.05669
1.76291e+09,10704,-0.0628574,0,0.0628574,1.05656,0,-1.05656
1.76291e+09,10705,-0.0632523,0,0.0632523,1.05643,0,-1.05643
1.76291e+09,10706,-0.0636492,0,0.0636492,1.0563,0,-1.0563
1.76291e+09,10707,-0.0640482,0,0.0640482,1.05617,0,-1.05617
1.76291e+09,10708,-0.0644493,0,0.0644493,1.05603,0,-1.05603
1.76291e+09,10709,-0.0648522,0,0.0648522,1.05589,0,-1.05589
1.76291e+09,10710,-0.0652571,0,0.0652571,1.05575,0,-1.05575
1.76291e+09,10711,-0.0656639,0,0.0656639,1.05561,0,-1.05561
1.76291e+09,10712,-0.0660726,0,0.0660726,1.05547,0,-1.05547
1.76291e+09,10713,-0.066483,0,0.066483,1.05533,0,-1.05533
1.76291e+09,10714,-0.0668951,0,0.0668951,1.05518,0,-1.05518
1.76291e+09,10715,-0.067309,0,0.067309,1.05503,0,-1.05503
1.76291e+09,10716,-0.0677244,0,0.0677244,1.05488,0,-1.05488
1.76291e+09,10717,-0.0681415,0,0.0681415,1.05473,0,-1.05473
1.76291e+09,10718,-0.0685601,0,0.0685601,1.05458,0,-1.05458
1.76291e+09,10719,-0.0689802,0,0.0689802,1.05442,0,-1.05442
1.76291e+09,10720,-0.0694016,0,0.0694016,1.05427,0,-1.05427
1.76291e+09,10721,-0.0698245,0,0.0698245,1.05411,0,-1.05411
1.76291e+09,10722,-0.0702486,0,0.0702486,1.05395,0,-1.05395
1.76291e+09,10723,-0.070674,0,0.070674,1.05379,0,-1.05379
1.76291e+09,10724,-0.0711006,0,0.0711006,1.05363,0,-1.05363
1.76291e+09,10725,-0.0715283,0,0.0715283,1.05346,0,-1.05346
1.76291e+09,10726,-0.071957,0,0.071957,1.0533,0,-1.0533
1.76291e+09,10727,-0.0723867,0,0.0723867,1.05313,0,-1.05313
1.76291e+09,10728,-0.0728174,0,0.0728174,1.05296,0,-1.05296
1.76291e+09,10729,-0.0732489,0,0.0732489,1.05279,0,-1.05279
1.76291e+09,10730,-0.0736813,0,0.0736813,1.05262,0,-1.05262
1.76291e+09,10731,-0.0741144,0,0.0741144,1.05245,0,-1.05245
1.76291e+09,10732,-0.0745481,0,0.0745481,1.05227,0,-1.05227
1.76291e+09,10733,-0.0749825,0,0.0749825,1.05209,0,-1.05209
1.76291e+09,10734,-0.0754174,0,0.0754174,1.05192,0,-1.05192
1.76291e+09,10735,-0.0758528,0,0.0758528,1.05174,0,-1.05174
1.76291e+09,10736,-0.0762886,0,0.0762886,1.05156,0,-1.05156
1.76291e+09,10737,-0.0767247,0,0.0767247,1.05138,0,-1.05138
1.76291e+09,10738,-0.0771611,0,0.0771611,1.05119,0,-1.05119
1.76291e+09,10739,-0.0775977,0,0.0775977,1.05101,0,-1.05101
1.76291e+09,10740,-0.0780344,0,0.0780344,1.05083,0,-1.05083
1.76291e+09,10741,-0.0784712,0,0.0784712,1.05064,0,-1.05064
1.76291e+09,10742,-0.078908,0,0.078908,1.05045,0,-1.05045
1.76291e+09,10743,-0.0793448,0,0.0793448,1.05026,0,-1.05026
1.76291e+09,10744,-0.0797814,0,0.0797814,1.05007,0,-1.05007
1.76291e+09,10745,-0.0802178,0,0.0802178,1.04988,0,-1.04988
1.76291e+09,10746,-0.0806539,0,0.0806539,1.04969,0,-1.04969
1.76291e+09,10747,-0.0810897,0,0.0810897,1.0495,0,-1.0495
1.76291e+09,10748,-0.0815251,0,0.0815251,1.0493,0,-1.0493
1.76291e+09,10749,-0.08196,0,0.08196,1.04911,0,-1.04911
1.76291e+09,10750,-0.0823943,0,0.0823943,1.04891,0,-1.04891
1.76291e+09,10751,-0.0828281,0,0.0828281,1.04872,0,-1.04872
1.76291e+09,10752,-0.0832612,0,0.0832612,1.04852,0,-1.04852
1.76291e+09,10753,-0.0836935,0,0.0836935,1.04832,0,-1.04832
1.76291e+09,10754,-0.0841251,0,0.0841251,1.04812,0,-1.04812
1.76291e+09,10755,-0.0845557,0,0.0845557,1.04792,0,-1.04792
1.76291e+09,10756,-0.0849855,0,0.0849855,1.04772,0,-1.04772
1.76291e+09,10757,-0.0854142,0,0.0854142,1.04752,0,-1.04752
1.76291e+09,10758,-0.0858419,0,0.0858419,1.04732,0,-1.04732
1.76291e+09,10759,-0.0862685,0,0.0862685,1.04712,0,-1.04712
1.76291e+09,10760,-0.0866939,0,0.0866939,1.04691,0,-1.04691
1.76291e+09,10761,-0.0871181,0,0.0871181,1.04671,0,-1.04671
1.76291e+09,10762,-0.0875409,0,0.0875409,1.04651,0,-1.04651
1.76291e+09,10763,-0.0879624,0,0.0879624,1.0463,0,-1.0463
1.76291e+09,10764,-0.0883825,0,0.0883825,1.0461,0,-1.0461
1.76291e+09,10765,-0.0888011,0,0.0888011,1.04589,0,-1.04589
1.76291e+09,10766,-0.0892182,0,0.0892182,1.04569,0,-1.04569
1.76291e+09,10767,-0.0896337,0,0.0896337,1.04548,0,-1.04548
1.76291e+09,10768,-0.0900476,0,0.0900476,1.04528,0,-1.04528
1.76291e+09,10769,-0.0904597,0,0.0904597,1.04507,0,-1.04507
1.76291e+09,10770,-0.0908702,0,0.0908702,1.04486,0,-1.04486
1.76291e+09,10771,-0.0912789,0,0.0912789,1.04466,0,-1.04466
1.76291e+09,10772,-0.0916857,0,0.0916857,1.04445,0,-1.04445
1.76291e+09,10773,-0.0920906,0,0.0920906,1.04424,0,-1.04424
1.76291e+09,10774,-0.0924937,0,0.0924937,1.04404,0,-1.04404
1.76291e+09,10775,-0.0928948,0,0.0928948,1.04383,0,-1.04383
1.76291e+09,10776,-0.0932938,0,0.0932938,1.04363,0,-1.04363
1.76291e+09,10777,-0.0936908,0,0.0936908,1.04342,0,-1.04342
1.76291e+09,10778,-0.0940858,0,0.0940858,1.04321,0,-1.04321
1.76291e+09,10779,-0.0944786,0,0.0944786,1.04301,0,-1.04301
1.76291e+09,10780,-0.0948692,0,0.0948692,1.0428,0,-1.0428
1.76291e+09,10781,-0.0952577,0,0.0952577,1.0426,0,-1.0426
1.76291e+09,10782,-0.0956439,0,0.0956439,1.04239,0,-1.04239
1.76291e+09,10783,-0.0960279,0,0.0960279,1.04219,0,-1.04219
1.76291e+09,10784,-0.0964096,0,0.0964096,1.04198,0,-1.04198
1.76291e+09,10785,-0.0967891,0,0.0967891,1.04178,0,-1.04178
1.76291e+09,10786,-0.0971662,0,0.0971662,1.04158,0,-1.04158
1.76291e+09,10787,-0.0975409,0,0.0975409,1.04137,0,-1.04137
1.76291e+09,10788,-0.0979133,0,0.0979133,1.04117,0,-1.04117
1.76291e+09,10789,-0.0982834,0,0.0982834,1.04097,0,-1.04097
1.76291e+09,10790,-0.098651,0,0.098651,1.04077,0,-1.04077
1.76291e+09,10791,-0.0990162,0,0.0990162,1.04057,0,-1.04057
1.76291e+09,10792,-0.099379,0,0.099379,1.04037,0,-1.04037
1.76291e+09,10793,-0.0997394,0,0.0997394,1.04017,0,-1.04017
1.76291e+09,10794,-0.100097,0,0.100097,1.03997,0,-1.03997
1.76291e+09,10795,-0.100453,0,0.100453,1.03977,0,-1.03977
1.76291e+09,10796,-0.100806,0,0.100806,1.03957,0,-1.03957
1.76291e+09,10797,-0.101157,0,0.101157,1.03937,0,-1.03937
1.76291e+09,10798,-0.101505,0,0.101505,1.03917,0,-1.03917
1.76291e+09,10799,-0.101851,0,0.101851,1.03898,0,-1.03898
1.76291e+09,10800,-0.102188,0,0.102188,1.03877,0,-1.03877
1.76291e+09,10801,-0.102523,0,0.102523,1.03855,0,-1.03855
1.76291e+09,10802,-0.102856,0,0.102856,1.03834,0,-1.03834
1.76291e+09,10803,-0.103186,0,0.103186,1.03813,0,-1.03813
1.76291e+09,10804,-0.103514,0,0.103514,1.03792,0,-1.03792
1.76291e+09,10805,-0.103839,0,0.103839,1.03771,0,-1.03771
1.76291e+09,10806,-0.104162,0,0.104162,1.03751,0,-1.03751
1.76291e+09,10807,-0.104482,0,0.104482,1.0373,0,-1.0373
1.76291e+09,10808,-0.104801,0,0.104801,1.03709,0,-1.03709
1.76291e+09,10809,-0.105116,0,0.105116,1.03689,0,-1.03689
1.76291e+09,10810,-0.10543,0,0.10543,1.03668,0,-1.03668
1.76291e+09,10811,-0.105741,0,0.105741,1.03648,0,-1.03648
1.76291e+09,10812,-0.106049,0,0.106049,1.03627,0,-1.03627
1.76291e+09,10813,-0.106356,0,0.106356,1.03607,0,-1.03607
1.76291e+09,10814,-0.10666,0,0.10666,1.03587,0,-1.03587
1.76291e+09,10815,-0.106961,0,0.106961,1.03567,0,-1.03567
1.76291e+09,10816,-0.107261,0,0.107261,1.03547,0,-1.03547
1.76291e+09,10817,-0.107558,0,0.107558,1.03527,0,-1.03527
1.76291e+09,10818,-0.107853,0,0.107853,1.03507,0,-1.03507
1.76291e+09,10819,-0.108146,0,0.108146,1.03487,0,-1.03487
1.76291e+09,10820,-0.108436,0,0.108436,1.03467,0,-1.03467
1.76291e+09,10821,-0.108725,0,0.108725,1.03448,0,-1.03448
1.76291e+09,10822,-0.109011,0,0.109011,1.03428,0,-1.03428
1.76291e+09,10823,-0.109295,0,0.109295,1.03409,0,-1.03409
1.76291e+09,10824,-0.109577,0,0.109577,1.03389,0,-1.03389
1.76291e+09,10825,-0.109856,0,0.109856,1.0337,0,-1.0337
1.76291e+09,10826,-0.110134,0,0.110134,1.03351,0,-1.03351
1.76291e+09,10827,-0.110409,0,0.110409,1.03331,0,-1.03331
1.76291e+09,10828,-0.110683,0,0.110683,1.03312,0,-1.03312
1.76291e+09,10829,-0.110954,0,0.110954,1.03293,0,-1.03293
1.76291e+09,10830,-0.111223,0,0.111223,1.03274,0,-1.03274
1.76291e+09,10831,-0.11149,0,0.11149,1.03255,0,-1.03255
1.76291e+09,10832,-0.111755,0,0.111755,1.03237,0,-1.03237
1.76291e+09,10833,-0.112018,0,0.112018,1.03218,0,-1.03218
1.76291e+09,10834,-0.112279,0,0.112279,1.03199,0,-1.03199
1.76291e+09,10835,-0.112538,0,0.112538,1.03181,0,-1.03181
1.76291e+09,10836,-0.112795,0,0.112795,1.03162,0,-1.03162
1.76291e+09,10837,-0.11305,0,0.11305,1.03144,0,-1.03144
1.76291e+09,10838,-0.113303,0,0.113303,1.03126,0,-1.03126
1.76291e+09,10839,-0.113554,0,0.113554,1.03107,0,-1.03107
1.76291e+09,10840,-0.113803,0,0.113803,1.03089,0,-1.03089
1.76291e+09,10841,-0.11405,0,0.11405,1.03071,0,-1.03071
1.76291e+09,10842,-0.114295,0,0.114295,1.03053,0,-1.03053
1.76291e+09,10843,-0.114539,0,0.114539,1.03035,0,-1.03035
1.76291e+09,10844,-0.11478,0,0.11478,1.03018,0,-1.03018
1.76291e+09,10845,-0.11502,0,0.11502,1.03,0,-1.03
1.76291e+09,10846,-0.115257,0,0.115257,1.02982,0,-1.02982
1.76291e+09,10847,-0.115493,0,0.115493,1.02965,0,-1.02965
1.76291e+09,10848,-0.115727,0,0.115727,1.02947,0,-1.02947
1.76291e+09,10849,-0.115959,0,0.115959,1.0293,0,-1.0293
1.76291e+09,10850,-0.116189,0,0.116189,1.02912,0,-1.02912
1.76291e+09,10851,-0.116417,0,0.116417,1.02895,0,-1.02895
1.76291e+09,10852,-0.116644,0,0.116644,1.02878,0,-1.02878
1.76291e+09,10853,-0.116869,0,0.116869,1.02861,0,-1.02861
1.76291e+09,10854,-0.117092,0,0.117092,1.02844,0,-1.02844
1.76291e+09,10855,-0.117313,0,0.117313,1.02827,0,-1.02827
1.76291e+09,10856,-0.117532,0,0.117532,1.0281,0,-1.0281
1.76291e+09,10857,-0.11775,0,0.11775,1.02794,0,-1.02794
1.76291e+09,10858,-0.117966,0,0.117966,1.02777,0,-1.02777
1.76291e+09,10859,-0.11818,0,0.11818,1.0276,0,-1.0276
1.76291e+09,10860,-0.118392,0,0.118392,1.02744,0,-1.02744
1.76291e+09,10861,-0.118603,0,0.118603,1.02727,0,-1.02727
1.76291e+09,10862,-0.118812,0,0.118812,1.02711,0,-1.02711
1.76291e+09,10863,-0.119019,0,0.119019,1.02695,0,-1.02695
1.76291e+09,10864,-0.119225,0,0.119225,1.02679,0,-1.02679
1.76291e+09,10865,-0.119428,0,0.119428,1.02662,0,-1.02662
1.76291e+09,10866,-0.119631,0,0.119631,1.02646,0,-1.02646
1.76291e+09,10867,-0.119831,0,0.119831,1.0263,0,-1.0263
1.76291e+09,10868,-0.12003,0,0.12003,1.02615,0,-1.02615
1.76291e+09,10869,-0.120227,0,0.120227,1.02599,0,-1.02599
1.76291e+09,10870,-0.120423,0,0.120423,1.02583,0,-1.02583
1.76291e+09,10871,-0.120617,0,0.120617,1.02568,0,-1.02568
1.76291e+09,10872,-0.120809,0,0.120809,1.02552,0,-1.02552
1.76291e+09,10873,-0.121,0,0.121,1.02537,0,-1.02537
1.76291e+09,10874,-0.121189,0,0.121189,1.02521,0,-1.02521
1.76291e+09,10875,-0.121376,0,0.121376,1.02506,0,-1.02506
1.76291e+09,10876,-0.121562,0,0.121562,1.02491,0,-1.02491
1.76291e+09,10877,-0.121747,0,0.121747,1.02476,0,-1.02476
1.76291e+09,10878,-0.12193,0,0.12193,1.0246,0,-1.0246
1.76291e+09,10879,-0.122111,0,0.122111,1.02445,0,-1.02445
1.76291e+09,10880,-0.122291,0,0.122291,1.02431,0,-1.02431
1.76291e+09,10881,-0.122469,0,0.122469,1.02416,0,-1.02416
1.76291e+09,10882,-0.122645,0,0.122645,1.02401,0,-1.02401
1.76291e+09,10883,-0.12282,0,0.12282,1.02386,0,-1.02386
1.76291e+09,10884,-0.122994,0,0.122994,1.02372,0,-1.02372
1.76291e+09,10885,-0.123166,0,0.123166,1.02357,0,-1.02357
1.76291e+09,10886,-0.123337,0,0.123337,1.02343,0,-1.02343
1.76291e+09,10887,-0.123506,0,0.123506,1.02328,0,-1.02328
1.76291e+09,10888,-0.123673,0,0.123673,1.02314,0,-1.02314
1.76291e+09,10889,-0.12384,0,0.12384,1.023,0,-1.023
1.76291e+09,10890,-0.124004,0,0.124004,1.02286,0,-1.02286
1.76291e+09,10891,-0.124167,0,0.124167,1.02272,0,-1.02272
1.76291e+09,10892,-0.124329,0,0.124329,1.02258,0,-1.02258
1.76291e+09,10893,-0.124489,0,0.124489,1.02244,0,-1.02244
1.76291e+09,10894,-0.124648,0,0.124648,1.0223,0,-1.0223
1.76291e+09,10895,-0.124806,0,0.124806,1.02216,0,-1.02216
1.76291e+09,10896,-0.124962,0,0.124962,1.02203,0,-1.02203
1.76291e+09,10897,-0.125116,0,0.125116,1.02189,0,-1.02189
1.76291e+09,10898,-0.12527,0,0.12527,1.02176,0,-1.02176
1.76291e+09,10899,-0.125421,0,0.125421,1.02162,0,-1.02162
1.76291e+09,10900,-0.125572,0,0.125572,1.02149,0,-1.02149
1.76291e+09,10901,-0.125721,0,0.125721,1.02136,0,-1.02136
1.76291e+09,10902,-0.125868,0,0.125868,1.02122,0,-1.02122
1.76291e+09,10903,-0.126015,0,0.126015,1.02109,0,-1.02109
1.76291e+09,10904,-0.12616,0,0.12616,1.02096,0,-1.02096
1.76291e+09,10905,-0.126303,0,0.126303,1.02083,0,-1.02083
1.76291e+09,10906,-0.126445,0,0.126445,1.0207,0,-1.0207
1.76291e+09,10907,-0.126586,0,0.126586,1.02058,0,-1.02058
1.76291e+09,10908,-0.126726,0,0.126726,1.02045,0,-1.02045
1.76291e+09,10909,-0.126864,0,0.126864,1.02032,0,-1.02032
1.76291e+09,10910,-0.127001,0,0.127001,1.0202,0,-1.0202
1.76291e+09,10911,-0.127136,0,0.127136,1.02007,0,-1.02007
1.76291e+09,10912,-0.127271,0,0.127271,1.01995,0,-1.01995
1.76291e+09,10913,-0.127403,0,0.127403,1.01982,0,-1.01982
1.76291e+09,10914,-0.127535,0,0.127535,1.0197,0,-1.0197
1.76291e+09,10915,-0.127665,0,0.127665,1.01958,0,-1.01958
1.76291e+09,10916,-0.127794,0,0.127794,1.01945,0,-1.01945
1.76291e+09,10917,-0.127922,0,0.127922,1.01933,0,-1.01933
1.76291e+09,10918,-0.128049,0,0.128049,1.01921,0,-1.01921
1.76291e+09,10919,-0.128174,0,0.128174,1.01909,0,-1.01909
1.76291e+09,10920,-0.128298,0,0.128298,1.01897,0,-1.01897
1.76291e+09,10921,-0.128421,0,0.128421,1.01886,0,-1.01886
1.76291e+09,10922,-0.128542,0,0.128542,1.01874,0,-1.01874
1.76291e+09,10923,-0.128662,0,0.128662,1.01862,0,-1.01862
1.76291e+09,10924,-0.128781,0,0.128781,1.01851,0,-1.01851
1.76291e+09,10925,-0.128899,0,0.128899,1.01839,0,-1.01839
1.76291e+09,10926,-0.129015,0,0.129015,1.01828,0,-1.01828
1.76291e+09,10927,-0.129131,0,0.129131,1.01816,0,-1.01816
1.76291e+09,10928,-0.129245,0,0.129245,1.01805,0,-1.01805
1.76291e+09,10929,-0.129357,0,0.129357,1.01794,0,-1.01794
1.76291e+09,10930,-0.129469,0,0.129469,1.01782,0,-1.01782
1.76291e+09,10931,-0.12958,0,0.12958,1.01771,0,-1.01771
1.76291e+09,10932,-0.129689,0,0.129689,1.0176,0,-1.0176
1.76291e+09,10933,-0.129797,0,0.129797,1.01749,0,-1.01749
1.76291e+09,10934,-0.129904,0,0.129904,1.01738,0,-1.01738
1.76291e+09,10935,-0.130009,0,0.130009,1.01728,0,-1.01728
1.76291e+09,10936,-0.130114,0,0.130114,1.01717,0,-1.01717
1.76291e+09,10937,-0.130217,0,0.130217,1.01706,0,-1.01706
1.76291e+09,10938,-0.130319,0,0.130319,1.01695,0,-1.01695
1.76291e+09,10939,-0.13042,0,0.13042,1.01685,0,-1.01685
1.76291e+09,10940,-0.13052,0,0.13052,1.01674,0,-1.01674
1.76291e+09,10941,-0.130619,0,0.130619,1.01664,0,-1.01664
1.76291e+09,10942,-0.130716,0,0.130716,1.01653,0,-1.01653
1.76291e+09,10943,-0.130813,0,0.130813,1.01643,0,-1.01643
1.76291e+09,10944,-0.130908,0,0.130908,1.01633,0,-1.01633
1.76291e+09,10945,-0.131002,0,0.131002,1.01623,0,-1.01623
1.76291e+09,10946,-0.131095,0,0.131095,1.01613,0,-1.01613
1.76291e+09,10947,-0.131187,0,0.131187,1.01602,0,-1.01602
1.76291e+09,10948,-0.131278,0,0.131278,1.01592,0,-1.01592
1.76291e+09,10949,-0.131367,0,0.131367,1.01583,0,-1.01583
1.76291e+09,10950,-0.131456,0,0.131456,1.01573,0,-1.01573
1.76291e+09,10951,-0.131543,0,0.131543,1.01563,0,-1.01563
1.76291e+09,10952,-0.13163,0,0.13163,1.01553,0,-1.01553
1.76291e+09,10953,-0.131715,0,0.131715,1.01543,0,-1.01543
1.76291e+09,10954,-0.131799,0,0.131799,1.01534,0,-1.01534
1.76291e+09,10955,-0.131882,0,0.131882,1.01524,0,-1.01524
1.76291e+09,10956,-0.131964,0,0.131964,1.01515,0,-1.01515
1.76291e+09,10957,-0.132045,0,0.132045,1.01505,0,-1.01505
1.76291e+09,10958,-0.132124,0,0.132124,1.01496,0,-1.01496
1.76291e+09,10959,-0.132203,0,0.132203,1.01487,0,-1.01487
1.76291e+09,10960,-0.132281,0,0.132281,1.01477,0,-1.01477
1.76291e+09,10961,-0.132357,0,0.132357,1.01468,0,-1.01468
1.76291e+09,10962,-0.132433,0,0.132433,1.01459,0,-1.01459
1.76291e+09,10963,-0.132507,0,0.132507,1.0145,0,-1.0145
1.76291e+09,10964,-0.13258,0,0.13258,1.01441,0,-1.01441
1.76291e+09,10965,-0.132653,0,0.132653,1.01432,0,-1.01432
1.76291e+09,10966,-0.132724,0,0.132724,1.01423,0,-1.01423
1.76291e+09,10967,-0.132794,0,0.132794,1.01414,0,-1.01414
1.76291e+09,10968,-0.132863,0,0.132863,1.01406,0,-1.01406
1.76291e+09,10969,-0.132931,0,0.132931,1.01397,0,-1.01397
1.76291e+09,10970,-0.132998,0,0.132998,1.01388,0,-1.01388
1.76291e+09,10971,-0.133065,0,0.133065,1.0138,0,-1.0138
1.76291e+09,10972,-0.13313,0,0.13313,1.01371,0,-1.01371
1.76291e+09,10973,-0.133193,0,0.133193,1.01363,0,-1.01363
1.76291e+09,10974,-0.133256,0,0.133256,1.01354,0,-1.01354
1.76291e+09,10975,-0.133318,0,0.133318,1.01346,0,-1.01346
1.76291e+09,10976,-0.133379,0,0.133379,1.01337,0,-1.01337
1.76291e+09,10977,-0.133439,0,0.133439,1.01329,0,-1.01329
1.76291e+09,10978,-0.133498,0,0.133498,1.01321,0,-1.01321
1.76291e+09,10979,-0.133556,0,0.133556,1.01313,0,-1.01313
1.76291e+09,10980,-0.133613,0,0.133613,1.01305,0,-1.01305
1.76291e+09,10981,-0.133669,0,0.133669,1.01297,0,-1.01297
1.76291e+09,10982,-0.133723,0,0.133723,1.01289,0,-1.01289
1.76291e+09,10983,-0.133777,0,0.133777,1.01281,0,-1.01281
1.76291e+09,10984,-0.13383,0,0.13383,1.01273,0,-1.01273
1.76291e+09,10985,-0.133882,0,0.133882,1.01265,0,-1.01265
1.76291e+09,10986,-0.133933,0,0.133933,1.01257,0,-1.01257
1.76291e+09,10987,-0.133983,0,0.133983,1.0125,0,-1.0125
1.76291e+09,10988,-0.134032,0,0.134032,1.01242,0,-1.01242
1.76291e+09,10989,-0.134079,0,0.134079,1.01234,0,-1.01234
1.76291e+09,10990,-0.134126,0,0.134126,1.01227,0,-1.01227
1.76291e+09,10991,-0.134172,0,0.134172,1.01219,0,-1.01219
1.76291e+09,10992,-0.134217,0,0.134217,1.01212,0,-1.01212
1.76291e+09,10993,-0.134261,0,0.134261,1.01205,0,-1.01205
1.76291e+09,10994,-0.134304,0,0.134304,1.01197,0,-1.01197
1.76291e+09,10995,-0.134346,0,0.134346,1.0119,0,-1.0119
1.76291e+09,10996,-0.134387,0,0.134387,1.01183,0,-1.01183
1.76291e+09,10997,-0.134427,0,0.134427,1.01176,0,-1.01176
1.76291e+09,10998,-0.134466,0,0.134466,1.01168,0,-1.01168
1.76291e+09,10999,-0.134505,0,0.134505,1.01161,0,-1.01161
1.76291e+09,11000,-0.134542,0,0.134542,1.01154,0,-1.01154
1.76291e+09,11001,-0.134578,0,0.134578,1.01147,0,-1.01147
1.76291e+09,11002,-0.134613,0,0.134613,1.01141,0,-1.01141
1.76291e+09,11003,-0.134648,0,0.134648,1.01134,0,-1.01134
1.76291e+09,11004,-0.134681,0,0.134681,1.01127,0,-1.01127
1.76291e+09,11005,-0.134713,0,0.134713,1.0112,0,-1.0112
1.76291e+09,11006,-0.134745,0,0.134745,1.01113,0,-1.01113
1.76291e+09,11007,-0.134775,0,0.134775,1.01107,0,-1.01107
1.76291e+09,11008,-0.134805,0,0.134805,1.011,0,-1.011
1.76291e+09,11009,-0.134833,0,0.134833,1.01093,0,-1.01093
1.76291e+09,11010,-0.134861,0,0.134861,1.01087,0,-1.01087
1.76291e+09,11011,-0.134888,0,0.134888,1.0108,0,-1.0108
1.76291e+09,11012,-0.134914,0,0.134914,1.01074,0,-1.01074
1.76291e+09,11013,-0.134938,0,0.134938,1.01068,0,-1.01068
1.76291e+09,11014,-0.134962,0,0.134962,1.01061,0,-1.01061
1.76291e+09,11015,-0.134985,0,0.134985,1.01055,0,-1.01055
1.76291e+09,11016,-0.135007,0,0.135007,1.01049,0,-1.01049
1.76291e+09,11017,-0.135028,0,0.135028,1.01043,0,-1.01043
1.76291e+09,11018,-0.135048,0,0.135048,1.01036,0,-1.01036
1.76291e+09,11019,-0.135068,0,0.135068,1.0103,0,-1.0103
1.76291e+09,11020,-0.135086,0,0.135086,1.01024,0,-1.01024
1.76291e+09,11021,-0.135103,0,0.135103,1.01018,0,-1.01018
1.76291e+09,11022,-0.135119,0,0.135119,1.01012,0,-1.01012
1.76291e+09,11023,-0.135135,0,0.135135,1.01006,0,-1.01006
1.76291e+09,11024,-0.135149,0,0.135149,1.01,0,-1.01
1.76291e+09,11025,-0.135163,0,0.135163,1.00995,0,-1.00995
1.76291e+09,11026,-0.135176,0,0.135176,1.00989,0,-1.00989
1.76291e+09,11027,-0.135187,0,0.135187,1.00983,0,-1.00983
1.76291e+09,11028,-0.135198,0,0.135198,1.00977,0,-1.00977
1.76291e+09,11029,-0.135208,0,0.135208,1.00972,0,-1.00972
1.76291e+09,11030,-0.135217,0,0.135217,1.00966,0,-1.00966
1.76291e+09,11031,-0.135225,0,0.135225,1.0096,0,-1.0096
1.76291e+09,11032,-0.135232,0,0.135232,1.00955,0,-1.00955
1.76291e+09,11033,-0.135238,0,0.135238,1.00949,0,-1.00949
1.76291e+09,11034,-0.135243,0,0.135243,1.00944,0,-1.00944
1.76291e+09,11035,-0.135248,0,0.135248,1.00939,0,-1.00939
1.76291e+09,11036,-0.135251,0,0.135251,1.00933,0,-1.00933
1.76291e+09,11037,-0.135253,0,0.135253,1.00928,0,-1.00928
1.76291e+09,11038,-0.135255,0,0.135255,1.00923,0,-1.00923
1.76291e+09,11039,-0.135256,0,0.135256,1.00917,0,-1.00917
1.76291e+09,11040,-0.135255,0,0.135255,1.00912,0,-1.00912
1.76291e+09,11041,-0.135254,0,0.135254,1.00907,0,-1.00907
1.76291e+09,11042,-0.135252,0,0.135252,1.00902,0,-1.00902
1.76291e+09,11043,-0.135249,0,0.135249,1.00897,0,-1.00897
1.76291e+09,11044,-0.135245,0,0.135245,1.00892,0,-1.00892
1.76291e+09,11045,-0.13524,0,0.13524,1.00887,0,-1.00887
1.76291e+09,11046,-0.135234,0,0.135234,1.00882,0,-1.00882
1.76291e+09,11047,-0.135227,0,0.135227,1.00877,0,-1.00877
1.76291e+09,11048,-0.135219,0,0.135219,1.00872,0,-1.00872
1.76291e+09,11049,-0.135211,0,0.135211,1.00867,0,-1.00867
1.76291e+09,11050,-0.135201,0,0.135201,1.00863,0,-1.00863
1.76291e+09,11051,-0.135191,0,0.135191,1.00858,0,-1.00858
1.76291e+09,11052,-0.135179,0,0.135179,1.00853,0,-1.00853
1.76291e+09,11053,-0.135167,0,0.135167,1.00848,0,-1.00848
1.76291e+09,11054,-0.135153,0,0.135153,1.00844,0,-1.00844
1.76291e+09,11055,-0.135139,0,0.135139,1.00839,0,-1.00839
1.76291e+09,11056,-0.135124,0,0.135124,1.00835,0,-1.00835
1.76291e+09,11057,-0.135108,0,0.135108,1.0083,0,-1.0083
1.76291e+09,11058,-0.135091,0,0.135091,1.00826,0,-1.00826
1.76291e+09,11059,-0.135073,0,0.135073,1.00821,0,-1.00821
1.76291e+09,11060,-0.135054,0,0.135054,1.00817,0,-1.00817
1.76291e+09,11061,-0.135034,0,0.135034,1.00812,0,-1.00812
1.76291e+09,11062,-0.135014,0,0.135014,1.00808,0,-1.00808
1.76291e+09,11063,-0.134992,0,0.134992,1.00804,0,-1.00804
1.76291e+09,11064,-0.134969,0,0.134969,1.00799,0,-1.00799
1.76291e+09,11065,-0.134946,0,0.134946,1.00795,0,-1.00795
1.76291e+09,11066,-0.134921,0,0.134921,1.00791,0,-1.00791
1.76291e+09,11067,-0.134896,0,0.134896,1.00787,0,-1.00787
1.76291e+09,11068,-0.13487,0,0.13487,1.00783,0,-1.00783
1.76291e+09,11069,-0.134842,0,0.134842,1.00778,0,-1.00778
1.76291e+09,11070,-0.134814,0,0.134814,1.00774,0,-1.00774
1.76291e+09,11071,-0.134785,0,0.134785,1.0077,0,-1.0077
1.76291e+09,11072,-0.134755,0,0.134755,1.00766,0,-1.00766
1.76291e+09,11073,-0.134724,0,0.134724,1.00762,0,-1.00762
1.76291e+09,11074,-0.134692,0,0.134692,1.00758,0,-1.00758
1.76291e+09,11075,-0.134659,0,0.134659,1.00755,0,-1.00755
1.76291e+09,11076,-0.134625,0,0.134625,1.00751,0,-1.00751
1.76291e+09,11077,-0.13459,0,0.13459,1.00747,0,-1.00747
1.76291e+09,11078,-0.134554,0,0.134554,1.00743,0,-1.00743
1.76291e+09,11079,-0.134517,0,0.134517,1.00739,0,-1.00739
1.76291e+09,11080,-0.13448,0,0.13448,1.00735,0,-1.00735
1.76291e+09,11081,-0.134441,0,0.134441,1.00732,0,-1.00732
1.76291e+09,11082,-0.134401,0,0.134401,1.00728,0,-1.00728
1.76291e+09,11083,-0.134361,0,0.134361,1.00724,0,-1.00724
1.76291e+09,11084,-0.134319,0,0.134319,1.00721,0,-1.00721
1.76291e+09,11085,-0.134277,0,0.134277,1.00717,0,-1.00717
1.76291e+09,11086,-0.134233,0,0.134233,1.00714,0,-1.00714
1.76291e+09,11087,-0.134189,0,0.134189,1.0071,0,-1.0071
1.76291e+09,11088,-0.134143,0,0.134143,1.00707,0,-1.00707
1.76291e+09,11089,-0.134097,0,0.134097,1.00703,0,-1.00703
1.76291e+09,11090,-0.134049,0,0.134049,1.007,0,-1.007
1.76291e+09,11091,-0.134001,0,0.134001,1.00696,0,-1.00696
1.76291e+09,11092,-0.133952,0,0.133952,1.00693,0,-1.00693
1.76291e+09,11093,-0.133901,0,0.133901,1.0069,0,-1.0069
1.76291e+09,11094,-0.13385,0,0.13385,1.00686,0,-1.00686
1.76291e+09,11095,-0.133798,0,0.133798,1.00683,0,-1.00683
1.76291e+09,11096,-0.133744,0,0.133744,1.0068,0,-1.0068
1.76291e+09,11097,-0.13369,0,0.13369,1.00676,0,-1.00676
1.76291e+09,11098,-0.133635,0,0.133635,1.00673,0,-1.00673
1.76291e+09,11099,-0.133579,0,0.133579,1.0067,0,-1.0067
1.76291e+09,11100,-0.133521,0,0.133521,1.00667,0,-1.00667
1.76291e+09,11101,-0.133463,0,0.133463,1.00664,0,-1.00664
1.76291e+09,11102,-0.133404,0,0.133404,1.00661,0,-1.00661
1.76291e+09,11103,-0.133344,0,0.133344,1.00658,0,-1.00658
1.76291e+09,11104,-0.133282,0,0.133282,1.00654,0,-1.00654
1.76291e+09,11105,-0.13322,0,0.13322,1.00651,0,-1.00651
1.76291e+09,11106,-0.133157,0,0.133157,1.00648,0,-1.00648
1.76291e+09,11107,-0.133093,0,0.133093,1.00645,0,-1.00645
1.76291e+09,11108,-0.133027,0,0.133027,1.00643,0,-1.00643
1.76291e+09,11109,-0.132961,0,0.132961,1.0064,0,-1.0064
1.76291e+09,11110,-0.132894,0,0.132894,1.00637,0,-1.00637
1.76291e+09,11111,-0.132825,0,0.132825,1.00634,0,-1.00634
1.76291e+09,11112,-0.132756,0,0.132756,1.00631,0,-1.00631
1.76291e+09,11113,-0.132685,0,0.132685,1.00628,0,-1.00628
1.76291e+09,11114,-0.132614,0,0.132614,1.00625,0,-1.00625
1.76291e+09,11115,-0.132541,0,0.132541,1.00623,0,-1.00623
1.76291e+09,11116,-0.132468,0,0.132468,1.0062,0,-1.0062
1.76291e+09,11117,-0.132393,0,0.132393,1.00617,0,-1.00617
1.76291e+09,11118,-0.132318,0,0.132318,1.00614,0,-1.00614
1.76291e+09,11119,-0.132241,0,0.132241,1.00612,0,-1.00612
1.76291e+09,11120,-0.132163,0,0.132163,1.00609,0,-1.00609
1.76291e+09,11121,-0.132084,0,0.132084,1.00606,0,-1.00606
1.76291e+09,11122,-0.132004,0,0.132004,1.00604,0,-1.00604
1.76291e+09,11123,-0.131923,0,0.131923,1.00601,0,-1.00601
1.76291e+09,11124,-0.131841,0,0.131841,1.00598,0,-1.00598
1.76291e+09,11125,-0.131758,0,0.131758,1.00596,0,-1.00596
1.76291e+09,11126,-0.131674,0,0.131674,1.00593,0,-1.00593
1.76291e+09,11127,-0.131589,0,0.131589,1.00591,0,-1.00591
1.76291e+09,11128,-0.131502,0,0.131502,1.00588,0,-1.00588
1.76291e+09,11129,-0.131415,0,0.131415,1.00586,0,-1.00586
1.76291e+09,11130,-0.131326,0,0.131326,1.00583,0,-1.00583
1.76291e+09,11131,-0.131237,0,0.131237,1.00581,0,-1.00581
1.76291e+09,11132,-0.131146,0,0.131146,1.00578,0,-1.00578
1.76291e+09,11133,-0.131054,0,0.131054,1.00576,0,-1.00576
1.76291e+09,11134,-0.130961,0,0.130961,1.00573,0,-1.00573
1.76291e+09,11135,-0.130867,0,0.130867,1.00571,0,-1.00571
1.76291e+09,11136,-0.130772,0,0.130772,1.00569,0,-1.00569
1.76291e+09,11137,-0.130676,0,0.130676,1.00566,0,-1.00566
1.76291e+09,11138,-0.130578,0,0.130578,1.00564,0,-1.00564
1.76291e+09,11139,-0.13048,0,0.13048,1.00562,0,-1.00562
1.76291e+09,11140,-0.13038,0,0.13038,1.00559,0,-1.00559
1.76291e+09,11141,-0.130279,0,0.130279,1.00557,0,-1.00557
1.76291e+09,11142,-0.130177,0,0.130177,1.00555,0,-1.00555
1.76291e+09,11143,-0.130074,0,0.130074,1.00553,0,-1.00553
1.76291e+09,11144,-0.12997,0,0.12997,1.0055,0,-1.0055
1.76291e+09,11145,-0.129864,0,0.129864,1.00548,0,-1.00548
1.76291e+09,11146,-0.129758,0,0.129758,1.00546,0,-1.00546
1.76291e+09,11147,-0.12965,0,0.12965,1.00544,0,-1.00544
1.76291e+09,11148,-0.129541,0,0.129541,1.00541,0,-1.00541
1.76291e+09,11149,-0.129431,0,0.129431,1.00539,0,-1.00539
1.76291e+09,11150,-0.129319,0,0.129319,1.00537,0,-1.00537
1.76291e+09,11151,-0.129207,0,0.129207,1.00535,0,-1.00535
1.76291e+09,11152,-0.129093,0,0.129093,1.00533,0,-1.00533
1.76291e+09,11153,-0.128978,0,0.128978,1.00531,0,-1.00531
1.76291e+09,11154,-0.128862,0,0.128862,1.00529,0,-1.00529
1.76291e+09,11155,-0.128745,0,0.128745,1.00526,0,-1.00526
1.76291e+09,11156,-0.128626,0,0.128626,1.00524,0,-1.00524
1.76291e+09,11157,-0.128507,0,0.128507,1.00522,0,-1.00522
1.76291e+09,11158,-0.128386,0,0.128386,1.0052,0,-1.0052
1.76291e+09,11159,-0.128263,0,0.128263,1.00518,0,-1.00518
1.76291e+09,11160,-0.12814,0,0.12814,1.00516,0,-1.00516
1.76291e+09,11161,-0.128015,0,0.128015,1.00514,0,-1.00514
1.76291e+09,11162,-0.127889,0,0.127889,1.00512,0,-1.00512
1.76291e+09,11163,-0.127762,0,0.127762,1.0051,0,-1.0051
1.76291e+09,11164,-0.127634,0,0.127634,1.00508,0,-1.00508
1.76291e+09,11165,-0.127504,0,0.127504,1.00506,0,-1.00506
1.76291e+09,11166,-0.127373,0,0.127373,1.00504,0,-1.00504
1.76291e+09,11167,-0.127241,0,0.127241,1.00502,0,-1.00502
1.76291e+09,11168,-0.127107,0,0.127107,1.005,0,-1.005
1.76291e+09,11169,-0.126973,0,0.126973,1.00498,0,-1.00498
1.76291e+09,11170,-0.126837,0,0.126837,1.00496,0,-1.00496
1.76291e+09,11171,-0.126699,0,0.126699,1.00494,0,-1.00494
1.76291e+09,11172,-0.12656,0,0.12656,1.00492,0,-1.00492
1.76291e+09,11173,-0.12642,0,0.12642,1.0049,0,-1.0049
1.76291e+09,11174,-0.126279,0,0.126279,1.00488,0,-1.00488
1.76291e+09,11175,-0.126136,0,0.126136,1.00486,0,-1.00486
1.76291e+09,11176,-0.125992,0,0.125992,1.00484,0,-1.00484
1.76291e+09,11177,-0.125847,0,0.125847,1.00482,0,-1.00482
1.76291e+09,11178,-0.1257,0,0.1257,1.0048,0,-1.0048
1.76291e+09,11179,-0.125552,0,0.125552,1.00478,0,-1.00478
1.76291e+09,11180,-0.125403,0,0.125403,1.00476,0,-1.00476
1.76291e+09,11181,-0.125252,0,0.125252,1.00474,0,-1.00474
1.76291e+09,11182,-0.1251,0,0.1251,1.00472,0,-1.00472
1.76291e+09,11183,-0.124947,0,0.124947,1.0047,0,-1.0047
1.76291e+09,11184,-0.124792,0,0.124792,1.00468,0,-1.00468
1.76291e+09,11185,-0.124635,0,0.124635,1.00466,0,-1.00466
1.76291e+09,11186,-0.124478,0,0.124478,1.00464,0,-1.00464
1.76291e+09,11187,-0.124319,0,0.124319,1.00462,0,-1.00462
1.76291e+09,11188,-0.124158,0,0.124158,1.0046,0,-1.0046
1.76291e+09,11189,-0.123996,0,0.123996,1.00458,0,-1.00458
1.76291e+09,11190,-0.123833,0,0.123833,1.00456,0,-1.00456
1.76291e+09,11191,-0.123668,0,0.123668,1.00454,0,-1.00454
1.76291e+09,11192,-0.123502,0,0.123502,1.00452,0,-1.00452
1.76291e+09,11193,-0.123334,0,0.123334,1.0045,0,-1.0045
1.76291e+09,11194,-0.123165,0,0.123165,1.00448,0,-1.00448
1.76291e+09,11195,-0.122994,0,0.122994,1.00446,0,-1.00446
1.76291e+09,11196,-0.122822,0,0.122822,1.00444,0,-1.00444
1.76291e+09,11197,-0.122649,0,0.122649,1.00442,0,-1.00442
1.76291e+09,11198,-0.122473,0,0.122473,1.0044,0,-1.0044
1.76291e+09,11199,-0.122297,0,0.122297,1.00438,0,-1.00438
1.76291e+09,11200,-0.122119,0,0.122119,1.00436,0,-1.00436
1.76291e+09,11201,-0.121939,0,0.121939,1.00434,0,-1.00434
1.76291e+09,11202,-0.121758,0,0.121758,1.00432,0,-1.00432
1.76291e+09,11203,-0.121575,0,0.121575,1.00429,0,-1.00429
1.76291e+09,11204,-0.121391,0,0.121391,1.00427,0,-1.00427
1.76291e+09,11205,-0.121206,0,0.121206,1.00425,0,-1.00425
1.76291e+09,11206,-0.121018,0,0.121018,1.00423,0,-1.00423
1.76291e+09,11207,-0.120829,0,0.120829,1.00421,0,-1.00421
1.76291e+09,11208,-0.120639,0,0.120639,1.00419,0,-1.00419
1.76291e+09,11209,-0.120447,0,0.120447,1.00417,0,-1.00417
1.76291e+09,11210,-0.120253,0,0.120253,1.00414,0,-1.00414
1.76291e+09,11211,-0.120058,0,0.120058,1.00412,0,-1.00412
1.76291e+09,11212,-0.119861,0,0.119861,1.0041,0,-1.0041
1.76291e+09,11213,-0.119663,0,0.119663,1.00408,0,-1.00408
1.76291e+09,11214,-0.119463,0,0.119463,1.00405,0,-1.00405
1.76291e+09,11215,-0.119261,0,0.119261,1.00403,0,-1.00403
1.76291e+09,11216,-0.119058,0,0.119058,1.00401,0,-1.00401
1.76291e+09,11217,-0.118853,0,0.118853,1.00398,0,-1.00398
1.76291e+09,11218,-0.118646,0,0.118646,1.00396,0,-1.00396
1.76291e+09,11219,-0.118438,0,0.118438,1.00394,0,-1.00394
1.76291e+09,11220,-0.118228,0,0.118228,1.00391,0,-1.00391
1.76291e+09,11221,-0.118016,0,0.118016,1.00389,0,-1.00389
1.76291e+09,11222,-0.117803,0,0.117803,1.00386,0,-1.00386
1.76291e+09,11223,-0.117588,0,0.117588,1.00384,0,-1.00384
1.76291e+09,11224,-0.117371,0,0.117371,1.00381,0,-1.00381
1.76291e+09,11225,-0.117152,0,0.117152,1.00379,0,-1.00379
1.76291e+09,11226,-0.116932,0,0.116932,1.00376,0,-1.00376
1.76291e+09,11227,-0.11671,0,0.11671,1.00374,0,-1.00374
1.76291e+09,11228,-0.116486,0,0.116486,1.00371,0,-1.00371
1.76291e+09,11229,-0.116261,0,0.116261,1.00368,0,-1.00368
1.76291e+09,11230,-0.116033,0,0.116033,1.00366,0,-1.00366
1.76291e+09,11231,-0.115804,0,0.115804,1.00363,0,-1.00363
1.76291e+09,11232,-0.115573,0,0.115573,1.0036,0,-1.0036
1.76291e+09,11233,-0.11534,0,0.11534,1.00357,0,-1.00357
1.76291e+09,11234,-0.115106,0,0.115106,1.00354,0,-1.00354
1.76291e+09,11235,-0.114869,0,0.114869,1.00352,0,-1.00352
1.76291e+09,11236,-0.114631,0,0.114631,1.00349,0,-1.00349
1.76291e+09,11237,-0.114391,0,0.114391,1.00346,0,-1.00346
1.76291e+09,11238,-0.114149,0,0.114149,1.00343,0,-1.00343
1.76291e+09,11239,-0.113905,0,0.113905,1.0034,0,-1.0034
1.76291e+09,11240,-0.113659,0,0.113659,1.00337,0,-1.00337
1.76291e+09,11241,-0.113412,0,0.113412,1.00334,0,-1.00334
1.76291e+09,11242,-0.113162,0,0.113162,1.0033,0,-1.0033
1.76291e+09,11243,-0.112911,0,0.112911,1.00327,0,-1.00327
1.76291e+09,11244,-0.112657,0,0.112657,1.00324,0,-1.00324
1.76291e+09,11245,-0.112402,0,0.112402,1.00321,0,-1.00321
1.76291e+09,11246,-0.112145,0,0.112145,1.00317,0,-1.00317
1.76291e+09,11247,-0.111885,0,0.111885,1.00314,0,-1.00314
1.76291e+09,11248,-0.111624,0,0.111624,1.00311,0,-1.00311
1.76291e+09,11249,-0.111361,0,0.111361,1.00307,0,-1.00307
1.76291e+09,11250,-0.111095,0,0.111095,1.00304,0,-1.00304
1.76291e+09,11251,-0.110828,0,0.110828,1.003,0,-1.003
1.76291e+09,11252,-0.110559,0,0.110559,1.00296,0,-1.00296
1.76291e+09,11253,-0.110287,0,0.110287,1.00293,0,-1.00293
1.76291e+09,11254,-0.110014,0,0.110014,1.00289,0,-1.00289
1.76291e+09,11255,-0.109739,0,0.109739,1.00285,0,-1.00285
1.76291e+09,11256,-0.109461,0,0.109461,1.00281,0,-1.00281
1.76291e+09,11257,-0.109181,0,0.109181,1.00277,0,-1.00277
1.76291e+09,11258,-0.1089,0,0.1089,1.00273,0,-1.00273
1.76291e+09,11259,-0.108616,0,0.108616,1.00269,0,-1.00269
1.76291e+09,11260,-0.10833,0,0.10833,1.00265,0,-1.00265
1.76291e+09,11261,-0.108041,0,0.108041,1.00261,0,-1.00261
1.76291e+09,11262,-0.107751,0,0.107751,1.00257,0,-1.00257
1.76291e+09,11263,-0.107459,0,0.107459,1.00252,0,-1.00252
1.76291e+09,11264,-0.107164,0,0.107164,1.00248,0,-1.00248
1.76291e+09,11265,-0.106867,0,0.106867,1.00243,0,-1.00243
1.76291e+09,11266,-0.106568,0,0.106568,1.00239,0,-1.00239
1.76291e+09,11267,-0.106266,0,0.106266,1.00234,0,-1.00234
1.76291e+09,11268,-0.105963,0,0.105963,1.0023,0,-1.0023
1.76291e+09,11269,-0.105657,0,0.105657,1.00225,0,-1.00225
1.76291e+09,11270,-0.105349,0,0.105349,1.0022,0,-1.0022
1.76291e+09,11271,-0.105038,0,0.105038,1.00215,0,-1.00215
1.76291e+09,11272,-0.104725,0,0.104725,1.0021,0,-1.0021
1.76291e+09,11273,-0.10441,0,0.10441,1.00205,0,-1.00205
1.76291e+09,11274,-0.104093,0,0.104093,1.002,0,-1.002
1.76291e+09,11275,-0.103773,0,0.103773,1.00195,0,-1.00195
1.76291e+09,11276,-0.103451,0,0.103451,1.00189,0,-1.00189
1.76291e+09,11277,-0.103126,0,0.103126,1.00184,0,-1.00184
1.76291e+09,11278,-0.102799,0,0.102799,1.00178,0,-1.00178
1.76291e+09,11279,-0.10247,0,0.10247,1.00173,0,-1.00173
1.76291e+09,11280,-0.102132,0,0.102132,1.00165,0,-1.00165
1.76291e+09,11281,-0.101792,0,0.101792,1.00158,0,-1.00158
1.76291e+09,11282,-0.101449,0,0.101449,1.0015,0,-1.0015
1.76291e+09,11283,-0.101105,0,0.101105,1.00142,0,-1.00142
1.76291e+09,11284,-0.100757,0,0.100757,1.00134,0,-1.00134
1.76291e+09,11285,-0.100408,0,0.100408,1.00126,0,-1.00126
1.76291e+09,11286,-0.100056,0,0.100056,1.00118,0,-1.00118
1.76291e+09,11287,-0.0997011,0,0.0997011,1.0011,0,-1.0011
1.76291e+09,11288,-0.0993441,0,0.0993441,1.00102,0,-1.00102
1.76291e+09,11289,-0.0989848,0,0.0989848,1.00093,0,-1.00093
1.76291e+09,11290,-0.0986231,0,0.0986231,1.00085,0,-1.00085
1.76291e+09,11291,-0.098259,0,0.098259,1.00076,0,-1.00076
1.76291e+09,11292,-0.0978924,0,0.0978924,1.00067,0,-1.00067
1.76291e+09,11293,-0.0975236,0,0.0975236,1.00058,0,-1.00058
1.76291e+09,11294,-0.0971523,0,0.0971523,1.00049,0,-1.00049
1.76291e+09,11295,-0.0967787,0,0.0967787,1.0004,0,-1.0004
1.76291e+09,11296,-0.0964028,0,0.0964028,1.00031,0,-1.00031
1.76291e+09,11297,-0.0960245,0,0.0960245,1.00022,0,-1.00022
1.76291e+09,11298,-0.095644,0,0.095644,1.00012,0,-1.00012
1.76291e+09,11299,-0.0952612,0,0.0952612,1.00003,0,-1.00003
1.76291e+09,11300,-0.0948761,0,0.0948761,0.999929,0,-0.999929
1.76291e+09,11301,-0.0944889,0,0.0944889,0.99983,0,-0.99983
1.76291e+09,11302,-0.0940994,0,0.0940994,0.99973,0,-0.99973
1.76291e+09,11303,-0.0937078,0,0.0937078,0.999628,0,-0.999628
1.76291e+09,11304,-0.0933141,0,0.0933141,0.999526,0,-0.999526
1.76291e+09,11305,-0.0929182,0,0.0929182,0.999422,0,-0.999422
1.76291e+09,11306,-0.0925203,0,0.0925203,0.999317,0,-0.999317
1.76291e+09,11307,-0.0921204,0,0.0921204,0.99921,0,-0.99921
1.76291e+09,11308,-0.0917186,0,0.0917186,0.999102,0,-0.999102
1.76291e+09,11309,-0.0913148,0,0.0913148,0.998993,0,-0.998993
1.76291e+09,11310,-0.0909091,0,0.0909091,0.998882,0,-0.998882
1.76291e+09,11311,-0.0905015,0,0.0905015,0.99877,0,-0.99877
1.76291e+09,11312,-0.0900922,0,0.0900922,0.998656,0,-0.998656
1.76291e+09,11313,-0.089681,0,0.089681,0.998541,0,-0.998541
1.76291e+09,11314,-0.0892682,0,0.0892682,0.998425,0,-0.998425
1.76291e+09,11315,-0.0888538,0,0.0888538,0.998307,0,-0.998307
1.76291e+09,11316,-0.0884377,0,0.0884377,0.998188,0,-0.998188
1.76291e+09,11317,-0.0880201,0,0.0880201,0.998068,0,-0.998068
1.76291e+09,11318,-0.087601,0,0.087601,0.997946,0,-0.997946
1.76291e+09,11319,-0.0871804,0,0.0871804,0.997822,0,-0.997822
1.76291e+09,11320,-0.0867585,0,0.0867585,0.997698,0,-0.997698
1.76291e+09,11321,-0.0863352,0,0.0863352,0.997572,0,-0.997572
1.76291e+09,11322,-0.0859107,0,0.0859107,0.997444,0,-0.997444
1.76291e+09,11323,-0.0854849,0,0.0854849,0.997315,0,-0.997315
1.76291e+09,11324,-0.085058,0,0.085058,0.997185,0,-0.997185
1.76291e+09,11325,-0.0846301,0,0.0846301,0.997053,0,-0.997053
1.76291e+09,11326,-0.084201,0,0.084201,0.99692,0,-0.99692
1.76291e+09,11327,-0.0837711,0,0.0837711,0.996785,0,-0.996785
1.76291e+09,11328,-0.0833402,0,0.0833402,0.996649,0,-0.996649
1.76291e+09,11329,-0.0829085,0,0.0829085,0.996512,0,-0.996512
1.76291e+09,11330,-0.082476,0,0.082476,0.996373,0,-0.996373
1.76291e+09,11331,-0.0820428,0,0.0820428,0.996233,0,-0.996233
1.76291e+09,11332,-0.081609,0,0.081609,0.996092,0,-0.996092
1.76291e+09,11333,-0.0811746,0,0.0811746,0.995949,0,-0.995949
1.76291e+09,11334,-0.0807396,0,0.0807396,0.995805,0,-0.995805
1.76291e+09,11335,-0.0803043,0,0.0803043,0.99566,0,-0.99566
1.76291e+09,11336,-0.0798685,0,0.0798685,0.995513,0,-0.995513
1.76291e+09,11337,-0.0794325,0,0.0794325,0.995365,0,-0.995365
1.76291e+09,11338,-0.0789962,0,0.0789962,0.995216,0,-0.995216
1.76291e+09,11339,-0.0785597,0,0.0785597,0.995065,0,-0.995065
1.76291e+09,11340,-0.0781232,0,0.0781232,0.994913,0,-0.994913
1.76291e+09,11341,-0.0776866,0,0.0776866,0.99476,0,-0.99476
1.76291e+09,11342,-0.07725,0,0.07725,0.994606,0,-0.994606
1.76291e+09,11343,-0.0768135,0,0.0768135,0.99445,0,-0.99445
1.76291e+09,11344,-0.0763772,0,0.0763772,0.994294,0,-0.994294
1.76291e+09,11345,-0.0759411,0,0.0759411,0.994136,0,-0.994136
1.76291e+09,11346,-0.0755053,0,0.0755053,0.993977,0,-0.993977
1.76291e+09,11347,-0.0750699,0,0.0750699,0.993816,0,-0.993816
1.76291e+09,11348,-0.074635,0,0.074635,0.993655,0,-0.993655
1.76291e+09,11349,-0.0742005,0,0.0742005,0.993493,0,-0.993493
1.76291e+09,11350,-0.0737666,0,0.0737666,0.993329,0,-0.993329
1.76291e+09,11351,-0.0733334,0,0.0733334,0.993165,0,-0.993165
1.76291e+09,11352,-0.0729008,0,0.0729008,0.992999,0,-0.992999
1.76291e+09,11353,-0.072469,0,0.072469,0.992833,0,-0.992833
1.76291e+09,11354,-0.0720381,0,0.0720381,0.992666,0,-0.992666
1.76291e+09,11355,-0.0716081,0,0.0716081,0.992497,0,-0.992497
1.76291e+09,11356,-0.071179,0,0.071179,0.992328,0,-0.992328
1.76291e+09,11357,-0.0707509,0,0.0707509,0.992158,0,-0.992158
1.76291e+09,11358,-0.070324,0,0.070324,0.991986,0,-0.991986
1.76291e+09,11359,-0.0698981,0,0.0698981,0.991814,0,-0.991814
1.76291e+09,11360,-0.0694735,0,0.0694735,0.991642,0,-0.991642
1.76291e+09,11361,-0.0690502,0,0.0690502,0.991468,0,-0.991468
1.76291e+09,11362,-0.0686282,0,0.0686282,0.991294,0,-0.991294
1.76291e+09,11363,-0.0682076,0,0.0682076,0.991119,0,-0.991119
1.76291e+09,11364,-0.0677885,0,0.0677885,0.990943,0,-0.990943
1.76291e+09,11365,-0.0673708,0,0.0673708,0.990767,0,-0.990767
1.76291e+09,11366,-0.0669547,0,0.0669547,0.99059,0,-0.99059
1.76291e+09,11367,-0.0665402,0,0.0665402,0.990412,0,-0.990412
1.76291e+09,11368,-0.0661274,0,0.0661274,0.990234,0,-0.990234
1.76291e+09,11369,-0.0657163,0,0.0657163,0.990055,0,-0.990055
1.76291e+09,11370,-0.065307,0,0.065307,0.989875,0,-0.989875
1.76291e+09,11371,-0.0648995,0,0.0648995,0.989695,0,-0.989695
1.76291e+09,11372,-0.0644939,0,0.0644939,0.989515,0,-0.989515
1.76291e+09,11373,-0.0640902,0,0.0640902,0.989334,0,-0.989334
1.76291e+09,11374,-0.0636884,0,0.0636884,0.989153,0,-0.989153
1.76291e+09,11375,-0.0632886,0,0.0632886,0.988971,0,-0.988971
1.76291e+09,11376,-0.0628909,0,0.0628909,0.988789,0,-0.988789
1.76291e+09,11377,-0.0624953,0,0.0624953,0.988607,0,-0.988607
1.76291e+09,11378,-0.0621017,0,0.0621017,0.988424,0,-0.988424
1.76291e+09,11379,-0.0617104,0,0.0617104,0.988241,0,-0.988241
1.76291e+09,11380,-0.0613212,0,0.0613212,0.988058,0,-0.988058
1.76291e+09,11381,-0.0609343,0,0.0609343,0.987875,0,-0.987875
1.76291e+09,11382,-0.0605496,0,0.0605496,0.987691,0,-0.987691
1.76291e+09,11383,-0.0601672,0,0.0601672,0.987508,0,-0.987508
1.76291e+09,11384,-0.0597871,0,0.0597871,0.987324,0,-0.987324
1.76291e+09,11385,-0.0594093,0,0.0594093,0.98714,0,-0.98714
1.76291e+09,11386,-0.0590339,0,0.0590339,0.986956,0,-0.986956
1.76291e+09,11387,-0.0586609,0,0.0586609,0.986771,0,-0.986771
1.76291e+09,11388,-0.0582903,0,0.0582903,0.986587,0,-0.986587
1.76291e+09,11389,-0.0579221,0,0.0579221,0.986403,0,-0.986403
1.76291e+09,11390,-0.0575563,0,0.0575563,0.986219,0,-0.986219
1.76291e+09,11391,-0.057193,0,0.057193,0.986034,0,-0.986034
1.76291e+09,11392,-0.0568321,0,0.0568321,0.98585,0,-0.98585
1.76291e+09,11393,-0.0564737,0,0.0564737,0.985666,0,-0.985666
1.76291e+09,11394,-0.0561177,0,0.0561177,0.985482,0,-0.985482
1.76291e+09,11395,-0.0557642,0,0.0557642,0.985298,0,-0.985298
1.76291e+09,11396,-0.0554132,0,0.0554132,0.985114,0,-0.985114
1.76291e+09,11397,-0.0550647,0,0.0550647,0.98493,0,-0.98493
1.76291e+09,11398,-0.0547186,0,0.0547186,0.984746,0,-0.984746
1.76291e+09,11399,-0.054375,0,0.054375,0.984563,0,-0.984563
1.76291e+09,11400,-0.0541119,0,0.0541119,0.989301,0,-0.989301
1.76291e+09,11401,-0.0538505,0,0.0538505,0.994023,0,-0.994023
1.76291e+09,11402,-0.0535908,0,0.0535908,0.998729,0,-0.998729
1.76291e+09,11403,-0.0533328,0,0.0533328,1.00342,0,-1.00342
1.76291e+09,11404,-0.0530765,0,0.0530765,1.00809,0,-1.00809
1.76291e+09,11405,-0.0528219,0,0.0528219,1.01275,0,-1.01275
1.76291e+09,11406,-0.052569,0,0.052569,1.01739,0,-1.01739
1.76291e+09,11407,-0.0523177,0,0.0523177,1.02201,0,-1.02201
1.76291e+09,11408,-0.0520682,0,0.0520682,1.02662,0,-1.02662
1.76291e+09,11409,-0.0518202,0,0.0518202,1.03121,0,-1.03121
1.76291e+09,11410,-0.051574,0,0.051574,1.03579,0,-1.03579
1.76291e+09,11411,-0.0513293,0,0.0513293,1.04035,0,-1.04035
1.76291e+09,11412,-0.0510864,0,0.0510864,1.04489,0,-1.04489
1.76291e+09,11413,-0.050845,0,0.050845,1.04942,0,-1.04942
1.76291e+09,11414,-0.0506053,0,0.0506053,1.05393,0,-1.05393
1.76291e+09,11415,-0.0503671,0,0.0503671,1.05843,0,-1.05843
1.76291e+09,11416,-0.0501306,0,0.0501306,1.06291,0,-1.06291
1.76291e+09,11417,-0.0498956,0,0.0498956,1.06737,0,-1.06737
1.76291e+09,11418,-0.0496622,0,0.0496622,1.07182,0,-1.07182
1.76291e+09,11419,-0.0494304,0,0.0494304,1.07625,0,-1.07625
1.76291e+09,11420,-0.0492001,0,0.0492001,1.08067,0,-1.08067
1.76291e+09,11421,-0.0489714,0,0.0489714,1.08507,0,-1.08507
1.76291e+09,11422,-0.0487442,0,0.0487442,1.08945,0,-1.08945
1.76291e+09,11423,-0.0485185,0,0.0485185,1.09382,0,-1.09382
1.76291e+09,11424,-0.0482943,0,0.0482943,1.09818,0,-1.09818
1.76291e+09,11425,-0.0480716,0,0.0480716,1.10251,0,-1.10251
1.76291e+09,11426,-0.0478505,0,0.0478505,1.10683,0,-1.10683
1.76291e+09,11427,-0.0476308,0,0.0476308,1.11114,0,-1.11114
1.76291e+09,11428,-0.0474126,0,0.0474126,1.11543,0,-1.11543
1.76291e+09,11429,-0.0471958,0,0.0471958,1.11971,0,-1.11971
1.76291e+09,11430,-0.0469806,0,0.0469806,1.12396,0,-1.12396
1.76291e+09,11431,-0.0467667,0,0.0467667,1.12821,0,-1.12821
1.76291e+09,11432,-0.0465543,0,0.0465543,1.13243,0,-1.13243
1.76291e+09,11433,-0.0463434,0,0.0463434,1.13665,0,-1.13665
1.76291e+09,11434,-0.0461338,0,0.0461338,1.14084,0,-1.14084
1.76291e+09,11435,-0.0459257,0,0.0459257,1.14502,0,-1.14502
1.76291e+09,11436,-0.045719,0,0.045719,1.14919,0,-1.14919
1.76291e+09,11437,-0.0455137,0,0.0455137,1.15333,0,-1.15333
1.76291e+09,11438,-0.0453097,0,0.0453097,1.15747,0,-1.15747
1.76291e+09,11439,-0.0451072,0,0.0451072,1.16158,0,-1.16158
1.76291e+09,11440,-0.044906,0,0.044906,1.16568,0,-1.16568
1.76291e+09,11441,-0.0447062,0,0.0447062,1.16977,0,-1.16977
1.76291e+09,11442,-0.0445078,0,0.0445078,1.17384,0,-1.17384
1.76291e+09,11443,-0.0443107,0,0.0443107,1.17789,0,-1.17789
1.76291e+09,11444,-0.044115,0,0.044115,1.18193,0,-1.18193
1.76291e+09,11445,-0.0439206,0,0.0439206,1.18595,0,-1.18595
1.76291e+09,11446,-0.0437275,0,0.0437275,1.18996,0,-1.18996
1.76291e+09,11447,-0.0435358,0,0.0435358,1.19395,0,-1.19395
1.76291e+09,11448,-0.0433454,0,0.0433454,1.19792,0,-1.19792
1.76291e+09,11449,-0.0431563,0,0.0431563,1.20188,0,-1.20188
1.76291e+09,11450,-0.0429685,0,0.0429685,1.20582,0,-1.20582
1.76291e+09,11451,-0.042782,0,0.042782,1.20975,0,-1.20975
1.76291e+09,11452,-0.0425968,0,0.0425968,1.21366,0,-1.21366
1.76291e+09,11453,-0.0424128,0,0.0424128,1.21755,0,-1.21755
1.76291e+09,11454,-0.0422302,0,0.0422302,1.22143,0,-1.22143
1.76291e+09,11455,-0.0420488,0,0.0420488,1.22529,0,-1.22529
1.76291e+09,11456,-0.0418687,0,0.0418687,1.22914,0,-1.22914
1.76291e+09,11457,-0.0416899,0,0.0416899,1.23297,0,-1.23297
1.76291e+09,11458,-0.0415123,0,0.0415123,1.23678,0,-1.23678
1.76291e+09,11459,-0.041336,0,0.041336,1.24058,0,-1.24058
1.76291e+09,11460,-0.0411609,0,0.0411609,1.24436,0,-1.24436
1.76291e+09,11461,-0.040987,0,0.040987,1.24812,0,-1.24812
1.76291e+09,11462,-0.0408144,0,0.0408144,1.25187,0,-1.25187
1.76291e+09,11463,-0.040643,0,0.040643,1.2556,0,-1.2556
1.76291e+09,11464,-0.0404728,0,0.0404728,1.25932,0,-1.25932
1.76291e+09,11465,-0.0403039,0,0.0403039,1.26302,0,-1.26302
1.76291e+09,11466,-0.0401361,0,0.0401361,1.2667,0,-1.2667
1.76291e+09,11467,-0.0399696,0,0.0399696,1.27037,0,-1.27037
1.76291e+09,11468,-0.0398042,0,0.0398042,1.27402,0,-1.27402
1.76291e+09,11469,-0.0396401,0,0.0396401,1.27765,0,-1.27765
1.76291e+09,11470,-0.0394771,0,0.0394771,1.28127,0,-1.28127
1.76291e+09,11471,-0.0393153,0,0.0393153,1.28487,0,-1.28487
1.76291e+09,11472,-0.0391547,0,0.0391547,1.28846,0,-1.28846
1.76291e+09,11473,-0.0389953,0,0.0389953,1.29202,0,-1.29202
1.76291e+09,11474,-0.038837,0,0.038837,1.29558,0,-1.29558
1.76291e+09,11475,-0.0386799,0,0.0386799,1.29911,0,-1.29911
1.76291e+09,11476,-0.0385239,0,0.0385239,1.30263,0,-1.30263
1.76291e+09,11477,-0.0383691,0,0.0383691,1.30613,0,-1.30613
1.76291e+09,11478,-0.0382155,0,0.0382155,1.30961,0,-1.30961
1.76291e+09,11479,-0.038063,0,0.038063,1.31308,0,-1.31308
1.76291e+09,11480,-0.0379116,0,0.0379116,1.31653,0,-1.31653
1.76291e+09,11481,-0.0377613,0,0.0377613,1.31997,0,-1.31997
1.76291e+09,11482,-0.0376122,0,0.0376122,1.32338,0,-1.32338
1.76291e+09,11483,-0.0374643,0,0.0374643,1.32678,0,-1.32678
1.76291e+09,11484,-0.0373174,0,0.0373174,1.33017,0,-1.33017
1.76291e+09,11485,-0.0371716,0,0.0371716,1.33353,0,-1.33353
1.76291e+09,11486,-0.037027,0,0.037027,1.33688,0,-1.33688
1.76291e+09,11487,-0.0368835,0,0.0368835,1.34021,0,-1.34021
1.76291e+09,11488,-0.0367411,0,0.0367411,1.34353,0,-1.34353
1.76291e+09,11489,-0.0365997,0,0.0365997,1.34682,0,-1.34682
1.76291e+09,11490,-0.0364595,0,0.0364595,1.3501,0,-1.3501
1.76291e+09,11491,-0.0363204,0,0.0363204,1.35337,0,-1.35337
1.76291e+09,11492,-0.0361823,0,0.0361823,1.35661,0,-1.35661
1.76291e+09,11493,-0.0360454,0,0.0360454,1.35984,0,-1.35984
1.76291e+09,11494,-0.0359095,0,0.0359095,1.36305,0,-1.36305
1.76291e+09,11495,-0.0357747,0,0.0357747,1.36625,0,-1.36625
1.76291e+09,11496,-0.0356409,0,0.0356409,1.36942,0,-1.36942
1.76291e+09,11497,-0.0355083,0,0.0355083,1.37258,0,-1.37258
1.76291e+09,11498,-0.0353767,0,0.0353767,1.37572,0,-1.37572
1.76291e+09,11499,-0.0352461,0,0.0352461,1.37885,0,-1.37885
1.76291e+09,11500,-0.0351167,0,0.0351167,1.38195,0,-1.38195
1.76291e+09,11501,-0.0349882,0,0.0349882,1.38504,0,-1.38504
1.76291e+09,11502,-0.0348609,0,0.0348609,1.38811,0,-1.38811
1.76291e+09,11503,-0.0347345,0,0.0347345,1.39116,0,-1.39116
1.76291e+09,11504,-0.0346093,0,0.0346093,1.3942,0,-1.3942
1.76291e+09,11505,-0.034485,0,0.034485,1.39722,0,-1.39722
1.76291e+09,11506,-0.0343618,0,0.0343618,1.40022,0,-1.40022
1.76291e+09,11507,-0.0342397,0,0.0342397,1.4032,0,-1.4032
1.76291e+09,11508,-0.0341185,0,0.0341185,1.40616,0,-1.40616
1.76291e+09,11509,-0.0339984,0,0.0339984,1.40911,0,-1.40911
1.76291e+09,11510,-0.0338794,0,0.0338794,1.41203,0,-1.41203
1.76291e+09,11511,-0.0337613,0,0.0337613,1.41494,0,-1.41494
1.76291e+09,11512,-0.0336443,0,0.0336443,1.41783,0,-1.41783
1.76291e+09,11513,-0.0335283,0,0.0335283,1.42071,0,-1.42071
1.76291e+09,11514,-0.0334133,0,0.0334133,1.42356,0,-1.42356
1.76291e+09,11515,-0.0332993,0,0.0332993,1.4264,0,-1.4264
1.76291e+09,11516,-0.0331863,0,0.0331863,1.42922,0,-1.42922
1.76291e+09,11517,-0.0330744,0,0.0330744,1.43202,0,-1.43202
1.76291e+09,11518,-0.0329634,0,0.0329634,1.4348,0,-1.4348
1.76291e+09,11519,-0.0328535,0,0.0328535,1.43756,0,-1.43756
1.76291e+09,11520,-0.0327445,0,0.0327445,1.44031,0,-1.44031
1.76291e+09,11521,-0.0326366,0,0.0326366,1.44303,0,-1.44303
1.76291e+09,11522,-0.0325296,0,0.0325296,1.44574,0,-1.44574
1.76291e+09,11523,-0.0324236,0,0.0324236,1.44843,0,-1.44843
1.76291e+09,11524,-0.0323186,0,0.0323186,1.4511,0,-1.4511
1.76291e+09,11525,-0.0322146,0,0.0322146,1.45375,0,-1.45375
1.76291e+09,11526,-0.0321116,0,0.0321116,1.45639,0,-1.45639
1.76291e+09,11527,-0.0320096,0,0.0320096,1.459,0,-1.459
1.76291e+09,11528,-0.0319086,0,0.0319086,1.4616,0,-1.4616
1.76291e+09,11529,-0.0318085,0,0.0318085,1.46417,0,-1.46417
1.76291e+09,11530,-0.0317094,0,0.0317094,1.46673,0,-1.46673
1.76291e+09,11531,-0.0316113,0,0.0316113,1.46927,0,-1.46927
1.76291e+09,11532,-0.0315142,0,0.0315142,1.47179,0,-1.47179
1.76291e+09,11533,-0.031418,0,0.031418,1.47429,0,-1.47429
1.76291e+09,11534,-0.0313228,0,0.0313228,1.47677,0,-1.47677
1.76291e+09,11535,-0.0312286,0,0.0312286,1.47924,0,-1.47924
1.76291e+09,11536,-0.0311353,0,0.0311353,1.48168,0,-1.48168
1.76291e+09,11537,-0.031043,0,0.031043,1.4841,0,-1.4841
1.76291e+09,11538,-0.0309517,0,0.0309517,1.48651,0,-1.48651
1.76291e+09,11539,-0.0308613,0,0.0308613,1.48889,0,-1.48889
1.76291e+09,11540,-0.0307719,0,0.0307719,1.49126,0,-1.49126
1.76291e+09,11541,-0.0306835,0,0.0306835,1.49361,0,-1.49361
1.76291e+09,11542,-0.0305959,0,0.0305959,1.49594,0,-1.49594
1.76291e+09,11543,-0.0305094,0,0.0305094,1.49824,0,-1.49824
1.76291e+09,11544,-0.0304238,0,0.0304238,1.50053,0,-1.50053
1.76291e+09,11545,-0.0303391,0,0.0303391,1.5028,0,-1.5028
1.76291e+09,11546,-0.0302554,0,0.0302554,1.50505,0,-1.50505
1.76291e+09,11547,-0.0301727,0,0.0301727,1.50728,0,-1.50728
1.76291e+09,11548,-0.0300909,0,0.0300909,1.50949,0,-1.50949
1.76291e+09,11549,-0.03001,0,0.03001,1.51168,0,-1.51168
1.76291e+09,11550,-0.0299301,0,0.0299301,1.51385,0,-1.51385
1.76291e+09,11551,-0.0298511,0,0.0298511,1.516,0,-1.516
1.76291e+09,11552,-0.0297731,0,0.0297731,1.51813,0,-1.51813
1.76291e+09,11553,-0.029696,0,0.029696,1.52024,0,-1.52024
1.76291e+09,11554,-0.0296198,0,0.0296198,1.52234,0,-1.52234
1.76291e+09,11555,-0.0295446,0,0.0295446,1.52441,0,-1.52441
1.76291e+09,11556,-0.0294703,0,0.0294703,1.52646,0,-1.52646
1.76291e+09,11557,-0.029397,0,0.029397,1.52849,0,-1.52849
1.76291e+09,11558,-0.0293246,0,0.0293246,1.5305,0,-1.5305
1.76291e+09,11559,-0.0292531,0,0.0292531,1.53249,0,-1.53249
1.76291e+09,11560,-0.0291825,0,0.0291825,1.53446,0,-1.53446
1.76291e+09,11561,-0.0291129,0,0.0291129,1.53641,0,-1.53641
1.76291e+09,11562,-0.0290442,0,0.0290442,1.53834,0,-1.53834
1.76291e+09,11563,-0.0289764,0,0.0289764,1.54025,0,-1.54025
1.76291e+09,11564,-0.0289096,0,0.0289096,1.54214,0,-1.54214
1.76291e+09,11565,-0.0288437,0,0.0288437,1.54401,0,-1.54401
1.76291e+09,11566,-0.0287787,0,0.0287787,1.54586,0,-1.54586
1.76291e+09,11567,-0.0287146,0,0.0287146,1.54769,0,-1.54769
1.76291e+09,11568,-0.0286515,0,0.0286515,1.54949,0,-1.54949
1.76291e+09,11569,-0.0285893,0,0.0285893,1.55128,0,-1.55128
1.76291e+09,11570,-0.028528,0,0.028528,1.55305,0,-1.55305
1.76291e+09,11571,-0.0284676,0,0.0284676,1.55479,0,-1.55479
1.76291e+09,11572,-0.0284081,0,0.0284081,1.55652,0,-1.55652
1.76291e+09,11573,-0.0283496,0,0.0283496,1.55822,0,-1.55822
1.76291e+09,11574,-0.0282919,0,0.0282919,1.55991,0,-1.55991
1.76291e+09,11575,-0.0282352,0,0.0282352,1.56157,0,-1.56157
1.76291e+09,11576,-0.0281794,0,0.0281794,1.56321,0,-1.56321
1.76291e+09,11577,-0.0281246,0,0.0281246,1.56483,0,-1.56483
1.76291e+09,11578,-0.0280706,0,0.0280706,1.56643,0,-1.56643
1.76291e+09,11579,-0.0280176,0,0.0280176,1.56801,0,-1.56801
1.76291e+09,11580,-0.0279654,0,0.0279654,1.56957,0,-1.56957
1.76291e+09,11581,-0.0279142,0,0.0279142,1.57111,0,-1.57111
1.76291e+09,11582,-0.0278639,0,0.0278639,1.57262,0,-1.57262
1.76291e+09,11583,-0.0278145,0,0.0278145,1.57412,0,-1.57412
1.76291e+09,11584,-0.027766,0,0.027766,1.57559,0,-1.57559
1.76291e+09,11585,-0.0277185,0,0.0277185,1.57705,0,-1.57705
1.76291e+09,11586,-0.0276718,0,0.0276718,1.57848,0,-1.57848
1.76291e+09,11587,-0.027626,0,0.027626,1.57989,0,-1.57989
1.76291e+09,11588,-0.0275812,0,0.0275812,1.58128,0,-1.58128
1.76291e+09,11589,-0.0275372,0,0.0275372,1.58264,0,-1.58264
1.76291e+09,11590,-0.0274942,0,0.0274942,1.58399,0,-1.58399
1.76291e+09,11591,-0.0274521,0,0.0274521,1.58532,0,-1.58532
1.76291e+09,11592,-0.0274109,0,0.0274109,1.58662,0,-1.58662
1.76291e+09,11593,-0.0273706,0,0.0273706,1.5879,0,-1.5879
1.76291e+09,11594,-0.0273312,0,0.0273312,1.58916,0,-1.58916
1.76291e+09,11595,-0.0272927,0,0.0272927,1.5904,0,-1.5904
1.76291e+09,11596,-0.0272551,0,0.0272551,1.59162,0,-1.59162
1.76291e+09,11597,-0.0272184,0,0.0272184,1.59282,0,-1.59282
1.76291e+09,11598,-0.0271826,0,0.0271826,1.59399,0,-1.59399
1.76291e+09,11599,-0.0271477,0,0.0271477,1.59514,0,-1.59514
1.76291e+09,11600,-0.0271137,0,0.0271137,1.59627,0,-1.59627
1.76291e+09,11601,-0.0270806,0,0.0270806,1.59738,0,-1.59738
1.76291e+09,11602,-0.0270485,0,0.0270485,1.59847,0,-1.59847
1.76291e+09,11603,-0.0270172,0,0.0270172,1.59954,0,-1.59954
1.76291e+09,11604,-0.0269868,0,0.0269868,1.60058,0,-1.60058
1.76291e+09,11605,-0.0269574,0,0.0269574,1.6016,0,-1.6016
1.76291e+09,11606,-0.0269288,0,0.0269288,1.60261,0,-1.60261
1.76291e+09,11607,-0.0269011,0,0.0269011,1.60358,0,-1.60358
1.76291e+09,11608,-0.0268744,0,0.0268744,1.60454,0,-1.60454
1.76291e+09,11609,-0.0268485,0,0.0268485,1.60548,0,-1.60548
1.76291e+09,11610,-0.0268235,0,0.0268235,1.60639,0,-1.60639
1.76291e+09,11611,-0.0267994,0,0.0267994,1.60728,0,-1.60728
1.76291e+09,11612,-0.0267763,0,0.0267763,1.60815,0,-1.60815
1.76291e+09,11613,-0.026754,0,0.026754,1.609,0,-1.609
1.76291e+09,11614,-0.0267326,0,0.0267326,1.60982,0,-1.60982
1.76291e+09,11615,-0.0267122,0,0.0267122,1.61062,0,-1.61062
1.76291e+09,11616,-0.0266926,0,0.0266926,1.6114,0,-1.6114
1.76291e+09,11617,-0.0266739,0,0.0266739,1.61216,0,-1.61216
1.76291e+09,11618,-0.0266561,0,0.0266561,1.6129,0,-1.6129
1.76291e+09,11619,-0.0266392,0,0.0266392,1.61361,0,-1.61361
1.76291e+09,11620,-0.0266233,0,0.0266233,1.6143,0,-1.6143
1.76291e+09,11621,-0.0266082,0,0.0266082,1.61497,0,-1.61497
1.76291e+09,11622,-0.026594,0,0.026594,1.61562,0,-1.61562
1.76291e+09,11623,-0.0265807,0,0.0265807,1.61625,0,-1.61625
1.76291e+09,11624,-0.0265683,0,0.0265683,1.61685,0,-1.61685
1.76291e+09,11625,-0.0265568,0,0.0265568,1.61743,0,-1.61743
1.76291e+09,11626,-0.0265462,0,0.0265462,1.61799,0,-1.61799
1.76291e+09,11627,-0.0265365,0,0.0265365,1.61852,0,-1.61852
1.76291e+09,11628,-0.0265277,0,0.0265277,1.61904,0,-1.61904
1.76291e+09,11629,-0.0265197,0,0.0265197,1.61953,0,-1.61953
1.76291e+09,11630,-0.0265127,0,0.0265127,1.62,0,-1.62
1.76291e+09,11631,-0.0265066,0,0.0265066,1.62044,0,-1.62044
1.76291e+09,11632,-0.0265013,0,0.0265013,1.62087,0,-1.62087
1.76291e+09,11633,-0.026497,0,0.026497,1.62127,0,-1.62127
1.76291e+09,11634,-0.0264936,0,0.0264936,1.62165,0,-1.62165
1.76291e+09,11635,-0.026491,0,0.026491,1.622,0,-1.622
1.76291e+09,11636,-0.0264894,0,0.0264894,1.62234,0,-1.62234
1.76291e+09,11637,-0.0264886,0,0.0264886,1.62265,0,-1.62265
1.76291e+09,11638,-0.0264887,0,0.0264887,1.62294,0,-1.62294
1.76291e+09,11639,-0.0264898,0,0.0264898,1.6232,0,-1.6232
1.76291e+09,11640,-0.0264917,0,0.0264917,1.62344,0,-1.62344
1.76291e+09,11641,-0.0264945,0,0.0264945,1.62367,0,-1.62367
1.76291e+09,11642,-0.0264982,0,0.0264982,1.62386,0,-1.62386
1.76291e+09,11643,-0.0265028,0,0.0265028,1.62404,0,-1.62404
1.76291e+09,11644,-0.0265083,0,0.0265083,1.62419,0,-1.62419
1.76291e+09,11645,-0.0265147,0,0.0265147,1.62432,0,-1.62432
1.76291e+09,11646,-0.026522,0,0.026522,1.62443,0,-1.62443
1.76291e+09,11647,-0.0265302,0,0.0265302,1.62452,0,-1.62452
1.76291e+09,11648,-0.0265392,0,0.0265392,1.62458,0,-1.62458
1.76291e+09,11649,-0.0265492,0,0.0265492,1.62462,0,-1.62462
1.76291e+09,11650,-0.0265601,0,0.0265601,1.62464,0,-1.62464
1.76291e+09,11651,-0.0265718,0,0.0265718,1.62463,0,-1.62463
1.76291e+09,11652,-0.0265844,0,0.0265844,1.6246,0,-1.6246
1.76291e+09,11653,-0.026598,0,0.026598,1.62455,0,-1.62455
1.76291e+09,11654,-0.0266124,0,0.0266124,1.62448,0,-1.62448
1.76291e+09,11655,-0.0266277,0,0.0266277,1.62438,0,-1.62438
1.76291e+09,11656,-0.026644,0,0.026644,1.62426,0,-1.62426
1.76291e+09,11657,-0.0266611,0,0.0266611,1.62412,0,-1.62412
1.76291e+09,11658,-0.0266791,0,0.0266791,1.62395,0,-1.62395
1.76291e+09,11659,-0.026698,0,0.026698,1.62377,0,-1.62377
1.76291e+09,11660,-0.0267178,0,0.0267178,1.62356,0,-1.62356
1.76291e+09,11661,-0.0267384,0,0.0267384,1.62332,0,-1.62332
1.76291e+09,11662,-0.02676,0,0.02676,1.62307,0,-1.62307
1.76291e+09,11663,-0.0267825,0,0.0267825,1.62279,0,-1.62279
1.76291e+09,11664,-0.0268059,0,0.0268059,1.62249,0,-1.62249
1.76291e+09,11665,-0.0268301,0,0.0268301,1.62217,0,-1.62217
1.76291e+09,11666,-0.0268553,0,0.0268553,1.62182,0,-1.62182
1.76291e+09,11667,-0.0268813,0,0.0268813,1.62145,0,-1.62145
1.76291e+09,11668,-0.0269083,0,0.0269083,1.62106,0,-1.62106
1.76291e+09,11669,-0.0269361,0,0.0269361,1.62064,0,-1.62064
1.76291e+09,11670,-0.0269648,0,0.0269648,1.62021,0,-1.62021
1.76291e+09,11671,-0.0269944,0,0.0269944,1.61975,0,-1.61975
1.76291e+09,11672,-0.0270249,0,0.0270249,1.61926,0,-1.61926
1.76291e+09,11673,-0.0270564,0,0.0270564,1.61876,0,-1.61876
1.76291e+09,11674,-0.0270887,0,0.0270887,1.61823,0,-1.61823
1.76291e+09,11675,-0.0271219,0,0.0271219,1.61768,0,-1.61768
1.76291e+09,11676,-0.0271559,0,0.0271559,1.6171,0,-1.6171
1.76291e+09,11677,-0.0271909,0,0.0271909,1.61651,0,-1.61651
1.76291e+09,11678,-0.0272268,0,0.0272268,1.61589,0,-1.61589
1.76291e+09,11679,-0.0272636,0,0.0272636,1.61524,0,-1.61524
1.76291e+09,11680,-0.0273013,0,0.0273013,1.61458,0,-1.61458
1.76291e+09,11681,-0.0273398,0,0.0273398,1.61389,0,-1.61389
1.76291e+09,11682,-0.0273793,0,0.0273793,1.61318,0,-1.61318
1.76291e+09,11683,-0.0274197,0,0.0274197,1.61245,0,-1.61245
1.76291e+09,11684,-0.0274609,0,0.0274609,1.61169,0,-1.61169
1.76291e+09,11685,-0.0275031,0,0.0275031,1.61092,0,-1.61092
1.76291e+09,11686,-0.0275461,0,0.0275461,1.61012,0,-1.61012
1.76291e+09,11687,-0.0275901,0,0.0275901,1.60929,0,-1.60929
1.76291e+09,11688,-0.0276349,0,0.0276349,1.60845,0,-1.60845
1.76291e+09,11689,-0.0276807,0,0.0276807,1.60758,0,-1.60758
1.76291e+09,11690,-0.0277273,0,0.0277273,1.60669,0,-1.60669
1.76291e+09,11691,-0.0277748,0,0.0277748,1.60577,0,-1.60577
1.76291e+09,11692,-0.0278233,0,0.0278233,1.60484,0,-1.60484
1.76291e+09,11693,-0.0278726,0,0.0278726,1.60388,0,-1.60388
1.76291e+09,11694,-0.0279229,0,0.0279229,1.6029,0,-1.6029
1.76291e+09,11695,-0.027974,0,0.027974,1.60189,0,-1.60189
1.76291e+09,11696,-0.028026,0,0.028026,1.60086,0,-1.60086
1.76291e+09,11697,-0.028079,0,0.028079,1.59982,0,-1.59982
1.76291e+09,11698,-0.0281328,0,0.0281328,1.59874,0,-1.59874
1.76291e+09,11699,-0.0281876,0,0.0281876,1.59765,0,-1.59765
1.76291e+09,11700,-0.0282432,0,0.0282432,1.59653,0,-1.59653
1.76291e+09,11701,-0.0282997,0,0.0282997,1.5954,0,-1.5954
1.76291e+09,11702,-0.0283572,0,0.0283572,1.59423,0,-1.59423
1.76291e+09,11703,-0.0284155,0,0.0284155,1.59305,0,-1.59305
1.76291e+09,11704,-0.0284748,0,0.0284748,1.59184,0,-1.59184
1.76291e+09,11705,-0.028535,0,0.028535,1.59062,0,-1.59062
1.76291e+09,11706,-0.028596,0,0.028596,1.58937,0,-1.58937
1.76291e+09,11707,-0.028658,0,0.028658,1.58809,0,-1.58809
1.76291e+09,11708,-0.0287209,0,0.0287209,1.5868,0,-1.5868
1.76291e+09,11709,-0.0287847,0,0.0287847,1.58548,0,-1.58548
1.76291e+09,11710,-0.0288494,0,0.0288494,1.58414,0,-1.58414
1.76291e+09,11711,-0.028915,0,0.028915,1.58278,0,-1.58278
1.76291e+09,11712,-0.0289815,0,0.0289815,1.58139,0,-1.58139
1.76291e+09,11713,-0.0290489,0,0.0290489,1.57999,0,-1.57999
1.76291e+09,11714,-0.0291173,0,0.0291173,1.57856,0,-1.57856
1.76291e+09,11715,-0.0291865,0,0.0291865,1.57711,0,-1.57711
1.76291e+09,11716,-0.0292567,0,0.0292567,1.57563,0,-1.57563
1.76291e+09,11717,-0.0293278,0,0.0293278,1.57414,0,-1.57414
1.76291e+09,11718,-0.0293998,0,0.0293998,1.57262,0,-1.57262
1.76291e+09,11719,-0.0294727,0,0.0294727,1.57108,0,-1.57108
1.76291e+09,11720,-0.0295465,0,0.0295465,1.56952,0,-1.56952
1.76291e+09,11721,-0.0296212,0,0.0296212,1.56794,0,-1.56794
1.76291e+09,11722,-0.0296969,0,0.0296969,1.56633,0,-1.56633
1.76291e+09,11723,-0.0297735,0,0.0297735,1.5647,0,-1.5647
1.76291e+09,11724,-0.029851,0,0.029851,1.56306,0,-1.56306
1.76291e+09,11725,-0.0299294,0,0.0299294,1.56138,0,-1.56138
1.76291e+09,11726,-0.0300087,0,0.0300087,1.55969,0,-1.55969
1.76291e+09,11727,-0.030089,0,0.030089,1.55798,0,-1.55798
1.76291e+09,11728,-0.0301702,0,0.0301702,1.55624,0,-1.55624
1.76291e+09,11729,-0.0302523,0,0.0302523,1.55448,0,-1.55448
1.76291e+09,11730,-0.0303353,0,0.0303353,1.5527,0,-1.5527
1.76291e+09,11731,-0.0304193,0,0.0304193,1.5509,0,-1.5509
1.76291e+09,11732,-0.0305042,0,0.0305042,1.54908,0,-1.54908
1.76291e+09,11733,-0.03059,0,0.03059,1.54723,0,-1.54723
1.76291e+09,11734,-0.0306768,0,0.0306768,1.54536,0,-1.54536
1.76291e+09,11735,-0.0307645,0,0.0307645,1.54347,0,-1.54347
1.76291e+09,11736,-0.0308531,0,0.0308531,1.54156,0,-1.54156
1.76291e+09,11737,-0.0309427,0,0.0309427,1.53963,0,-1.53963
1.76291e+09,11738,-0.0310332,0,0.0310332,1.53768,0,-1.53768
1.76291e+09,11739,-0.0311247,0,0.0311247,1.5357,0,-1.5357
1.76291e+09,11740,-0.0312171,0,0.0312171,1.53371,0,-1.53371
1.76291e+09,11741,-0.0313104,0,0.0313104,1.53169,0,-1.53169
1.76291e+09,11742,-0.0314047,0,0.0314047,1.52965,0,-1.52965
1.76291e+09,11743,-0.0314999,0,0.0314999,1.52759,0,-1.52759
1.76291e+09,11744,-0.0315961,0,0.0315961,1.52551,0,-1.52551
1.76291e+09,11745,-0.0316932,0,0.0316932,1.52341,0,-1.52341
1.76291e+09,11746,-0.0317912,0,0.0317912,1.52128,0,-1.52128
1.76291e+09,11747,-0.0318903,0,0.0318903,1.51914,0,-1.51914
1.76291e+09,11748,-0.0319902,0,0.0319902,1.51697,0,-1.51697
1.76291e+09,11749,-0.0320912,0,0.0320912,1.51478,0,-1.51478
1.76291e+09,11750,-0.032193,0,0.032193,1.51257,0,-1.51257
1.76291e+09,11751,-0.0322959,0,0.0322959,1.51034,0,-1.51034
1.76291e+09,11752,-0.0323997,0,0.0323997,1.50809,0,-1.50809
1.76291e+09,11753,-0.0325045,0,0.0325045,1.50582,0,-1.50582
1.76291e+09,11754,-0.0326102,0,0.0326102,1.50352,0,-1.50352
1.76291e+09,11755,-0.0327169,0,0.0327169,1.50121,0,-1.50121
1.76291e+09,11756,-0.0328246,0,0.0328246,1.49887,0,-1.49887
1.76291e+09,11757,-0.0329333,0,0.0329333,1.49652,0,-1.49652
1.76291e+09,11758,-0.0330429,0,0.0330429,1.49414,0,-1.49414
1.76291e+09,11759,-0.0331535,0,0.0331535,1.49174,0,-1.49174
1.76291e+09,11760,-0.0332651,0,0.0332651,1.48932,0,-1.48932
1.76291e+09,11761,-0.0333776,0,0.0333776,1.48688,0,-1.48688
1.76291e+09,11762,-0.0334912,0,0.0334912,1.48442,0,-1.48442
1.76291e+09,11763,-0.0336057,0,0.0336057,1.48194,0,-1.48194
1.76291e+09,11764,-0.0337212,0,0.0337212,1.47943,0,-1.47943
1.76291e+09,11765,-0.0338378,0,0.0338378,1.47691,0,-1.47691
1.76291e+09,11766,-0.0339553,0,0.0339553,1.47437,0,-1.47437
1.76291e+09,11767,-0.0340738,0,0.0340738,1.4718,0,-1.4718
1.76291e+09,11768,-0.0341933,0,0.0341933,1.46922,0,-1.46922
1.76291e+09,11769,-0.0343138,0,0.0343138,1.46661,0,-1.46661
1.76291e+09,11770,-0.0344353,0,0.0344353,1.46399,0,-1.46399
1.76291e+09,11771,-0.0345578,0,0.0345578,1.46134,0,-1.46134
1.76291e+09,11772,-0.0346814,0,0.0346814,1.45867,0,-1.45867
1.76291e+09,11773,-0.0348059,0,0.0348059,1.45599,0,-1.45599
1.76291e+09,11774,-0.0349315,0,0.0349315,1.45328,0,-1.45328
1.76291e+09,11775,-0.035058,0,0.035058,1.45055,0,-1.45055
1.76291e+09,11776,-0.0351856,0,0.0351856,1.4478,0,-1.4478
1.76291e+09,11777,-0.0353143,0,0.0353143,1.44503,0,-1.44503
1.76291e+09,11778,-0.0354439,0,0.0354439,1.44224,0,-1.44224
1.76291e+09,11779,-0.0355746,0,0.0355746,1.43943,0,-1.43943
1.76291e+09,11780,-0.0357063,0,0.0357063,1.4366,0,-1.4366
1.76291e+09,11781,-0.0358391,0,0.0358391,1.43375,0,-1.43375
1.76291e+09,11782,-0.0359729,0,0.0359729,1.43088,0,-1.43088
1.76291e+09,11783,-0.0361077,0,0.0361077,1.42799,0,-1.42799
1.76291e+09,11784,-0.0362436,0,0.0362436,1.42508,0,-1.42508
1.76291e+09,11785,-0.0363806,0,0.0363806,1.42215,0,-1.42215
1.76291e+09,11786,-0.0365186,0,0.0365186,1.4192,0,-1.4192
1.76291e+09,11787,-0.0366577,0,0.0366577,1.41623,0,-1.41623
1.76291e+09,11788,-0.0367978,0,0.0367978,1.41324,0,-1.41324
1.76291e+09,11789,-0.036939,0,0.036939,1.41023,0,-1.41023
1.76291e+09,11790,-0.0370813,0,0.0370813,1.4072,0,-1.4072
1.76291e+09,11791,-0.0372246,0,0.0372246,1.40415,0,-1.40415
1.76291e+09,11792,-0.037369,0,0.037369,1.40108,0,-1.40108
1.76291e+09,11793,-0.0375145,0,0.0375145,1.39799,0,-1.39799
1.76291e+09,11794,-0.0376611,0,0.0376611,1.39488,0,-1.39488
1.76291e+09,11795,-0.0378088,0,0.0378088,1.39176,0,-1.39176
1.76291e+09,11796,-0.0379575,0,0.0379575,1.38861,0,-1.38861
1.76291e+09,11797,-0.0381074,0,0.0381074,1.38544,0,-1.38544
1.76291e+09,11798,-0.0382584,0,0.0382584,1.38225,0,-1.38225
1.76291e+09,11799,-0.0384105,0,0.0384105,1.37904,0,-1.37904
1.76291e+09,11800,-0.0385637,0,0.0385637,1.37581,0,-1.37581
1.76291e+09,11801,-0.038718,0,0.038718,1.37257,0,-1.37257
1.76291e+09,11802,-0.0388734,0,0.0388734,1.3693,0,-1.3693
1.76291e+09,11803,-0.03903,0,0.03903,1.36601,0,-1.36601
1.76291e+09,11804,-0.0391877,0,0.0391877,1.36271,0,-1.36271
1.76291e+09,11805,-0.0393465,0,0.0393465,1.35938,0,-1.35938
1.76291e+09,11806,-0.0395064,0,0.0395064,1.35603,0,-1.35603
1.76291e+09,11807,-0.0396675,0,0.0396675,1.35267,0,-1.35267
1.76291e+09,11808,-0.0398298,0,0.0398298,1.34929,0,-1.34929
1.76291e+09,11809,-0.0399932,0,0.0399932,1.34588,0,-1.34588
1.76291e+09,11810,-0.0401578,0,0.0401578,1.34246,0,-1.34246
1.76291e+09,11811,-0.0403235,0,0.0403235,1.33902,0,-1.33902
1.76291e+09,11812,-0.0404904,0,0.0404904,1.33555,0,-1.33555
1.76291e+09,11813,-0.0406585,0,0.0406585,1.33207,0,-1.33207
1.76291e+09,11814,-0.0408278,0,0.0408278,1.32857,0,-1.32857
1.76291e+09,11815,-0.0409982,0,0.0409982,1.32505,0,-1.32505
1.76291e+09,11816,-0.0411698,0,0.0411698,1.32151,0,-1.32151
1.76291e+09,11817,-0.0413427,0,0.0413427,1.31795,0,-1.31795
1.76291e+09,11818,-0.0415167,0,0.0415167,1.31437,0,-1.31437
1.76291e+09,11819,-0.0416919,0,0.0416919,1.31078,0,-1.31078
1.76291e+09,11820,-0.0418684,0,0.0418684,1.30716,0,-1.30716
1.76291e+09,11821,-0.0420461,0,0.0420461,1.30352,0,-1.30352
1.76291e+09,11822,-0.042225,0,0.042225,1.29987,0,-1.29987
1.76291e+09,11823,-0.0424051,0,0.0424051,1.29619,0,-1.29619
1.76291e+09,11824,-0.0425865,0,0.0425865,1.2925,0,-1.2925
1.76291e+09,11825,-0.0427691,0,0.0427691,1.28879,0,-1.28879
1.76291e+09,11826,-0.0429529,0,0.0429529,1.28505,0,-1.28505
1.76291e+09,11827,-0.0431381,0,0.0431381,1.2813,0,-1.2813
1.76291e+09,11828,-0.0433244,0,0.0433244,1.27753,0,-1.27753
1.76291e+09,11829,-0.0435121,0,0.0435121,1.27374,0,-1.27374
1.76291e+09,11830,-0.043701,0,0.043701,1.26993,0,-1.26993
1.76291e+09,11831,-0.0438912,0,0.0438912,1.2661,0,-1.2661
1.76291e+09,11832,-0.0440827,0,0.0440827,1.26225,0,-1.26225
1.76291e+09,11833,-0.0442755,0,0.0442755,1.25839,0,-1.25839
1.76291e+09,11834,-0.0444695,0,0.0444695,1.2545,0,-1.2545
1.76291e+09,11835,-0.0446649,0,0.0446649,1.25059,0,-1.25059
1.76291e+09,11836,-0.0448616,0,0.0448616,1.24667,0,-1.24667
1.76291e+09,11837,-0.0450596,0,0.0450596,1.24272,0,-1.24272
1.76291e+09,11838,-0.045259,0,0.045259,1.23876,0,-1.23876
1.76291e+09,11839,-0.0454597,0,0.0454597,1.23478,0,-1.23478
1.76291e+09,11840,-0.0456617,0,0.0456617,1.23077,0,-1.23077
1.76291e+09,11841,-0.0458651,0,0.0458651,1.22675,0,-1.22675
1.76291e+09,11842,-0.0460698,0,0.0460698,1.22271,0,-1.22271
1.76291e+09,11843,-0.0462759,0,0.0462759,1.21865,0,-1.21865
1.76291e+09,11844,-0.0464834,0,0.0464834,1.21457,0,-1.21457
1.76291e+09,11845,-0.0466923,0,0.0466923,1.21047,0,-1.21047
1.76291e+09,11846,-0.0469025,0,0.0469025,1.20635,0,-1.20635
1.76291e+09,11847,-0.0471141,0,0.0471141,1.20221,0,-1.20221
1.76291e+09,11848,-0.0473272,0,0.0473272,1.19806,0,-1.19806
1.76291e+09,11849,-0.0475416,0,0.0475416,1.19388,0,-1.19388
1.76291e+09,11850,-0.0477575,0,0.0477575,1.18968,0,-1.18968
1.76291e+09,11851,-0.0479748,0,0.0479748,1.18546,0,-1.18546
1.76291e+09,11852,-0.0481935,0,0.0481935,1.18123,0,-1.18123
1.76291e+09,11853,-0.0484137,0,0.0484137,1.17697,0,-1.17697
1.76291e+09,11854,-0.0486353,0,0.0486353,1.1727,0,-1.1727
1.76291e+09,11855,-0.0488584,0,0.0488584,1.1684,0,-1.1684
1.76291e+09,11856,-0.049083,0,0.049083,1.16409,0,-1.16409
1.76291e+09,11857,-0.0493091,0,0.0493091,1.15975,0,-1.15975
1.76291e+09,11858,-0.0495366,0,0.0495366,1.1554,0,-1.1554
1.76291e+09,11859,-0.0497656,0,0.0497656,1.15102,0,-1.15102
1.76291e+09,11860,-0.0499962,0,0.0499962,1.14663,0,-1.14663
1.76291e+09,11861,-0.0502283,0,0.0502283,1.14221,0,-1.14221
1.76291e+09,11862,-0.0504619,0,0.0504619,1.13778,0,-1.13778
1.76291e+09,11863,-0.050697,0,0.050697,1.13332,0,-1.13332
1.76291e+09,11864,-0.0509337,0,0.0509337,1.12885,0,-1.12885
1.76291e+09,11865,-0.051172,0,0.051172,1.12435,0,-1.12435
1.76291e+09,11866,-0.0514118,0,0.0514118,1.11984,0,-1.11984
1.76291e+09,11867,-0.0516532,0,0.0516532,1.1153,0,-1.1153
1.76291e+09,11868,-0.0518963,0,0.0518963,1.11074,0,-1.11074
1.76291e+09,11869,-0.0521409,0,0.0521409,1.10617,0,-1.10617
1.76291e+09,11870,-0.0523871,0,0.0523871,1.10157,0,-1.10157
1.76291e+09,11871,-0.052635,0,0.052635,1.09695,0,-1.09695
1.76291e+09,11872,-0.0528845,0,0.0528845,1.09231,0,-1.09231
1.76291e+09,11873,-0.0531356,0,0.0531356,1.08765,0,-1.08765
1.76291e+09,11874,-0.0533884,0,0.0533884,1.08297,0,-1.08297
1.76291e+09,11875,-0.0536429,0,0.0536429,1.07826,0,-1.07826
1.76291e+09,11876,-0.0538991,0,0.0538991,1.07354,0,-1.07354
1.76291e+09,11877,-0.0541569,0,0.0541569,1.06879,0,-1.06879
1.76291e+09,11878,-0.0544164,0,0.0544164,1.06402,0,-1.06402
1.76291e+09,11879,-0.0546776,0,0.0546776,1.05924,0,-1.05924
1.76291e+09,11880,-0.0550197,0,0.0550197,1.05914,0,-1.05914
1.76291e+09,11881,-0.0553643,0,0.0553643,1.05905,0,-1.05905
1.76291e+09,11882,-0.0557113,0,0.0557113,1.05896,0,-1.05896
1.76291e+09,11883,-0.0560608,0,0.0560608,1.05886,0,-1.05886
1.76291e+09,11884,-0.0564128,0,0.0564128,1.05876,0,-1.05876
1.76291e+09,11885,-0.0567673,0,0.0567673,1.05866,0,-1.05866
1.76291e+09,11886,-0.0571243,0,0.0571243,1.05856,0,-1.05856
1.76291e+09,11887,-0.0574838,0,0.0574838,1.05846,0,-1.05846
1.76291e+09,11888,-0.0578457,0,0.0578457,1.05836,0,-1.05836
1.76291e+09,11889,-0.0582102,0,0.0582102,1.05825,0,-1.05825
1.76291e+09,11890,-0.0585771,0,0.0585771,1.05815,0,-1.05815
1.76291e+09,11891,-0.0589466,0,0.0589466,1.05804,0,-1.05804
1.76291e+09,11892,-0.0593185,0,0.0593185,1.05793,0,-1.05793
1.76291e+09,11893,-0.0596928,0,0.0596928,1.05782,0,-1.05782
1.76291e+09,11894,-0.0600696,0,0.0600696,1.0577,0,-1.0577
1.76291e+09,11895,-0.0604488,0,0.0604488,1.05759,0,-1.05759
1.76291e+09,11896,-0.0608305,0,0.0608305,1.05747,0,-1.05747
1.76291e+09,11897,-0.0612145,0,0.0612145,1.05735,0,-1.05735
1.76291e+09,11898,-0.0616009,0,0.0616009,1.05723,0,-1.05723
1.76291e+09,11899,-0.0619897,0,0.0619897,1.05711,0,-1.05711
1.76291e+09,11900,-0.0623808,0,0.0623808,1.05699,0,-1.05699
1.76291e+09,11901,-0.0627742,0,0.0627742,1.05686,0,-1.05686
1.76291e+09,11902,-0.0631698,0,0.0631698,1.05673,0,-1.05673
1.76291e+09,11903,-0.0635677,0,0.0635677,1.05661,0,-1.05661
1.76291e+09,11904,-0.0639679,0,0.0639679,1.05648,0,-1.05648
1.76291e+09,11905,-0.0643701,0,0.0643701,1.05634,0,-1.05634
1.76291e+09,11906,-0.0647746,0,0.0647746,1.05621,0,-1.05621
1.76291e+09,11907,-0.0651811,0,0.0651811,1.05608,0,-1.05608
1.76291e+09,11908,-0.0655897,0,0.0655897,1.05594,0,-1.05594
1.76291e+09,11909,-0.0660003,0,0.0660003,1.0558,0,-1.0558
1.76291e+09,11910,-0.0664129,0,0.0664129,1.05566,0,-1.05566
1.76291e+09,11911,-0.0668274,0,0.0668274,1.05552,0,-1.05552
1.76291e+09,11912,-0.0672438,0,0.0672438,1.05537,0,-1.05537
1.76291e+09,11913,-0.0676621,0,0.0676621,1.05523,0,-1.05523
1.76291e+09,11914,-0.0680821,0,0.0680821,1.05508,0,-1.05508
1.76291e+09,11915,-0.0685039,0,0.0685039,1.05493,0,-1.05493
1.76291e+09,11916,-0.0689273,0,0.0689273,1.05478,0,-1.05478
1.76291e+09,11917,-0.0693524,0,0.0693524,1.05463,0,-1.05463
1.76291e+09,11918,-0.0697791,0,0.0697791,1.05447,0,-1.05447
1.76291e+09,11919,-0.0702073,0,0.0702073,1.05432,0,-1.05432
1.76291e+09,11920,-0.070637,0,0.070637,1.05416,0,-1.05416
1.76291e+09,11921,-0.0710681,0,0.0710681,1.054,0,-1.054
1.76291e+09,11922,-0.0715005,0,0.0715005,1.05384,0,-1.05384
1.76291e+09,11923,-0.0719343,0,0.0719343,1.05368,0,-1.05368
1.76291e+09,11924,-0.0723693,0,0.0723693,1.05351,0,-1.05351
1.76291e+09,11925,-0.0728054,0,0.0728054,1.05335,0,-1.05335
1.76291e+09,11926,-0.0732427,0,0.0732427,1.05318,0,-1.05318
1.76291e+09,11927,-0.073681,0,0.073681,1.05301,0,-1.05301
1.76291e+09,11928,-0.0741203,0,0.0741203,1.05284,0,-1.05284
1.76291e+09,11929,-0.0745606,0,0.0745606,1.05267,0,-1.05267
1.76291e+09,11930,-0.0750017,0,0.0750017,1.0525,0,-1.0525
1.76291e+09,11931,-0.0754436,0,0.0754436,1.05232,0,-1.05232
1.76291e+09,11932,-0.0758862,0,0.0758862,1.05215,0,-1.05215
1.76291e+09,11933,-0.0763295,0,0.0763295,1.05197,0,-1.05197
1.76291e+09,11934,-0.0767734,0,0.0767734,1.05179,0,-1.05179
1.76291e+09,11935,-0.0772178,0,0.0772178,1.05161,0,-1.05161
1.76291e+09,11936,-0.0776627,0,0.0776627,1.05143,0,-1.05143
1.76291e+09,11937,-0.078108,0,0.078108,1.05125,0,-1.05125
1.76291e+09,11938,-0.0785537,0,0.0785537,1.05106,0,-1.05106
1.76291e+09,11939,-0.0789996,0,0.0789996,1.05088,0,-1.05088
1.76291e+09,11940,-0.0794457,0,0.0794457,1.05069,0,-1.05069
1.76291e+09,11941,-0.0798919,0,0.0798919,1.0505,0,-1.0505
1.76291e+09,11942,-0.0803382,0,0.0803382,1.05031,0,-1.05031
1.76291e+09,11943,-0.0807844,0,0.0807844,1.05012,0,-1.05012
1.76291e+09,11944,-0.0812306,0,0.0812306,1.04993,0,-1.04993
1.76291e+09,11945,-0.0816767,0,0.0816767,1.04974,0,-1.04974
1.76291e+09,11946,-0.0821226,0,0.0821226,1.04954,0,-1.04954
1.76291e+09,11947,-0.0825682,0,0.0825682,1.04935,0,-1.04935
1.76291e+09,11948,-0.0830134,0,0.0830134,1.04915,0,-1.04915
1.76291e+09,11949,-0.0834582,0,0.0834582,1.04896,0,-1.04896
1.76291e+09,11950,-0.0839026,0,0.0839026,1.04876,0,-1.04876
1.76291e+09,11951,-0.0843464,0,0.0843464,1.04856,0,-1.04856
1.76291e+09,11952,-0.0847896,0,0.0847896,1.04836,0,-1.04836
1.76291e+09,11953,-0.0852322,0,0.0852322,1.04816,0,-1.04816
1.76291e+09,11954,-0.085674,0,0.085674,1.04796,0,-1.04796
1.76291e+09,11955,-0.086115,0,0.086115,1.04776,0,-1.04776
1.76291e+09,11956,-0.0865551,0,0.0865551,1.04756,0,-1.04756
1.76291e+09,11957,-0.0869943,0,0.0869943,1.04735,0,-1.04735
1.76291e+09,11958,-0.0874326,0,0.0874326,1.04715,0,-1.04715
1.76291e+09,11959,-0.0878698,0,0.0878698,1.04695,0,-1.04695
1.76291e+09,11960,-0.0883058,0,0.0883058,1.04674,0,-1.04674
1.76291e+09,11961,-0.0887407,0,0.0887407,1.04654,0,-1.04654
1.76291e+09,11962,-0.0891744,0,0.0891744,1.04633,0,-1.04633
1.76291e+09,11963,-0.0896068,0,0.0896068,1.04612,0,-1.04612
1.76291e+09,11964,-0.0900379,0,0.0900379,1.04592,0,-1.04592
1.76291e+09,11965,-0.0904675,0,0.0904675,1.04571,0,-1.04571
1.76291e+09,11966,-0.0908957,0,0.0908957,1.0455,0,-1.0455
1.76291e+09,11967,-0.0913224,0,0.0913224,1.0453,0,-1.0453
1.76291e+09,11968,-0.0917475,0,0.0917475,1.04509,0,-1.04509
1.76291e+09,11969,-0.092171,0,0.092171,1.04488,0,-1.04488
1.76291e+09,11970,-0.0925929,0,0.0925929,1.04467,0,-1.04467
1.76291e+09,11971,-0.0930131,0,0.0930131,1.04446,0,-1.04446
1.76291e+09,11972,-0.0934315,0,0.0934315,1.04426,0,-1.04426
1.76291e+09,11973,-0.0938481,0,0.0938481,1.04405,0,-1.04405
1.76291e+09,11974,-0.0942628,0,0.0942628,1.04384,0,-1.04384
1.76291e+09,11975,-0.0946757,0,0.0946757,1.04363,0,-1.04363
1.76291e+09,11976,-0.0950866,0,0.0950866,1.04342,0,-1.04342
1.76291e+09,11977,-0.0954956,0,0.0954956,1.04321,0,-1.04321
1.76291e+09,11978,-0.0959026,0,0.0959026,1.04301,0,-1.04301
1.76291e+09,11979,-0.0963075,0,0.0963075,1.0428,0,-1.0428
1.76291e+09,11980,-0.0967103,0,0.0967103,1.04259,0,-1.04259
1.76291e+09,11981,-0.0971111,0,0.0971111,1.04238,0,-1.04238
1.76291e+09,11982,-0.0975097,0,0.0975097,1.04218,0,-1.04218
1.76291e+09,11983,-0.0979061,0,0.0979061,1.04197,0,-1.04197
1.76291e+09,11984,-0.0983004,0,0.0983004,1.04176,0,-1.04176
1.76291e+09,11985,-0.0986924,0,0.0986924,1.04156,0,-1.04156
1.76291e+09,11986,-0.0990822,0,0.0990822,1.04135,0,-1.04135
1.76291e+09,11987,-0.0994698,0,0.0994698,1.04115,0,-1.04115
1.76291e+09,11988,-0.099855,0,0.099855,1.04094,0,-1.04094
1.76291e+09,11989,-0.100238,0,0.100238,1.04074,0,-1.04074
1.76291e+09,11990,-0.100619,0,0.100619,1.04053,0,-1.04053
1.76291e+09,11991,-0.100997,0,0.100997,1.04033,0,-1.04033
1.76291e+09,11992,-0.101373,0,0.101373,1.04013,0,-1.04013
1.76291e+09,11993,-0.101747,0,0.101747,1.03992,0,-1.03992
1.76291e+09,11994,-0.102118,0,0.102118,1.03972,0,-1.03972
1.76291e+09,11995,-0.102487,0,0.102487,1.03952,0,-1.03952
1.76291e+09,11996,-0.102854,0,0.102854,1.03932,0,-1.03932
1.76291e+09,11997,-0.103218,0,0.103218,1.03912,0,-1.03912
1.76291e+09,11998,-0.10358,0,0.10358,1.03892,0,-1.03892
1.76291e+09,11999,-0.10394,0,0.10394,1.03872,0,-1.03872
