timestamp,k,comando_l_hip_roll,real_l_hip_roll,erro_l_hip_roll,comando_l_knee,real_l_knee,erro_l_knee
1.76004e+09,0,-0.0709378,0,0.0709378,0.609427,0,-0.609427
1.76004e+09,1,-0.0709359,0,0.0709359,0.609428,0,-0.609428
1.76004e+09,2,-0.0709311,-0.0709378,-6.69852e-06,0.609431,0.609427,-3.07872e-06
1.76004e+09,3,-0.0709224,-0.0709359,-1.35003e-05,0.609435,0.609428,-6.20281e-06
1.76004e+09,4,-0.0709091,-0.0709311,-2.19549e-05,0.609441,0.609431,-1.00815e-05
1.76004e+09,5,-0.0708908,-0.0709224,-3.15286e-05,0.609449,0.609435,-1.44653e-05
1.76004e+09,6,-0.0708673,-0.0709091,-4.17693e-05,0.60946,0.609441,-1.91412e-05
1.76004e+09,7,-0.0708385,-0.0708673,-2.8798e-05,0.609473,0.60946,-1.31672e-05
1.76004e+09,8,-0.0708045,-0.0708385,-3.40159e-05,0.609488,0.609473,-1.55217e-05
1.76004e+09,9,-0.0707655,-0.0708045,-3.90476e-05,0.609506,0.609488,-1.7776e-05
1.76004e+09,10,-0.0707217,-0.0707655,-4.38104e-05,0.609526,0.609506,-1.98911e-05
1.76004e+09,11,-0.0706734,-0.0707217,-4.82438e-05,0.609548,0.609526,-2.1839e-05
1.76004e+09,12,-0.0706211,-0.0706734,-5.2307e-05,0.609572,0.609548,-2.36014e-05
1.76004e+09,13,-0.0705651,-0.0706211,-5.59752e-05,0.609597,0.609572,-2.51678e-05
1.76004e+09,14,-0.0705059,-0.0706211,-0.000115213,0.609623,0.609572,-5.17027e-05
1.76004e+09,15,-0.0704438,-0.0705059,-6.20941e-05,0.609651,0.609623,-2.77042e-05
1.76004e+09,16,-0.0703792,-0.0705059,-0.000126648,0.60968,0.609623,-5.63865e-05
1.76004e+09,17,-0.0703126,-0.0704438,-0.000131188,0.609709,0.609651,-5.81608e-05
1.76004e+09,18,-0.0702443,-0.0703126,-6.83547e-05,0.609739,0.609709,-3.01049e-05
1.76004e+09,19,-0.0701745,-0.0702443,-6.97417e-05,0.60977,0.609739,-3.0575e-05
1.76004e+09,20,-0.0701037,-0.0701745,-7.08226e-05,0.609801,0.60977,-3.09034e-05
1.76004e+09,21,-0.0700321,-0.0701745,-0.000142449,0.609832,0.60977,-6.20084e-05
1.76004e+09,22,-0.0699599,-0.0700321,-7.21819e-05,0.609863,0.609832,-3.11946e-05
1.76004e+09,23,-0.0698874,-0.0700321,-0.000144701,0.609894,0.609832,-6.23816e-05
1.76004e+09,24,-0.0698147,-0.0699599,-0.000145184,0.609925,0.609863,-6.22829e-05
1.76004e+09,25,-0.0697421,-0.0698874,-0.000145314,0.609956,0.609894,-6.20303e-05
1.76004e+09,26,-0.0696696,-0.0698147,-0.000145141,0.609987,0.609925,-6.16489e-05
1.76004e+09,27,-0.0695973,-0.0697421,-0.000144715,0.610017,0.609956,-6.1162e-05
1.76004e+09,28,-0.0695255,-0.0696696,-0.000144081,0.610048,0.609987,-6.05904e-05
1.76004e+09,29,-0.0694541,-0.0695973,-0.00014328,0.610077,0.610017,-5.99527e-05
1.76004e+09,30,-0.0693831,-0.0695255,-0.000142347,0.610107,0.610048,-5.92657e-05
1.76004e+09,31,-0.0693127,-0.0694541,-0.000141315,0.610136,0.610077,-5.85437e-05
1.76004e+09,32,-0.0692429,-0.0693831,-0.000140213,0.610165,0.610107,-5.77992e-05
1.76004e+09,33,-0.0691737,-0.0693127,-0.000139065,0.610193,0.610136,-5.70427e-05
1.76004e+09,34,-0.069105,-0.0691737,-6.8651e-05,0.610221,0.610193,-2.79517e-05
1.76004e+09,35,-0.069037,-0.069105,-6.80609e-05,0.610248,0.610221,-2.75757e-05
1.76004e+09,36,-0.0689695,-0.069037,-6.74774e-05,0.610276,0.610248,-2.72059e-05
1.76004e+09,37,-0.0689026,-0.069037,-0.000134383,0.610302,0.610248,-5.40502e-05
1.76004e+09,38,-0.0688362,-0.0689695,-0.000133256,0.610329,0.610276,-5.33366e-05
1.76004e+09,39,-0.0687704,-0.0689026,-0.000132163,0.610355,0.610302,-5.26434e-05
1.76004e+09,40,-0.0687051,-0.0688362,-0.00013111,0.610381,0.610329,-5.19722e-05
1.76004e+09,41,-0.0686403,-0.0687704,-0.000130099,0.610406,0.610355,-5.1324e-05
1.76004e+09,42,-0.068576,-0.0687051,-0.000129134,0.610432,0.610381,-5.06992e-05
1.76004e+09,43,-0.0685121,-0.0686403,-0.000128214,0.610457,0.610406,-5.00977e-05
1.76004e+09,44,-0.0684486,-0.0685121,-6.34574e-05,0.610481,0.610457,-2.46177e-05
1.76004e+09,45,-0.0683856,-0.0685121,-0.000126511,0.610506,0.610457,-4.89626e-05
1.76004e+09,46,-0.0683229,-0.0684486,-0.000125725,0.61053,0.610481,-4.84274e-05
1.76004e+09,47,-0.0682606,-0.0683856,-0.000124981,0.610553,0.610506,-4.79123e-05
1.76004e+09,48,-0.0681986,-0.0683229,-0.000124275,0.610577,0.61053,-4.74162e-05
1.76004e+09,49,-0.068137,-0.0682606,-0.000123607,0.6106,0.610553,-4.69378e-05
1.76004e+09,50,-0.0680757,-0.0681986,-0.000122972,0.610623,0.610577,-4.6476e-05
1.76004e+09,51,-0.0680146,-0.068137,-0.000122369,0.610646,0.6106,-4.60294e-05
1.76004e+09,52,-0.0679539,-0.0680757,-0.000121795,0.610669,0.610623,-4.55968e-05
1.76004e+09,53,-0.0678934,-0.0680146,-0.000121247,0.610692,0.610646,-4.51772e-05
1.76004e+09,54,-0.0678332,-0.0679539,-0.000120723,0.610714,0.610669,-4.47695e-05
1.76004e+09,55,-0.0677732,-0.0678934,-0.000120222,0.610736,0.610692,-4.43726e-05
1.76004e+09,56,-0.0677134,-0.0678332,-0.00011974,0.610758,0.610714,-4.39856e-05
1.76004e+09,57,-0.0676539,-0.0677732,-0.000119276,0.61078,0.610736,-4.36077e-05
1.76004e+09,58,-0.0675946,-0.0677134,-0.000118829,0.610801,0.610758,-4.32381e-05
1.76004e+09,59,-0.0675355,-0.0676539,-0.000118396,0.610822,0.61078,-4.28762e-05
1.76004e+09,60,-0.0674766,-0.0675946,-0.000117976,0.610844,0.610801,-4.25214e-05
1.76004e+09,61,-0.0674179,-0.0675355,-0.000117569,0.610865,0.610822,-4.21731e-05
1.76004e+09,62,-0.0673594,-0.0674766,-0.000117173,0.610885,0.610844,-4.18309e-05
1.76004e+09,63,-0.0673011,-0.0674179,-0.000116787,0.610906,0.610865,-4.14945e-05
1.76004e+09,64,-0.067243,-0.0673594,-0.000116411,0.610927,0.610885,-4.11634e-05
1.76004e+09,65,-0.0671851,-0.0673011,-0.000116044,0.610947,0.610906,-4.08374e-05
1.76004e+09,66,-0.0671273,-0.067243,-0.000115686,0.610967,0.610927,-4.05163e-05
1.76004e+09,67,-0.0670698,-0.0671851,-0.000115336,0.610987,0.610947,-4.01998e-05
1.76004e+09,68,-0.0670123,-0.0671273,-0.000114993,0.611007,0.610967,-3.98878e-05
1.76004e+09,69,-0.0669551,-0.0670698,-0.000114658,0.611027,0.610987,-3.95802e-05
1.76004e+09,70,-0.066898,-0.0670123,-0.000114331,0.611046,0.611007,-3.92769e-05
1.76004e+09,71,-0.0668411,-0.0669551,-0.000114011,0.611066,0.611027,-3.89777e-05
1.76004e+09,72,-0.0667843,-0.066898,-0.000113699,0.611085,0.611046,-3.86827e-05
1.76004e+09,73,-0.0667277,-0.0668411,-0.000113394,0.611104,0.611066,-3.83916e-05
1.76004e+09,74,-0.0666712,-0.0667843,-0.000113096,0.611123,0.611085,-3.81046e-05
1.76004e+09,75,-0.0666149,-0.0667277,-0.000112805,0.611142,0.611104,-3.78215e-05
1.76004e+09,76,-0.0665587,-0.0666712,-0.000112522,0.611161,0.611123,-3.75423e-05
1.76004e+09,77,-0.0665026,-0.0666149,-0.000112247,0.611179,0.611142,-3.7267e-05
1.76004e+09,78,-0.0664467,-0.0665587,-0.000111979,0.611198,0.611161,-3.69955e-05
1.76004e+09,79,-0.0663909,-0.0665026,-0.000111718,0.611216,0.611179,-3.67279e-05
1.76004e+09,80,-0.0663353,-0.0664467,-0.000111466,0.611234,0.611198,-3.64641e-05
1.76004e+09,81,-0.0662797,-0.0663909,-0.000111221,0.611252,0.611216,-3.6204e-05
1.76004e+09,82,-0.0662243,-0.0663353,-0.000110984,0.61127,0.611234,-3.59477e-05
1.76004e+09,83,-0.066169,-0.0662243,-5.53209e-05,0.611288,0.61127,-1.77848e-05
1.76004e+09,84,-0.0661137,-0.0662243,-0.000110533,0.611305,0.61127,-3.54461e-05
1.76004e+09,85,-0.0660586,-0.0661137,-5.51077e-05,0.611323,0.611305,-1.75395e-05
1.76004e+09,86,-0.0660036,-0.0660586,-5.50071e-05,0.61134,0.611323,-1.74195e-05
1.76004e+09,87,-0.0659487,-0.0660036,-5.49106e-05,0.611358,0.61134,-1.73013e-05
1.76004e+09,88,-0.0658939,-0.0659487,-5.48182e-05,0.611375,0.611358,-1.71848e-05
1.76004e+09,89,-0.0658392,-0.0659487,-0.000109548,0.611392,0.611358,-3.42548e-05
1.76004e+09,90,-0.0657845,-0.0658939,-0.000109375,0.611409,0.611375,-3.40269e-05
1.76004e+09,91,-0.06573,-0.0658392,-0.000109211,0.611426,0.611392,-3.38024e-05
1.76004e+09,92,-0.0656755,-0.06573,-5.44891e-05,0.611443,0.611426,-1.67357e-05
1.76004e+09,93,-0.065621,-0.0656755,-5.4417e-05,0.611459,0.611443,-1.66275e-05
1.76004e+09,94,-0.0655667,-0.065621,-5.4349e-05,0.611476,0.611459,-1.65209e-05
1.76004e+09,95,-0.0655124,-0.0655667,-5.42851e-05,0.611492,0.611476,-1.64159e-05
1.76004e+09,96,-0.0654582,-0.0655124,-5.42252e-05,0.611508,0.611492,-1.63123e-05
1.76004e+09,97,-0.065404,-0.0654582,-5.41693e-05,0.611525,0.611508,-1.62103e-05
1.76004e+09,98,-0.0653499,-0.065404,-5.41174e-05,0.611541,0.611525,-1.61097e-05
1.76004e+09,99,-0.0652958,-0.0653499,-5.40696e-05,0.611557,0.611541,-1.60106e-05
1.76004e+09,100,-0.0652418,-0.0652958,-5.40258e-05,0.611573,0.611557,-1.59129e-05
1.76004e+09,101,-0.0651878,-0.0652418,-5.3986e-05,0.611588,0.611573,-1.58165e-05
1.76004e+09,102,-0.0651339,-0.0652418,-0.000107936,0.611604,0.611573,-3.1538e-05
1.76004e+09,103,-0.06508,-0.0651339,-5.39182e-05,0.61162,0.611604,-1.56278e-05
1.76004e+09,104,-0.0650261,-0.06508,-5.38903e-05,0.611635,0.61162,-1.55355e-05
1.76004e+09,105,-0.0649722,-0.0650261,-5.38663e-05,0.611651,0.611635,-1.54443e-05
1.76004e+09,106,-0.0649183,-0.0650261,-0.000107712,0.611666,0.611635,-3.07987e-05
1.76004e+09,107,-0.0648645,-0.0649183,-5.383e-05,0.611681,0.611666,-1.52657e-05
1.76004e+09,108,-0.0648107,-0.0648645,-5.38177e-05,0.611697,0.611681,-1.51782e-05
1.76004e+09,109,-0.0647569,-0.0648107,-5.38093e-05,0.611712,0.611697,-1.50919e-05
1.76004e+09,110,-0.0647031,-0.0647569,-5.38048e-05,0.611727,0.611712,-1.50066e-05
1.76004e+09,111,-0.0646493,-0.0647031,-5.38041e-05,0.611742,0.611727,-1.49224e-05
1.76004e+09,112,-0.0645955,-0.0646493,-5.38072e-05,0.611756,0.611742,-1.48394e-05
1.76004e+09,113,-0.0645417,-0.0646493,-0.000107621,0.611771,0.611742,-2.95967e-05
1.76004e+09,114,-0.0644878,-0.0645417,-5.3825e-05,0.611786,0.611771,-1.46763e-05
1.76004e+09,115,-0.064434,-0.0644878,-5.38396e-05,0.6118,0.611786,-1.45962e-05
1.76004e+09,116,-0.0643801,-0.064434,-5.3858e-05,0.611815,0.6118,-1.45171e-05
1.76004e+09,117,-0.0643263,-0.0643801,-5.38801e-05,0.611829,0.611815,-1.44389e-05
1.76004e+09,118,-0.0642724,-0.0643263,-5.39061e-05,0.611844,0.611829,-1.43617e-05
1.76004e+09,119,-0.0642184,-0.0642724,-5.39358e-05,0.611858,0.611844,-1.42853e-05
1.76004e+09,120,-0.0641644,-0.0642724,-0.000107905,0.611872,0.611844,-2.8495e-05
1.76004e+09,121,-0.0641104,-0.0641644,-5.40065e-05,0.611886,0.611872,-1.4135e-05
1.76004e+09,122,-0.0640564,-0.0641104,-5.40475e-05,0.6119,0.611886,-1.40611e-05
1.76004e+09,123,-0.0640023,-0.0640564,-5.40922e-05,0.611914,0.6119,-1.3988e-05
1.76004e+09,124,-0.0639482,-0.0640023,-5.41406e-05,0.611928,0.611914,-1.39156e-05
1.76004e+09,125,-0.063894,-0.0640023,-0.000108333,0.611942,0.611914,-2.77596e-05
1.76004e+09,126,-0.0638397,-0.0639482,-0.000108441,0.611956,0.611928,-2.7617e-05
1.76004e+09,127,-0.0637854,-0.0638397,-5.43081e-05,0.61197,0.611956,-1.37027e-05
1.76004e+09,128,-0.063731,-0.0637854,-5.43713e-05,0.611983,0.61197,-1.36331e-05
1.76004e+09,129,-0.0636766,-0.063731,-5.44382e-05,0.611997,0.611983,-1.35641e-05
1.76004e+09,130,-0.0636221,-0.0636766,-5.45088e-05,0.61201,0.611997,-1.34956e-05
1.76004e+09,131,-0.0635675,-0.0636221,-5.45831e-05,0.612024,0.61201,-1.34278e-05
1.76004e+09,132,-0.0635128,-0.0635675,-5.4661e-05,0.612037,0.612024,-1.33605e-05
1.76004e+09,133,-0.0634581,-0.0635128,-5.47426e-05,0.61205,0.612037,-1.32937e-05
1.76004e+09,134,-0.0634033,-0.0634581,-5.48278e-05,0.612064,0.61205,-1.32274e-05
1.76004e+09,135,-0.0633484,-0.0634033,-5.49167e-05,0.612077,0.612064,-1.31616e-05
1.76004e+09,136,-0.0632934,-0.0633484,-5.50093e-05,0.61209,0.612077,-1.30963e-05
1.76004e+09,137,-0.0632382,-0.0633484,-0.000110115,0.612103,0.612077,-2.61276e-05
1.76004e+09,138,-0.063183,-0.0632382,-5.52053e-05,0.612116,0.612103,-1.29668e-05
1.76004e+09,139,-0.0631277,-0.063183,-5.53087e-05,0.612129,0.612116,-1.29026e-05
1.76004e+09,140,-0.0630723,-0.0631277,-5.54158e-05,0.612142,0.612129,-1.28388e-05
1.76004e+09,141,-0.0630168,-0.0631277,-0.000110942,0.612154,0.612129,-2.56141e-05
1.76004e+09,142,-0.0629612,-0.0630168,-5.56408e-05,0.612167,0.612154,-1.27121e-05
1.76004e+09,143,-0.0629054,-0.0629612,-5.57587e-05,0.61218,0.612167,-1.26491e-05
1.76004e+09,144,-0.0628495,-0.0629054,-5.58803e-05,0.612192,0.61218,-1.25865e-05
1.76004e+09,145,-0.0627935,-0.0628495,-5.60054e-05,0.612205,0.612192,-1.2524e-05
1.76004e+09,146,-0.0627374,-0.0628495,-0.00011214,0.612217,0.612192,-2.49857e-05
1.76004e+09,147,-0.0626811,-0.0627935,-0.000112401,0.61223,0.612205,-2.48613e-05
1.76004e+09,148,-0.0626247,-0.0626811,-5.64025e-05,0.612242,0.61223,-1.23377e-05
1.76004e+09,149,-0.0625682,-0.0626247,-5.65421e-05,0.612254,0.612242,-1.22758e-05
1.76004e+09,150,-0.0625115,-0.0625682,-5.66852e-05,0.612267,0.612254,-1.22141e-05
1.76004e+09,151,-0.0624546,-0.0625115,-5.6832e-05,0.612279,0.612267,-1.21524e-05
1.76004e+09,152,-0.0623977,-0.0624546,-5.69823e-05,0.612291,0.612279,-1.20908e-05
1.76004e+09,153,-0.0623405,-0.0623977,-5.71362e-05,0.612303,0.612291,-1.20291e-05
1.76004e+09,154,-0.0622832,-0.0623405,-5.72937e-05,0.612315,0.612303,-1.19675e-05
1.76004e+09,155,-0.0622258,-0.0622832,-5.74548e-05,0.612327,0.612315,-1.19058e-05
1.76004e+09,156,-0.0621682,-0.0622258,-5.76195e-05,0.612339,0.612327,-1.18441e-05
1.76004e+09,157,-0.0621104,-0.0622258,-0.000115407,0.61235,0.612327,-2.36264e-05
1.76004e+09,158,-0.0620524,-0.0621104,-5.79596e-05,0.612362,0.61235,-1.17204e-05
1.76004e+09,159,-0.0619943,-0.0621104,-0.000116095,0.612374,0.61235,-2.33787e-05
1.76004e+09,160,-0.061936,-0.0619943,-5.8314e-05,0.612385,0.612374,-1.15961e-05
1.76004e+09,161,-0.0618775,-0.0619943,-0.000116811,0.612397,0.612374,-2.31297e-05
1.76004e+09,162,-0.0618188,-0.061936,-0.000117179,0.612408,0.612385,-2.30046e-05
1.76004e+09,163,-0.0617599,-0.0618775,-0.000117555,0.61242,0.612397,-2.2879e-05
1.76004e+09,164,-0.0617008,-0.0618188,-0.000117938,0.612431,0.612408,-2.27529e-05
1.76004e+09,165,-0.0616416,-0.0617599,-0.000118328,0.612442,0.61242,-2.26263e-05
1.76004e+09,166,-0.0615821,-0.0616416,-5.94632e-05,0.612454,0.612442,-1.12176e-05
1.76004e+09,167,-0.0615225,-0.0615821,-5.96672e-05,0.612465,0.612454,-1.11534e-05
1.76004e+09,168,-0.0614626,-0.0615821,-0.000119542,0.612476,0.612454,-2.22422e-05
1.76004e+09,169,-0.0614025,-0.0615225,-0.000119961,0.612487,0.612465,-2.21127e-05
1.76004e+09,170,-0.0613422,-0.0614626,-0.000120387,0.612498,0.612476,-2.19823e-05
1.76004e+09,171,-0.0612817,-0.0614025,-0.00012082,0.612509,0.612487,-2.1851e-05
1.76004e+09,172,-0.0612209,-0.0613422,-0.000121261,0.61252,0.612498,-2.17187e-05
1.76004e+09,173,-0.06116,-0.0612817,-0.000121708,0.61253,0.612509,-2.15854e-05
1.76004e+09,174,-0.0610988,-0.06116,-6.11962e-05,0.612541,0.61253,-1.06917e-05
1.76004e+09,175,-0.0610373,-0.06116,-0.000122625,0.612552,0.61253,-2.13154e-05
1.76004e+09,176,-0.0609757,-0.0610373,-6.16653e-05,0.612562,0.612552,-1.0555e-05
1.76004e+09,177,-0.0609138,-0.0609757,-6.19053e-05,0.612573,0.612562,-1.04856e-05
1.76004e+09,178,-0.0608516,-0.0609138,-6.21489e-05,0.612583,0.612573,-1.04156e-05
1.76004e+09,179,-0.0607892,-0.0608516,-6.23961e-05,0.612593,0.612583,-1.03449e-05
1.76004e+09,180,-0.0607266,-0.0607892,-6.2647e-05,0.612604,0.612593,-1.02734e-05
1.76004e+09,181,-0.0606637,-0.0607892,-0.000125548,0.612614,0.612593,-2.04746e-05
1.76004e+09,182,-0.0606005,-0.0606637,-6.31594e-05,0.612624,0.612614,-1.01282e-05
1.76004e+09,183,-0.0605371,-0.0606637,-0.000126581,0.612634,0.612614,-2.01825e-05
1.76004e+09,184,-0.0604734,-0.0606005,-0.000127108,0.612644,0.612624,-2.00339e-05
1.76004e+09,185,-0.0604094,-0.0604734,-6.39554e-05,0.612654,0.612644,-9.90397e-06
1.76004e+09,186,-0.0603452,-0.0604094,-6.4228e-05,0.612664,0.612654,-9.82742e-06
1.76004e+09,187,-0.0602807,-0.0603452,-6.45042e-05,0.612674,0.612664,-9.74992e-06
1.76004e+09,188,-0.0602159,-0.0602807,-6.4784e-05,0.612683,0.612674,-9.67142e-06
1.76004e+09,189,-0.0601509,-0.0602159,-6.50676e-05,0.612693,0.612683,-9.59189e-06
1.76004e+09,190,-0.0600855,-0.0601509,-6.53547e-05,0.612702,0.612693,-9.51131e-06
1.76004e+09,191,-0.0600199,-0.0600855,-6.56456e-05,0.612712,0.612702,-9.42963e-06
1.76004e+09,192,-0.0599539,-0.0600199,-6.59401e-05,0.612721,0.612712,-9.34683e-06
1.76004e+09,193,-0.0598877,-0.0599539,-6.62383e-05,0.61273,0.612721,-9.26287e-06
1.76004e+09,194,-0.0598211,-0.0598877,-6.65402e-05,0.61274,0.61273,-9.17771e-06
1.76004e+09,195,-0.0597543,-0.0598211,-6.68457e-05,0.612749,0.61274,-9.09132e-06
1.76004e+09,196,-0.0596871,-0.0598211,-0.000134001,0.612758,0.61274,-1.8095e-05
1.76004e+09,197,-0.0596197,-0.0596871,-6.74679e-05,0.612767,0.612758,-8.9147e-06
1.76004e+09,198,-0.0595519,-0.0596197,-6.77846e-05,0.612775,0.612767,-8.82441e-06
1.76004e+09,199,-0.0594838,-0.0595519,-6.81049e-05,0.612784,0.612775,-8.73274e-06
1.76004e+09,200,-0.0594154,-0.0594838,-6.8429e-05,0.612793,0.612784,-8.63965e-06
1.76004e+09,201,-0.0593466,-0.0594838,-0.000137186,0.612801,0.612784,-1.71848e-05
1.76004e+09,202,-0.0592775,-0.0593466,-6.90884e-05,0.61281,0.612801,-8.44911e-06
1.76004e+09,203,-0.0592081,-0.0592775,-6.94237e-05,0.612818,0.61281,-8.35156e-06
1.76004e+09,204,-0.0591383,-0.0592081,-6.97627e-05,0.612826,0.612818,-8.25246e-06
1.76004e+09,205,-0.0590682,-0.0591383,-7.01055e-05,0.612835,0.612826,-8.15175e-06
1.76004e+09,206,-0.0589978,-0.0590682,-7.04521e-05,0.612843,0.612835,-8.04941e-06
1.76004e+09,207,-0.058927,-0.0589978,-7.08025e-05,0.612851,0.612843,-7.94538e-06
1.76004e+09,208,-0.0588558,-0.058927,-7.11566e-05,0.612858,0.612851,-7.83963e-06
1.76004e+09,209,-0.0587843,-0.0588558,-7.15146e-05,0.612866,0.612858,-7.73212e-06
1.76004e+09,210,-0.0587124,-0.0587843,-7.18763e-05,0.612874,0.612866,-7.6228e-06
1.76004e+09,211,-0.0586402,-0.0587124,-7.22419e-05,0.612881,0.612874,-7.51164e-06
1.76004e+09,212,-0.0585676,-0.0586402,-7.26113e-05,0.612889,0.612881,-7.39859e-06
1.76004e+09,213,-0.0584946,-0.0585676,-7.29845e-05,0.612896,0.612889,-7.28362e-06
1.76004e+09,214,-0.0584212,-0.0584946,-7.33615e-05,0.612903,0.612896,-7.16667e-06
1.76004e+09,215,-0.0583475,-0.0584212,-7.37424e-05,0.61291,0.612903,-7.04771e-06
1.76004e+09,216,-0.0582734,-0.0583475,-7.41272e-05,0.612917,0.61291,-6.92669e-06
1.76004e+09,217,-0.0581988,-0.0582734,-7.45159e-05,0.612924,0.612917,-6.80356e-06
1.76004e+09,218,-0.0581239,-0.0582734,-0.000149424,0.612931,0.612917,-1.34818e-05
1.76004e+09,219,-0.0580486,-0.0581239,-7.53048e-05,0.612937,0.612931,-6.55081e-06
1.76004e+09,220,-0.0579729,-0.0580486,-7.57052e-05,0.612943,0.612937,-6.4211e-06
1.76004e+09,221,-0.0578968,-0.0579729,-7.61094e-05,0.61295,0.612943,-6.28909e-06
1.76004e+09,222,-0.0578203,-0.0578968,-7.65176e-05,0.612956,0.61295,-6.15476e-06
1.76004e+09,223,-0.0577434,-0.0578203,-7.69297e-05,0.612962,0.612956,-6.01804e-06
1.76004e+09,224,-0.057666,-0.0578203,-0.000154276,0.612968,0.612956,-1.18969e-05
1.76004e+09,225,-0.0575882,-0.057666,-7.77658e-05,0.612974,0.612968,-5.73726e-06
1.76004e+09,226,-0.0575101,-0.0575882,-7.81899e-05,0.612979,0.612974,-5.59309e-06
1.76004e+09,227,-0.0574314,-0.0575101,-7.86179e-05,0.612985,0.612979,-5.44635e-06
1.76004e+09,228,-0.0573524,-0.0574314,-7.90499e-05,0.61299,0.612985,-5.29698e-06
1.76004e+09,229,-0.0572729,-0.0573524,-7.94859e-05,0.612995,0.61299,-5.14492e-06
1.76004e+09,230,-0.057193,-0.0572729,-7.9926e-05,0.613,0.612995,-4.99013e-06
1.76004e+09,231,-0.0571126,-0.057193,-8.03701e-05,0.613005,0.613,-4.83255e-06
1.76004e+09,232,-0.0570318,-0.0571126,-8.08182e-05,0.61301,0.613005,-4.67214e-06
1.76004e+09,233,-0.0569505,-0.0570318,-8.12704e-05,0.613014,0.61301,-4.50882e-06
1.76004e+09,234,-0.0568688,-0.0569505,-8.17268e-05,0.613018,0.613014,-4.34256e-06
1.76004e+09,235,-0.0567866,-0.0568688,-8.21872e-05,0.613023,0.613018,-4.17329e-06
1.76004e+09,236,-0.056704,-0.0567866,-8.26517e-05,0.613027,0.613023,-4.00096e-06
1.76004e+09,237,-0.0566208,-0.056704,-8.31203e-05,0.61303,0.613027,-3.82552e-06
1.76004e+09,238,-0.0565372,-0.056704,-0.000166713,0.613034,0.613027,-7.47241e-06
1.76004e+09,239,-0.0564532,-0.0565372,-8.407e-05,0.613038,0.613034,-3.46504e-06
1.76004e+09,240,-0.0563686,-0.0564532,-8.45511e-05,0.613041,0.613038,-3.27989e-06
1.76004e+09,241,-0.0562836,-0.0564532,-0.000169588,0.613044,0.613038,-6.37129e-06
1.76004e+09,242,-0.0561981,-0.0563686,-0.000170562,0.613047,0.613041,-5.99087e-06
1.76004e+09,243,-0.056112,-0.0562836,-0.000171545,0.613049,0.613044,-5.60357e-06
1.76004e+09,244,-0.0560255,-0.0561981,-0.000172537,0.613052,0.613047,-5.20926e-06
1.76004e+09,245,-0.0559385,-0.056112,-0.000173537,0.613054,0.613049,-4.80782e-06
1.76004e+09,246,-0.055851,-0.0560255,-0.000174546,0.613056,0.613052,-4.39911e-06
1.76004e+09,247,-0.0557629,-0.0559385,-0.000175563,0.613058,0.613054,-3.98301e-06
1.76004e+09,248,-0.0556744,-0.055851,-0.000176589,0.61306,0.613056,-3.55939e-06
1.76004e+09,249,-0.0555853,-0.0557629,-0.000177623,0.613061,0.613058,-3.12813e-06
1.76004e+09,250,-0.0554957,-0.0556744,-0.000178666,0.613063,0.61306,-2.68907e-06
1.76004e+09,251,-0.0554056,-0.0555853,-0.000179718,0.613064,0.613061,-2.2421e-06
1.76004e+09,252,-0.0553149,-0.0554957,-0.000180778,0.613064,0.613063,-1.78707e-06
1.76004e+09,253,-0.0552238,-0.0554056,-0.000181847,0.613065,0.613064,-1.32385e-06
1.76004e+09,254,-0.055132,-0.0553149,-0.000182925,0.613065,0.613064,-8.52294e-07
1.76004e+09,255,-0.0550397,-0.0552238,-0.000184012,0.613065,0.613065,-3.7226e-07
1.76004e+09,256,-0.0549469,-0.055132,-0.000185108,0.613065,0.613065,1.16395e-07
1.76004e+09,257,-0.0548535,-0.0550397,-0.000186212,0.613065,0.613065,6.13817e-07
1.76004e+09,258,-0.0547596,-0.0549469,-0.000187326,0.613064,0.613065,1.12015e-06
1.76004e+09,259,-0.0546651,-0.0548535,-0.000188448,0.613063,0.613065,1.63555e-06
1.76004e+09,260,-0.05457,-0.0547596,-0.00018958,0.613062,0.613064,2.16017e-06
1.76004e+09,261,-0.0544744,-0.0546651,-0.00019072,0.61306,0.613063,2.69416e-06
1.76004e+09,262,-0.0543781,-0.05457,-0.00019187,0.613059,0.613062,3.23767e-06
1.76004e+09,263,-0.0542813,-0.0544744,-0.000193028,0.613057,0.61306,3.79086e-06
1.76004e+09,264,-0.0541839,-0.0543781,-0.000194196,0.613054,0.613059,4.3539e-06
1.76004e+09,265,-0.054086,-0.0542813,-0.000195373,0.613052,0.613057,4.92694e-06
1.76004e+09,266,-0.0539874,-0.0541839,-0.00019656,0.613049,0.613054,5.51015e-06
1.76004e+09,267,-0.0538882,-0.054086,-0.000197755,0.613046,0.613052,6.1037e-06
1.76004e+09,268,-0.0537884,-0.0539874,-0.00019896,0.613042,0.613049,6.70775e-06
1.76004e+09,269,-0.053688,-0.0538882,-0.000200175,0.613038,0.613046,7.32248e-06
1.76004e+09,270,-0.053587,-0.0537884,-0.000201398,0.613034,0.613042,7.94805e-06
1.76004e+09,271,-0.0534854,-0.053688,-0.000202632,0.61303,0.613038,8.58465e-06
1.76004e+09,272,-0.0533831,-0.053587,-0.000203874,0.613025,0.613034,9.23245e-06
1.76004e+09,273,-0.0532803,-0.0534854,-0.000205127,0.61302,0.61303,9.89163e-06
1.76004e+09,274,-0.0531768,-0.0533831,-0.000206388,0.613014,0.613025,1.05624e-05
1.76004e+09,275,-0.0530726,-0.0532803,-0.00020766,0.613009,0.61302,1.12449e-05
1.76004e+09,276,-0.0529678,-0.0531768,-0.000208941,0.613002,0.613014,1.19393e-05
1.76004e+09,277,-0.0528624,-0.0530726,-0.000210232,0.612996,0.613009,1.26459e-05
1.76004e+09,278,-0.0527563,-0.0529678,-0.000211533,0.612989,0.613002,1.33647e-05
1.76004e+09,279,-0.0526495,-0.0528624,-0.000212843,0.612982,0.612996,1.40961e-05
1.76004e+09,280,-0.0525421,-0.0527563,-0.000214163,0.612974,0.612989,1.48403e-05
1.76004e+09,281,-0.052434,-0.0526495,-0.000215494,0.612966,0.612982,1.55973e-05
1.76004e+09,282,-0.0523253,-0.0525421,-0.000216834,0.612958,0.612974,1.63674e-05
1.76004e+09,283,-0.0522159,-0.052434,-0.000218184,0.612949,0.612966,1.71509e-05
1.76004e+09,284,-0.0521057,-0.0523253,-0.000219544,0.61294,0.612958,1.79479e-05
1.76004e+09,285,-0.0519949,-0.0522159,-0.000220914,0.61293,0.612949,1.87586e-05
1.76004e+09,286,-0.0518834,-0.0521057,-0.000222295,0.61292,0.61294,1.95833e-05
1.76004e+09,287,-0.0517713,-0.0519949,-0.000223685,0.61291,0.61293,2.04221e-05
1.76004e+09,288,-0.0516584,-0.0518834,-0.000225086,0.612899,0.61292,2.12754e-05
1.76004e+09,289,-0.0515448,-0.0517713,-0.000226497,0.612888,0.61291,2.21432e-05
1.76004e+09,290,-0.0514304,-0.0516584,-0.000227918,0.612876,0.612899,2.30259e-05
1.76004e+09,291,-0.0513154,-0.0514304,-0.000115034,0.612864,0.612876,1.21882e-05
1.76004e+09,292,-0.0511997,-0.0513154,-0.000115757,0.612851,0.612864,1.26486e-05
1.76004e+09,293,-0.0510832,-0.0513154,-0.000232243,0.612838,0.612864,2.57654e-05
1.76004e+09,294,-0.0509659,-0.0511997,-0.000233706,0.612824,0.612851,2.67098e-05
1.76004e+09,295,-0.050848,-0.0509659,-0.000117959,0.61281,0.612824,1.40772e-05
1.76004e+09,296,-0.0507293,-0.050848,-0.000118704,0.612796,0.61281,1.45696e-05
1.76004e+09,297,-0.0506098,-0.0507293,-0.000119453,0.612781,0.612796,1.50703e-05
1.76004e+09,298,-0.0504896,-0.0506098,-0.000120208,0.612765,0.612781,1.55795e-05
1.76004e+09,299,-0.0503687,-0.0504896,-0.000120969,0.612749,0.612765,1.60972e-05
1.76004e+09,300,-0.0502469,-0.0504896,-0.000242704,0.612732,0.612765,3.27209e-05
1.76004e+09,301,-0.0501244,-0.0503687,-0.000244241,0.612715,0.612749,3.37826e-05
1.76004e+09,302,-0.0500011,-0.0502469,-0.000245789,0.612698,0.612732,3.48621e-05
1.76004e+09,303,-0.0498771,-0.0501244,-0.000247348,0.612679,0.612715,3.59596e-05
1.76004e+09,304,-0.0497522,-0.0500011,-0.000248918,0.61266,0.612698,3.70755e-05
1.76004e+09,305,-0.0496266,-0.0498771,-0.0002505,0.612641,0.612679,3.821e-05
1.76004e+09,306,-0.0495001,-0.0497522,-0.000252092,0.612621,0.61266,3.93634e-05
1.76004e+09,307,-0.0493729,-0.0496266,-0.000253696,0.612601,0.612641,4.0536e-05
1.76004e+09,308,-0.0492448,-0.0495001,-0.000255312,0.612579,0.612621,4.1728e-05
1.76004e+09,309,-0.0491159,-0.0493729,-0.00025694,0.612558,0.612601,4.29399e-05
1.76004e+09,310,-0.0489862,-0.0492448,-0.000258579,0.612535,0.612579,4.41718e-05
1.76004e+09,311,-0.0488557,-0.0491159,-0.00026023,0.612512,0.612558,4.54242e-05
1.76004e+09,312,-0.0487243,-0.0488557,-0.000131364,0.612489,0.612512,2.36695e-05
1.76004e+09,313,-0.0485921,-0.0488557,-0.00026357,0.612464,0.612512,4.79914e-05
1.76004e+09,314,-0.0484591,-0.0487243,-0.000265259,0.612439,0.612489,4.9307e-05
1.76004e+09,315,-0.0483252,-0.0485921,-0.000266961,0.612414,0.612464,5.06443e-05
1.76004e+09,316,-0.0481904,-0.0484591,-0.000268676,0.612387,0.612439,5.20037e-05
1.76004e+09,317,-0.0480548,-0.0483252,-0.000270405,0.61236,0.612414,5.33856e-05
1.76004e+09,318,-0.0479183,-0.0481904,-0.000272148,0.612332,0.612387,5.47903e-05
1.76004e+09,319,-0.0477809,-0.0479183,-0.000137393,0.612304,0.612332,2.8469e-05
1.76004e+09,320,-0.0476426,-0.0477809,-0.000138282,0.612275,0.612304,2.92008e-05
1.76004e+09,321,-0.0475034,-0.0477809,-0.000277462,0.612245,0.612304,5.91455e-05
1.76004e+09,322,-0.0473633,-0.0476426,-0.000279263,0.612214,0.612275,6.06455e-05
1.76004e+09,323,-0.0472223,-0.0475034,-0.000281079,0.612183,0.612245,6.21705e-05
1.76004e+09,324,-0.0470804,-0.0473633,-0.000282911,0.61215,0.612214,6.37207e-05
1.76004e+09,325,-0.0469376,-0.0472223,-0.000284758,0.612117,0.612183,6.52966e-05
1.76004e+09,326,-0.0467938,-0.0470804,-0.000286622,0.612083,0.61215,6.68986e-05
1.76004e+09,327,-0.0466491,-0.0467938,-0.000144722,0.612049,0.612083,3.46741e-05
1.76004e+09,328,-0.0465034,-0.0466491,-0.000145674,0.612013,0.612049,3.55086e-05
1.76004e+09,329,-0.0463568,-0.0466491,-0.000292306,0.611977,0.612049,7.18656e-05
1.76004e+09,330,-0.0462092,-0.0465034,-0.000294232,0.61194,0.612013,7.35762e-05
1.76004e+09,331,-0.0460606,-0.0462092,-0.000148574,0.611902,0.61194,3.80957e-05
1.76004e+09,332,-0.045911,-0.0460606,-0.000149555,0.611863,0.611902,3.89865e-05
1.76004e+09,333,-0.0457605,-0.045911,-0.000150542,0.611823,0.611863,3.98917e-05
1.76004e+09,334,-0.0456089,-0.0457605,-0.000151535,0.611782,0.611823,4.08114e-05
1.76004e+09,335,-0.0454564,-0.0456089,-0.000152533,0.61174,0.611782,4.17458e-05
1.76004e+09,336,-0.0453029,-0.0454564,-0.000153536,0.611698,0.61174,4.26949e-05
1.76004e+09,337,-0.0451483,-0.0454564,-0.000308077,0.611654,0.61174,8.63534e-05
1.76004e+09,338,-0.0449928,-0.0451483,-0.000155549,0.611609,0.611654,4.46369e-05
1.76004e+09,339,-0.0448362,-0.0449928,-0.000156557,0.611564,0.611609,4.56298e-05
1.76004e+09,340,-0.0446725,-0.0448362,-0.000163755,0.611494,0.611564,6.93838e-05
1.76004e+09,341,-0.0445078,-0.0446725,-0.000164723,0.611424,0.611494,7.04299e-05
1.76004e+09,342,-0.0443421,-0.0445078,-0.000165685,0.611352,0.611424,7.149e-05
1.76004e+09,343,-0.0441754,-0.0445078,-0.000332325,0.61128,0.611424,0.000144054
1.76004e+09,344,-0.0440078,-0.0443421,-0.000334225,0.611206,0.611352,0.000146215
1.76004e+09,345,-0.0438393,-0.0441754,-0.000336104,0.611131,0.61128,0.000148402
1.76004e+09,346,-0.0436699,-0.0440078,-0.000337957,0.611055,0.611206,0.000150614
1.76004e+09,347,-0.0434995,-0.0438393,-0.000339779,0.610978,0.611131,0.00015285
1.76004e+09,348,-0.0433283,-0.0434995,-0.000171224,0.6109,0.610978,7.81215e-05
1.76004e+09,349,-0.0431562,-0.0434995,-0.000343311,0.610821,0.610978,0.000157388
1.76004e+09,350,-0.0429833,-0.0433283,-0.00034501,0.610741,0.6109,0.000159688
1.76004e+09,351,-0.0428096,-0.0429833,-0.000173734,0.610659,0.610741,8.15842e-05
1.76004e+09,352,-0.0426351,-0.0429833,-0.000348248,0.610576,0.610741,0.000164339
1.76004e+09,353,-0.0424598,-0.0426351,-0.000175262,0.610492,0.610576,8.39323e-05
1.76004e+09,354,-0.0422838,-0.0424598,-0.000175975,0.610407,0.610492,8.51152e-05
1.76004e+09,355,-0.0421072,-0.0422838,-0.00017665,0.610321,0.610407,8.63025e-05
1.76004e+09,356,-0.0419299,-0.0421072,-0.000177284,0.610233,0.610321,8.74932e-05
1.76004e+09,357,-0.041752,-0.0421072,-0.000355161,0.610145,0.610321,0.000176179
1.76004e+09,358,-0.0415736,-0.0419299,-0.0003563,0.610055,0.610233,0.000178565
1.76004e+09,359,-0.0413947,-0.041752,-0.000357346,0.609964,0.610145,0.000180952
1.76004e+09,360,-0.0412153,-0.0413947,-0.000179372,0.609872,0.609964,9.22642e-05
1.76004e+09,361,-0.0410355,-0.0412153,-0.00017977,0.609778,0.609872,9.34527e-05
1.76004e+09,362,-0.0408554,-0.0412153,-0.000359885,0.609683,0.609872,0.00018809
1.76004e+09,363,-0.040675,-0.0408554,-0.000180404,0.609588,0.609683,9.58153e-05
1.76004e+09,364,-0.0404944,-0.040675,-0.000180637,0.609491,0.609588,9.69868e-05
1.76004e+09,365,-0.0403136,-0.0404944,-0.000180811,0.609393,0.609491,9.81499e-05
1.76004e+09,366,-0.0401326,-0.0403136,-0.000180926,0.609293,0.609393,9.93033e-05
1.76004e+09,367,-0.0399517,-0.0401326,-0.000180981,0.609193,0.609293,0.000100446
1.76004e+09,368,-0.0397707,-0.0399517,-0.000180974,0.609091,0.609193,0.000101576
1.76004e+09,369,-0.0395898,-0.0397707,-0.000180904,0.608989,0.609091,0.000102693
1.76004e+09,370,-0.039409,-0.0395898,-0.000180772,0.608885,0.608989,0.000103795
1.76004e+09,371,-0.0392284,-0.039409,-0.000180577,0.60878,0.608885,0.000104881
1.76004e+09,372,-0.0390481,-0.039409,-0.000360896,0.608674,0.608885,0.000210831
1.76004e+09,373,-0.0388681,-0.0392284,-0.000360316,0.608567,0.60878,0.000212951
1.76004e+09,374,-0.0386885,-0.0388681,-0.000179613,0.608459,0.608567,0.000108033
1.76004e+09,375,-0.0385093,-0.0386885,-0.000179165,0.60835,0.608459,0.000109045
1.76004e+09,376,-0.0383307,-0.0386885,-0.000357821,0.60824,0.608459,0.00021908
1.76004e+09,377,-0.0381526,-0.0385093,-0.000356741,0.608129,0.60835,0.00022104
1.76004e+09,378,-0.0379751,-0.0383307,-0.000355539,0.608017,0.60824,0.000222955
1.76004e+09,379,-0.0377984,-0.0379751,-0.000176763,0.607904,0.608017,0.000112874
1.76004e+09,380,-0.0376224,-0.0377984,-0.000176015,0.60779,0.607904,0.000113774
1.76004e+09,381,-0.0374471,-0.0377984,-0.000351225,0.607676,0.607904,0.000228424
1.76004e+09,382,-0.0372728,-0.0374471,-0.00017435,0.60756,0.607676,0.000115501
1.76004e+09,383,-0.0370994,-0.0372728,-0.000173437,0.607444,0.60756,0.000116327
1.76004e+09,384,-0.0369269,-0.0372728,-0.000345909,0.607327,0.60756,0.000233455
1.76004e+09,385,-0.0367554,-0.0369269,-0.000171459,0.607209,0.607327,0.000117905
1.76004e+09,386,-0.036585,-0.0367554,-0.000170399,0.60709,0.607209,0.000118656
1.76004e+09,387,-0.0364157,-0.036585,-0.000169295,0.606971,0.60709,0.000119383
1.76004e+09,388,-0.0362476,-0.0364157,-0.000168148,0.606851,0.606971,0.000120085
1.76004e+09,389,-0.0360806,-0.0362476,-0.000166962,0.60673,0.606851,0.000120762
1.76004e+09,390,-0.0359149,-0.0360806,-0.000165739,0.606608,0.60673,0.000121416
1.76004e+09,391,-0.0357504,-0.0359149,-0.000164481,0.606486,0.606608,0.000122047
1.76004e+09,392,-0.0355872,-0.0357504,-0.000163193,0.606364,0.606486,0.000122655
1.76004e+09,393,-0.0354253,-0.0355872,-0.000161875,0.60624,0.606364,0.000123241
1.76004e+09,394,-0.0352648,-0.0354253,-0.000160532,0.606117,0.60624,0.000123806
1.76004e+09,395,-0.0351056,-0.0352648,-0.000159166,0.605992,0.606117,0.00012435
1.76004e+09,396,-0.0349479,-0.0352648,-0.000316945,0.605867,0.606117,0.000249224
1.76004e+09,397,-0.0347915,-0.0349479,-0.000156374,0.605742,0.605867,0.00012538
1.76004e+09,398,-0.0346365,-0.0347915,-0.000154953,0.605616,0.605742,0.000125867
1.76004e+09,399,-0.034483,-0.0346365,-0.00015352,0.60549,0.605616,0.000126338
1.76004e+09,400,-0.0343966,-0.034483,-8.63826e-05,0.616503,0.60549,-0.011013
1.76004e+09,401,-0.0343114,-0.0343966,-8.52674e-05,0.627329,0.616503,-0.0108266
1.76004e+09,402,-0.0342272,-0.0343114,-8.41439e-05,0.637978,0.627329,-0.0106488
1.76004e+09,403,-0.0341442,-0.0342272,-8.3014e-05,0.648457,0.637978,-0.0104789
1.76004e+09,404,-0.0340623,-0.0341442,-8.18793e-05,0.658773,0.648457,-0.0103162
1.76004e+09,405,-0.0339816,-0.0341442,-0.00016262,0.668933,0.648457,-0.0204765
1.76004e+09,406,-0.033902,-0.0340623,-0.000160342,0.678944,0.658773,-0.0201707
1.76004e+09,407,-0.0338235,-0.033902,-7.84604e-05,0.68881,0.678944,-0.00986639
1.76004e+09,408,-0.0337462,-0.0338235,-7.73201e-05,0.698538,0.68881,-0.0097276
1.76004e+09,409,-0.03367,-0.0337462,-7.61812e-05,0.708132,0.698538,-0.00959373
1.76004e+09,410,-0.033595,-0.03367,-7.50446e-05,0.717596,0.708132,-0.00946442
1.76004e+09,411,-0.0335211,-0.033595,-7.3911e-05,0.726935,0.717596,-0.00933939
1.76004e+09,412,-0.0334483,-0.0335211,-7.27809e-05,0.736154,0.726935,-0.00921833
1.76004e+09,413,-0.0333766,-0.0335211,-0.000144436,0.745255,0.726935,-0.0183193
1.76004e+09,414,-0.0333061,-0.0333766,-7.05335e-05,0.754242,0.745255,-0.00898714
1.76004e+09,415,-0.0332367,-0.0333766,-0.00013995,0.763118,0.745255,-0.0178637
1.76004e+09,416,-0.0331684,-0.0332367,-6.83053e-05,0.771887,0.763118,-0.00876903
1.76004e+09,417,-0.0331012,-0.0332367,-0.000135504,0.780552,0.763118,-0.0174334
1.76004e+09,418,-0.0330351,-0.0331012,-6.60977e-05,0.789114,0.780552,-0.00856247
1.76004e+09,419,-0.0329701,-0.0330351,-6.50019e-05,0.797577,0.789114,-0.0084631
1.76004e+09,420,-0.0329062,-0.0329701,-6.39115e-05,0.805944,0.797577,-0.00836615
1.76004e+09,421,-0.0328433,-0.0329062,-6.28263e-05,0.814215,0.805944,-0.00827146
1.76004e+09,422,-0.0327816,-0.0329062,-0.000124573,0.822394,0.805944,-0.0164504
1.76004e+09,423,-0.0327209,-0.0328433,-0.000122418,0.830482,0.814215,-0.0162673
1.76004e+09,424,-0.0326613,-0.0327209,-5.96019e-05,0.838482,0.830482,-0.00799984
1.76004e+09,425,-0.0326028,-0.0326613,-5.8537e-05,0.846395,0.838482,-0.00791308
1.76004e+09,426,-0.0325453,-0.0326613,-0.000116014,0.854223,0.838482,-0.0157411
1.76004e+09,427,-0.0324889,-0.0325453,-5.64216e-05,0.861968,0.854223,-0.00774465
1.76004e+09,428,-0.0324335,-0.0324889,-5.53707e-05,0.869631,0.861968,-0.00766281
1.76004e+09,429,-0.0323792,-0.0324889,-0.000109695,0.877213,0.861968,-0.0152453
1.76004e+09,430,-0.0323259,-0.0323792,-5.32818e-05,0.884717,0.877213,-0.0075035
1.76004e+09,431,-0.0322737,-0.0323259,-5.22436e-05,0.892143,0.884717,-0.00742588
1.76004e+09,432,-0.0322225,-0.0322737,-5.12094e-05,0.899492,0.892143,-0.00734953
1.76004e+09,433,-0.0321723,-0.0322737,-0.000101388,0.906767,0.892143,-0.0146239
1.76004e+09,434,-0.0321231,-0.0321723,-4.91523e-05,0.913967,0.906767,-0.0072004
1.76004e+09,435,-0.032075,-0.0321231,-4.81293e-05,0.921094,0.913967,-0.00712751
1.76004e+09,436,-0.0320279,-0.032075,-4.71098e-05,0.92815,0.921094,-0.00705567
1.76004e+09,437,-0.0319818,-0.0320279,-4.60937e-05,0.935135,0.92815,-0.00698484
1.76004e+09,438,-0.0319367,-0.0319818,-4.50809e-05,0.94205,0.935135,-0.00691495
1.76004e+09,439,-0.0318926,-0.0319367,-4.40714e-05,0.948896,0.94205,-0.00684598
1.76004e+09,440,-0.0318496,-0.0319367,-8.71365e-05,0.955674,0.94205,-0.0136239
1.76004e+09,441,-0.0318075,-0.0318926,-8.51269e-05,0.962384,0.948896,-0.0134885
1.76004e+09,442,-0.0317665,-0.0318496,-8.31235e-05,0.969029,0.955674,-0.0133547
1.76004e+09,443,-0.0317264,-0.0318075,-8.11262e-05,0.975607,0.962384,-0.0132225
1.76004e+09,444,-0.0316873,-0.0317264,-3.90703e-05,0.98212,0.975607,-0.00651343
1.76004e+09,445,-0.0316492,-0.0316873,-3.80789e-05,0.98857,0.98212,-0.00644914
1.76004e+09,446,-0.0316121,-0.0316873,-7.51693e-05,0.994955,0.98212,-0.0128347
1.76004e+09,447,-0.031576,-0.0316492,-7.3195e-05,1.00128,0.98857,-0.012708
1.76004e+09,448,-0.0315409,-0.0316121,-7.12264e-05,1.00754,0.994955,-0.0125827
1.76004e+09,449,-0.0315068,-0.031576,-6.92632e-05,1.01374,1.00128,-0.0124585
1.76004e+09,450,-0.0314736,-0.0315409,-6.73054e-05,1.01987,1.00754,-0.0123355
1.76004e+09,451,-0.0314414,-0.0315068,-6.5353e-05,1.02595,1.01374,-0.0122136
1.76004e+09,452,-0.0314102,-0.0314736,-6.34059e-05,1.03197,1.01987,-0.0120927
1.76004e+09,453,-0.03138,-0.0314414,-6.1464e-05,1.03792,1.02595,-0.0119728
1.76004e+09,454,-0.0313507,-0.03138,-2.92801e-05,1.04382,1.03792,-0.00589735
1.76004e+09,455,-0.0313224,-0.03138,-5.75957e-05,1.04966,1.03792,-0.0117359
1.76004e+09,456,-0.031295,-0.0313507,-5.56691e-05,1.05544,1.04382,-0.0116189
1.76004e+09,457,-0.0312686,-0.0313224,-5.37476e-05,1.06116,1.04966,-0.0115026
1.76004e+09,458,-0.0312432,-0.031295,-5.18311e-05,1.06683,1.05544,-0.0113872
1.76004e+09,459,-0.0312187,-0.0312432,-2.44825e-05,1.07243,1.06683,-0.00560772
1.76004e+09,460,-0.0311952,-0.0312187,-2.35303e-05,1.07798,1.07243,-0.00555096
1.76004e+09,461,-0.0311726,-0.0311952,-2.25806e-05,1.08348,1.07798,-0.00549456
1.76004e+09,462,-0.031151,-0.0311726,-2.16333e-05,1.08892,1.08348,-0.00543849
1.76004e+09,463,-0.0311303,-0.0311726,-4.23216e-05,1.0943,1.08348,-0.0108212
1.76004e+09,464,-0.0311105,-0.031151,-4.0434e-05,1.09963,1.08892,-0.0107101
1.76004e+09,465,-0.0310917,-0.0311303,-3.85511e-05,1.1049,1.0943,-0.0105995
1.76004e+09,466,-0.0310738,-0.0311105,-3.66729e-05,1.11012,1.09963,-0.0104895
1.76004e+09,467,-0.0310569,-0.0310917,-3.47993e-05,1.11528,1.1049,-0.0103801
1.76004e+09,468,-0.0310409,-0.0310738,-3.29302e-05,1.12039,1.11012,-0.0102712
1.76004e+09,469,-0.0310259,-0.0310569,-3.10657e-05,1.12544,1.11528,-0.0101629
1.76004e+09,470,-0.0310117,-0.0310409,-2.92057e-05,1.13044,1.12039,-0.010055
1.76004e+09,471,-0.0309985,-0.0310259,-2.73501e-05,1.13539,1.12544,-0.00994765
1.76004e+09,472,-0.0309862,-0.0310117,-2.5499e-05,1.14028,1.13044,-0.00984072
1.76004e+09,473,-0.0309748,-0.0309985,-2.36523e-05,1.14512,1.13539,-0.00973423
1.76004e+09,474,-0.0309644,-0.0309862,-2.181e-05,1.14991,1.14028,-0.00962816
1.76004e+09,475,-0.0309549,-0.0309748,-1.9972e-05,1.15465,1.14512,-0.00952249
1.76004e+09,476,-0.0309463,-0.0309644,-1.81384e-05,1.15933,1.14991,-0.00941721
1.76004e+09,477,-0.0309386,-0.0309549,-1.6309e-05,1.16396,1.15465,-0.00931231
1.76004e+09,478,-0.0309318,-0.0309386,-6.78624e-06,1.16854,1.16396,-0.00457778
1.76004e+09,479,-0.0309259,-0.0309386,-1.26631e-05,1.17306,1.16396,-0.00910354
1.76004e+09,480,-0.0309209,-0.0309318,-1.08465e-05,1.17754,1.16854,-0.00899965
1.76004e+09,481,-0.0309169,-0.0309259,-9.03412e-06,1.18196,1.17306,-0.00889607
1.76004e+09,482,-0.0309137,-0.0309209,-7.2259e-06,1.18633,1.17754,-0.0087928
1.76004e+09,483,-0.0309114,-0.0309169,-5.42185e-06,1.19065,1.18196,-0.00868981
1.76004e+09,484,-0.0309101,-0.0309137,-3.62194e-06,1.19492,1.18633,-0.00858709
1.76004e+09,485,-0.0309096,-0.0309114,-1.82616e-06,1.19913,1.19065,-0.00848464
1.76004e+09,486,-0.0309101,-0.0309101,-3.44998e-08,1.2033,1.19492,-0.00838244
1.76004e+09,487,-0.0309114,-0.0309096,1.75307e-06,1.20741,1.19913,-0.00828047
1.76004e+09,488,-0.0309136,-0.0309101,3.53655e-06,1.21148,1.2033,-0.00817874
1.76004e+09,489,-0.0309167,-0.0309136,3.10232e-06,1.21549,1.21148,-0.00401326
1.76004e+09,490,-0.0309207,-0.0309167,3.98898e-06,1.21945,1.21549,-0.00396266
1.76004e+09,491,-0.0309256,-0.0309207,4.87362e-06,1.22337,1.21945,-0.00391216
1.76004e+09,492,-0.0309313,-0.0309256,5.75624e-06,1.22723,1.22337,-0.00386175
1.76004e+09,493,-0.0309379,-0.0309313,6.63685e-06,1.23104,1.22723,-0.00381143
1.76004e+09,494,-0.0309455,-0.0309313,1.41523e-05,1.2348,1.22723,-0.00757263
1.76004e+09,495,-0.0309539,-0.0309379,1.59075e-05,1.23851,1.23104,-0.00747224
1.76004e+09,496,-0.0309631,-0.0309455,1.76586e-05,1.24217,1.2348,-0.00737201
1.76004e+09,497,-0.0309733,-0.0309539,1.94058e-05,1.24578,1.23851,-0.00727194
1.76004e+09,498,-0.0309843,-0.0309733,1.10098e-05,1.24934,1.24578,-0.00356103
1.76004e+09,499,-0.0309961,-0.0309843,1.18784e-05,1.25286,1.24934,-0.00351117
1.76004e+09,500,-0.0310089,-0.0309961,1.27449e-05,1.25632,1.25286,-0.00346137
1.76004e+09,501,-0.0310225,-0.0310089,1.36095e-05,1.25973,1.25632,-0.00341162
1.76004e+09,502,-0.031037,-0.0310225,1.44721e-05,1.26309,1.25973,-0.00336194
1.76004e+09,503,-0.0310523,-0.031037,1.53327e-05,1.2664,1.26309,-0.00331231
1.76004e+09,504,-0.0310685,-0.031037,3.1524e-05,1.26967,1.26309,-0.00657503
1.76004e+09,505,-0.0310855,-0.0310685,1.70479e-05,1.27288,1.26967,-0.00321319
1.76004e+09,506,-0.0311034,-0.0310855,1.79025e-05,1.27604,1.27288,-0.00316371
1.76004e+09,507,-0.0311222,-0.0311034,1.87551e-05,1.27916,1.27604,-0.00311427
1.76004e+09,508,-0.0311418,-0.0311222,1.96057e-05,1.28222,1.27916,-0.00306487
1.76004e+09,509,-0.0311623,-0.0311222,4.006e-05,1.28524,1.27916,-0.00608037
1.76004e+09,510,-0.0311836,-0.0311418,4.17552e-05,1.2882,1.28222,-0.00598168
1.76004e+09,511,-0.0312057,-0.0311623,4.34464e-05,1.29112,1.28524,-0.00588306
1.76004e+09,512,-0.0312287,-0.0311836,4.51336e-05,1.29399,1.2882,-0.00578451
1.76004e+09,513,-0.0312525,-0.0312057,4.68168e-05,1.29681,1.29112,-0.00568602
1.76004e+09,514,-0.0312772,-0.0312287,4.8496e-05,1.29958,1.29399,-0.00558759
1.76004e+09,515,-0.0313027,-0.0312525,5.01712e-05,1.3023,1.29681,-0.00548922
1.76004e+09,516,-0.031329,-0.0312772,5.18423e-05,1.30497,1.29958,-0.00539089
1.76004e+09,517,-0.0313562,-0.0313027,5.35094e-05,1.30759,1.3023,-0.00529261
1.76004e+09,518,-0.0313842,-0.031329,5.51725e-05,1.31016,1.30497,-0.00519438
1.76004e+09,519,-0.031413,-0.0313562,5.68315e-05,1.31268,1.30759,-0.00509619
1.76004e+09,520,-0.0314427,-0.0313842,5.84865e-05,1.31516,1.31016,-0.00499804
1.76004e+09,521,-0.0314732,-0.031413,6.01375e-05,1.31758,1.31268,-0.00489992
1.76004e+09,522,-0.0315045,-0.0314427,6.17844e-05,1.31996,1.31516,-0.00480183
1.76004e+09,523,-0.0315366,-0.0314732,6.34273e-05,1.32229,1.31758,-0.00470378
1.76004e+09,524,-0.0315695,-0.0315045,6.50662e-05,1.32457,1.31996,-0.00460575
1.76004e+09,525,-0.0316033,-0.0315366,6.6701e-05,1.3268,1.32229,-0.00450774
1.76004e+09,526,-0.0316379,-0.0315695,6.83317e-05,1.32898,1.32457,-0.00440976
1.76004e+09,527,-0.0316733,-0.0316033,6.99584e-05,1.33111,1.3268,-0.0043118
1.76004e+09,528,-0.0317095,-0.0316733,3.61957e-05,1.33319,1.33111,-0.00208244
1.76004e+09,529,-0.0317465,-0.0316733,7.31996e-05,1.33522,1.33111,-0.00411593
1.76004e+09,530,-0.0317843,-0.0317465,3.78102e-05,1.33721,1.33522,-0.00198453
1.76004e+09,531,-0.0318229,-0.0317843,3.86144e-05,1.33914,1.33721,-0.00193558
1.76004e+09,532,-0.0318623,-0.0318229,3.94166e-05,1.34103,1.33914,-0.00188664
1.76004e+09,533,-0.0319025,-0.0318623,4.02168e-05,1.34287,1.34103,-0.0018377
1.76004e+09,534,-0.0319435,-0.0319025,4.10149e-05,1.34466,1.34287,-0.00178876
1.76004e+09,535,-0.0319853,-0.0319435,4.1811e-05,1.3464,1.34466,-0.00173983
1.76004e+09,536,-0.032028,-0.0319435,8.44162e-05,1.34809,1.34466,-0.00343073
1.76004e+09,537,-0.0320713,-0.032028,4.33972e-05,1.34973,1.34809,-0.00164197
1.76004e+09,538,-0.0321155,-0.0320713,4.41873e-05,1.35132,1.34973,-0.00159304
1.76004e+09,539,-0.0321605,-0.0321155,4.49754e-05,1.35287,1.35132,-0.0015441
1.76004e+09,540,-0.0322063,-0.0321605,4.57614e-05,1.35436,1.35287,-0.00149517
1.76004e+09,541,-0.0322528,-0.0322063,4.65455e-05,1.35581,1.35436,-0.00144624
1.76004e+09,542,-0.0323001,-0.0322528,4.73276e-05,1.35721,1.35581,-0.00139731
1.76004e+09,543,-0.0323483,-0.0323001,4.81077e-05,1.35855,1.35721,-0.00134837
1.76004e+09,544,-0.0323971,-0.0323483,4.88858e-05,1.35985,1.35855,-0.00129943
1.76004e+09,545,-0.0324468,-0.0323483,9.85476e-05,1.3611,1.35855,-0.00254992
1.76004e+09,546,-0.0324972,-0.0324468,5.0436e-05,1.36231,1.3611,-0.00120154
1.76004e+09,547,-0.0325484,-0.0324972,5.12082e-05,1.36346,1.36231,-0.0011526
1.76004e+09,548,-0.0326004,-0.0324972,0.000103187,1.36456,1.36231,-0.00225624
1.76004e+09,549,-0.0326532,-0.0325484,0.000104725,1.36562,1.36346,-0.00215833
1.76004e+09,550,-0.0327067,-0.0326532,5.35131e-05,1.36662,1.36562,-0.00100572
1.76004e+09,551,-0.032761,-0.0327067,5.42776e-05,1.36758,1.36662,-0.000956755
1.76004e+09,552,-0.032816,-0.032761,5.50401e-05,1.36849,1.36758,-0.000907782
1.76004e+09,553,-0.0328718,-0.032816,5.58008e-05,1.36935,1.36849,-0.000858804
1.76004e+09,554,-0.0329284,-0.0328718,5.65595e-05,1.37015,1.36935,-0.000809821
1.76004e+09,555,-0.0329857,-0.0329284,5.73164e-05,1.37092,1.37015,-0.000760831
1.76004e+09,556,-0.0330438,-0.0329857,5.80715e-05,1.37163,1.37092,-0.000711836
1.76004e+09,557,-0.0331026,-0.0330438,5.88247e-05,1.37229,1.37163,-0.000662834
1.76004e+09,558,-0.0331622,-0.0331026,5.95761e-05,1.3729,1.37229,-0.000613826
1.76004e+09,559,-0.0332225,-0.0331026,0.000119902,1.37347,1.37229,-0.00117864
1.76004e+09,560,-0.0332836,-0.0331622,0.000121399,1.37398,1.3729,-0.0010806
1.76004e+09,561,-0.0333454,-0.0332836,6.18195e-05,1.37445,1.37398,-0.000466762
1.76004e+09,562,-0.0334079,-0.0332836,0.000124383,1.37487,1.37398,-0.000884489
1.76004e+09,563,-0.0334712,-0.0334079,6.33064e-05,1.37524,1.37487,-0.000368686
1.76004e+09,564,-0.0335353,-0.0334079,0.000127354,1.37556,1.37487,-0.000688322
1.76004e+09,565,-0.0336001,-0.0335353,6.47864e-05,1.37583,1.37556,-0.000270581
1.76004e+09,566,-0.0336656,-0.0336001,6.5524e-05,1.37605,1.37583,-0.000221517
1.76004e+09,567,-0.0337319,-0.0336656,6.62599e-05,1.37622,1.37605,-0.000172447
1.76004e+09,568,-0.0337989,-0.0337319,6.69942e-05,1.37635,1.37622,-0.000123369
1.76004e+09,569,-0.0338666,-0.0337989,6.77269e-05,1.37642,1.37635,-7.42837e-05
1.76004e+09,570,-0.033935,-0.0337989,0.000136185,1.37645,1.37635,-9.94745e-05
1.76004e+09,571,-0.0340042,-0.033935,6.91877e-05,1.37642,1.37645,2.39096e-05
1.76004e+09,572,-0.0340741,-0.0340042,6.99159e-05,1.37635,1.37642,7.30176e-05
1.76004e+09,573,-0.0341448,-0.0340042,0.000140558,1.37623,1.37642,0.000195151
1.76004e+09,574,-0.0342162,-0.0341448,7.13678e-05,1.37605,1.37623,0.000171257
1.76004e+09,575,-0.0342882,-0.0342162,7.20917e-05,1.37583,1.37605,0.000220388
1.76004e+09,576,-0.0343611,-0.0342882,7.28142e-05,1.37556,1.37583,0.000269527
1.76004e+09,577,-0.0344346,-0.0343611,7.35354e-05,1.37525,1.37556,0.000318675
1.76004e+09,578,-0.0345088,-0.0344346,7.42553e-05,1.37488,1.37525,0.00036783
1.76004e+09,579,-0.0345838,-0.0345088,7.49739e-05,1.37446,1.37488,0.000416993
1.76004e+09,580,-0.0346595,-0.0345838,7.56913e-05,1.374,1.37446,0.000466165
1.76004e+09,581,-0.0347359,-0.0346595,7.64075e-05,1.37348,1.374,0.000515345
1.76004e+09,582,-0.034813,-0.0346595,0.00015353,1.37292,1.374,0.00107988
1.76004e+09,583,-0.0348909,-0.0347359,0.000154959,1.3723,1.37348,0.00117826
1.76004e+09,584,-0.0349694,-0.034813,0.000156386,1.37164,1.37292,0.00127667
1.76004e+09,585,-0.0350487,-0.0348909,0.000157811,1.37093,1.3723,0.00137509
1.76004e+09,586,-0.0351287,-0.0349694,0.000159234,1.37017,1.37164,0.00147353
1.76004e+09,587,-0.0352093,-0.0350487,0.000160655,1.36935,1.37093,0.00157198
1.76004e+09,588,-0.0352907,-0.0351287,0.000162074,1.36849,1.37017,0.00167046
1.76004e+09,589,-0.0353728,-0.0352093,0.000163491,1.36759,1.36935,0.00176895
1.76004e+09,590,-0.0354556,-0.0352907,0.000164907,1.36663,1.36849,0.00186746
1.76004e+09,591,-0.0355392,-0.0353728,0.000166322,1.36562,1.36759,0.001966
1.76004e+09,592,-0.0356234,-0.0355392,8.42203e-05,1.36456,1.36562,0.00105692
1.76004e+09,593,-0.0357083,-0.0356234,8.49258e-05,1.36346,1.36456,0.00110621
1.76004e+09,594,-0.0357939,-0.0357083,8.56307e-05,1.3623,1.36346,0.00115551
1.76004e+09,595,-0.0358803,-0.0357939,8.63351e-05,1.3611,1.3623,0.00120483
1.76004e+09,596,-0.0359673,-0.0358803,8.7039e-05,1.35984,1.3611,0.00125415
1.76004e+09,597,-0.0360551,-0.0359673,8.77425e-05,1.35854,1.35984,0.00130349
1.76004e+09,598,-0.0361435,-0.0360551,8.84456e-05,1.35719,1.35854,0.00135284
1.76004e+09,599,-0.0362326,-0.0360551,0.000177594,1.35578,1.35854,0.00275505
1.76004e+09,600,-0.0363225,-0.0362326,8.9851e-05,1.35433,1.35578,0.00145158
1.76004e+09,601,-0.036413,-0.0363225,9.05534e-05,1.35283,1.35433,0.00150098
1.76004e+09,602,-0.0365043,-0.036413,9.12556e-05,1.35128,1.35283,0.00155038
1.76004e+09,603,-0.0365963,-0.036413,0.000183213,1.34968,1.35283,0.00315018
1.76004e+09,604,-0.0366889,-0.0365043,0.000184618,1.34803,1.35128,0.00324904
1.76004e+09,605,-0.0367823,-0.0365963,0.000186022,1.34633,1.34968,0.00334792
1.76004e+09,606,-0.0368764,-0.0366889,0.000187427,1.34458,1.34803,0.00344684
1.76004e+09,607,-0.0369711,-0.0367823,0.000188832,1.34279,1.34633,0.0035458
1.76004e+09,608,-0.0370666,-0.0368764,0.000190237,1.34094,1.34458,0.00364479
1.76004e+09,609,-0.0371628,-0.0369711,0.000191643,1.33904,1.34279,0.00374381
1.76004e+09,610,-0.0372596,-0.0371628,9.68767e-05,1.3371,1.33904,0.00194621
1.76004e+09,611,-0.0373572,-0.0372596,9.75807e-05,1.3351,1.3371,0.00199578
1.76004e+09,612,-0.0374555,-0.0373572,9.82852e-05,1.33306,1.3351,0.00204536
1.76004e+09,613,-0.0375545,-0.0374555,9.89903e-05,1.33096,1.33306,0.00209497
1.76004e+09,614,-0.0376542,-0.0375545,9.9696e-05,1.32882,1.33096,0.0021446
1.76004e+09,615,-0.0377546,-0.0376542,0.000100403,1.32662,1.32882,0.00219426
1.76004e+09,616,-0.0378557,-0.0377546,0.00010111,1.32438,1.32662,0.00224394
1.76004e+09,617,-0.0379575,-0.0378557,0.000101818,1.32208,1.32438,0.00229365
1.76004e+09,618,-0.03806,-0.0379575,0.000102527,1.31974,1.32208,0.00234338
1.76004e+09,619,-0.0381633,-0.03806,0.000103237,1.31735,1.31974,0.00239315
1.76004e+09,620,-0.0382672,-0.03806,0.000207186,1.3149,1.31974,0.0048361
1.76004e+09,621,-0.0383719,-0.0381633,0.00020861,1.31241,1.31735,0.00493573
1.76004e+09,622,-0.0384773,-0.0382672,0.000210036,1.30987,1.3149,0.00503542
1.76004e+09,623,-0.0385834,-0.0383719,0.000211465,1.30728,1.31241,0.00513518
1.76004e+09,624,-0.0386902,-0.0384773,0.000212897,1.30463,1.30987,0.00523502
1.76004e+09,625,-0.0387977,-0.0385834,0.000214331,1.30194,1.30728,0.00533493
1.76004e+09,626,-0.0389059,-0.0387977,0.000108244,1.2992,1.30194,0.00274247
1.76004e+09,627,-0.0390149,-0.0389059,0.000108965,1.29641,1.2992,0.00279253
1.76004e+09,628,-0.0391246,-0.0389059,0.000218654,1.29356,1.2992,0.00563515
1.76004e+09,629,-0.039235,-0.0390149,0.000220102,1.29067,1.29641,0.00573541
1.76004e+09,630,-0.0393461,-0.0391246,0.000221553,1.28773,1.29356,0.00583575
1.76004e+09,631,-0.039458,-0.0393461,0.000111869,1.28474,1.28773,0.00299322
1.76004e+09,632,-0.0395706,-0.039458,0.000112599,1.28169,1.28474,0.00304352
1.76004e+09,633,-0.0396839,-0.0395706,0.000113332,1.2786,1.28169,0.00309388
1.76004e+09,634,-0.039798,-0.0396839,0.000114068,1.27545,1.2786,0.00314429
1.76004e+09,635,-0.0399128,-0.0396839,0.000228872,1.27226,1.2786,0.00633906
1.76004e+09,636,-0.0400284,-0.039798,0.00023035,1.26901,1.27545,0.00644007
1.76004e+09,637,-0.0401446,-0.0399128,0.000231832,1.26572,1.27226,0.00654121
1.76004e+09,638,-0.0402617,-0.0401446,0.000117032,1.26237,1.26572,0.00334658
1.76004e+09,639,-0.0403795,-0.0402617,0.00011778,1.25897,1.26237,0.00339732
1.76004e+09,640,-0.040498,-0.0403795,0.00011853,1.25553,1.25897,0.00344814
1.76004e+09,641,-0.0406173,-0.040498,0.000119284,1.25203,1.25553,0.00349903
1.76004e+09,642,-0.0407373,-0.0406173,0.00012004,1.24848,1.25203,0.00355001
1.76004e+09,643,-0.0408581,-0.0407373,0.000120799,1.24488,1.24848,0.00360107
1.76004e+09,644,-0.0409797,-0.0408581,0.000121561,1.24122,1.24488,0.00365223
1.76004e+09,645,-0.041102,-0.0409797,0.000122327,1.23752,1.24122,0.00370347
1.76004e+09,646,-0.0412251,-0.041102,0.000123096,1.23377,1.23752,0.00375481
1.76004e+09,647,-0.041349,-0.041102,0.000246964,1.22996,1.23752,0.00756106
1.76004e+09,648,-0.0414736,-0.041349,0.000124644,1.2261,1.22996,0.0038578
1.76004e+09,649,-0.041599,-0.041349,0.000250067,1.22219,1.22996,0.00776726
1.76004e+09,650,-0.0417252,-0.041599,0.000126206,1.21823,1.22219,0.00396123
1.76004e+09,651,-0.0418522,-0.0417252,0.000126993,1.21422,1.21823,0.00401312
1.76004e+09,652,-0.04198,-0.0418522,0.000127783,1.21015,1.21422,0.00406513
1.76004e+09,653,-0.0421086,-0.0418522,0.000256361,1.20603,1.21422,0.0081824
1.76004e+09,654,-0.042238,-0.04198,0.000257954,1.20187,1.21015,0.00828682
1.76004e+09,655,-0.0423681,-0.0421086,0.000259556,1.19764,1.20603,0.00839151
1.76004e+09,656,-0.0424991,-0.0423681,0.000130986,1.19337,1.19764,0.00427453
1.76004e+09,657,-0.0426309,-0.0424991,0.000131797,1.18904,1.19337,0.00432724
1.76004e+09,658,-0.0427635,-0.0424991,0.000264411,1.18466,1.19337,0.00870736
1.76004e+09,659,-0.042897,-0.0426309,0.000266046,1.18023,1.18904,0.00881327
1.76004e+09,660,-0.0430312,-0.0427635,0.000267692,1.17574,1.18466,0.00891951
1.76004e+09,661,-0.0431663,-0.0430312,0.000135088,1.1712,1.17574,0.00453975
1.76004e+09,662,-0.0433022,-0.0431663,0.000135922,1.16661,1.1712,0.00459332
1.76004e+09,663,-0.043439,-0.0433022,0.000136761,1.16196,1.16661,0.00464709
1.76004e+09,664,-0.0435766,-0.043439,0.000137606,1.15726,1.16196,0.00470106
1.76004e+09,665,-0.0437151,-0.0435766,0.000138455,1.15251,1.15726,0.00475524
1.76004e+09,666,-0.0438544,-0.0437151,0.000139309,1.1477,1.15251,0.00480963
1.76004e+09,667,-0.0439945,-0.0437151,0.000279479,1.14283,1.15251,0.00967389
1.76004e+09,668,-0.0441356,-0.0438544,0.000281204,1.13791,1.1477,0.00978338
1.76004e+09,669,-0.0442775,-0.0439945,0.00028294,1.13294,1.14283,0.00989335
1.76004e+09,670,-0.0444203,-0.0442775,0.000142782,1.12791,1.13294,0.00502959
1.76004e+09,671,-0.0445639,-0.0444203,0.000143664,1.12282,1.12791,0.00508522
1.76004e+09,672,-0.0447085,-0.0445639,0.000144551,1.11768,1.12282,0.00514113
1.76004e+09,673,-0.0448539,-0.0445639,0.000289996,1.11248,1.12282,0.0103385
1.76004e+09,674,-0.0450003,-0.0448539,0.000146345,1.10723,1.11248,0.00525382
1.76004e+09,675,-0.0451475,-0.0450003,0.00014725,1.10192,1.10723,0.00531064
1.76004e+09,676,-0.0452957,-0.0451475,0.000148162,1.09655,1.10192,0.00536777
1.76004e+09,677,-0.0454448,-0.0452957,0.000149081,1.09113,1.09655,0.00542525
1.76004e+09,678,-0.0455948,-0.0454448,0.000150005,1.08564,1.09113,0.00548308
1.76004e+09,679,-0.0457457,-0.0454448,0.000300941,1.0801,1.09113,0.0110244
1.76004e+09,680,-0.0458976,-0.0455948,0.00030281,1.0745,1.08564,0.0111411
1.76004e+09,681,-0.0460504,-0.0458976,0.000152818,1.06884,1.0745,0.00565884
1.76004e+09,682,-0.0462042,-0.0458976,0.000306587,1.06313,1.0745,0.0113771
1.76004e+09,683,-0.0463589,-0.0460504,0.000308496,1.05735,1.06884,0.0114963
1.76004e+09,684,-0.0465146,-0.0462042,0.000310419,1.05151,1.06313,0.0116164
1.76004e+09,685,-0.0466713,-0.0463589,0.000312356,1.04561,1.05735,0.0117375
1.76004e+09,686,-0.0468289,-0.0466713,0.000157643,1.03965,1.04561,0.00596034
1.76004e+09,687,-0.0469875,-0.0468289,0.000158629,1.03363,1.03965,0.0060221
1.76004e+09,688,-0.0471471,-0.0469875,0.000159623,1.02754,1.03363,0.00608438
1.76004e+09,689,-0.0473078,-0.0471471,0.000160624,1.0214,1.02754,0.00614722
1.76004e+09,690,-0.0474694,-0.0473078,0.000161633,1.01519,1.0214,0.00621064
1.76004e+09,691,-0.0476321,-0.0474694,0.000162649,1.00891,1.01519,0.00627467
1.76004e+09,692,-0.0477957,-0.0476321,0.000163673,1.00257,1.00891,0.00633932
1.76004e+09,693,-0.0479604,-0.0477957,0.000164705,0.996167,1.00257,0.00640463
1.76004e+09,694,-0.0481262,-0.0479604,0.000165744,0.989697,0.996167,0.00647063
1.76004e+09,695,-0.048293,-0.0481262,0.000166792,0.983159,0.989697,0.00653735
1.76004e+09,696,-0.0484608,-0.048293,0.000167848,0.976554,0.983159,0.00660482
1.76004e+09,697,-0.0486297,-0.0484608,0.000168912,0.969881,0.976554,0.00667307
1.76004e+09,698,-0.0487997,-0.0486297,0.000169984,0.963139,0.969881,0.00674214
1.76004e+09,699,-0.0489708,-0.0487997,0.000171064,0.956327,0.963139,0.00681206
1.76004e+09,700,-0.0491429,-0.0487997,0.000343218,0.949444,0.963139,0.0136949
1.76004e+09,701,-0.0493162,-0.0491429,0.000173252,0.94249,0.949444,0.00695464
1.76004e+09,702,-0.0494905,-0.0493162,0.000174358,0.935462,0.94249,0.00702738
1.76004e+09,703,-0.049666,-0.0493162,0.000349832,0.928361,0.94249,0.0141285
1.76004e+09,704,-0.0498426,-0.049666,0.000176599,0.921185,0.928361,0.00717598
1.76004e+09,705,-0.0500203,-0.0498426,0.000177733,0.913933,0.921185,0.00725195
1.76004e+09,706,-0.0501992,-0.0498426,0.000356608,0.906604,0.921185,0.014581
1.76004e+09,707,-0.0503792,-0.0500203,0.000358905,0.899197,0.913933,0.0147366
1.76004e+09,708,-0.0505604,-0.0501992,0.000361221,0.891709,0.906604,0.0148947
1.76004e+09,709,-0.0507428,-0.0505604,0.000182365,0.884141,0.891709,0.00756824
1.76004e+09,710,-0.0509264,-0.0507428,0.000183548,0.876491,0.884141,0.00765074
1.76004e+09,711,-0.0511111,-0.0509264,0.000184741,0.868756,0.876491,0.00773475
1.76004e+09,712,-0.051297,-0.0511111,0.000185946,0.860935,0.868756,0.00782035
1.76004e+09,713,-0.0514842,-0.0511111,0.000373107,0.853028,0.868756,0.015728
1.76004e+09,714,-0.0516726,-0.051297,0.00037555,0.845031,0.860935,0.0159043
1.76004e+09,715,-0.0518622,-0.0516726,0.000189627,0.836944,0.845031,0.00808757
1.76004e+09,716,-0.0520531,-0.0518622,0.000190877,0.828763,0.836944,0.00818044
1.76004e+09,717,-0.0522452,-0.0520531,0.00019214,0.820488,0.828763,0.00827538
1.76004e+09,718,-0.0524386,-0.0522452,0.000193415,0.812115,0.820488,0.00837251
1.76004e+09,719,-0.0526334,-0.0522452,0.000388119,0.803643,0.820488,0.0168445
1.76004e+09,720,-0.0528294,-0.0524386,0.00039071,0.795069,0.812115,0.0170458
1.76004e+09,721,-0.0530267,-0.0526334,0.000393327,0.786391,0.803643,0.0172522
1.76004e+09,722,-0.0532253,-0.0528294,0.000395972,0.777605,0.795069,0.017464
1.76004e+09,723,-0.0534253,-0.0530267,0.000398645,0.76871,0.786391,0.0176815
1.76004e+09,724,-0.0536267,-0.0532253,0.000401347,0.7597,0.777605,0.017905
1.76004e+09,725,-0.0538294,-0.0534253,0.000404078,0.750575,0.76871,0.018135
1.76004e+09,726,-0.0540335,-0.0538294,0.000204113,0.741329,0.750575,0.00924599
1.76004e+09,727,-0.054239,-0.0540335,0.000205516,0.731959,0.741329,0.00936995
1.76004e+09,728,-0.054446,-0.054239,0.000206933,0.722461,0.731959,0.00949795
1.76004e+09,729,-0.0546543,-0.054446,0.000208365,0.71283,0.722461,0.00963027
1.76004e+09,730,-0.0548641,-0.0546543,0.000209811,0.703063,0.71283,0.00976722
1.76004e+09,731,-0.0550754,-0.0546543,0.000421081,0.693154,0.71283,0.0196764
1.76004e+09,732,-0.0552882,-0.0550754,0.000212743,0.683098,0.693154,0.0100564
1.76004e+09,733,-0.0555024,-0.0552882,0.000214228,0.672888,0.683098,0.0102095
1.76004e+09,734,-0.0557181,-0.0555024,0.000215723,0.662519,0.672888,0.0103687
1.76004e+09,735,-0.0559353,-0.0557181,0.000217228,0.651985,0.662519,0.0105348
1.76004e+09,736,-0.0561541,-0.0559353,0.00021874,0.641276,0.651985,0.0107081
1.76004e+09,737,-0.0563743,-0.0559353,0.000438998,0.630387,0.651985,0.0215974
1.76004e+09,738,-0.0565961,-0.0561541,0.000442038,0.619308,0.641276,0.0219686
1.76004e+09,739,-0.0568194,-0.0563743,0.000445081,0.608029,0.630387,0.0223579
1.76004e+09,740,-0.0571523,-0.0565961,0.00055618,0.60784,0.619308,0.0114679
1.76004e+09,741,-0.0574875,-0.0571523,0.00033525,0.607648,0.60784,0.000192047
1.76004e+09,742,-0.0578252,-0.0574875,0.000337612,0.607453,0.607648,0.000194845
1.76004e+09,743,-0.0581651,-0.0578252,0.000339959,0.607255,0.607453,0.000197664
1.76004e+09,744,-0.0585074,-0.0581651,0.000342288,0.607055,0.607255,0.000200501
1.76004e+09,745,-0.058852,-0.0581651,0.000686884,0.606852,0.607255,0.000403854
1.76004e+09,746,-0.0591989,-0.0585074,0.000691469,0.606645,0.607055,0.000409573
1.76004e+09,747,-0.059548,-0.058852,0.000695996,0.606436,0.606852,0.000415314
1.76004e+09,748,-0.0598993,-0.0591989,0.000700452,0.606224,0.606645,0.000421071
1.76004e+09,749,-0.0602528,-0.0598993,0.000353498,0.606009,0.606224,0.000214861
1.76004e+09,750,-0.0606084,-0.0602528,0.000355618,0.605792,0.606009,0.000217745
1.76004e+09,751,-0.0609661,-0.0602528,0.000713301,0.605571,0.606009,0.000438368
1.76004e+09,752,-0.0613258,-0.0606084,0.000717375,0.605348,0.605792,0.000444117
1.76004e+09,753,-0.0616874,-0.0609661,0.000721327,0.605121,0.605571,0.000449844
1.76004e+09,754,-0.062051,-0.0613258,0.000725146,0.604892,0.605348,0.000455541
1.76004e+09,755,-0.0624163,-0.0616874,0.000728821,0.60466,0.605121,0.0004612
1.76004e+09,756,-0.0627833,-0.062051,0.000732342,0.604425,0.604892,0.000466811
1.76004e+09,757,-0.063152,-0.0624163,0.000735699,0.604188,0.60466,0.000472366
1.76004e+09,758,-0.0635222,-0.0627833,0.000738882,0.603947,0.604425,0.000477857
1.76004e+09,759,-0.0638938,-0.063152,0.000741883,0.603704,0.604188,0.000483274
1.76004e+09,760,-0.0642669,-0.0635222,0.000744691,0.603459,0.603947,0.000488609
1.76004e+09,761,-0.0646411,-0.0638938,0.000747299,0.603211,0.603704,0.000493854
1.76004e+09,762,-0.0650166,-0.0646411,0.000375423,0.60296,0.603211,0.000250773
1.76004e+09,763,-0.065393,-0.0650166,0.00037646,0.602706,0.60296,0.000253264
1.76004e+09,764,-0.0657704,-0.065393,0.000377385,0.602451,0.602706,0.000255696
1.76004e+09,765,-0.0661486,-0.0657704,0.000378194,0.602193,0.602451,0.000258064
1.76004e+09,766,-0.0665275,-0.0661486,0.000378885,0.601932,0.602193,0.000260365
1.76004e+09,767,-0.066907,-0.0665275,0.000379455,0.60167,0.601932,0.000262595
1.76004e+09,768,-0.0672869,-0.0665275,0.000759358,0.601405,0.601932,0.000527346
1.76004e+09,769,-0.0676671,-0.0672869,0.000380228,0.601138,0.601405,0.00026683
1.76004e+09,770,-0.0680475,-0.0676671,0.000380427,0.600869,0.601138,0.000268829
1.76004e+09,771,-0.068428,-0.0680475,0.000380501,0.600599,0.600869,0.000270745
1.76004e+09,772,-0.0688085,-0.068428,0.000380448,0.600326,0.600599,0.000272576
1.76004e+09,773,-0.0691887,-0.0688085,0.00038027,0.600052,0.600326,0.000274319
1.76004e+09,774,-0.0695687,-0.0688085,0.000760235,0.599776,0.600326,0.000550293
1.76004e+09,775,-0.0699482,-0.0691887,0.000759502,0.599498,0.600052,0.000553509
1.76004e+09,776,-0.0703272,-0.0695687,0.000758519,0.599219,0.599776,0.000556542
1.76004e+09,777,-0.0707055,-0.0699482,0.000757289,0.598939,0.599498,0.000559389
1.76004e+09,778,-0.071083,-0.0703272,0.000755817,0.598657,0.599219,0.000562048
1.76004e+09,779,-0.0714596,-0.071083,0.000376594,0.598374,0.598657,0.000282853
1.76004e+09,780,-0.0718352,-0.0714596,0.000375563,0.59809,0.598374,0.000283945
1.76004e+09,781,-0.0722096,-0.0718352,0.000374418,0.597805,0.59809,0.000284943
1.76004e+09,782,-0.0725828,-0.0722096,0.000373163,0.59752,0.597805,0.000285846
1.76004e+09,783,-0.0729546,-0.0725828,0.000371802,0.597233,0.59752,0.000286655
1.76004e+09,784,-0.0733249,-0.0725828,0.00074214,0.596946,0.59752,0.000574027
1.76004e+09,785,-0.0736937,-0.0729546,0.000739114,0.596658,0.597233,0.00057537
1.76004e+09,786,-0.0740608,-0.0736937,0.000367119,0.596369,0.596658,0.000288535
1.76004e+09,787,-0.0744262,-0.0740608,0.000365373,0.59608,0.596369,0.000288984
1.76004e+09,788,-0.0747897,-0.0744262,0.000363543,0.595791,0.59608,0.000289349
1.76004e+09,789,-0.0751514,-0.0747897,0.000361633,0.595501,0.595791,0.000289631
1.76004e+09,790,-0.075511,-0.0751514,0.000359648,0.595211,0.595501,0.000289835
1.76004e+09,791,-0.0758686,-0.075511,0.000357595,0.594921,0.595211,0.000289962
1.76004e+09,792,-0.0762241,-0.0758686,0.000355478,0.594631,0.594921,0.000290016
1.76004e+09,793,-0.0765774,-0.0762241,0.000353304,0.594341,0.594631,0.000290001
1.76004e+09,794,-0.0769285,-0.0765774,0.000351076,0.594051,0.594341,0.00028992
1.76004e+09,795,-0.0772773,-0.0769285,0.000348802,0.593762,0.594051,0.000289776
1.76004e+09,796,-0.0776237,-0.0772773,0.000346486,0.593472,0.593762,0.000289575
1.76004e+09,797,-0.0779679,-0.0772773,0.000690619,0.593183,0.593762,0.000578893
1.76004e+09,798,-0.0783096,-0.0779679,0.000341749,0.592894,0.593183,0.000289011
1.76004e+09,799,-0.078649,-0.0783096,0.000339338,0.592605,0.592894,0.000288656
1.76004e+09,800,-0.0789758,-0.078649,0.000326821,0.592294,0.592605,0.000311222
1.76004e+09,801,-0.0793001,-0.078649,0.000651116,0.591983,0.592605,0.00062202
1.76004e+09,802,-0.0796218,-0.0789758,0.000646051,0.591673,0.592294,0.000621134
1.76004e+09,803,-0.079941,-0.0793001,0.000640962,0.591363,0.591983,0.000620176
1.76004e+09,804,-0.0802577,-0.0796218,0.000635856,0.591053,0.591673,0.00061915
1.76004e+09,805,-0.0805718,-0.079941,0.000630741,0.590745,0.591363,0.000618064
1.76004e+09,806,-0.0808833,-0.0802577,0.000625622,0.590437,0.591053,0.000616922
1.76004e+09,807,-0.0811923,-0.0808833,0.000308974,0.590129,0.590437,0.000307561
1.76004e+09,808,-0.0814987,-0.0808833,0.000615394,0.589822,0.590437,0.000614491
1.76004e+09,809,-0.0818026,-0.0814987,0.000303874,0.589516,0.589822,0.000306281
1.76004e+09,810,-0.0821039,-0.0818026,0.000301336,0.58921,0.589516,0.000305613
1.76004e+09,811,-0.0824027,-0.0821039,0.000298808,0.588905,0.58921,0.000304928
1.76004e+09,812,-0.082699,-0.0824027,0.000296291,0.588601,0.588905,0.000304229
1.76004e+09,813,-0.0829928,-0.082699,0.000293785,0.588297,0.588601,0.000303516
1.76004e+09,814,-0.0832841,-0.0829928,0.000291293,0.587995,0.588297,0.000302791
1.76004e+09,815,-0.0835729,-0.0829928,0.000580107,0.587693,0.588297,0.000604844
1.76004e+09,816,-0.0838593,-0.0832841,0.000575163,0.587391,0.587995,0.000603358
1.76004e+09,817,-0.0841432,-0.0835729,0.000570247,0.587091,0.587693,0.000601852
1.76004e+09,818,-0.0844246,-0.0838593,0.00056536,0.586791,0.587391,0.000600325
1.76004e+09,819,-0.0847037,-0.0841432,0.000560501,0.586492,0.587091,0.000598779
1.76004e+09,820,-0.0849803,-0.0844246,0.000555672,0.586194,0.586791,0.000597215
1.76004e+09,821,-0.0852545,-0.0847037,0.000550872,0.585896,0.586492,0.000595634
1.76004e+09,822,-0.0855264,-0.0849803,0.0005461,0.5856,0.586194,0.000594036
1.76004e+09,823,-0.0857959,-0.0852545,0.000541357,0.585304,0.585896,0.000592421
1.76004e+09,824,-0.086063,-0.0855264,0.000536642,0.585009,0.5856,0.000590791
1.76004e+09,825,-0.0863278,-0.0857959,0.000531954,0.584715,0.585304,0.000589145
1.76004e+09,826,-0.0865903,-0.086063,0.000527294,0.584421,0.585009,0.000587483
1.76004e+09,827,-0.0868505,-0.0863278,0.000522659,0.584129,0.584715,0.000585806
1.76004e+09,828,-0.0871084,-0.0865903,0.000518051,0.583837,0.584421,0.000584113
1.76004e+09,829,-0.087364,-0.0868505,0.000513469,0.583547,0.584129,0.000582406
1.76004e+09,830,-0.0876173,-0.0871084,0.000508911,0.583257,0.583837,0.000580684
1.76004e+09,831,-0.0878683,-0.087364,0.000504377,0.582968,0.583547,0.000578947
1.76004e+09,832,-0.0881172,-0.0876173,0.000499867,0.582679,0.583257,0.000577196
1.76004e+09,833,-0.0883637,-0.0878683,0.000495381,0.582392,0.582968,0.00057543
1.76004e+09,834,-0.0886081,-0.0881172,0.000490917,0.582106,0.582679,0.00057365
1.76004e+09,835,-0.0888502,-0.0883637,0.000486476,0.58182,0.582392,0.000571856
1.76004e+09,836,-0.0890901,-0.0886081,0.000482057,0.581536,0.582106,0.000570048
1.76004e+09,837,-0.0893279,-0.0888502,0.000477659,0.581252,0.58182,0.000568227
1.76004e+09,838,-0.0895634,-0.0890901,0.000473283,0.580969,0.581536,0.000566392
1.76004e+09,839,-0.0897968,-0.0893279,0.000468927,0.580688,0.581252,0.000564543
1.76004e+09,840,-0.090028,-0.0895634,0.000464592,0.580407,0.580969,0.000562682
1.76004e+09,841,-0.0902571,-0.0897968,0.000460277,0.580127,0.580688,0.000560808
1.76004e+09,842,-0.090484,-0.090028,0.000455982,0.579848,0.580407,0.000558922
1.76004e+09,843,-0.0907088,-0.0902571,0.000451707,0.57957,0.580127,0.000557024
1.76004e+09,844,-0.0909314,-0.090484,0.000447451,0.579293,0.579848,0.000555113
1.76004e+09,845,-0.091152,-0.0907088,0.000443214,0.579017,0.57957,0.000553192
1.76004e+09,846,-0.0913704,-0.0909314,0.000438997,0.578741,0.579293,0.000551259
1.76004e+09,847,-0.0915868,-0.091152,0.000434798,0.578467,0.579017,0.000549315
1.76004e+09,848,-0.091801,-0.0913704,0.000430618,0.578194,0.578741,0.00054736
1.76004e+09,849,-0.0920132,-0.0915868,0.000426456,0.577922,0.578467,0.000545395
1.76004e+09,850,-0.0922234,-0.091801,0.000422312,0.577651,0.578194,0.000543421
1.76004e+09,851,-0.0924314,-0.0920132,0.000418187,0.57738,0.577922,0.000541436
1.76004e+09,852,-0.0926374,-0.0922234,0.000414079,0.577111,0.577651,0.000539442
1.76004e+09,853,-0.0928414,-0.0924314,0.000409989,0.576843,0.57738,0.00053744
1.76004e+09,854,-0.0930434,-0.0926374,0.000405917,0.576576,0.577111,0.000535428
1.76004e+09,855,-0.0932433,-0.0928414,0.000401862,0.57631,0.576843,0.000533409
1.76004e+09,856,-0.0934412,-0.0930434,0.000397824,0.576044,0.576576,0.000531381
1.76004e+09,857,-0.0936371,-0.0932433,0.000393804,0.57578,0.57631,0.000529345
1.76004e+09,858,-0.093831,-0.0934412,0.0003898,0.575517,0.576044,0.000527303
1.76004e+09,859,-0.0940229,-0.0936371,0.000385813,0.575255,0.57578,0.000525253
1.76004e+09,860,-0.0942128,-0.093831,0.000381842,0.574994,0.575517,0.000523196
1.76004e+09,861,-0.0944008,-0.0940229,0.000377889,0.574734,0.575255,0.000521132
1.76004e+09,862,-0.0945868,-0.0942128,0.000373951,0.574475,0.574994,0.000519063
1.76004e+09,863,-0.0947708,-0.0944008,0.000370029,0.574217,0.574734,0.000516987
1.76004e+09,864,-0.0949529,-0.0945868,0.000366124,0.57396,0.574475,0.000514906
1.76004e+09,865,-0.095133,-0.0947708,0.000362234,0.573704,0.574217,0.000512819
1.76004e+09,866,-0.0953113,-0.0949529,0.00035836,0.573449,0.57396,0.000510728
1.76004e+09,867,-0.0954875,-0.095133,0.000354502,0.573195,0.573704,0.000508631
1.76004e+09,868,-0.0956619,-0.0953113,0.000350658,0.572943,0.573449,0.00050653
1.76004e+09,869,-0.0958344,-0.0954875,0.00034683,0.572691,0.573195,0.000504424
1.76004e+09,870,-0.0960049,-0.0958344,0.000170557,0.57244,0.572691,0.000250629
1.76004e+09,871,-0.0961736,-0.0960049,0.000168662,0.572191,0.57244,0.000249572
1.76004e+09,872,-0.0963404,-0.0961736,0.000166774,0.571942,0.572191,0.000248512
1.76004e+09,873,-0.0965053,-0.0963404,0.000164893,0.571695,0.571942,0.000247451
1.76004e+09,874,-0.0966683,-0.0965053,0.000163019,0.571448,0.571695,0.000246389
1.76004e+09,875,-0.0968294,-0.0966683,0.000161153,0.571203,0.571448,0.000245325
1.76004e+09,876,-0.0969887,-0.0968294,0.000159293,0.570959,0.571203,0.00024426
1.76004e+09,877,-0.0971462,-0.0969887,0.00015744,0.570716,0.570959,0.000243194
1.76004e+09,878,-0.0973018,-0.0971462,0.000155595,0.570474,0.570716,0.000242126
1.76004e+09,879,-0.0974555,-0.0973018,0.000153755,0.570232,0.570474,0.000241058
1.76004e+09,880,-0.0976074,-0.0973018,0.000305679,0.569992,0.570474,0.000481047
1.76004e+09,881,-0.0977575,-0.0974555,0.00030202,0.569754,0.570232,0.000478908
1.76004e+09,882,-0.0979058,-0.0976074,0.000298375,0.569516,0.569992,0.000476768
1.76004e+09,883,-0.0980523,-0.0977575,0.000294743,0.569279,0.569754,0.000474626
1.76004e+09,884,-0.0981969,-0.0980523,0.000144659,0.569043,0.569279,0.000235706
1.76004e+09,885,-0.0983398,-0.0980523,0.000287517,0.568809,0.569279,0.000470341
1.76004e+09,886,-0.0984809,-0.0983398,0.000141064,0.568575,0.568809,0.000233563
1.76004e+09,887,-0.0986201,-0.0984809,0.000139276,0.568343,0.568575,0.000232491
1.76004e+09,888,-0.0987576,-0.0986201,0.000137495,0.568111,0.568343,0.000231418
1.76004e+09,889,-0.0988934,-0.0987576,0.000135719,0.567881,0.568111,0.000230346
1.76004e+09,890,-0.0990273,-0.0987576,0.000269668,0.567651,0.568111,0.000459621
1.76004e+09,891,-0.0991595,-0.0990273,0.000132185,0.567423,0.567651,0.000228203
1.76004e+09,892,-0.0992899,-0.0991595,0.000130426,0.567196,0.567423,0.000227132
1.76004e+09,893,-0.0994186,-0.0992899,0.000128674,0.56697,0.567196,0.000226061
1.76004e+09,894,-0.0995455,-0.0994186,0.000126927,0.566745,0.56697,0.000224991
1.76004e+09,895,-0.0996707,-0.0994186,0.000252112,0.566521,0.56697,0.000448913
1.76004e+09,896,-0.0997941,-0.0995455,0.000248634,0.566298,0.566745,0.000446774
1.76004e+09,897,-0.0999159,-0.0997941,0.000121718,0.566077,0.566298,0.000221785
1.76004e+09,898,-0.100036,-0.0997941,0.000241711,0.565856,0.566298,0.000442502
1.76004e+09,899,-0.100154,-0.100036,0.000118272,0.565636,0.565856,0.000219651
1.76004e+09,900,-0.100271,-0.100154,0.000116557,0.565418,0.565636,0.000218586
1.76004e+09,901,-0.100386,-0.100271,0.000114847,0.5652,0.565418,0.000217522
1.76004e+09,902,-0.100499,-0.100386,0.000113142,0.564984,0.5652,0.000216459
1.76004e+09,903,-0.10061,-0.100499,0.000111442,0.564768,0.564984,0.000215398
1.76004e+09,904,-0.10072,-0.10061,0.000109747,0.564554,0.564768,0.000214338
1.76004e+09,905,-0.100828,-0.10072,0.000108057,0.564341,0.564554,0.000213279
1.76004e+09,906,-0.100934,-0.10072,0.000214428,0.564128,0.564554,0.000425501
1.76004e+09,907,-0.101039,-0.100934,0.00010469,0.563917,0.564128,0.000211166
1.76004e+09,908,-0.101142,-0.101039,0.000103014,0.563707,0.563917,0.000210113
1.76004e+09,909,-0.101243,-0.101142,0.000101342,0.563498,0.563707,0.000209061
1.76004e+09,910,-0.101343,-0.101243,9.96744e-05,0.56329,0.563498,0.00020801
1.76004e+09,911,-0.101441,-0.101343,9.80112e-05,0.563083,0.56329,0.000206962
1.76004e+09,912,-0.101537,-0.101343,0.000194364,0.562877,0.56329,0.000412878
1.76004e+09,913,-0.101632,-0.101441,0.00019105,0.562672,0.563083,0.000410787
1.76004e+09,914,-0.101725,-0.101537,0.000187745,0.562468,0.562877,0.000408701
1.76004e+09,915,-0.101817,-0.101632,0.000184448,0.562266,0.562672,0.000406619
1.76004e+09,916,-0.101906,-0.101725,0.000181159,0.562064,0.562468,0.000404542
1.76004e+09,917,-0.101994,-0.101817,0.000177878,0.561863,0.562266,0.000402469
1.76004e+09,918,-0.102081,-0.101906,0.000174605,0.561663,0.562064,0.000400401
1.76004e+09,919,-0.102166,-0.102081,8.48546e-05,0.561465,0.561663,0.000198653
1.76004e+09,920,-0.102249,-0.102081,0.000168082,0.561267,0.561663,0.000396279
1.76004e+09,921,-0.102331,-0.102249,8.16041e-05,0.561071,0.561267,0.0001966
1.76004e+09,922,-0.102411,-0.102331,7.99843e-05,0.560875,0.561071,0.000195578
1.76004e+09,923,-0.102489,-0.102411,7.8368e-05,0.56068,0.560875,0.000194558
1.76004e+09,924,-0.102566,-0.102411,0.000155123,0.560487,0.560875,0.000388099
1.76004e+09,925,-0.102641,-0.102566,7.51457e-05,0.560294,0.560487,0.000192527
1.76004e+09,926,-0.102714,-0.102566,0.000148685,0.560103,0.560487,0.000384043
1.76004e+09,927,-0.102786,-0.102641,0.000145476,0.559912,0.560294,0.000382024
1.76004e+09,928,-0.102857,-0.102714,0.000142274,0.559723,0.560103,0.000380011
1.76004e+09,929,-0.102925,-0.102786,0.000139077,0.559534,0.559912,0.000378004
1.76004e+09,930,-0.102993,-0.102857,0.000135887,0.559347,0.559723,0.000376003
1.76004e+09,931,-0.103058,-0.102925,0.000132703,0.55916,0.559534,0.000374009
1.76004e+09,932,-0.103122,-0.102993,0.000129525,0.558975,0.559347,0.000372021
1.76004e+09,933,-0.103184,-0.103058,0.000126352,0.55879,0.55916,0.000370041
1.76004e+09,934,-0.103245,-0.103122,0.000123185,0.558607,0.558975,0.000368067
1.76004e+09,935,-0.103304,-0.103184,0.000120024,0.558424,0.55879,0.0003661
1.76004e+09,936,-0.103362,-0.103304,5.76454e-05,0.558243,0.558424,0.000181581
1.76004e+09,937,-0.103418,-0.103362,5.60713e-05,0.558062,0.558243,0.000180606
1.76004e+09,938,-0.103473,-0.103418,5.44996e-05,0.557882,0.558062,0.000179635
1.76004e+09,939,-0.103526,-0.103473,5.29304e-05,0.557704,0.557882,0.000178668
1.76004e+09,940,-0.103577,-0.103473,0.000104294,0.557526,0.557882,0.000356373
1.76004e+09,941,-0.103627,-0.103577,4.9799e-05,0.557349,0.557526,0.000176745
1.76004e+09,942,-0.103675,-0.103627,4.82367e-05,0.557174,0.557349,0.00017579
1.76004e+09,943,-0.103722,-0.103675,4.66765e-05,0.556999,0.557174,0.000174838
1.76004e+09,944,-0.103767,-0.103722,4.51185e-05,0.556825,0.556999,0.00017389
1.76004e+09,945,-0.10381,-0.103722,8.8681e-05,0.556652,0.556999,0.000346837
1.76004e+09,946,-0.103852,-0.10381,4.20085e-05,0.55648,0.556652,0.000172008
1.76004e+09,947,-0.103893,-0.103852,4.04564e-05,0.556309,0.55648,0.000171072
1.76004e+09,948,-0.103932,-0.103852,7.93624e-05,0.556139,0.55648,0.000341214
1.76004e+09,949,-0.103969,-0.103932,3.73576e-05,0.555969,0.556139,0.000169215
1.76004e+09,950,-0.104005,-0.103969,3.58108e-05,0.555801,0.555969,0.000168293
1.76004e+09,951,-0.104039,-0.104005,3.42656e-05,0.555634,0.555801,0.000167375
1.76004e+09,952,-0.104072,-0.104039,3.2722e-05,0.555467,0.555634,0.000166462
1.76004e+09,953,-0.104103,-0.104039,6.3902e-05,0.555302,0.555634,0.000332015
1.76004e+09,954,-0.104133,-0.104072,6.08193e-05,0.555137,0.555467,0.000330203
1.76004e+09,955,-0.104161,-0.104133,2.81001e-05,0.554973,0.555137,0.00016375
1.76004e+09,956,-0.104187,-0.104161,2.65621e-05,0.55481,0.554973,0.000162855
1.76004e+09,957,-0.104212,-0.104187,2.50255e-05,0.554648,0.55481,0.000161965
1.76004e+09,958,-0.104236,-0.104212,2.349e-05,0.554487,0.554648,0.00016108
1.76004e+09,959,-0.104258,-0.104236,2.19556e-05,0.554327,0.554487,0.0001602
1.76004e+09,960,-0.104278,-0.104236,4.23778e-05,0.554168,0.554487,0.000319525
1.76004e+09,961,-0.104297,-0.104258,3.93122e-05,0.554009,0.554327,0.00031778
1.76004e+09,962,-0.104315,-0.104278,3.62484e-05,0.553852,0.554168,0.000316044
1.76004e+09,963,-0.10433,-0.104297,3.31865e-05,0.553695,0.554009,0.000314319
1.76004e+09,964,-0.104345,-0.10433,1.42982e-05,0.553539,0.553695,0.000155875
1.76004e+09,965,-0.104357,-0.104345,1.27692e-05,0.553384,0.553539,0.000155025
1.76004e+09,966,-0.104369,-0.104357,1.12408e-05,0.55323,0.553384,0.000154181
1.76004e+09,967,-0.104378,-0.104369,9.71304e-06,0.553077,0.55323,0.000153342
1.76004e+09,968,-0.104387,-0.104378,8.18582e-06,0.552924,0.553077,0.000152508
1.76004e+09,969,-0.104393,-0.104387,6.65906e-06,0.552772,0.552924,0.00015168
1.76004e+09,970,-0.104398,-0.104387,1.17918e-05,0.552622,0.552924,0.000302537
1.76004e+09,971,-0.104402,-0.104398,3.60669e-06,0.552472,0.552622,0.00015004
1.76004e+09,972,-0.104404,-0.104402,2.08095e-06,0.552322,0.552472,0.000149229
1.76004e+09,973,-0.104405,-0.104404,5.55429e-07,0.552174,0.552322,0.000148423
1.76004e+09,974,-0.104404,-0.104404,-4.14521e-07,0.552026,0.552322,0.000296046
1.76004e+09,975,-0.104401,-0.104404,-2.49525e-06,0.551879,0.552026,0.000146829
1.76004e+09,976,-0.104397,-0.104404,-6.51577e-06,0.551733,0.552026,0.00029287
1.76004e+09,977,-0.104392,-0.104401,-9.56638e-06,0.551588,0.551879,0.000291299
1.76004e+09,978,-0.104384,-0.104397,-1.26171e-05,0.551444,0.551733,0.00028974
1.76004e+09,979,-0.104376,-0.104392,-1.56682e-05,0.5513,0.551588,0.000288193
1.76004e+09,980,-0.104366,-0.104384,-1.87197e-05,0.551157,0.551444,0.000286659
1.76004e+09,981,-0.104354,-0.104366,-1.16489e-05,0.551015,0.551157,0.000142189
1.76004e+09,982,-0.104341,-0.104354,-1.31755e-05,0.550873,0.551015,0.000141437
1.76004e+09,983,-0.104326,-0.104354,-2.78779e-05,0.550733,0.551015,0.000282129
1.76004e+09,984,-0.10431,-0.104326,-1.62299e-05,0.550593,0.550733,0.000139953
1.76004e+09,985,-0.104292,-0.104326,-3.39878e-05,0.550454,0.550733,0.000279172
1.76004e+09,986,-0.104273,-0.10431,-3.70445e-05,0.550315,0.550593,0.000277713
1.76004e+09,987,-0.104252,-0.104273,-2.08159e-05,0.550177,0.550315,0.000137774
1.76004e+09,988,-0.10423,-0.104252,-2.2346e-05,0.55004,0.550177,0.00013706
1.76004e+09,989,-0.104206,-0.10423,-2.3877e-05,0.549904,0.55004,0.000136354
1.76004e+09,990,-0.104181,-0.104206,-2.54088e-05,0.549768,0.549904,0.000135654
1.76004e+09,991,-0.104154,-0.104181,-2.69416e-05,0.549633,0.549768,0.000134961
1.76004e+09,992,-0.104125,-0.104154,-2.84754e-05,0.549499,0.549633,0.000134275
1.76004e+09,993,-0.104095,-0.104154,-5.84856e-05,0.549365,0.549633,0.00026787
1.76004e+09,994,-0.104064,-0.104095,-3.15463e-05,0.549232,0.549365,0.000132923
1.76004e+09,995,-0.10403,-0.104095,-6.46298e-05,0.5491,0.549365,0.000265182
1.76004e+09,996,-0.103996,-0.10403,-3.4622e-05,0.548969,0.5491,0.0001316
1.76004e+09,997,-0.10396,-0.103996,-3.61619e-05,0.548838,0.548969,0.000130949
1.76004e+09,998,-0.103922,-0.10396,-3.77031e-05,0.548707,0.548838,0.000130306
1.76004e+09,999,-0.103883,-0.103922,-3.92459e-05,0.548578,0.548707,0.000129669
1.76004e+09,1000,-0.103842,-0.103883,-4.07901e-05,0.548449,0.548578,0.000129041
1.76004e+09,1001,-0.1038,-0.103842,-4.2336e-05,0.54832,0.548449,0.000128419
1.76004e+09,1002,-0.103756,-0.1038,-4.38836e-05,0.548192,0.54832,0.000127805
1.76004e+09,1003,-0.10371,-0.103756,-4.54329e-05,0.548065,0.548192,0.000127199
1.76004e+09,1004,-0.103663,-0.10371,-4.69839e-05,0.547939,0.548065,0.000126601
1.76004e+09,1005,-0.103615,-0.10371,-9.55208e-05,0.547813,0.548065,0.000252611
1.76004e+09,1006,-0.103565,-0.103663,-9.86287e-05,0.547687,0.547939,0.000251437
1.76004e+09,1007,-0.103513,-0.103615,-0.00010174,0.547562,0.547813,0.000250279
1.76004e+09,1008,-0.10346,-0.103565,-0.000104856,0.547438,0.547687,0.000249137
1.76004e+09,1009,-0.103405,-0.103513,-0.000107976,0.547314,0.547562,0.000248011
1.76004e+09,1010,-0.103349,-0.103405,-5.63319e-05,0.547191,0.547314,0.000123176
1.76004e+09,1011,-0.103291,-0.103349,-5.78975e-05,0.547069,0.547191,0.000122633
1.76004e+09,1012,-0.103231,-0.103291,-5.94653e-05,0.546946,0.547069,0.000122099
1.76004e+09,1013,-0.10317,-0.103231,-6.10356e-05,0.546825,0.546946,0.000121573
1.76004e+09,1014,-0.103108,-0.103231,-0.000123644,0.546704,0.546946,0.000242629
1.76004e+09,1015,-0.103044,-0.103108,-6.41835e-05,0.546583,0.546704,0.000120547
1.76004e+09,1016,-0.102978,-0.103044,-6.57613e-05,0.546463,0.546583,0.000120047
1.76004e+09,1017,-0.10291,-0.102978,-6.73418e-05,0.546344,0.546463,0.000119555
1.76004e+09,1018,-0.102841,-0.10291,-6.8925e-05,0.546225,0.546344,0.000119073
1.76004e+09,1019,-0.102771,-0.102841,-7.0511e-05,0.546106,0.546225,0.000118599
1.76004e+09,1020,-0.102699,-0.102841,-0.000142611,0.545988,0.546225,0.000236733
1.76004e+09,1021,-0.102625,-0.102771,-0.000145792,0.54587,0.546106,0.000235813
1.76004e+09,1022,-0.10255,-0.102699,-0.000148978,0.545753,0.545988,0.000234911
1.76004e+09,1023,-0.102473,-0.102625,-0.000152171,0.545636,0.54587,0.000234027
1.76004e+09,1024,-0.102395,-0.102473,-7.84853e-05,0.54552,0.545636,0.000116367
1.76004e+09,1025,-0.102314,-0.102473,-0.000158575,0.545404,0.545636,0.000232316
1.76004e+09,1026,-0.102233,-0.102395,-0.000161786,0.545288,0.54552,0.000231489
1.76004e+09,1027,-0.102149,-0.102233,-8.33077e-05,0.545173,0.545288,0.000115141
1.76004e+09,1028,-0.102065,-0.102149,-8.49219e-05,0.545058,0.545173,0.000114751
1.76004e+09,1029,-0.101978,-0.102065,-8.65395e-05,0.544944,0.545058,0.000114372
1.76004e+09,1030,-0.10189,-0.101978,-8.81607e-05,0.54483,0.544944,0.000114002
1.76004e+09,1031,-0.1018,-0.101978,-0.000177946,0.544716,0.544944,0.000227644
1.76004e+09,1032,-0.101709,-0.10189,-0.0001812,0.544603,0.54483,0.000226935
1.76004e+09,1033,-0.101616,-0.101709,-9.30462e-05,0.54449,0.544603,0.000112953
1.76004e+09,1034,-0.101521,-0.101709,-0.000187728,0.544377,0.544603,0.000225577
1.76004e+09,1035,-0.101425,-0.101616,-0.000191004,0.544265,0.54449,0.00022493
1.76004e+09,1036,-0.101327,-0.101425,-9.7966e-05,0.544153,0.544265,0.000111998
1.76004e+09,1037,-0.101227,-0.101327,-9.96139e-05,0.544041,0.544153,0.0001117
1.76004e+09,1038,-0.101126,-0.101327,-0.00020088,0.54393,0.544153,0.000223114
1.76004e+09,1039,-0.101023,-0.101227,-0.000204188,0.543819,0.544041,0.000222552
1.76004e+09,1040,-0.100918,-0.101023,-0.000104582,0.543708,0.543819,0.000110874
1.76004e+09,1041,-0.100812,-0.100918,-0.000106247,0.543597,0.543708,0.00011062
1.76004e+09,1042,-0.100704,-0.100812,-0.000107916,0.543487,0.543597,0.000110378
1.76004e+09,1043,-0.100594,-0.100812,-0.000217505,0.543377,0.543597,0.000220525
1.76004e+09,1044,-0.100483,-0.100594,-0.000111267,0.543267,0.543377,0.000109928
1.76004e+09,1045,-0.10037,-0.100594,-0.000224217,0.543157,0.543377,0.000219648
1.76004e+09,1046,-0.100256,-0.10037,-0.000114637,0.543048,0.543157,0.000109524
1.76004e+09,1047,-0.100139,-0.100256,-0.000116329,0.542938,0.543048,0.00010934
1.76004e+09,1048,-0.100021,-0.100139,-0.000118026,0.542829,0.542938,0.000109167
1.76004e+09,1049,-0.0999015,-0.100021,-0.000119728,0.54272,0.542829,0.000109007
1.76004e+09,1050,-0.0997801,-0.0999015,-0.000121434,0.542611,0.54272,0.000108859
1.76004e+09,1051,-0.0996569,-0.0997801,-0.000123146,0.542503,0.542611,0.000108724
1.76004e+09,1052,-0.0995321,-0.0996569,-0.000124862,0.542394,0.542503,0.000108601
1.76004e+09,1053,-0.0994055,-0.0995321,-0.000126584,0.542286,0.542394,0.000108491
1.76004e+09,1054,-0.0992772,-0.0994055,-0.000128311,0.542177,0.542286,0.000108393
1.76004e+09,1055,-0.0991471,-0.0992772,-0.000130043,0.542069,0.542177,0.000108308
1.76004e+09,1056,-0.0990154,-0.0991471,-0.000131781,0.541961,0.542069,0.000108237
1.76004e+09,1057,-0.0988818,-0.0990154,-0.000133524,0.541852,0.541961,0.000108178
1.76004e+09,1058,-0.0987466,-0.0988818,-0.000135273,0.541744,0.541852,0.000108133
1.76004e+09,1059,-0.0986095,-0.0987466,-0.000137027,0.541636,0.541744,0.000108102
1.76004e+09,1060,-0.0984708,-0.0986095,-0.000138787,0.541528,0.541636,0.000108084
1.76004e+09,1061,-0.0983302,-0.0984708,-0.000140553,0.54142,0.541528,0.00010808
1.76004e+09,1062,-0.0981879,-0.0984708,-0.000282878,0.541312,0.541528,0.00021617
1.76004e+09,1063,-0.0980438,-0.0983302,-0.000286427,0.541204,0.54142,0.000216204
1.76004e+09,1064,-0.0978979,-0.0981879,-0.000289988,0.541096,0.541312,0.000216267
1.76004e+09,1065,-0.0977502,-0.0980438,-0.00029356,0.540987,0.541204,0.000216358
1.76004e+09,1066,-0.0976007,-0.0978979,-0.000297146,0.540879,0.541096,0.000216478
1.76004e+09,1067,-0.0974495,-0.0977502,-0.000300743,0.540771,0.540987,0.000216628
1.76004e+09,1068,-0.0972964,-0.0976007,-0.000304353,0.540662,0.540879,0.000216808
1.76004e+09,1069,-0.0971415,-0.0974495,-0.000307975,0.540554,0.540771,0.000217017
1.76004e+09,1070,-0.0969848,-0.0972964,-0.000311611,0.540445,0.540662,0.000217257
1.76004e+09,1071,-0.0968262,-0.0969848,-0.000158543,0.540336,0.540445,0.000108836
1.76004e+09,1072,-0.0966659,-0.0969848,-0.00031892,0.540227,0.540445,0.00021783
1.76004e+09,1073,-0.0965036,-0.0968262,-0.000322595,0.540118,0.540336,0.000218163
1.76004e+09,1074,-0.0963396,-0.0966659,-0.000326283,0.540009,0.540227,0.000218529
1.76004e+09,1075,-0.0961737,-0.0963396,-0.000165919,0.539899,0.540009,0.000109566
1.76004e+09,1076,-0.0960059,-0.0961737,-0.00016778,0.539789,0.539899,0.00010979
1.76004e+09,1077,-0.0958362,-0.0960059,-0.000169648,0.539679,0.539789,0.00011003
1.76004e+09,1078,-0.0956647,-0.0958362,-0.000171523,0.539569,0.539679,0.000110286
1.76004e+09,1079,-0.0954913,-0.0956647,-0.000173406,0.539459,0.539569,0.00011056
1.76004e+09,1080,-0.095316,-0.0956647,-0.000348701,0.539348,0.539569,0.000221411
1.76004e+09,1081,-0.0951388,-0.0954913,-0.000352487,0.539237,0.539459,0.00022201
1.76004e+09,1082,-0.0949597,-0.0951388,-0.000179096,0.539125,0.539237,0.000111485
1.76004e+09,1083,-0.0947787,-0.0949597,-0.000181007,0.539013,0.539125,0.000111829
1.76004e+09,1084,-0.0945958,-0.0949597,-0.000363933,0.538901,0.539125,0.000224019
1.76004e+09,1085,-0.0944109,-0.0947787,-0.000367778,0.538788,0.539013,0.000224761
1.76004e+09,1086,-0.0942241,-0.0945958,-0.000371639,0.538676,0.538901,0.000225539
1.76004e+09,1087,-0.0940354,-0.0944109,-0.000375515,0.538562,0.538788,0.000226355
1.76004e+09,1088,-0.0938447,-0.0942241,-0.000379406,0.538448,0.538676,0.000227208
1.76004e+09,1089,-0.0936521,-0.0940354,-0.000383314,0.538334,0.538562,0.0002281
1.76004e+09,1090,-0.0934575,-0.0938447,-0.000387236,0.538219,0.538448,0.000229029
1.76004e+09,1091,-0.0932609,-0.0936521,-0.000391175,0.538104,0.538334,0.000229998
1.76004e+09,1092,-0.0930624,-0.0934575,-0.00039513,0.537988,0.538219,0.000231007
1.76004e+09,1093,-0.0928618,-0.0932609,-0.000399101,0.537872,0.538104,0.000232055
1.76004e+09,1094,-0.0926593,-0.0930624,-0.000403089,0.537755,0.537988,0.000233144
1.76004e+09,1095,-0.0924547,-0.0928618,-0.000407093,0.537638,0.537872,0.000234274
1.76004e+09,1096,-0.0922482,-0.0926593,-0.000411114,0.53752,0.537755,0.000235445
1.76004e+09,1097,-0.0920396,-0.0922482,-0.000208587,0.537401,0.53752,0.000118638
1.76004e+09,1098,-0.091829,-0.0920396,-0.000210619,0.537282,0.537401,0.000119276
1.76004e+09,1099,-0.0916163,-0.091829,-0.000212659,0.537162,0.537282,0.000119937
1.76004e+09,1100,-0.0914016,-0.091829,-0.000427367,0.537041,0.537282,0.000240555
1.76004e+09,1101,-0.0911848,-0.0916163,-0.000431473,0.53692,0.537162,0.000241942
1.76004e+09,1102,-0.090966,-0.0914016,-0.000435598,0.536798,0.537041,0.000243373
1.76004e+09,1103,-0.0907451,-0.090966,-0.000220908,0.536675,0.536798,0.0001228
1.76004e+09,1104,-0.0905221,-0.0907451,-0.000222993,0.536551,0.536675,0.000123572
1.76004e+09,1105,-0.090297,-0.0905221,-0.000225087,0.536427,0.536551,0.000124368
1.76004e+09,1106,-0.0900698,-0.090297,-0.000227191,0.536302,0.536427,0.000125188
1.76004e+09,1107,-0.0898405,-0.090297,-0.000456496,0.536176,0.536427,0.000251219
1.76004e+09,1108,-0.0896091,-0.0900698,-0.000460733,0.536049,0.536302,0.000252931
1.76004e+09,1109,-0.0893755,-0.0896091,-0.000233561,0.535921,0.536049,0.000127792
1.76004e+09,1110,-0.0891398,-0.0896091,-0.000469266,0.535792,0.536049,0.000256501
1.76004e+09,1111,-0.088902,-0.0893755,-0.000473563,0.535663,0.535921,0.000258361
1.76004e+09,1112,-0.0886619,-0.0891398,-0.000477882,0.535532,0.535792,0.000260272
1.76004e+09,1113,-0.0884197,-0.088902,-0.000482222,0.535401,0.535663,0.000262235
1.76004e+09,1114,-0.0881754,-0.0884197,-0.000244386,0.535268,0.535401,0.000132635
1.76004e+09,1115,-0.0879288,-0.0884197,-0.00049097,0.535134,0.535401,0.000266318
1.76004e+09,1116,-0.08768,-0.0881754,-0.000495378,0.535,0.535268,0.000268439
1.76004e+09,1117,-0.087429,-0.08768,-0.000251016,0.534864,0.535,0.000135859
1.76004e+09,1118,-0.0871757,-0.087429,-0.000253251,0.534727,0.534864,0.000136989
1.76004e+09,1119,-0.0869202,-0.0871757,-0.000255498,0.534589,0.534727,0.000138147
1.76004e+09,1120,-0.0866625,-0.0869202,-0.000257759,0.534449,0.534589,0.000139334
1.76004e+09,1121,-0.0864024,-0.0869202,-0.000517791,0.534309,0.534589,0.000279883
1.76004e+09,1122,-0.0861401,-0.0866625,-0.000522353,0.534167,0.534449,0.000282345
1.76004e+09,1123,-0.0858755,-0.0861401,-0.000264622,0.534024,0.534167,0.000143071
1.76004e+09,1124,-0.0856085,-0.0858755,-0.000266938,0.533879,0.534024,0.000144377
1.76004e+09,1125,-0.0853393,-0.0856085,-0.000269268,0.533734,0.533879,0.000145715
1.76004e+09,1126,-0.0850677,-0.0853393,-0.000271613,0.533587,0.533734,0.000147083
1.76004e+09,1127,-0.0847937,-0.0850677,-0.000273972,0.533438,0.533587,0.000148484
1.76004e+09,1128,-0.0845173,-0.0850677,-0.000550318,0.533288,0.533587,0.000298401
1.76004e+09,1129,-0.0842386,-0.0845173,-0.000278734,0.533137,0.533288,0.000151383
1.76004e+09,1130,-0.0839575,-0.0842386,-0.000281136,0.532984,0.533137,0.000152882
1.76004e+09,1131,-0.0836739,-0.0839575,-0.000283551,0.53283,0.532984,0.000154415
1.76004e+09,1132,-0.0833879,-0.0836739,-0.000285979,0.532674,0.53283,0.000155981
1.76004e+09,1133,-0.0830995,-0.0833879,-0.000288419,0.532516,0.532674,0.000157582
1.76004e+09,1134,-0.0828087,-0.0830995,-0.000290869,0.532357,0.532516,0.000159217
1.76004e+09,1135,-0.0825153,-0.0830995,-0.000584198,0.532196,0.532516,0.000320104
1.76004e+09,1136,-0.0822195,-0.0828087,-0.000589124,0.532033,0.532357,0.000323479
1.76004e+09,1137,-0.0819213,-0.0825153,-0.000594062,0.531869,0.532196,0.000326923
1.76004e+09,1138,-0.0816205,-0.0819213,-0.000300741,0.531703,0.531869,0.000166105
1.76004e+09,1139,-0.0813173,-0.0816205,-0.000303216,0.531535,0.531703,0.000167914
1.76004e+09,1140,-0.0810013,-0.0813173,-0.000316032,0.53134,0.531535,0.000195013
1.76004e+09,1141,-0.0806828,-0.0810013,-0.000318426,0.531143,0.53134,0.000196911
1.76004e+09,1142,-0.080362,-0.0810013,-0.000639234,0.530944,0.53134,0.000395754
1.76004e+09,1143,-0.0800389,-0.0806828,-0.000643982,0.530743,0.531143,0.000399649
1.76004e+09,1144,-0.0797133,-0.080362,-0.000648695,0.530541,0.530944,0.000403608
1.76004e+09,1145,-0.0793855,-0.0797133,-0.000327843,0.530336,0.530541,0.000204828
1.76004e+09,1146,-0.0790554,-0.0793855,-0.000330136,0.530129,0.530336,0.000206883
1.76004e+09,1147,-0.078723,-0.0790554,-0.000332394,0.52992,0.530129,0.000208967
1.76004e+09,1148,-0.0783884,-0.078723,-0.000334614,0.529709,0.52992,0.000211077
1.76004e+09,1149,-0.0780516,-0.078723,-0.000671403,0.529496,0.52992,0.000424289
1.76004e+09,1150,-0.0777127,-0.0783884,-0.000675705,0.52928,0.529709,0.000428584
1.76004e+09,1151,-0.0773717,-0.0780516,-0.000679902,0.529063,0.529496,0.000432923
1.76004e+09,1152,-0.0770287,-0.0773717,-0.000342997,0.528843,0.529063,0.000219752
1.76004e+09,1153,-0.0766837,-0.0770287,-0.000344943,0.528621,0.528843,0.000221969
1.76004e+09,1154,-0.0763369,-0.0766837,-0.000346817,0.528397,0.528621,0.000224202
1.76004e+09,1155,-0.0759883,-0.0763369,-0.000348616,0.52817,0.528397,0.000226448
1.76004e+09,1156,-0.075638,-0.0763369,-0.000698949,0.527942,0.528397,0.000455151
1.76004e+09,1157,-0.075286,-0.075638,-0.000351965,0.527711,0.527942,0.000230967
1.76004e+09,1158,-0.0749325,-0.075286,-0.000353506,0.527477,0.527711,0.000233236
1.76004e+09,1159,-0.0745775,-0.0749325,-0.000354952,0.527242,0.527477,0.000235507
1.76004e+09,1160,-0.0742212,-0.0749325,-0.000711249,0.527004,0.527477,0.000473284
1.76004e+09,1161,-0.0738637,-0.0745775,-0.000713838,0.526764,0.527242,0.000477823
1.76004e+09,1162,-0.073505,-0.0742212,-0.000716216,0.526522,0.527004,0.000482352
1.76004e+09,1163,-0.0731453,-0.0738637,-0.000718377,0.526277,0.526764,0.000486866
1.76004e+09,1164,-0.0727847,-0.073505,-0.000720312,0.52603,0.526522,0.000491359
1.76004e+09,1165,-0.0724233,-0.0731453,-0.000722017,0.525781,0.526277,0.000495826
1.76004e+09,1166,-0.0720612,-0.0727847,-0.000723486,0.52553,0.52603,0.00050026
1.76004e+09,1167,-0.0716986,-0.0720612,-0.000362634,0.525277,0.52553,0.000253423
1.76004e+09,1168,-0.0713355,-0.0716986,-0.000363065,0.525021,0.525277,0.000255588
1.76004e+09,1169,-0.0709722,-0.0713355,-0.000363371,0.524763,0.525021,0.000257727
1.76004e+09,1170,-0.0706086,-0.0713355,-0.000726922,0.524504,0.525021,0.000517564
1.76004e+09,1171,-0.070245,-0.0709722,-0.000727157,0.524242,0.524763,0.000521754
1.76004e+09,1172,-0.0698815,-0.070245,-0.000363533,0.523978,0.524242,0.000263963
1.76004e+09,1173,-0.0695181,-0.0698815,-0.000363333,0.523712,0.523978,0.000265973
1.76004e+09,1174,-0.0691551,-0.0695181,-0.000363008,0.523444,0.523712,0.000267944
1.76004e+09,1175,-0.0687926,-0.0691551,-0.000362556,0.523174,0.523444,0.000269876
1.76004e+09,1176,-0.0684306,-0.0687926,-0.000361981,0.522902,0.523174,0.000271766
1.76004e+09,1177,-0.0680693,-0.0687926,-0.000723264,0.522628,0.523174,0.000545376
1.76004e+09,1178,-0.0677088,-0.0684306,-0.000721746,0.522353,0.522902,0.000549022
1.76004e+09,1179,-0.0673493,-0.0680693,-0.000719988,0.522076,0.522628,0.000552574
1.76004e+09,1180,-0.0669908,-0.0677088,-0.000717996,0.521797,0.522353,0.000556032
1.76004e+09,1181,-0.0666335,-0.0673493,-0.000715774,0.521517,0.522076,0.000559391
1.76004e+09,1182,-0.0662775,-0.0669908,-0.000713329,0.521234,0.521797,0.000562651
1.76004e+09,1183,-0.0659229,-0.0666335,-0.000710668,0.520951,0.521517,0.00056581
1.76004e+09,1184,-0.0655697,-0.0662775,-0.000707797,0.520666,0.521234,0.000568868
1.76004e+09,1185,-0.0652181,-0.0659229,-0.000704726,0.520379,0.520951,0.000571822
1.76004e+09,1186,-0.0648683,-0.0655697,-0.000701463,0.520091,0.520666,0.000574673
1.76004e+09,1187,-0.0645201,-0.0652181,-0.000698016,0.519801,0.520379,0.000577422
1.76004e+09,1188,-0.0641739,-0.0648683,-0.000694396,0.519511,0.520091,0.00058007
1.76004e+09,1189,-0.0638295,-0.0645201,-0.000690613,0.519219,0.519801,0.000582616
1.76004e+09,1190,-0.0634872,-0.0641739,-0.000686676,0.518926,0.519511,0.000585063
1.76004e+09,1191,-0.0631469,-0.0638295,-0.000682597,0.518631,0.519219,0.000587413
1.76004e+09,1192,-0.0628088,-0.0634872,-0.000678386,0.518336,0.518926,0.000589668
1.76004e+09,1193,-0.0624729,-0.0631469,-0.000674055,0.51804,0.518631,0.00059183
1.76004e+09,1194,-0.0621392,-0.0628088,-0.000669614,0.517742,0.518336,0.000593903
1.76004e+09,1195,-0.0618078,-0.0624729,-0.000665075,0.517444,0.51804,0.000595889
1.76004e+09,1196,-0.0614787,-0.0621392,-0.000660447,0.517144,0.517742,0.000597793
1.76004e+09,1197,-0.0611521,-0.0618078,-0.000655742,0.516844,0.517444,0.000599616
1.76004e+09,1198,-0.0608278,-0.0614787,-0.00065097,0.516543,0.517144,0.000601364
1.76004e+09,1199,-0.0605059,-0.0611521,-0.000646141,0.516241,0.516844,0.000603039
1.76004e+09,1200,-0.0603006,-0.0608278,-0.000527116,0.528747,0.516543,-0.012204
1.76004e+09,1201,-0.0600971,-0.0605059,-0.000408843,0.540981,0.516241,-0.0247396
1.76004e+09,1202,-0.0598952,-0.0603006,-0.000405475,0.552959,0.528747,-0.0242123
1.76004e+09,1203,-0.059695,-0.0598952,-0.00020019,0.564698,0.552959,-0.0117388
1.76004e+09,1204,-0.0594965,-0.0598952,-0.000398669,0.576211,0.552959,-0.0232515
1.76004e+09,1205,-0.0592997,-0.059695,-0.000395243,0.58751,0.564698,-0.0228118
1.76004e+09,1206,-0.0591047,-0.0592997,-0.000195047,0.598606,0.58751,-0.0110965
1.76004e+09,1207,-0.0589114,-0.0591047,-0.00019333,0.609511,0.598606,-0.0109042
1.76004e+09,1208,-0.0587197,-0.0589114,-0.000191616,0.620232,0.609511,-0.0107212
1.76004e+09,1209,-0.0585298,-0.0587197,-0.000189906,0.630778,0.620232,-0.0105466
1.76004e+09,1210,-0.0583416,-0.0585298,-0.000188202,0.641158,0.630778,-0.0103798
1.76004e+09,1211,-0.0581551,-0.0585298,-0.000374709,0.651378,0.630778,-0.0205998
1.76004e+09,1212,-0.0579703,-0.0583416,-0.000371327,0.661445,0.641158,-0.020287
1.76004e+09,1213,-0.0577872,-0.0581551,-0.000367964,0.671365,0.651378,-0.0199869
1.76004e+09,1214,-0.0576057,-0.0579703,-0.000364621,0.681143,0.661445,-0.0196984
1.76004e+09,1215,-0.0574259,-0.0576057,-0.000179823,0.690786,0.681143,-0.00964221
1.76004e+09,1216,-0.0572477,-0.0576057,-0.000358004,0.700296,0.681143,-0.019153
1.76004e+09,1217,-0.0570711,-0.0574259,-0.000354732,0.70968,0.690786,-0.0188947
1.76004e+09,1218,-0.0568962,-0.0572477,-0.000351484,0.718941,0.700296,-0.018645
1.76004e+09,1219,-0.0567229,-0.0568962,-0.000173328,0.728084,0.718941,-0.00914229
1.76004e+09,1220,-0.0565511,-0.0568962,-0.000345062,0.737111,0.718941,-0.0181694
1.76004e+09,1221,-0.056381,-0.0567229,-0.000341889,0.746026,0.728084,-0.0179425
1.76004e+09,1222,-0.0562124,-0.0565511,-0.000338741,0.754833,0.737111,-0.0177221
1.76004e+09,1223,-0.0560454,-0.056381,-0.000335617,0.763534,0.746026,-0.017508
1.76004e+09,1224,-0.0558799,-0.0562124,-0.000332517,0.772133,0.754833,-0.0172998
1.76004e+09,1225,-0.0557159,-0.0560454,-0.000329441,0.780631,0.763534,-0.017097
1.76004e+09,1226,-0.0555535,-0.0558799,-0.000326388,0.789032,0.772133,-0.0168993
1.76004e+09,1227,-0.0553926,-0.0557159,-0.000323357,0.797338,0.780631,-0.0167066
1.76004e+09,1228,-0.0552331,-0.0555535,-0.000320348,0.80555,0.789032,-0.0165184
1.76004e+09,1229,-0.0550752,-0.0553926,-0.000317361,0.813672,0.797338,-0.0163345
1.76004e+09,1230,-0.0549188,-0.0552331,-0.000314394,0.821705,0.80555,-0.0161548
1.76004e+09,1231,-0.0547638,-0.0549188,-0.00015499,0.829651,0.821705,-0.00794593
1.76004e+09,1232,-0.0546102,-0.0547638,-0.000153532,0.837512,0.829651,-0.0078607
1.76004e+09,1233,-0.0544581,-0.0546102,-0.000152083,0.845289,0.837512,-0.00777716
1.76004e+09,1234,-0.0543075,-0.0546102,-0.000302727,0.852984,0.837512,-0.0154724
1.76004e+09,1235,-0.0541583,-0.0544581,-0.000299857,0.860599,0.845289,-0.01531
1.76004e+09,1236,-0.0540105,-0.0543075,-0.000297004,0.868135,0.852984,-0.0151506
1.76004e+09,1237,-0.0538641,-0.0541583,-0.00029417,0.875593,0.860599,-0.014994
1.76004e+09,1238,-0.0537191,-0.0540105,-0.000291352,0.882975,0.868135,-0.01484
1.76004e+09,1239,-0.0535756,-0.0537191,-0.000143577,0.890282,0.882975,-0.00730678
1.76004e+09,1240,-0.0534334,-0.0537191,-0.000285766,0.897515,0.882975,-0.0145396
1.76004e+09,1241,-0.0532926,-0.0535756,-0.000282998,0.904675,0.890282,-0.0143929
1.76004e+09,1242,-0.0531531,-0.0534334,-0.000280245,0.911763,0.897515,-0.0142484
1.76004e+09,1243,-0.0530151,-0.0531531,-0.000138071,0.918781,0.911763,-0.00701764
1.76004e+09,1244,-0.0528784,-0.0531531,-0.000274785,0.925729,0.911763,-0.0139655
1.76004e+09,1245,-0.052743,-0.0528784,-0.000135364,0.932608,0.925729,-0.00687909
1.76004e+09,1246,-0.052609,-0.052743,-0.000134021,0.939419,0.932608,-0.00681115
1.76004e+09,1247,-0.0524763,-0.052609,-0.000132686,0.946163,0.939419,-0.00674405
1.76004e+09,1248,-0.0523449,-0.0524763,-0.000131358,0.952841,0.946163,-0.00667775
1.76004e+09,1249,-0.0522149,-0.0523449,-0.000130036,0.959453,0.952841,-0.00661222
1.76004e+09,1250,-0.0520862,-0.0522149,-0.000128722,0.966,0.959453,-0.00654742
1.76004e+09,1251,-0.0519588,-0.0520862,-0.000127414,0.972483,0.966,-0.00648332
1.76004e+09,1252,-0.0518326,-0.0519588,-0.000126114,0.978903,0.972483,-0.00641988
1.76004e+09,1253,-0.0517078,-0.0518326,-0.000124819,0.98526,0.978903,-0.00635708
1.76004e+09,1254,-0.0515843,-0.0517078,-0.000123532,0.991555,0.98526,-0.00629489
1.76004e+09,1255,-0.051462,-0.0517078,-0.000245783,0.997789,0.98526,-0.0125282
1.76004e+09,1256,-0.0513411,-0.051462,-0.000120976,1.00396,0.997789,-0.00617223
1.76004e+09,1257,-0.0512214,-0.0513411,-0.000119708,1.01007,1.00396,-0.00611171
1.76004e+09,1258,-0.0511029,-0.0512214,-0.000118446,1.01612,1.01007,-0.0060517
1.76004e+09,1259,-0.0509857,-0.0511029,-0.00011719,1.02212,1.01612,-0.00599217
1.76004e+09,1260,-0.0508698,-0.0509857,-0.00011594,1.02805,1.02212,-0.00593312
1.76004e+09,1261,-0.0507551,-0.0509857,-0.000230637,1.03392,1.02212,-0.0118076
1.76004e+09,1262,-0.0506416,-0.0508698,-0.000228155,1.03974,1.02805,-0.0116908
1.76004e+09,1263,-0.0505294,-0.0507551,-0.000225686,1.0455,1.03392,-0.0115748
1.76004e+09,1264,-0.0504184,-0.0505294,-0.000111001,1.0512,1.0455,-0.00570114
1.76004e+09,1265,-0.0503086,-0.0504184,-0.000109781,1.05684,1.0512,-0.00564412
1.76004e+09,1266,-0.0502,-0.0503086,-0.000108566,1.06243,1.05684,-0.00558746
1.76004e+09,1267,-0.0500927,-0.0502,-0.000107357,1.06796,1.06243,-0.00553114
1.76004e+09,1268,-0.0499865,-0.0502,-0.000213511,1.07344,1.06243,-0.0110063
1.76004e+09,1269,-0.0498816,-0.0500927,-0.000211109,1.07886,1.06796,-0.0108946
1.76004e+09,1270,-0.0497778,-0.0498816,-0.000103763,1.08422,1.07886,-0.00536408
1.76004e+09,1271,-0.0496752,-0.0497778,-0.000102576,1.08953,1.08422,-0.00530898
1.76004e+09,1272,-0.0495738,-0.0496752,-0.000101393,1.09478,1.08953,-0.00525415
1.76004e+09,1273,-0.0494736,-0.0495738,-0.000100216,1.09998,1.09478,-0.00519958
1.76004e+09,1274,-0.0493746,-0.0495738,-0.000199261,1.10513,1.09478,-0.0103448
1.76004e+09,1275,-0.0492767,-0.0494736,-0.000196922,1.11022,1.09998,-0.0102364
1.76004e+09,1276,-0.04918,-0.0493746,-0.000194593,1.11526,1.10513,-0.0101285
1.76004e+09,1277,-0.0490844,-0.04918,-9.55583e-05,1.12024,1.11526,-0.00498368
1.76004e+09,1278,-0.04899,-0.0490844,-9.44059e-05,1.12517,1.12024,-0.00493025
1.76004e+09,1279,-0.0488968,-0.04899,-9.32582e-05,1.13005,1.12517,-0.00487702
1.76004e+09,1280,-0.0488047,-0.0488968,-9.21152e-05,1.13487,1.13005,-0.00482397
1.76004e+09,1281,-0.0487137,-0.0488968,-0.000183092,1.13964,1.13005,-0.00959507
1.76004e+09,1282,-0.0486238,-0.0488047,-0.000180819,1.14436,1.13487,-0.00948951
1.76004e+09,1283,-0.0485351,-0.0487137,-0.000178556,1.14903,1.13964,-0.00938427
1.76004e+09,1284,-0.0484475,-0.0485351,-8.7588e-05,1.15364,1.14903,-0.00461349
1.76004e+09,1285,-0.0483611,-0.0484475,-8.64671e-05,1.1582,1.15364,-0.00456126
1.76004e+09,1286,-0.0482757,-0.0483611,-8.53504e-05,1.16271,1.1582,-0.00450916
1.76004e+09,1287,-0.0481915,-0.0482757,-8.42379e-05,1.16717,1.16271,-0.0044572
1.76004e+09,1288,-0.0481083,-0.0482757,-0.000167367,1.17157,1.16271,-0.00886257
1.76004e+09,1289,-0.0480263,-0.0481083,-8.20251e-05,1.17593,1.17157,-0.00435366
1.76004e+09,1290,-0.0479454,-0.0480263,-8.09247e-05,1.18023,1.17593,-0.00430206
1.76004e+09,1291,-0.0478656,-0.0479454,-7.98282e-05,1.18448,1.18023,-0.00425056
1.76004e+09,1292,-0.0477868,-0.0478656,-7.87355e-05,1.18868,1.18448,-0.00419917
1.76004e+09,1293,-0.0477092,-0.0477868,-7.76466e-05,1.19283,1.18868,-0.00414788
1.76004e+09,1294,-0.0476326,-0.0477092,-7.65614e-05,1.19692,1.19283,-0.00409667
1.76004e+09,1295,-0.0475571,-0.0477092,-0.000152041,1.20097,1.19283,-0.00814223
1.76004e+09,1296,-0.0474827,-0.0476326,-0.000149882,1.20496,1.19692,-0.00804007
1.76004e+09,1297,-0.0474094,-0.0475571,-0.000147729,1.20891,1.20097,-0.00793807
1.76004e+09,1298,-0.0473372,-0.0474094,-7.22565e-05,1.2128,1.20891,-0.00389267
1.76004e+09,1299,-0.047266,-0.0473372,-7.11889e-05,1.21664,1.2128,-0.00384184
1.76004e+09,1300,-0.0471958,-0.0473372,-0.000141314,1.22043,1.2128,-0.00763293
1.76004e+09,1301,-0.0471268,-0.0471958,-6.90638e-05,1.22417,1.22043,-0.00374038
1.76004e+09,1302,-0.0470588,-0.0471958,-0.00013707,1.22786,1.22043,-0.00743011
1.76004e+09,1303,-0.0469918,-0.0471268,-0.000134958,1.2315,1.22417,-0.00732887
1.76004e+09,1304,-0.0469259,-0.0469918,-6.59001e-05,1.23509,1.2315,-0.00358859
1.76004e+09,1305,-0.0468611,-0.0469259,-6.48517e-05,1.23863,1.23509,-0.00353808
1.76004e+09,1306,-0.0467973,-0.0468611,-6.38064e-05,1.24212,1.23863,-0.00348762
1.76004e+09,1307,-0.0467345,-0.0467973,-6.2764e-05,1.24555,1.24212,-0.00343719
1.76004e+09,1308,-0.0466728,-0.0467345,-6.17245e-05,1.24894,1.24555,-0.00338679
1.76004e+09,1309,-0.0466121,-0.0466728,-6.06878e-05,1.25228,1.24894,-0.00333643
1.76004e+09,1310,-0.0465524,-0.0466121,-5.96539e-05,1.25556,1.25228,-0.00328609
1.76004e+09,1311,-0.0464938,-0.0465524,-5.86227e-05,1.2588,1.25556,-0.00323578
1.76004e+09,1312,-0.0464362,-0.0464938,-5.75942e-05,1.26199,1.2588,-0.0031855
1.76004e+09,1313,-0.0463797,-0.0464362,-5.65683e-05,1.26512,1.26199,-0.00313523
1.76004e+09,1314,-0.0463241,-0.0463797,-5.5545e-05,1.26821,1.26512,-0.00308498
1.76004e+09,1315,-0.0462696,-0.0463241,-5.45242e-05,1.27124,1.26821,-0.00303474
1.76004e+09,1316,-0.0462161,-0.0462696,-5.35059e-05,1.27422,1.27124,-0.00298452
1.76004e+09,1317,-0.0461636,-0.0462161,-5.249e-05,1.27716,1.27422,-0.00293431
1.76004e+09,1318,-0.0461121,-0.0461636,-5.14764e-05,1.28004,1.27716,-0.0028841
1.76004e+09,1319,-0.0460616,-0.0461121,-5.04652e-05,1.28288,1.28004,-0.00283391
1.76004e+09,1320,-0.0460122,-0.0460616,-4.94562e-05,1.28566,1.28288,-0.00278372
1.76004e+09,1321,-0.0459637,-0.0460122,-4.84494e-05,1.28839,1.28566,-0.00273353
1.76004e+09,1322,-0.0459163,-0.0459637,-4.74449e-05,1.29108,1.28839,-0.00268334
1.76004e+09,1323,-0.0458699,-0.0459163,-4.64424e-05,1.29371,1.29108,-0.00263315
1.76004e+09,1324,-0.0458244,-0.0458699,-4.5442e-05,1.29629,1.29371,-0.00258296
1.76004e+09,1325,-0.04578,-0.0458244,-4.44436e-05,1.29883,1.29629,-0.00253277
1.76004e+09,1326,-0.0457365,-0.04578,-4.34472e-05,1.30131,1.29883,-0.00248257
1.76004e+09,1327,-0.0456941,-0.0457365,-4.24527e-05,1.30374,1.30131,-0.00243237
1.76004e+09,1328,-0.0456526,-0.0456941,-4.14601e-05,1.30612,1.30374,-0.00238216
1.76004e+09,1329,-0.0456121,-0.0456526,-4.04693e-05,1.30846,1.30612,-0.00233194
1.76004e+09,1330,-0.0455727,-0.0456121,-3.94804e-05,1.31074,1.30846,-0.00228171
1.76004e+09,1331,-0.0455342,-0.0455727,-3.84931e-05,1.31297,1.31074,-0.00223147
1.76004e+09,1332,-0.0454967,-0.0455342,-3.75076e-05,1.31515,1.31297,-0.00218122
1.76004e+09,1333,-0.0454601,-0.0454967,-3.65237e-05,1.31728,1.31515,-0.00213095
1.76004e+09,1334,-0.0454246,-0.0454967,-7.20651e-05,1.31936,1.31515,-0.00421163
1.76004e+09,1335,-0.04539,-0.0454601,-7.01021e-05,1.32139,1.31728,-0.00411106
1.76004e+09,1336,-0.0453565,-0.04539,-3.35815e-05,1.32337,1.32139,-0.00198007
1.76004e+09,1337,-0.0453238,-0.0453565,-3.26038e-05,1.3253,1.32337,-0.00192975
1.76004e+09,1338,-0.0452922,-0.0453238,-3.16275e-05,1.32718,1.3253,-0.00187941
1.76004e+09,1339,-0.0452616,-0.0452922,-3.06526e-05,1.32901,1.32718,-0.00182905
1.76004e+09,1340,-0.0452319,-0.0452616,-2.9679e-05,1.33079,1.32901,-0.00177867
1.76004e+09,1341,-0.0452032,-0.0452319,-2.87068e-05,1.33252,1.33079,-0.00172828
1.76004e+09,1342,-0.0451754,-0.0452032,-2.77358e-05,1.3342,1.33252,-0.00167786
1.76004e+09,1343,-0.0451487,-0.0451754,-2.6766e-05,1.33582,1.3342,-0.00162743
1.76004e+09,1344,-0.0451229,-0.0451487,-2.57974e-05,1.3374,1.33582,-0.00157698
1.76004e+09,1345,-0.0450981,-0.0451487,-5.06274e-05,1.33893,1.33582,-0.00310348
1.76004e+09,1346,-0.0450742,-0.0450981,-2.38636e-05,1.3404,1.33893,-0.00147601
1.76004e+09,1347,-0.0450513,-0.0450981,-4.6762e-05,1.34183,1.33893,-0.00290151
1.76004e+09,1348,-0.0450294,-0.0450513,-2.1934e-05,1.3432,1.34183,-0.00137496
1.76004e+09,1349,-0.0450084,-0.0450294,-2.09707e-05,1.34453,1.3432,-0.0013244
1.76004e+09,1350,-0.0449884,-0.0450084,-2.00083e-05,1.3458,1.34453,-0.00127383
1.76004e+09,1351,-0.0449693,-0.0449884,-1.90468e-05,1.34702,1.3458,-0.00122323
1.76004e+09,1352,-0.0449512,-0.0449884,-3.7133e-05,1.3482,1.3458,-0.00239583
1.76004e+09,1353,-0.0449341,-0.0449512,-1.71264e-05,1.34932,1.3482,-0.00112196
1.76004e+09,1354,-0.044918,-0.0449341,-1.61673e-05,1.35039,1.34932,-0.0010713
1.76004e+09,1355,-0.0449027,-0.044918,-1.5209e-05,1.35141,1.35039,-0.00102061
1.76004e+09,1356,-0.0448885,-0.0449027,-1.42514e-05,1.35238,1.35141,-0.000969903
1.76004e+09,1357,-0.0448752,-0.0448885,-1.32944e-05,1.3533,1.35238,-0.000919173
1.76004e+09,1358,-0.0448629,-0.0448752,-1.2338e-05,1.35417,1.3533,-0.000868422
1.76004e+09,1359,-0.0448515,-0.0448752,-2.37203e-05,1.35499,1.3533,-0.00168607
1.76004e+09,1360,-0.044841,-0.0448629,-2.18092e-05,1.35575,1.35417,-0.0015845
1.76004e+09,1361,-0.0448316,-0.0448515,-1.98992e-05,1.35647,1.35499,-0.00148289
1.76004e+09,1362,-0.0448231,-0.0448316,-8.51795e-06,1.35713,1.35647,-0.000665202
1.76004e+09,1363,-0.0448155,-0.0448316,-1.6082e-05,1.35775,1.35647,-0.00127955
1.76004e+09,1364,-0.0448089,-0.0448155,-6.61059e-06,1.35831,1.35775,-0.000563466
1.76004e+09,1365,-0.0448032,-0.0448089,-5.65745e-06,1.35882,1.35831,-0.000512567
1.76004e+09,1366,-0.0447985,-0.0448089,-1.03621e-05,1.35929,1.35831,-0.000974214
1.76004e+09,1367,-0.0447948,-0.0448032,-8.45664e-06,1.3597,1.35882,-0.000872355
1.76004e+09,1368,-0.044792,-0.0447985,-6.55172e-06,1.36006,1.35929,-0.000770456
1.76004e+09,1369,-0.0447901,-0.0447948,-4.64722e-06,1.36036,1.3597,-0.000668517
1.76004e+09,1370,-0.0447892,-0.0447901,-8.95529e-07,1.36062,1.36036,-0.000257771
1.76004e+09,1371,-0.0447893,-0.0447892,5.63612e-08,1.36083,1.36062,-0.000206753
1.76004e+09,1372,-0.0447903,-0.0447893,1.00818e-06,1.36099,1.36083,-0.000155717
1.76004e+09,1373,-0.0447923,-0.0447903,1.95996e-06,1.36109,1.36099,-0.000104663
1.76004e+09,1374,-0.0447952,-0.0447923,2.91174e-06,1.36114,1.36109,-5.35901e-05
1.76004e+09,1375,-0.044799,-0.0447923,6.7753e-06,1.36115,1.36109,-5.60896e-05
1.76004e+09,1376,-0.0448038,-0.044799,4.81546e-06,1.3611,1.36115,4.86086e-05
1.76004e+09,1377,-0.0448096,-0.0448038,5.76748e-06,1.361,1.3611,9.97339e-05
1.76004e+09,1378,-0.0448163,-0.0448096,6.71966e-06,1.36085,1.361,0.000150876
1.76004e+09,1379,-0.044824,-0.0448096,1.43917e-05,1.36064,1.361,0.000352911
1.76004e+09,1380,-0.0448326,-0.0448163,1.62967e-05,1.36039,1.36085,0.000455245
1.76004e+09,1381,-0.0448422,-0.0448326,9.57751e-06,1.36009,1.36039,0.000304401
1.76004e+09,1382,-0.0448527,-0.0448326,2.01082e-05,1.35973,1.36039,0.000660009
1.76004e+09,1383,-0.0448642,-0.0448422,2.20149e-05,1.35932,1.36009,0.000762438
1.76004e+09,1384,-0.0448767,-0.0448527,2.39224e-05,1.35887,1.35973,0.000864897
1.76004e+09,1385,-0.04489,-0.0448642,2.58307e-05,1.35836,1.35932,0.000967387
1.76004e+09,1386,-0.0449044,-0.0448767,2.77399e-05,1.3578,1.35887,0.00106991
1.76004e+09,1387,-0.0449197,-0.04489,2.965e-05,1.35718,1.35836,0.00117245
1.76004e+09,1388,-0.044936,-0.0449044,3.15612e-05,1.35652,1.3578,0.00127503
1.76004e+09,1389,-0.0449532,-0.0449197,3.34736e-05,1.35581,1.35718,0.00137763
1.76004e+09,1390,-0.0449713,-0.044936,3.53871e-05,1.35504,1.35652,0.00148026
1.76004e+09,1391,-0.0449905,-0.0449532,3.7302e-05,1.35422,1.35581,0.00158292
1.76004e+09,1392,-0.0450106,-0.0449713,3.92182e-05,1.35336,1.35504,0.0016856
1.76004e+09,1393,-0.0450316,-0.0449905,4.11359e-05,1.35244,1.35422,0.00178831
1.76004e+09,1394,-0.0450536,-0.0450106,4.30551e-05,1.35146,1.35336,0.00189105
1.76004e+09,1395,-0.0450766,-0.0450316,4.4976e-05,1.35044,1.35244,0.00199381
1.76004e+09,1396,-0.0451005,-0.0450536,4.68985e-05,1.34937,1.35146,0.0020966
1.76004e+09,1397,-0.0451254,-0.0450766,4.88228e-05,1.34824,1.35044,0.00219941
1.76004e+09,1398,-0.0451513,-0.0451005,5.0749e-05,1.34707,1.34937,0.00230225
1.76004e+09,1399,-0.0451781,-0.0451254,5.26772e-05,1.34584,1.34824,0.00240511
1.76004e+09,1400,-0.0452059,-0.0451513,5.46074e-05,1.34456,1.34707,0.002508
1.76004e+09,1401,-0.0452346,-0.0451781,5.65397e-05,1.34323,1.34584,0.00261091
1.76004e+09,1402,-0.0452643,-0.0452346,2.9721e-05,1.34184,1.34323,0.00138266
1.76004e+09,1403,-0.045295,-0.0452643,3.069e-05,1.34041,1.34184,0.00143415
1.76004e+09,1404,-0.0453267,-0.045295,3.16602e-05,1.33892,1.34041,0.00148565
1.76004e+09,1405,-0.0453593,-0.0453267,3.26316e-05,1.33739,1.33892,0.00153716
1.76004e+09,1406,-0.0453929,-0.0453267,6.6236e-05,1.3358,1.33892,0.00312586
1.76004e+09,1407,-0.0454275,-0.0453593,6.81829e-05,1.33416,1.33739,0.00322892
1.76004e+09,1408,-0.0454631,-0.0453929,7.01324e-05,1.33247,1.3358,0.00333202
1.76004e+09,1409,-0.0454996,-0.0454275,7.20848e-05,1.33072,1.33416,0.00343514
1.76004e+09,1410,-0.0455371,-0.0454996,3.75092e-05,1.32893,1.33072,0.00179494
1.76004e+09,1411,-0.0455756,-0.0455371,3.84891e-05,1.32708,1.32893,0.00184654
1.76004e+09,1412,-0.0456151,-0.0455756,3.94706e-05,1.32518,1.32708,0.00189815
1.76004e+09,1413,-0.0456555,-0.0456151,4.04537e-05,1.32323,1.32518,0.00194978
1.76004e+09,1414,-0.045697,-0.0456555,4.14384e-05,1.32123,1.32323,0.00200142
1.76004e+09,1415,-0.0457394,-0.045697,4.24249e-05,1.31918,1.32123,0.00205309
1.76004e+09,1416,-0.0457828,-0.0457394,4.34131e-05,1.31707,1.31918,0.00210477
1.76004e+09,1417,-0.0458272,-0.0457828,4.44031e-05,1.31492,1.31707,0.00215647
1.76004e+09,1418,-0.0458726,-0.0458272,4.5395e-05,1.31271,1.31492,0.00220819
1.76004e+09,1419,-0.045919,-0.0458726,4.63887e-05,1.31045,1.31271,0.00225993
1.76004e+09,1420,-0.0459664,-0.045919,4.73844e-05,1.30814,1.31045,0.00231169
1.76004e+09,1421,-0.0460147,-0.0459664,4.83821e-05,1.30577,1.30814,0.00236347
1.76004e+09,1422,-0.0460641,-0.0460147,4.93819e-05,1.30336,1.30577,0.00241528
1.76004e+09,1423,-0.0461145,-0.0460641,5.03837e-05,1.30089,1.30336,0.00246712
1.76004e+09,1424,-0.0461659,-0.0461145,5.13877e-05,1.29837,1.30089,0.00251897
1.76004e+09,1425,-0.0462183,-0.0461659,5.23939e-05,1.2958,1.29837,0.00257086
1.76004e+09,1426,-0.0462717,-0.0462183,5.34023e-05,1.29318,1.2958,0.00262277
1.76004e+09,1427,-0.0463261,-0.0462183,0.000107815,1.2905,1.2958,0.00529749
1.76004e+09,1428,-0.0463815,-0.0463261,5.54261e-05,1.28778,1.2905,0.0027267
1.76004e+09,1429,-0.046438,-0.0463815,5.64416e-05,1.285,1.28778,0.00277871
1.76004e+09,1430,-0.0464954,-0.0463815,0.000113901,1.28217,1.28778,0.00560946
1.76004e+09,1431,-0.0465539,-0.0464954,5.84799e-05,1.27929,1.28217,0.00288284
1.76004e+09,1432,-0.0466134,-0.0465539,5.95029e-05,1.27635,1.27929,0.00293496
1.76004e+09,1433,-0.0466739,-0.0466134,6.05285e-05,1.27336,1.27635,0.00298712
1.76004e+09,1434,-0.0467355,-0.0466134,0.000122085,1.27032,1.27635,0.00602645
1.76004e+09,1435,-0.0467981,-0.0466739,0.000124145,1.26723,1.27336,0.00613091
1.76004e+09,1436,-0.0468617,-0.0467355,0.00012621,1.26409,1.27032,0.00623546
1.76004e+09,1437,-0.0469264,-0.0467981,0.00012828,1.26089,1.26723,0.00634012
1.76004e+09,1438,-0.0469921,-0.0468617,0.000130356,1.25764,1.26409,0.00644487
1.76004e+09,1439,-0.0470588,-0.0469264,0.000132438,1.25434,1.26089,0.00654974
1.76004e+09,1440,-0.0471266,-0.0469921,0.000134526,1.25099,1.25764,0.00665472
1.76004e+09,1441,-0.0471954,-0.0470588,0.00013662,1.24758,1.25434,0.00675982
1.76004e+09,1442,-0.0472653,-0.0471266,0.00013872,1.24412,1.25099,0.00686505
1.76004e+09,1443,-0.0473363,-0.0471954,0.000140827,1.24061,1.24758,0.00697041
1.76004e+09,1444,-0.0474083,-0.0472653,0.00014294,1.23705,1.24412,0.00707591
1.76004e+09,1445,-0.0474813,-0.0473363,0.00014506,1.23343,1.24061,0.00718156
1.76004e+09,1446,-0.0475554,-0.0474083,0.000147186,1.22976,1.23705,0.00728737
1.76004e+09,1447,-0.0476306,-0.0474813,0.000149319,1.22604,1.23343,0.00739333
1.76004e+09,1448,-0.0477069,-0.0476306,7.62652e-05,1.22226,1.22604,0.00377629
1.76004e+09,1449,-0.0477842,-0.0477069,7.73404e-05,1.21843,1.22226,0.0038295
1.76004e+09,1450,-0.0478627,-0.0477842,7.84193e-05,1.21455,1.21843,0.0038828
1.76004e+09,1451,-0.0479422,-0.0478627,7.95019e-05,1.21061,1.21455,0.0039362
1.76004e+09,1452,-0.0480228,-0.0479422,8.05881e-05,1.20662,1.21061,0.0039897
1.76004e+09,1453,-0.0481044,-0.0480228,8.16782e-05,1.20258,1.20662,0.00404332
1.76004e+09,1454,-0.0481872,-0.0481044,8.27722e-05,1.19848,1.20258,0.00409705
1.76004e+09,1455,-0.0482711,-0.0481044,0.000166642,1.19433,1.20258,0.00824796
1.76004e+09,1456,-0.048356,-0.0481872,0.000168842,1.19013,1.19848,0.0083558
1.76004e+09,1457,-0.0484421,-0.0482711,0.00017105,1.18587,1.19433,0.0084639
1.76004e+09,1458,-0.0485293,-0.048356,0.000173266,1.18155,1.19013,0.00857226
1.76004e+09,1459,-0.0486176,-0.0484421,0.00017549,1.17719,1.18587,0.00868092
1.76004e+09,1460,-0.048707,-0.0485293,0.000177723,1.17277,1.18155,0.00878987
1.76004e+09,1461,-0.0487976,-0.0486176,0.000179965,1.16829,1.17719,0.00889914
1.76004e+09,1462,-0.0488892,-0.048707,0.000182215,1.16376,1.17277,0.00900873
1.76004e+09,1463,-0.0489821,-0.0487976,0.000184474,1.15917,1.16829,0.00911866
1.76004e+09,1464,-0.049076,-0.0488892,0.000186742,1.15453,1.16376,0.00922895
1.76004e+09,1465,-0.0491711,-0.0489821,0.000189019,1.14983,1.15917,0.00933962
1.76004e+09,1466,-0.0492673,-0.049076,0.000191306,1.14508,1.15453,0.00945067
1.76004e+09,1467,-0.0493647,-0.0491711,0.000193602,1.14027,1.14983,0.00956213
1.76004e+09,1468,-0.0494632,-0.0492673,0.000195908,1.1354,1.14508,0.00967401
1.76004e+09,1469,-0.0495629,-0.0493647,0.000198223,1.13048,1.14027,0.00978635
1.76004e+09,1470,-0.0496638,-0.0494632,0.000200549,1.1255,1.1354,0.00989914
1.76004e+09,1471,-0.0497658,-0.0495629,0.000202884,1.12047,1.13048,0.0100124
1.76004e+09,1472,-0.049869,-0.0496638,0.00020523,1.11538,1.1255,0.0101262
1.76004e+09,1473,-0.0499734,-0.0497658,0.000207585,1.11023,1.12047,0.0102405
1.76004e+09,1474,-0.0500789,-0.049869,0.000209952,1.10502,1.11538,0.0103554
1.76004e+09,1475,-0.0501857,-0.0499734,0.000212329,1.09976,1.11023,0.0104708
1.76004e+09,1476,-0.0502937,-0.0500789,0.000214717,1.09443,1.10502,0.0105869
1.76004e+09,1477,-0.0504028,-0.0501857,0.000217116,1.08905,1.09976,0.0107036
1.76004e+09,1478,-0.0505132,-0.0502937,0.000219525,1.08361,1.09443,0.0108209
1.76004e+09,1479,-0.0506248,-0.0504028,0.000221947,1.07812,1.08905,0.0109389
1.76004e+09,1480,-0.0507376,-0.0505132,0.000224379,1.07256,1.08361,0.0110577
1.76004e+09,1481,-0.0508516,-0.0506248,0.000226823,1.06694,1.07812,0.0111772
1.76004e+09,1482,-0.0509668,-0.0507376,0.000229279,1.06126,1.07256,0.0112974
1.76004e+09,1483,-0.0510833,-0.0508516,0.000231747,1.05552,1.06694,0.0114185
1.76004e+09,1484,-0.0512011,-0.0509668,0.000234226,1.04972,1.06126,0.0115405
1.76004e+09,1485,-0.05132,-0.0510833,0.000236718,1.04386,1.05552,0.0116633
1.76004e+09,1486,-0.0514403,-0.0512011,0.000239222,1.03793,1.04972,0.011787
1.76004e+09,1487,-0.0515618,-0.05132,0.000241739,1.03194,1.04386,0.0119117
1.76004e+09,1488,-0.0516846,-0.0514403,0.000244268,1.02589,1.03793,0.0120375
1.76004e+09,1489,-0.0518086,-0.0515618,0.00024681,1.01978,1.03194,0.0121643
1.76004e+09,1490,-0.0519339,-0.0516846,0.000249365,1.0136,1.02589,0.0122922
1.76004e+09,1491,-0.0520605,-0.0518086,0.000251932,1.00736,1.01978,0.0124212
1.76004e+09,1492,-0.0521884,-0.0519339,0.000254513,1.00105,1.0136,0.0125515
1.76004e+09,1493,-0.0523176,-0.0520605,0.000257108,0.994676,1.00736,0.012683
1.76004e+09,1494,-0.0524481,-0.0521884,0.000259716,0.988234,1.00105,0.0128159
1.76004e+09,1495,-0.05258,-0.0523176,0.000262338,0.981726,0.994676,0.0129501
1.76004e+09,1496,-0.0527131,-0.0524481,0.000264973,0.975149,0.988234,0.0130857
1.76004e+09,1497,-0.0528476,-0.05258,0.000267623,0.968503,0.981726,0.0132229
1.76004e+09,1498,-0.0529834,-0.0527131,0.000270287,0.961787,0.975149,0.0133617
1.76004e+09,1499,-0.0531206,-0.0528476,0.000272965,0.955001,0.968503,0.0135021
1.76004e+09,1500,-0.0532591,-0.0529834,0.000275658,0.948143,0.961787,0.0136442
1.76004e+09,1501,-0.0533989,-0.0531206,0.000278366,0.941212,0.955001,0.0137882
1.76004e+09,1502,-0.0535402,-0.0532591,0.000281088,0.934209,0.948143,0.0139341
1.76004e+09,1503,-0.0536828,-0.0533989,0.000283827,0.927131,0.941212,0.0140819
1.76004e+09,1504,-0.0538267,-0.0535402,0.00028658,0.919977,0.934209,0.0142319
1.76004e+09,1505,-0.0539721,-0.0536828,0.00028935,0.912747,0.927131,0.014384
1.76004e+09,1506,-0.0541189,-0.0539721,0.000146766,0.905438,0.912747,0.00730813
1.76004e+09,1507,-0.054267,-0.0541189,0.000148172,0.898051,0.905438,0.00738718
1.76004e+09,1508,-0.0544166,-0.054267,0.000149586,0.890584,0.898051,0.00746753
1.76004e+09,1509,-0.0545676,-0.054267,0.000300594,0.883034,0.898051,0.0150168
1.76004e+09,1510,-0.0547201,-0.0544166,0.000303448,0.875402,0.890584,0.0151817
1.76004e+09,1511,-0.054874,-0.0545676,0.000306321,0.867685,0.883034,0.0153495
1.76004e+09,1512,-0.0550293,-0.0547201,0.000309212,0.859882,0.875402,0.0155204
1.76004e+09,1513,-0.0551861,-0.054874,0.000312122,0.85199,0.867685,0.0156946
1.76004e+09,1514,-0.0553443,-0.0550293,0.000315052,0.844009,0.859882,0.0158723
1.76004e+09,1515,-0.0555041,-0.0551861,0.000318003,0.835937,0.85199,0.0160536
1.76004e+09,1516,-0.0556653,-0.0553443,0.000320974,0.827771,0.844009,0.0162387
1.76004e+09,1517,-0.055828,-0.0555041,0.000323968,0.819509,0.835937,0.0164279
1.76004e+09,1518,-0.0559923,-0.0556653,0.000326983,0.811149,0.827771,0.0166214
1.76004e+09,1519,-0.0561581,-0.055828,0.000330021,0.802689,0.819509,0.0168195
1.76004e+09,1520,-0.0563254,-0.0559923,0.000333083,0.794127,0.811149,0.0170223
1.76004e+09,1521,-0.0564942,-0.0561581,0.00033617,0.785459,0.802689,0.0172303
1.76004e+09,1522,-0.0566647,-0.0563254,0.000339281,0.776683,0.794127,0.0174437
1.76004e+09,1523,-0.0568367,-0.0564942,0.000342417,0.767796,0.785459,0.0176628
1.76004e+09,1524,-0.0570102,-0.0566647,0.00034558,0.758795,0.776683,0.017888
1.76004e+09,1525,-0.0571854,-0.0568367,0.000348769,0.749677,0.767796,0.0181197
1.76004e+09,1526,-0.0573622,-0.0570102,0.000351985,0.740437,0.758795,0.0183584
1.76004e+09,1527,-0.0575407,-0.0571854,0.000355227,0.731072,0.749677,0.0186044
1.76004e+09,1528,-0.0577207,-0.0573622,0.000358497,0.721578,0.740437,0.0188584
1.76004e+09,1529,-0.0579024,-0.0575407,0.000361792,0.711951,0.731072,0.0191209
1.76004e+09,1530,-0.0580858,-0.0577207,0.000365114,0.702186,0.721578,0.0193924
1.76004e+09,1531,-0.0582709,-0.0579024,0.000368461,0.692278,0.711951,0.0196736
1.76004e+09,1532,-0.0584577,-0.0580858,0.000371831,0.682221,0.702186,0.0199653
1.76004e+09,1533,-0.0586461,-0.0582709,0.000375224,0.672009,0.692278,0.0202683
1.76004e+09,1534,-0.0588363,-0.0584577,0.000378636,0.661637,0.682221,0.0205834
1.76004e+09,1535,-0.0590282,-0.0586461,0.000382066,0.651098,0.672009,0.0209117
1.76004e+09,1536,-0.0592218,-0.0588363,0.000385511,0.640383,0.661637,0.0212543
1.76004e+09,1537,-0.0594172,-0.0590282,0.000388965,0.629485,0.651098,0.0216124
1.76004e+09,1538,-0.0596142,-0.0592218,0.000392426,0.618396,0.640383,0.0219873
1.76004e+09,1539,-0.059813,-0.0594172,0.000395887,0.607105,0.629485,0.0223807
1.76004e+09,1540,-0.0601272,-0.0596142,0.000512942,0.606917,0.618396,0.0114791
1.76004e+09,1541,-0.0604438,-0.059813,0.000630754,0.606726,0.607105,0.000378893
1.76004e+09,1542,-0.0607629,-0.0601272,0.000635717,0.606532,0.606917,0.000384505
1.76004e+09,1543,-0.0610845,-0.0604438,0.000640656,0.606336,0.606726,0.000390159
1.76004e+09,1544,-0.0614085,-0.0607629,0.000645561,0.606136,0.606532,0.000395852
1.76004e+09,1545,-0.0617349,-0.0610845,0.000650424,0.605934,0.606336,0.000401578
1.76004e+09,1546,-0.0620637,-0.0614085,0.000655235,0.605729,0.606136,0.000407331
1.76004e+09,1547,-0.0623949,-0.0617349,0.000659985,0.605521,0.605934,0.000413105
1.76004e+09,1548,-0.0627284,-0.0620637,0.000664665,0.60531,0.605729,0.000418893
1.76004e+09,1549,-0.0630641,-0.0623949,0.000669263,0.605096,0.605521,0.000424688
1.76004e+09,1550,-0.0634021,-0.0627284,0.000673769,0.604879,0.60531,0.000430483
1.76004e+09,1551,-0.0637423,-0.0630641,0.000678174,0.60466,0.605096,0.000436271
1.76004e+09,1552,-0.0640846,-0.0634021,0.000682465,0.604437,0.604879,0.000442042
1.76004e+09,1553,-0.0644289,-0.0637423,0.000686633,0.604212,0.60466,0.00044779
1.76004e+09,1554,-0.0647753,-0.0640846,0.000690666,0.603984,0.604437,0.000453504
1.76004e+09,1555,-0.0651235,-0.0644289,0.000694555,0.603753,0.604212,0.000459178
1.76004e+09,1556,-0.0654735,-0.0647753,0.000698288,0.603519,0.603984,0.000464802
1.76004e+09,1557,-0.0658253,-0.0651235,0.000701856,0.603283,0.603753,0.000470367
1.76004e+09,1558,-0.0661788,-0.0654735,0.000705249,0.603043,0.603519,0.000475865
1.76004e+09,1559,-0.0665338,-0.0658253,0.000708458,0.602801,0.603283,0.000481286
1.76004e+09,1560,-0.0668903,-0.0661788,0.000711474,0.602557,0.603043,0.000486623
1.76004e+09,1561,-0.0672481,-0.0665338,0.000714288,0.602309,0.602801,0.000491865
1.76004e+09,1562,-0.0676072,-0.0668903,0.000716892,0.60206,0.602557,0.000497006
1.76004e+09,1563,-0.0679674,-0.0672481,0.00071928,0.601807,0.602309,0.000502036
1.76004e+09,1564,-0.0683286,-0.0676072,0.000721445,0.601553,0.60206,0.000506948
1.76004e+09,1565,-0.0686908,-0.0679674,0.000723379,0.601296,0.601807,0.000511733
1.76004e+09,1566,-0.0690537,-0.0683286,0.000725079,0.601036,0.601553,0.000516384
1.76004e+09,1567,-0.0694173,-0.0686908,0.000726539,0.600775,0.601296,0.000520895
1.76004e+09,1568,-0.0697814,-0.0690537,0.000727756,0.600511,0.601036,0.000525257
1.76004e+09,1569,-0.070146,-0.0694173,0.000728725,0.600245,0.600775,0.000529465
1.76004e+09,1570,-0.0705109,-0.0697814,0.000729444,0.599977,0.600511,0.000533513
1.76004e+09,1571,-0.0708759,-0.070146,0.000729912,0.599708,0.600245,0.000537395
1.76004e+09,1572,-0.071241,-0.0705109,0.000730127,0.599436,0.599977,0.000541106
1.76004e+09,1573,-0.071606,-0.0708759,0.000730088,0.599163,0.599708,0.000544642
1.76004e+09,1574,-0.0719708,-0.071241,0.000729796,0.598888,0.599436,0.000547997
1.76004e+09,1575,-0.0723353,-0.071606,0.000729252,0.598612,0.599163,0.000551169
1.76004e+09,1576,-0.0726993,-0.0719708,0.000728459,0.598334,0.598888,0.000554155
1.76004e+09,1577,-0.0730627,-0.0723353,0.000727417,0.598055,0.598612,0.000556952
1.76004e+09,1578,-0.0734254,-0.0726993,0.000726131,0.597775,0.598334,0.000559559
1.76004e+09,1579,-0.0737873,-0.0730627,0.000724604,0.597493,0.598055,0.000561974
1.76004e+09,1580,-0.0741482,-0.0734254,0.000722842,0.59721,0.597775,0.000564197
1.76004e+09,1581,-0.0745081,-0.0737873,0.000720849,0.596927,0.597493,0.000566227
1.76004e+09,1582,-0.0748669,-0.0741482,0.000718632,0.596642,0.59721,0.000568067
1.76004e+09,1583,-0.0752243,-0.0745081,0.000716198,0.596357,0.596927,0.000569716
1.76004e+09,1584,-0.0755804,-0.0748669,0.000713553,0.596071,0.596642,0.000571178
1.76004e+09,1585,-0.075935,-0.0752243,0.000710706,0.595785,0.596357,0.000572455
1.76004e+09,1586,-0.0762881,-0.0755804,0.000707666,0.595498,0.596071,0.00057355
1.76004e+09,1587,-0.0766395,-0.075935,0.00070444,0.59521,0.595785,0.000574468
1.76004e+09,1588,-0.0769891,-0.0762881,0.00070104,0.594922,0.595498,0.000575212
1.76004e+09,1589,-0.077337,-0.0766395,0.000697475,0.594634,0.59521,0.000575789
1.76004e+09,1590,-0.0776829,-0.0769891,0.000693754,0.594346,0.594922,0.000576203
1.76004e+09,1591,-0.0780268,-0.077337,0.00068989,0.594058,0.594634,0.000576461
1.76004e+09,1592,-0.0783688,-0.0776829,0.000685892,0.59377,0.594346,0.00057657
1.76004e+09,1593,-0.0787086,-0.0780268,0.000681772,0.593481,0.594058,0.000576536
1.76004e+09,1594,-0.0790463,-0.0783688,0.00067754,0.593193,0.59377,0.000576367
1.76004e+09,1595,-0.0793818,-0.0787086,0.000673207,0.592905,0.593481,0.00057607
1.76004e+09,1596,-0.0797151,-0.0790463,0.000668785,0.592618,0.593193,0.000575652
1.76004e+09,1597,-0.0800461,-0.0793818,0.000664283,0.59233,0.592905,0.000575121
1.76004e+09,1598,-0.0803748,-0.0797151,0.000659712,0.592043,0.592618,0.000574485
1.76004e+09,1599,-0.0807012,-0.0800461,0.000655081,0.591757,0.59233,0.000573751
1.76004e+09,1600,-0.0810149,-0.0803748,0.000640086,0.591447,0.592043,0.000595846
1.76004e+09,1601,-0.0813262,-0.0807012,0.000624978,0.591139,0.591757,0.000617873
1.76004e+09,1602,-0.081635,-0.0810149,0.00062008,0.59083,0.591447,0.000616919
1.76004e+09,1603,-0.0819413,-0.0813262,0.000615158,0.590523,0.591139,0.000615893
1.76004e+09,1604,-0.0822452,-0.081635,0.000610218,0.590216,0.59083,0.000614801
1.76004e+09,1605,-0.0825466,-0.0819413,0.000605267,0.589909,0.590523,0.000613649
1.76004e+09,1606,-0.0828455,-0.0822452,0.000600312,0.589603,0.590216,0.000612442
1.76004e+09,1607,-0.0831419,-0.0825466,0.000595357,0.589298,0.589909,0.000611187
1.76004e+09,1608,-0.0834359,-0.0828455,0.000590408,0.588993,0.589603,0.000609887
1.76004e+09,1609,-0.0837274,-0.0831419,0.00058547,0.588689,0.589298,0.000608546
1.76004e+09,1610,-0.0840165,-0.0834359,0.000580545,0.588386,0.588993,0.000607169
1.76004e+09,1611,-0.0843031,-0.0837274,0.000575637,0.588084,0.588689,0.000605758
1.76004e+09,1612,-0.0845872,-0.0840165,0.000570748,0.587782,0.588386,0.000604318
1.76004e+09,1613,-0.0848689,-0.0843031,0.000565882,0.587481,0.588084,0.00060285
1.76004e+09,1614,-0.0851483,-0.0845872,0.00056104,0.58718,0.587782,0.000601358
1.76004e+09,1615,-0.0854252,-0.0848689,0.000556223,0.586881,0.587481,0.000599842
1.76004e+09,1616,-0.0856997,-0.0854252,0.000274522,0.586582,0.586881,0.000298766
1.76004e+09,1617,-0.0859718,-0.0854252,0.000546669,0.586284,0.586881,0.000596748
1.76004e+09,1618,-0.0862416,-0.0856997,0.000541933,0.585987,0.586582,0.000595172
1.76004e+09,1619,-0.0865091,-0.0859718,0.000537226,0.585691,0.586284,0.000593579
1.76004e+09,1620,-0.0867742,-0.0862416,0.000532546,0.585395,0.585987,0.000591969
1.76004e+09,1621,-0.0870369,-0.0865091,0.000527894,0.5851,0.585691,0.000590343
1.76004e+09,1622,-0.0872974,-0.0867742,0.00052327,0.584806,0.585395,0.000588701
1.76004e+09,1623,-0.0875556,-0.0870369,0.000518674,0.584513,0.5851,0.000587044
1.76004e+09,1624,-0.0878115,-0.0872974,0.000514104,0.584221,0.584806,0.000585372
1.76004e+09,1625,-0.0880652,-0.0875556,0.000509561,0.58393,0.584513,0.000583685
1.76004e+09,1626,-0.0883166,-0.0878115,0.000505045,0.583639,0.584221,0.000581984
1.76004e+09,1627,-0.0885657,-0.0880652,0.000500554,0.583349,0.58393,0.000580269
1.76004e+09,1628,-0.0888127,-0.0883166,0.000496087,0.58306,0.583639,0.00057854
1.76004e+09,1629,-0.0890574,-0.0885657,0.000491646,0.582772,0.583349,0.000576797
1.76004e+09,1630,-0.0892999,-0.0888127,0.000487228,0.582485,0.58306,0.00057504
1.76004e+09,1631,-0.0895402,-0.0890574,0.000482834,0.582199,0.582772,0.00057327
1.76004e+09,1632,-0.0897784,-0.0892999,0.000478462,0.581914,0.582485,0.000571486
1.76004e+09,1633,-0.0900143,-0.0895402,0.000474114,0.581629,0.582199,0.000569689
1.76004e+09,1634,-0.0902481,-0.0897784,0.000469787,0.581346,0.581914,0.000567878
1.76004e+09,1635,-0.0904798,-0.0900143,0.000465481,0.581063,0.581629,0.000566055
1.76004e+09,1636,-0.0907093,-0.0902481,0.000461197,0.580782,0.581346,0.000564218
1.76004e+09,1637,-0.0909367,-0.0904798,0.000456933,0.580501,0.581063,0.000562369
1.76004e+09,1638,-0.091162,-0.0907093,0.00045269,0.580221,0.580782,0.000560507
1.76004e+09,1639,-0.0913852,-0.0909367,0.000448466,0.579942,0.580501,0.000558633
1.76004e+09,1640,-0.0916063,-0.091162,0.000444263,0.579665,0.580221,0.000556747
1.76004e+09,1641,-0.0918253,-0.0913852,0.000440078,0.579388,0.579942,0.000554849
1.76004e+09,1642,-0.0920422,-0.0916063,0.000435913,0.579112,0.579665,0.00055294
1.76004e+09,1643,-0.0922571,-0.0918253,0.000431767,0.578837,0.579388,0.000551019
1.76004e+09,1644,-0.0924698,-0.0920422,0.000427639,0.578563,0.579112,0.000549087
1.76004e+09,1645,-0.0926806,-0.0922571,0.00042353,0.578289,0.578837,0.000547144
1.76004e+09,1646,-0.0928893,-0.0924698,0.000419439,0.578017,0.578563,0.000545191
1.76004e+09,1647,-0.093096,-0.0926806,0.000415365,0.577746,0.578289,0.000543228
1.76004e+09,1648,-0.0933006,-0.0928893,0.00041131,0.577476,0.578017,0.000541256
1.76004e+09,1649,-0.0935032,-0.093096,0.000407272,0.577207,0.577746,0.000539273
1.76004e+09,1650,-0.0937038,-0.0933006,0.000403252,0.576939,0.577476,0.000537282
1.76004e+09,1651,-0.0939025,-0.0935032,0.000399249,0.576672,0.577207,0.000535281
1.76004e+09,1652,-0.0940991,-0.0937038,0.000395263,0.576406,0.576939,0.000533272
1.76004e+09,1653,-0.0942938,-0.0940991,0.000194657,0.57614,0.576406,0.000265122
1.76004e+09,1654,-0.0944865,-0.0940991,0.000387341,0.575876,0.576406,0.000529229
1.76004e+09,1655,-0.0946772,-0.0942938,0.000383406,0.575613,0.57614,0.000527196
1.76004e+09,1656,-0.0948659,-0.0944865,0.000379486,0.575351,0.575876,0.000525156
1.76004e+09,1657,-0.0950528,-0.0946772,0.000375583,0.57509,0.575613,0.000523109
1.76004e+09,1658,-0.0952376,-0.0948659,0.000371697,0.57483,0.575351,0.000521055
1.76004e+09,1659,-0.0954206,-0.0950528,0.000367826,0.574571,0.57509,0.000518994
1.76004e+09,1660,-0.0956016,-0.0952376,0.000363971,0.574313,0.57483,0.000516928
1.76004e+09,1661,-0.0957807,-0.0954206,0.000360132,0.574056,0.574571,0.000514855
1.76004e+09,1662,-0.0959579,-0.0956016,0.000356308,0.5738,0.574313,0.000512777
1.76004e+09,1663,-0.0961332,-0.0957807,0.0003525,0.573546,0.574056,0.000510693
1.76004e+09,1664,-0.0963066,-0.0959579,0.000348707,0.573292,0.5738,0.000508605
1.76004e+09,1665,-0.0964781,-0.0961332,0.000344929,0.573039,0.573546,0.000506511
1.76004e+09,1666,-0.0966478,-0.0963066,0.000341166,0.572787,0.573292,0.000504413
1.76004e+09,1667,-0.0968156,-0.0964781,0.000337418,0.572537,0.573039,0.000502311
1.76004e+09,1668,-0.0969815,-0.0966478,0.000333684,0.572287,0.572787,0.000500205
1.76004e+09,1669,-0.0971455,-0.0968156,0.000329965,0.572039,0.572537,0.000498095
1.76004e+09,1670,-0.0973077,-0.0969815,0.000326261,0.571791,0.572287,0.000495981
1.76004e+09,1671,-0.0974681,-0.0971455,0.00032257,0.571545,0.572039,0.000493864
1.76004e+09,1672,-0.0976266,-0.0973077,0.000318893,0.571299,0.571791,0.000491744
1.76004e+09,1673,-0.0977833,-0.0974681,0.000315231,0.571055,0.571545,0.000489622
1.76004e+09,1674,-0.0979382,-0.0976266,0.000311582,0.570812,0.571299,0.000487496
1.76004e+09,1675,-0.0980913,-0.0977833,0.000307946,0.57057,0.571055,0.000485368
1.76004e+09,1676,-0.0982425,-0.0979382,0.000304324,0.570329,0.570812,0.000483239
1.76004e+09,1677,-0.098392,-0.0980913,0.000300715,0.570089,0.57057,0.000481107
1.76004e+09,1678,-0.0985396,-0.098392,0.000147662,0.56985,0.570089,0.000238953
1.76004e+09,1679,-0.0986855,-0.0985396,0.000145874,0.569612,0.56985,0.000237885
1.76004e+09,1680,-0.0988296,-0.0985396,0.000289967,0.569375,0.56985,0.000474702
1.76004e+09,1681,-0.0989719,-0.0986855,0.000286409,0.569139,0.569612,0.000472564
1.76004e+09,1682,-0.0991125,-0.0988296,0.000282864,0.568905,0.569375,0.000470426
1.76004e+09,1683,-0.0992513,-0.0991125,0.000138784,0.568671,0.568905,0.000233608
1.76004e+09,1684,-0.0993883,-0.0991125,0.000275811,0.568438,0.568905,0.000466147
1.76004e+09,1685,-0.0995236,-0.0993883,0.000135276,0.568207,0.568438,0.000231468
1.76004e+09,1686,-0.0996571,-0.0993883,0.000268806,0.567977,0.568438,0.000461867
1.76004e+09,1687,-0.0997889,-0.0995236,0.000265321,0.567747,0.568207,0.000459727
1.76004e+09,1688,-0.0999189,-0.0996571,0.000261847,0.567519,0.567977,0.000457587
1.76004e+09,1689,-0.100047,-0.0999189,0.000128329,0.567292,0.567519,0.000227189
1.76004e+09,1690,-0.100174,-0.100047,0.000126606,0.567066,0.567292,0.00022612
1.76004e+09,1691,-0.100299,-0.100174,0.000124889,0.566841,0.567066,0.000225052
1.76004e+09,1692,-0.100422,-0.100299,0.000123178,0.566617,0.566841,0.000223983
1.76004e+09,1693,-0.100543,-0.100299,0.000244649,0.566394,0.566841,0.000446899
1.76004e+09,1694,-0.100663,-0.100422,0.000241242,0.566172,0.566617,0.000444765
1.76004e+09,1695,-0.100781,-0.100543,0.000237845,0.565951,0.566394,0.000442632
1.76004e+09,1696,-0.100898,-0.100663,0.000234459,0.565731,0.566172,0.000440501
1.76004e+09,1697,-0.101012,-0.100781,0.000231083,0.565513,0.565951,0.000438372
1.76004e+09,1698,-0.101125,-0.100898,0.000227717,0.565295,0.565731,0.000436245
1.76004e+09,1699,-0.101237,-0.101125,0.000111343,0.565079,0.565295,0.000216529
1.76004e+09,1700,-0.101346,-0.101125,0.000221015,0.564863,0.565295,0.000431997
1.76004e+09,1701,-0.101454,-0.101237,0.000217679,0.564649,0.565079,0.000429877
1.76004e+09,1702,-0.101561,-0.101454,0.000106345,0.564435,0.564649,0.00021335
1.76004e+09,1703,-0.101665,-0.101454,0.000211034,0.564223,0.564649,0.000425644
1.76004e+09,1704,-0.101768,-0.101561,0.000207726,0.564012,0.564435,0.000423533
1.76004e+09,1705,-0.10187,-0.101665,0.000204426,0.563802,0.564223,0.000421424
1.76004e+09,1706,-0.10197,-0.101768,0.000201136,0.563593,0.564012,0.000419319
1.76004e+09,1707,-0.102068,-0.10187,0.000197855,0.563384,0.563802,0.000417217
1.76004e+09,1708,-0.102164,-0.10197,0.000194582,0.563177,0.563593,0.000415118
1.76004e+09,1709,-0.102259,-0.102068,0.000191317,0.562971,0.563384,0.000413024
1.76004e+09,1710,-0.102352,-0.102164,0.000188062,0.562766,0.563177,0.000410933
1.76004e+09,1711,-0.102444,-0.102259,0.000184814,0.562563,0.562971,0.000408846
1.76004e+09,1712,-0.102534,-0.102352,0.000181574,0.56236,0.562766,0.000406764
1.76004e+09,1713,-0.102622,-0.102444,0.000178343,0.562158,0.562563,0.000404685
1.76004e+09,1714,-0.102709,-0.102534,0.000175119,0.561957,0.56236,0.000402611
1.76004e+09,1715,-0.102794,-0.102622,0.000171903,0.561757,0.562158,0.000400542
1.76004e+09,1716,-0.102878,-0.102709,0.000168695,0.561559,0.561957,0.000398478
1.76004e+09,1717,-0.10296,-0.102794,0.000165494,0.561361,0.561757,0.000396418
1.76004e+09,1718,-0.10304,-0.102878,0.0001623,0.561164,0.561559,0.000394363
1.76004e+09,1719,-0.103119,-0.10296,0.000159113,0.560969,0.561361,0.000392313
1.76004e+09,1720,-0.103196,-0.10304,0.000155934,0.560774,0.561164,0.000390269
1.76004e+09,1721,-0.103271,-0.103119,0.000152761,0.56058,0.560969,0.00038823
1.76004e+09,1722,-0.103345,-0.103196,0.000149595,0.560388,0.560774,0.000386197
1.76004e+09,1723,-0.103418,-0.103271,0.000146436,0.560196,0.56058,0.000384169
1.76004e+09,1724,-0.103489,-0.103345,0.000143283,0.560006,0.560388,0.000382146
1.76004e+09,1725,-0.103558,-0.103418,0.000140137,0.559816,0.560196,0.00038013
1.76004e+09,1726,-0.103626,-0.103489,0.000136996,0.559628,0.560006,0.00037812
1.76004e+09,1727,-0.103692,-0.103558,0.000133862,0.55944,0.559816,0.000376116
1.76004e+09,1728,-0.103756,-0.103626,0.000130734,0.559253,0.559628,0.000374118
1.76004e+09,1729,-0.103819,-0.103692,0.000127611,0.559068,0.55944,0.000372127
1.76004e+09,1730,-0.103881,-0.103756,0.000124495,0.558883,0.559253,0.000370142
1.76004e+09,1731,-0.103941,-0.103819,0.000121383,0.5587,0.559068,0.000368163
1.76004e+09,1732,-0.103999,-0.103881,0.000118278,0.558517,0.558883,0.000366192
1.76004e+09,1733,-0.104056,-0.103999,5.6814e-05,0.558335,0.558517,0.000181623
1.76004e+09,1734,-0.104111,-0.103999,0.000112082,0.558155,0.558517,0.000362269
1.76004e+09,1735,-0.104165,-0.104111,5.37236e-05,0.557975,0.558155,0.000179672
1.76004e+09,1736,-0.104217,-0.104111,0.000105906,0.557796,0.558155,0.000358375
1.76004e+09,1737,-0.104268,-0.104165,0.000102825,0.557619,0.557975,0.000356439
1.76004e+09,1738,-0.104317,-0.104217,9.97488e-05,0.557442,0.557796,0.00035451
1.76004e+09,1739,-0.104365,-0.104317,4.75712e-05,0.557266,0.557442,0.000175815
1.76004e+09,1740,-0.104411,-0.104317,9.36099e-05,0.557091,0.557442,0.000350676
1.76004e+09,1741,-0.104455,-0.104411,4.45082e-05,0.556917,0.557091,0.00017391
1.76004e+09,1742,-0.104498,-0.104455,4.29797e-05,0.556744,0.556917,0.000172963
1.76004e+09,1743,-0.10454,-0.104455,8.44329e-05,0.556572,0.556917,0.000344982
1.76004e+09,1744,-0.104579,-0.104498,8.13818e-05,0.556401,0.556744,0.000343101
1.76004e+09,1745,-0.104618,-0.10454,7.83344e-05,0.556231,0.556572,0.000341227
1.76004e+09,1746,-0.104655,-0.104579,7.52905e-05,0.556062,0.556401,0.000339362
1.76004e+09,1747,-0.10469,-0.104618,7.22501e-05,0.555894,0.556231,0.000337506
1.76004e+09,1748,-0.104724,-0.104655,6.9213e-05,0.555726,0.556062,0.000335658
1.76004e+09,1749,-0.104756,-0.10469,6.61792e-05,0.55556,0.555894,0.000333819
1.76004e+09,1750,-0.104787,-0.104724,6.31483e-05,0.555394,0.555726,0.000331988
1.76004e+09,1751,-0.104816,-0.104756,6.01204e-05,0.55523,0.55556,0.000330167
1.76004e+09,1752,-0.104844,-0.104787,5.70954e-05,0.555066,0.555394,0.000328354
1.76004e+09,1753,-0.10487,-0.104816,5.4073e-05,0.554903,0.55523,0.000326551
1.76004e+09,1754,-0.104895,-0.104844,5.10531e-05,0.554741,0.555066,0.000324756
1.76004e+09,1755,-0.104919,-0.10487,4.80357e-05,0.55458,0.554903,0.000322972
1.76004e+09,1756,-0.10494,-0.104895,4.50205e-05,0.55442,0.554741,0.000321196
1.76004e+09,1757,-0.104961,-0.104919,4.20076e-05,0.554261,0.55458,0.000319431
1.76004e+09,1758,-0.104979,-0.10494,3.89966e-05,0.554102,0.55442,0.000317674
1.76004e+09,1759,-0.104997,-0.104961,3.59876e-05,0.553945,0.554261,0.000315928
1.76004e+09,1760,-0.105012,-0.104979,3.29803e-05,0.553788,0.554102,0.000314192
1.76004e+09,1761,-0.105026,-0.104997,2.99747e-05,0.553632,0.553945,0.000312465
1.76004e+09,1762,-0.105039,-0.105012,2.69707e-05,0.553477,0.553788,0.000310749
1.76004e+09,1763,-0.10505,-0.105026,2.3968e-05,0.553323,0.553632,0.000309043
1.76004e+09,1764,-0.10506,-0.105039,2.09666e-05,0.55317,0.553477,0.000307347
1.76004e+09,1765,-0.105068,-0.10505,1.79663e-05,0.553018,0.553323,0.000305662
1.76004e+09,1766,-0.105075,-0.10506,1.49671e-05,0.552866,0.55317,0.000303987
1.76004e+09,1767,-0.10508,-0.105068,1.19688e-05,0.552715,0.553018,0.000302323
1.76004e+09,1768,-0.105084,-0.105075,8.97118e-06,0.552565,0.552866,0.00030067
1.76004e+09,1769,-0.105086,-0.10508,5.97423e-06,0.552416,0.552715,0.000299028
1.76004e+09,1770,-0.105087,-0.105084,2.97779e-06,0.552268,0.552565,0.000297397
1.76004e+09,1771,-0.105086,-0.105087,-7.58112e-07,0.55212,0.552268,0.000147485
1.76004e+09,1772,-0.105084,-0.105087,-3.01408e-06,0.551974,0.552268,0.000294168
1.76004e+09,1773,-0.10508,-0.105086,-6.00976e-06,0.551828,0.55212,0.00029257
1.76004e+09,1774,-0.105075,-0.105084,-9.00544e-06,0.551683,0.551974,0.000290984
1.76004e+09,1775,-0.105068,-0.10508,-1.20012e-05,0.551538,0.551828,0.00028941
1.76004e+09,1776,-0.10506,-0.105075,-1.49973e-05,0.551395,0.551683,0.000287847
1.76004e+09,1777,-0.10505,-0.10506,-9.74604e-06,0.551252,0.551395,0.000142762
1.76004e+09,1778,-0.105039,-0.10505,-1.12447e-05,0.55111,0.551252,0.000141995
1.76004e+09,1779,-0.105026,-0.105039,-1.27436e-05,0.550969,0.55111,0.000141235
1.76004e+09,1780,-0.105012,-0.105026,-1.4243e-05,0.550828,0.550969,0.00014048
1.76004e+09,1781,-0.104996,-0.105012,-1.57428e-05,0.550689,0.550828,0.000139732
1.76004e+09,1782,-0.104979,-0.105012,-3.29861e-05,0.55055,0.550828,0.000278723
1.76004e+09,1783,-0.10496,-0.104996,-3.59875e-05,0.550411,0.550689,0.000277245
1.76004e+09,1784,-0.10494,-0.104979,-3.89901e-05,0.550274,0.55055,0.00027578
1.76004e+09,1785,-0.104918,-0.10496,-4.19942e-05,0.550137,0.550411,0.000274328
1.76004e+09,1786,-0.104895,-0.10494,-4.49998e-05,0.550001,0.550274,0.000272889
1.76004e+09,1787,-0.10487,-0.104895,-2.47555e-05,0.549866,0.550001,0.000135376
1.76004e+09,1788,-0.104844,-0.10487,-2.62605e-05,0.549731,0.549866,0.000134673
1.76004e+09,1789,-0.104816,-0.10487,-5.40269e-05,0.549597,0.549866,0.00026865
1.76004e+09,1790,-0.104787,-0.104844,-5.70399e-05,0.549464,0.549731,0.000267263
1.76004e+09,1791,-0.104756,-0.104816,-6.0055e-05,0.549331,0.549597,0.00026589
1.76004e+09,1792,-0.104724,-0.104787,-6.30724e-05,0.549199,0.549464,0.000264531
1.76004e+09,1793,-0.10469,-0.104756,-6.60922e-05,0.549068,0.549331,0.000263186
1.76004e+09,1794,-0.104655,-0.104724,-6.91146e-05,0.548937,0.549199,0.000261854
1.76004e+09,1795,-0.104618,-0.10469,-7.21396e-05,0.548807,0.549068,0.000260537
1.76004e+09,1796,-0.10458,-0.104655,-7.51675e-05,0.548678,0.548937,0.000259234
1.76004e+09,1797,-0.10454,-0.104618,-7.81982e-05,0.548549,0.548807,0.000257945
1.76004e+09,1798,-0.104498,-0.10458,-8.12321e-05,0.548421,0.548678,0.00025667
1.76004e+09,1799,-0.104456,-0.10454,-8.42691e-05,0.548294,0.548549,0.00025541
1.76004e+09,1800,-0.104411,-0.104498,-8.73094e-05,0.548167,0.548421,0.000254165
1.76004e+09,1801,-0.104365,-0.104456,-9.03531e-05,0.548041,0.548294,0.000252935
1.76004e+09,1802,-0.104318,-0.104411,-9.34005e-05,0.547916,0.548167,0.000251719
1.76004e+09,1803,-0.104269,-0.104365,-9.64515e-05,0.547791,0.548041,0.000250519
1.76004e+09,1804,-0.104218,-0.104318,-9.95064e-05,0.547666,0.547916,0.000249334
1.76004e+09,1805,-0.104166,-0.104269,-0.000102565,0.547542,0.547791,0.000248165
1.76004e+09,1806,-0.104113,-0.104218,-0.000105628,0.547419,0.547666,0.000247011
1.76004e+09,1807,-0.104058,-0.104113,-5.51149e-05,0.547297,0.547419,0.000122654
1.76004e+09,1808,-0.104001,-0.104113,-0.000111767,0.547174,0.547419,0.000244751
1.76004e+09,1809,-0.103943,-0.104058,-0.000114843,0.547053,0.547297,0.000243645
1.76004e+09,1810,-0.103883,-0.104001,-0.000117923,0.546932,0.547174,0.000242555
1.76004e+09,1811,-0.103822,-0.103943,-0.000121009,0.546811,0.547053,0.000241482
1.76004e+09,1812,-0.103759,-0.103883,-0.000124099,0.546692,0.546932,0.000240425
1.76004e+09,1813,-0.103694,-0.103822,-0.000127194,0.546572,0.546811,0.000239384
1.76004e+09,1814,-0.103629,-0.103759,-0.000130294,0.546453,0.546692,0.000238361
1.76004e+09,1815,-0.103561,-0.103694,-0.0001334,0.546335,0.546572,0.000237354
1.76004e+09,1816,-0.103492,-0.103629,-0.000136511,0.546217,0.546453,0.000236365
1.76004e+09,1817,-0.103421,-0.103561,-0.000139627,0.546099,0.546335,0.000235393
1.76004e+09,1818,-0.103349,-0.103492,-0.000142749,0.545982,0.546217,0.000234439
1.76004e+09,1819,-0.103276,-0.103421,-0.000145877,0.545866,0.546099,0.000233502
1.76004e+09,1820,-0.1032,-0.103349,-0.000149011,0.54575,0.545982,0.000232583
1.76004e+09,1821,-0.103123,-0.103276,-0.000152151,0.545634,0.545866,0.000231682
1.76004e+09,1822,-0.103045,-0.1032,-0.000155297,0.545519,0.54575,0.000230799
1.76004e+09,1823,-0.102965,-0.103123,-0.000158449,0.545404,0.545634,0.000229935
1.76004e+09,1824,-0.102883,-0.103045,-0.000161608,0.54529,0.545519,0.000229089
1.76004e+09,1825,-0.1028,-0.102965,-0.000164774,0.545176,0.545404,0.000228262
1.76004e+09,1826,-0.102715,-0.102883,-0.000167946,0.545062,0.54529,0.000227454
1.76004e+09,1827,-0.102629,-0.1028,-0.000171125,0.544949,0.545176,0.000226665
1.76004e+09,1828,-0.102541,-0.102715,-0.000174311,0.544837,0.545062,0.000225896
1.76004e+09,1829,-0.102452,-0.102541,-8.9551e-05,0.544724,0.544837,0.000112388
1.76004e+09,1830,-0.10236,-0.102452,-9.1153e-05,0.544612,0.544724,0.000112028
1.76004e+09,1831,-0.102268,-0.102452,-0.000183912,0.5445,0.544724,0.000223705
1.76004e+09,1832,-0.102173,-0.10236,-0.000187127,0.544389,0.544612,0.000223015
1.76004e+09,1833,-0.102077,-0.102268,-0.00019035,0.544278,0.5445,0.000222345
1.76004e+09,1834,-0.10198,-0.102173,-0.000193581,0.544167,0.544389,0.000221696
1.76004e+09,1835,-0.101881,-0.102077,-0.000196819,0.544057,0.544278,0.000221067
1.76004e+09,1836,-0.10178,-0.10198,-0.000200066,0.543947,0.544167,0.000220459
1.76004e+09,1837,-0.101677,-0.101881,-0.000203321,0.543837,0.544057,0.000219873
1.76004e+09,1838,-0.101573,-0.10178,-0.000206584,0.543728,0.543947,0.000219308
1.76004e+09,1839,-0.101467,-0.101677,-0.000209856,0.543618,0.543837,0.000218764
1.76004e+09,1840,-0.10136,-0.101573,-0.000213137,0.543509,0.543728,0.000218243
1.76004e+09,1841,-0.101251,-0.101467,-0.000216426,0.543401,0.543618,0.000217743
1.76004e+09,1842,-0.10114,-0.10136,-0.000219724,0.543292,0.543509,0.000217266
1.76004e+09,1843,-0.101028,-0.101251,-0.000223031,0.543184,0.543401,0.000216812
1.76004e+09,1844,-0.100914,-0.101028,-0.000114004,0.543076,0.543184,0.000108085
1.76004e+09,1845,-0.100798,-0.100914,-0.000115669,0.542968,0.543076,0.000107886
1.76004e+09,1846,-0.100681,-0.100914,-0.000233008,0.54286,0.543076,0.000215586
1.76004e+09,1847,-0.100562,-0.100681,-0.000119014,0.542753,0.54286,0.000107524
1.76004e+09,1848,-0.100441,-0.100681,-0.000239707,0.542645,0.54286,0.000214885
1.76004e+09,1849,-0.100319,-0.100441,-0.000122378,0.542538,0.542645,0.00010721
1.76004e+09,1850,-0.100195,-0.100441,-0.000246446,0.542431,0.542645,0.000214281
1.76004e+09,1851,-0.100069,-0.100319,-0.00024983,0.542324,0.542538,0.000214016
1.76004e+09,1852,-0.0999415,-0.100195,-0.000253225,0.542217,0.542431,0.000213776
1.76004e+09,1853,-0.0998123,-0.100069,-0.00025663,0.54211,0.542324,0.00021356
1.76004e+09,1854,-0.0996814,-0.0999415,-0.000260046,0.542004,0.542217,0.00021337
1.76004e+09,1855,-0.0995488,-0.0996814,-0.000132594,0.541897,0.542004,0.000106565
1.76004e+09,1856,-0.0994145,-0.0995488,-0.000134316,0.541791,0.541897,0.000106502
1.76004e+09,1857,-0.0992785,-0.0994145,-0.000136043,0.541684,0.541791,0.000106453
1.76004e+09,1858,-0.0991407,-0.0992785,-0.000137776,0.541578,0.541684,0.000106417
1.76004e+09,1859,-0.0990012,-0.0991407,-0.000139514,0.541472,0.541578,0.000106394
1.76004e+09,1860,-0.0988599,-0.0991407,-0.000280772,0.541365,0.541578,0.000212779
1.76004e+09,1861,-0.0987169,-0.0990012,-0.000284266,0.541259,0.541472,0.000212775
1.76004e+09,1862,-0.0985722,-0.0988599,-0.000287772,0.541152,0.541365,0.000212799
1.76004e+09,1863,-0.0984256,-0.0987169,-0.00029129,0.541046,0.541259,0.00021285
1.76004e+09,1864,-0.0982773,-0.0985722,-0.00029482,0.540939,0.541152,0.00021293
1.76004e+09,1865,-0.0981273,-0.0984256,-0.000298362,0.540833,0.541046,0.000213038
1.76004e+09,1866,-0.0979754,-0.0982773,-0.000301917,0.540726,0.540939,0.000213176
1.76004e+09,1867,-0.0978218,-0.0981273,-0.000305484,0.54062,0.540833,0.000213343
1.76004e+09,1868,-0.0976664,-0.0979754,-0.000309064,0.540513,0.540726,0.000213539
1.76004e+09,1869,-0.0975091,-0.0978218,-0.000312656,0.540406,0.54062,0.000213766
1.76004e+09,1870,-0.0973501,-0.0976664,-0.000316262,0.540299,0.540513,0.000214023
1.76004e+09,1871,-0.0971892,-0.0975091,-0.00031988,0.540191,0.540406,0.000214311
1.76004e+09,1872,-0.0970266,-0.0973501,-0.000323512,0.540084,0.540299,0.000214629
1.76004e+09,1873,-0.0968621,-0.0971892,-0.000327158,0.539976,0.540191,0.00021498
1.76004e+09,1874,-0.0966958,-0.0970266,-0.000330817,0.539869,0.540084,0.000215362
1.76004e+09,1875,-0.0965276,-0.0968621,-0.000334489,0.539761,0.539976,0.000215776
1.76004e+09,1876,-0.0963576,-0.0966958,-0.000338176,0.539652,0.539869,0.000216223
1.76004e+09,1877,-0.0961857,-0.0965276,-0.000341877,0.539544,0.539761,0.000216702
1.76004e+09,1878,-0.096012,-0.0963576,-0.000345592,0.539435,0.539652,0.000217215
1.76004e+09,1879,-0.0958364,-0.0961857,-0.000349321,0.539326,0.539544,0.000217762
1.76004e+09,1880,-0.0956589,-0.096012,-0.000353065,0.539217,0.539435,0.000218343
1.76004e+09,1881,-0.0954796,-0.0958364,-0.000356823,0.539107,0.539326,0.000218958
1.76004e+09,1882,-0.0952983,-0.0956589,-0.000360596,0.538997,0.539217,0.000219609
1.76004e+09,1883,-0.0951152,-0.0954796,-0.000364384,0.538887,0.539107,0.000220295
1.76004e+09,1884,-0.0949302,-0.0952983,-0.000368187,0.538776,0.538997,0.000221016
1.76004e+09,1885,-0.0947432,-0.0951152,-0.000372006,0.538665,0.538887,0.000221774
1.76004e+09,1886,-0.0945543,-0.0949302,-0.000375839,0.538554,0.538776,0.000222568
1.76004e+09,1887,-0.0943635,-0.0947432,-0.000379689,0.538442,0.538665,0.0002234
1.76004e+09,1888,-0.0941708,-0.0945543,-0.000383554,0.538329,0.538554,0.000224269
1.76004e+09,1889,-0.0939761,-0.0943635,-0.000387434,0.538217,0.538442,0.000225176
1.76004e+09,1890,-0.0937794,-0.0941708,-0.000391331,0.538103,0.538329,0.000226122
1.76004e+09,1891,-0.0935808,-0.0939761,-0.000395244,0.537989,0.538217,0.000227106
1.76004e+09,1892,-0.0933803,-0.0937794,-0.000399173,0.537875,0.538103,0.00022813
1.76004e+09,1893,-0.0931777,-0.0935808,-0.000403119,0.53776,0.537989,0.000229194
1.76004e+09,1894,-0.0929732,-0.0933803,-0.000407081,0.537645,0.537875,0.000230299
1.76004e+09,1895,-0.0927666,-0.0929732,-0.000206526,0.537529,0.537645,0.000116013
1.76004e+09,1896,-0.0925581,-0.0927666,-0.000208528,0.537412,0.537529,0.000116617
1.76004e+09,1897,-0.0923476,-0.0927666,-0.000419067,0.537295,0.537529,0.000233859
1.76004e+09,1898,-0.092135,-0.0925581,-0.000423097,0.537177,0.537412,0.00023513
1.76004e+09,1899,-0.0919204,-0.0923476,-0.000427144,0.537059,0.537295,0.000236444
1.76004e+09,1900,-0.0917038,-0.0919204,-0.000216623,0.536939,0.537059,0.000119245
1.76004e+09,1901,-0.0914851,-0.0919204,-0.000435291,0.536819,0.537059,0.000239203
1.76004e+09,1902,-0.0912644,-0.0917038,-0.000439392,0.536699,0.536939,0.000240649
1.76004e+09,1903,-0.0910416,-0.0914851,-0.00044351,0.536577,0.536819,0.00024214
1.76004e+09,1904,-0.0908168,-0.0912644,-0.000447647,0.536455,0.536699,0.000243677
1.76004e+09,1905,-0.0905898,-0.0908168,-0.000226943,0.536332,0.536455,0.000123032
1.76004e+09,1906,-0.0903608,-0.0905898,-0.000229035,0.536208,0.536332,0.000123859
1.76004e+09,1907,-0.0901297,-0.0903608,-0.000231136,0.536083,0.536208,0.00012471
1.76004e+09,1908,-0.0898964,-0.0901297,-0.000233248,0.535958,0.536083,0.000125585
1.76004e+09,1909,-0.089661,-0.0898964,-0.00023537,0.535831,0.535958,0.000126484
1.76004e+09,1910,-0.0894235,-0.0898964,-0.000472871,0.535704,0.535958,0.000253893
1.76004e+09,1911,-0.0891839,-0.089661,-0.000477146,0.535576,0.535831,0.000255768
1.76004e+09,1912,-0.0889421,-0.0894235,-0.000481442,0.535446,0.535704,0.000257693
1.76004e+09,1913,-0.0886981,-0.0891839,-0.00048576,0.535316,0.535576,0.00025967
1.76004e+09,1914,-0.088452,-0.0889421,-0.000490099,0.535185,0.535446,0.000261699
1.76004e+09,1915,-0.0882037,-0.0886981,-0.000494462,0.535052,0.535316,0.00026378
1.76004e+09,1916,-0.0879532,-0.088452,-0.000498848,0.534919,0.535185,0.000265916
1.76004e+09,1917,-0.0877004,-0.0882037,-0.000503259,0.534784,0.535052,0.000268106
1.76004e+09,1918,-0.0874455,-0.0879532,-0.000507694,0.534648,0.534919,0.000270352
1.76004e+09,1919,-0.0871883,-0.0877004,-0.000512154,0.534511,0.534784,0.000272653
1.76004e+09,1920,-0.0869288,-0.0874455,-0.00051664,0.534373,0.534648,0.000275012
1.76004e+09,1921,-0.0866671,-0.0871883,-0.000521153,0.534234,0.534511,0.000277428
1.76004e+09,1922,-0.0864031,-0.0869288,-0.000525694,0.534093,0.534373,0.000279903
1.76004e+09,1923,-0.0861368,-0.0866671,-0.000530262,0.533951,0.534234,0.000282438
1.76004e+09,1924,-0.0858683,-0.0864031,-0.000534858,0.533808,0.534093,0.000285034
1.76004e+09,1925,-0.0855974,-0.0861368,-0.000539483,0.533664,0.533951,0.00028769
1.76004e+09,1926,-0.0853241,-0.0858683,-0.000544138,0.533518,0.533808,0.000290409
1.76004e+09,1927,-0.0850485,-0.0855974,-0.000548821,0.533371,0.533664,0.000293192
1.76004e+09,1928,-0.0847706,-0.0853241,-0.000553534,0.533222,0.533518,0.000296038
1.76004e+09,1929,-0.0844903,-0.0850485,-0.000558275,0.533072,0.533371,0.00029895
1.76004e+09,1930,-0.0842075,-0.0847706,-0.000563045,0.53292,0.533222,0.000301928
1.76004e+09,1931,-0.0839224,-0.0844903,-0.000567842,0.532767,0.533072,0.000304972
1.76004e+09,1932,-0.0836349,-0.0842075,-0.000572666,0.532612,0.53292,0.000308084
1.76004e+09,1933,-0.0833449,-0.0839224,-0.000577513,0.532455,0.532767,0.000311263
1.76004e+09,1934,-0.0830525,-0.0836349,-0.000582384,0.532297,0.532612,0.000314512
1.76004e+09,1935,-0.0827576,-0.0833449,-0.000587274,0.532138,0.532455,0.000317829
1.76004e+09,1936,-0.0824603,-0.0830525,-0.00059218,0.531976,0.532297,0.000321216
1.76004e+09,1937,-0.0821605,-0.0827576,-0.000597099,0.531813,0.532138,0.000324673
1.76004e+09,1938,-0.0818583,-0.0824603,-0.000602026,0.531648,0.531976,0.000328198
1.76004e+09,1939,-0.0815536,-0.0821605,-0.000606956,0.531481,0.531813,0.000331793
1.76004e+09,1940,-0.081236,-0.0818583,-0.000622254,0.531287,0.531648,0.000360709
1.76004e+09,1941,-0.0809161,-0.0815536,-0.000637472,0.531091,0.531481,0.000389714
1.76004e+09,1942,-0.0805938,-0.081236,-0.000642229,0.530894,0.531287,0.000393556
1.76004e+09,1943,-0.0802692,-0.0809161,-0.000646958,0.530694,0.531091,0.000397464
1.76004e+09,1944,-0.0799422,-0.0805938,-0.000651652,0.530492,0.530894,0.000401435
1.76004e+09,1945,-0.0796129,-0.0802692,-0.000656301,0.530288,0.530694,0.000405469
1.76004e+09,1946,-0.0792813,-0.0799422,-0.000660897,0.530083,0.530492,0.000409563
1.76004e+09,1947,-0.0789474,-0.0796129,-0.00066543,0.529875,0.530288,0.000413715
1.76004e+09,1948,-0.0786114,-0.0792813,-0.00066989,0.529665,0.530083,0.000417921
1.76004e+09,1949,-0.0782732,-0.0789474,-0.000674266,0.529453,0.529875,0.00042218
1.76004e+09,1950,-0.0779328,-0.0786114,-0.000678549,0.529238,0.529665,0.000426488
1.76004e+09,1951,-0.0775904,-0.0782732,-0.000682728,0.529022,0.529453,0.000430841
1.76004e+09,1952,-0.077246,-0.0779328,-0.000686792,0.528803,0.529238,0.000435235
1.76004e+09,1953,-0.0768997,-0.0775904,-0.00069073,0.528582,0.529022,0.000439666
1.76004e+09,1954,-0.0765515,-0.077246,-0.000694532,0.528359,0.528803,0.00044413
1.76004e+09,1955,-0.0762015,-0.0768997,-0.000698187,0.528133,0.528582,0.000448622
1.76004e+09,1956,-0.0758498,-0.0762015,-0.000351697,0.527906,0.528133,0.000227701
1.76004e+09,1957,-0.0754965,-0.0762015,-0.000705017,0.527676,0.528133,0.000457672
1.76004e+09,1958,-0.0751416,-0.0758498,-0.000708173,0.527444,0.527906,0.000462219
1.76004e+09,1959,-0.0747854,-0.0754965,-0.000711142,0.527209,0.527676,0.000466774
1.76004e+09,1960,-0.0744277,-0.0751416,-0.000713917,0.526972,0.527444,0.000471331
1.76004e+09,1961,-0.0740689,-0.0747854,-0.000716489,0.526733,0.527209,0.000475885
1.76004e+09,1962,-0.0737089,-0.0744277,-0.00071885,0.526492,0.526972,0.00048043
1.76004e+09,1963,-0.0733479,-0.0740689,-0.000720993,0.526248,0.526733,0.000484961
1.76004e+09,1964,-0.072986,-0.0737089,-0.000722912,0.526002,0.526492,0.000489471
1.76004e+09,1965,-0.0726233,-0.0733479,-0.000724601,0.525754,0.526248,0.000493954
1.76004e+09,1966,-0.0722599,-0.072986,-0.000726053,0.525504,0.526002,0.000498406
1.76004e+09,1967,-0.071896,-0.0726233,-0.000727266,0.525251,0.525754,0.00050282
1.76004e+09,1968,-0.0715317,-0.0722599,-0.000728234,0.524997,0.525504,0.000507191
1.76004e+09,1969,-0.071167,-0.071896,-0.000728954,0.52474,0.525251,0.000511513
1.76004e+09,1970,-0.0708023,-0.0715317,-0.000729424,0.524481,0.524997,0.000515781
1.76004e+09,1971,-0.0704374,-0.071167,-0.000729643,0.52422,0.52474,0.00051999
1.76004e+09,1972,-0.0700726,-0.0708023,-0.000729608,0.523957,0.524481,0.000524135
1.76004e+09,1973,-0.0697081,-0.0704374,-0.000729321,0.523692,0.52422,0.00052821
1.76004e+09,1974,-0.0693439,-0.0700726,-0.00072878,0.523425,0.523957,0.000532211
1.76004e+09,1975,-0.0689801,-0.0697081,-0.000727988,0.523156,0.523692,0.000536134
1.76004e+09,1976,-0.0686169,-0.0693439,-0.000726946,0.522885,0.523425,0.000539975
1.76004e+09,1977,-0.0682544,-0.0689801,-0.000725657,0.522612,0.523156,0.00054373
1.76004e+09,1978,-0.0678928,-0.0686169,-0.000724124,0.522337,0.522885,0.000547396
1.76004e+09,1979,-0.0675321,-0.0682544,-0.000722351,0.522061,0.522612,0.000550969
1.76004e+09,1980,-0.0671725,-0.0678928,-0.000720344,0.521783,0.522337,0.000554447
1.76004e+09,1981,-0.066814,-0.0671725,-0.000358466,0.521503,0.521783,0.000279747
1.76004e+09,1982,-0.0664568,-0.0671725,-0.000715647,0.521222,0.521783,0.000561109
1.76004e+09,1983,-0.066101,-0.066814,-0.000712971,0.520939,0.521503,0.00056429
1.76004e+09,1984,-0.0657467,-0.0664568,-0.000710086,0.520654,0.521222,0.000567368
1.76004e+09,1985,-0.065394,-0.066101,-0.000707,0.520368,0.520939,0.000570344
1.76004e+09,1986,-0.065043,-0.0657467,-0.000703723,0.520081,0.520654,0.000573217
1.76004e+09,1987,-0.0646938,-0.065394,-0.000700262,0.519792,0.520368,0.000575988
1.76004e+09,1988,-0.0643464,-0.065043,-0.000696627,0.519502,0.520081,0.000578656
1.76004e+09,1989,-0.0640009,-0.0646938,-0.00069283,0.519211,0.519792,0.000581224
1.76004e+09,1990,-0.0636575,-0.0643464,-0.000688879,0.518919,0.519502,0.000583693
1.76004e+09,1991,-0.0633161,-0.0640009,-0.000684786,0.518625,0.519211,0.000586065
1.76004e+09,1992,-0.0629769,-0.0636575,-0.000680562,0.51833,0.518919,0.000588341
1.76004e+09,1993,-0.0626399,-0.0633161,-0.000676217,0.518035,0.518625,0.000590525
1.76004e+09,1994,-0.0623052,-0.0629769,-0.000671762,0.517738,0.51833,0.000592619
1.76004e+09,1995,-0.0619727,-0.0626399,-0.000667209,0.51744,0.518035,0.000594627
1.76004e+09,1996,-0.0616426,-0.0623052,-0.000662568,0.517141,0.517738,0.000596551
1.76004e+09,1997,-0.0613149,-0.0619727,-0.00065785,0.516842,0.51744,0.000598396
1.76004e+09,1998,-0.0609895,-0.0616426,-0.000653064,0.516541,0.517141,0.000600165
1.76004e+09,1999,-0.0606666,-0.0613149,-0.000648222,0.51624,0.516842,0.000601861
1.76004e+09,2000,-0.0604606,-0.0609895,-0.000528886,0.528746,0.516541,-0.0122051
1.76004e+09,2001,-0.0602563,-0.0606666,-0.000410304,0.54098,0.51624,-0.0247407
1.76004e+09,2002,-0.0600537,-0.0604606,-0.000406928,0.55296,0.528746,-0.0242134
1.76004e+09,2003,-0.0598528,-0.0602563,-0.000403527,0.564699,0.54098,-0.0237184
1.76004e+09,2004,-0.0596536,-0.0600537,-0.000400107,0.576212,0.55296,-0.0232524
1.76004e+09,2005,-0.0594561,-0.0598528,-0.000396675,0.587511,0.564699,-0.0228126
1.76004e+09,2006,-0.0592604,-0.0596536,-0.000393235,0.598608,0.576212,-0.0223964
1.76004e+09,2007,-0.0590663,-0.0594561,-0.000389794,0.609513,0.587511,-0.0220015
1.76004e+09,2008,-0.058874,-0.0592604,-0.000386355,0.620234,0.598608,-0.0216261
1.76004e+09,2009,-0.0586834,-0.0590663,-0.000382924,0.630781,0.609513,-0.0212684
1.76004e+09,2010,-0.0584945,-0.058874,-0.000379505,0.641161,0.620234,-0.020927
1.76004e+09,2011,-0.0583073,-0.0586834,-0.000376099,0.651382,0.630781,-0.0206004
1.76004e+09,2012,-0.0581218,-0.0584945,-0.00037271,0.661449,0.641161,-0.0202876
1.76004e+09,2013,-0.057938,-0.0583073,-0.00036934,0.671369,0.651382,-0.0199874
1.76004e+09,2014,-0.0577558,-0.0581218,-0.000365991,0.681148,0.661449,-0.0196989
1.76004e+09,2015,-0.0575753,-0.057938,-0.000362665,0.69079,0.671369,-0.0194211
1.76004e+09,2016,-0.0573965,-0.0577558,-0.000359362,0.700301,0.681148,-0.0191534
1.76004e+09,2017,-0.0572192,-0.0575753,-0.000356083,0.709685,0.69079,-0.0188951
1.76004e+09,2018,-0.0570436,-0.0573965,-0.000352828,0.718947,0.700301,-0.0186454
1.76004e+09,2019,-0.0568696,-0.0572192,-0.000349599,0.728089,0.709685,-0.0184038
1.76004e+09,2020,-0.0566972,-0.0570436,-0.000346395,0.737116,0.718947,-0.0181698
1.76004e+09,2021,-0.0565264,-0.0568696,-0.000343216,0.746032,0.728089,-0.0179428
1.76004e+09,2022,-0.0563572,-0.0566972,-0.000340061,0.754839,0.737116,-0.0177224
1.76004e+09,2023,-0.0561895,-0.0565264,-0.000336932,0.76354,0.746032,-0.0175083
1.76004e+09,2024,-0.0560233,-0.0563572,-0.000333826,0.772139,0.754839,-0.0173
1.76004e+09,2025,-0.0558587,-0.0561895,-0.000330744,0.780638,0.76354,-0.0170972
1.76004e+09,2026,-0.0556957,-0.0560233,-0.000327685,0.789039,0.772139,-0.0168996
1.76004e+09,2027,-0.0555341,-0.0556957,-0.000161568,0.797344,0.789039,-0.00830579
1.76004e+09,2028,-0.055374,-0.0556957,-0.000321635,0.805557,0.789039,-0.0165186
1.76004e+09,2029,-0.0552154,-0.0555341,-0.000318642,0.813679,0.797344,-0.0163347
1.76004e+09,2030,-0.0550584,-0.0552154,-0.000157095,0.821712,0.813679,-0.00803303
1.76004e+09,2031,-0.0549027,-0.0552154,-0.000312719,0.829658,0.813679,-0.015979
1.76004e+09,2032,-0.0547486,-0.0550584,-0.000309787,0.837519,0.821712,-0.0158068
1.76004e+09,2033,-0.0545959,-0.0547486,-0.000152712,0.845296,0.837519,-0.00777723
1.76004e+09,2034,-0.0544446,-0.0545959,-0.00015127,0.852991,0.845296,-0.00769528
1.76004e+09,2035,-0.0542947,-0.0545959,-0.000301107,0.860606,0.845296,-0.0153101
1.76004e+09,2036,-0.0541463,-0.0542947,-0.000148413,0.868142,0.860606,-0.00753586
1.76004e+09,2037,-0.0539993,-0.0542947,-0.00029541,0.8756,0.860606,-0.0149941
1.76004e+09,2038,-0.0538537,-0.0539993,-0.00014559,0.882982,0.8756,-0.00738191
1.76004e+09,2039,-0.0537096,-0.0538537,-0.000144191,0.890289,0.882982,-0.00730682
1.76004e+09,2040,-0.0535668,-0.0537096,-0.000142801,0.897522,0.890289,-0.0072329
1.76004e+09,2041,-0.0534253,-0.0537096,-0.000284219,0.904682,0.890289,-0.014393
1.76004e+09,2042,-0.0532853,-0.0535668,-0.000281461,0.91177,0.897522,-0.0142485
1.76004e+09,2043,-0.0531466,-0.0534253,-0.000278719,0.918788,0.904682,-0.0141061
1.76004e+09,2044,-0.0530093,-0.0532853,-0.000275993,0.925736,0.91177,-0.0139656
1.76004e+09,2045,-0.0528733,-0.0531466,-0.000273281,0.932615,0.918788,-0.013827
1.76004e+09,2046,-0.0527387,-0.0528733,-0.00013462,0.939426,0.932615,-0.00681116
1.76004e+09,2047,-0.0526054,-0.0527387,-0.000133282,0.94617,0.939426,-0.00674406
1.76004e+09,2048,-0.0524735,-0.0526054,-0.000131952,0.952848,0.94617,-0.00667776
1.76004e+09,2049,-0.0523429,-0.0526054,-0.00026258,0.95946,0.94617,-0.01329
1.76004e+09,2050,-0.0522135,-0.0523429,-0.000129312,0.966008,0.95946,-0.00654742
1.76004e+09,2051,-0.0520855,-0.0523429,-0.000257314,0.972491,0.95946,-0.0130307
1.76004e+09,2052,-0.0519588,-0.0522135,-0.000254701,0.978911,0.966008,-0.0129032
1.76004e+09,2053,-0.0518334,-0.0520855,-0.000252102,0.985268,0.972491,-0.012777
1.76004e+09,2054,-0.0517093,-0.0519588,-0.000249517,0.991563,0.978911,-0.012652
1.76004e+09,2055,-0.0515865,-0.0518334,-0.000246944,0.997796,0.985268,-0.0125282
1.76004e+09,2056,-0.0514649,-0.0517093,-0.000244385,1.00397,0.991563,-0.0124055
1.76004e+09,2057,-0.0513447,-0.0515865,-0.000241838,1.01008,0.997796,-0.0122839
1.76004e+09,2058,-0.0512256,-0.0514649,-0.000239304,1.01613,1.00397,-0.0121634
1.76004e+09,2059,-0.0511079,-0.0513447,-0.000236782,1.02212,1.01008,-0.0120438
1.76004e+09,2060,-0.0509914,-0.0512256,-0.000234273,1.02806,1.01613,-0.0119252
1.76004e+09,2061,-0.0508761,-0.0511079,-0.000231776,1.03393,1.02212,-0.0118076
1.76004e+09,2062,-0.0507621,-0.0509914,-0.000229291,1.03975,1.02806,-0.0116908
1.76004e+09,2063,-0.0506493,-0.0508761,-0.000226818,1.04551,1.03393,-0.0115748
1.76004e+09,2064,-0.0505377,-0.0507621,-0.000224357,1.05121,1.03975,-0.0114596
1.76004e+09,2065,-0.0504274,-0.0506493,-0.000221907,1.05685,1.04551,-0.0113452
1.76004e+09,2066,-0.0503182,-0.0505377,-0.000219469,1.06244,1.05121,-0.0112315
1.76004e+09,2067,-0.0502103,-0.0504274,-0.000217042,1.06797,1.05685,-0.0111185
1.76004e+09,2068,-0.0501036,-0.0503182,-0.000214626,1.07345,1.06244,-0.0110062
1.76004e+09,2069,-0.0499981,-0.0502103,-0.000212221,1.07886,1.06797,-0.0108945
1.76004e+09,2070,-0.0498938,-0.0501036,-0.000209827,1.08423,1.07345,-0.0107835
1.76004e+09,2071,-0.0497907,-0.0499981,-0.000207444,1.08954,1.07886,-0.010673
1.76004e+09,2072,-0.0496887,-0.0498938,-0.000205071,1.09479,1.08423,-0.010563
1.76004e+09,2073,-0.049588,-0.0496887,-0.000100765,1.09999,1.09479,-0.00519954
1.76004e+09,2074,-0.0494884,-0.049588,-9.95915e-05,1.10514,1.09999,-0.00514521
1.76004e+09,2075,-0.0493899,-0.049588,-0.000198015,1.11023,1.09999,-0.0102363
1.76004e+09,2076,-0.0492927,-0.0494884,-0.000195683,1.11526,1.10514,-0.0101284
1.76004e+09,2077,-0.0491966,-0.0493899,-0.00019336,1.12025,1.11023,-0.0100209
1.76004e+09,2078,-0.0491016,-0.0492927,-0.000191048,1.12518,1.11526,-0.00991384
1.76004e+09,2079,-0.0490078,-0.0491966,-0.000188745,1.13006,1.12025,-0.00980717
1.76004e+09,2080,-0.0489152,-0.0491016,-0.000186451,1.13488,1.12518,-0.00970088
1.76004e+09,2081,-0.0488237,-0.0490078,-0.000184167,1.13965,1.13006,-0.00959497
1.76004e+09,2082,-0.0487333,-0.0489152,-0.000181891,1.14437,1.13488,-0.0094894
1.76004e+09,2083,-0.048644,-0.0487333,-8.9247e-05,1.14903,1.14437,-0.00466581
1.76004e+09,2084,-0.0485559,-0.0487333,-0.000177368,1.15365,1.14437,-0.00927925
1.76004e+09,2085,-0.0484689,-0.048644,-0.000175119,1.15821,1.14903,-0.00917463
1.76004e+09,2086,-0.048383,-0.0485559,-0.000172878,1.16272,1.15365,-0.00907031
1.76004e+09,2087,-0.0482983,-0.0484689,-0.000170646,1.16718,1.15821,-0.00896625
1.76004e+09,2088,-0.0482146,-0.048383,-0.000168423,1.17158,1.16272,-0.00886246
1.76004e+09,2089,-0.0481321,-0.0482983,-0.000166207,1.17593,1.16718,-0.00875891
1.76004e+09,2090,-0.0480506,-0.0482146,-0.000164,1.18024,1.17158,-0.00865559
1.76004e+09,2091,-0.0479703,-0.0481321,-0.0001618,1.18449,1.17593,-0.0085525
1.76004e+09,2092,-0.047891,-0.0480506,-0.000159609,1.18869,1.18024,-0.00844961
1.76004e+09,2093,-0.0478128,-0.047891,-7.81672e-05,1.19283,1.18869,-0.00414782
1.76004e+09,2094,-0.0477358,-0.0478128,-7.70807e-05,1.19693,1.19283,-0.00409661
1.76004e+09,2095,-0.0476598,-0.0477358,-7.59979e-05,1.20098,1.19693,-0.00404549
1.76004e+09,2096,-0.0475849,-0.0477358,-0.000150917,1.20497,1.19693,-0.00803995
1.76004e+09,2097,-0.047511,-0.0476598,-0.000148762,1.20891,1.20098,-0.00793795
1.76004e+09,2098,-0.0474382,-0.0475849,-0.000146614,1.21281,1.20497,-0.00783609
1.76004e+09,2099,-0.0473665,-0.047511,-0.000144473,1.21665,1.20891,-0.00773438
1.76004e+09,2100,-0.0472959,-0.0474382,-0.000142339,1.22044,1.21281,-0.0076328
1.76004e+09,2101,-0.0472263,-0.0473665,-0.000140211,1.22418,1.21665,-0.00753133
1.76004e+09,2102,-0.0471578,-0.0472959,-0.00013809,1.22787,1.22044,-0.00742998
1.76004e+09,2103,-0.0470903,-0.0472263,-0.000135975,1.23151,1.22418,-0.00732874
1.76004e+09,2104,-0.0470239,-0.0471578,-0.000133867,1.2351,1.22787,-0.00722759
1.76004e+09,2105,-0.0469586,-0.0470903,-0.000131765,1.23864,1.23151,-0.00712654
1.76004e+09,2106,-0.0468943,-0.0470239,-0.000129669,1.24212,1.2351,-0.00702556
1.76004e+09,2107,-0.046831,-0.0469586,-0.000127579,1.24556,1.23864,-0.00692467
1.76004e+09,2108,-0.0467688,-0.0468943,-0.000125494,1.24895,1.24212,-0.00682385
1.76004e+09,2109,-0.0467076,-0.046831,-0.000123416,1.25228,1.24556,-0.00672309
1.76004e+09,2110,-0.0466474,-0.0467688,-0.000121343,1.25557,1.24895,-0.00662239
1.76004e+09,2111,-0.0465883,-0.0467076,-0.000119276,1.2588,1.25228,-0.00652174
1.76004e+09,2112,-0.0465302,-0.0466474,-0.000117214,1.26199,1.25557,-0.00642114
1.76004e+09,2113,-0.0464732,-0.0465302,-5.7065e-05,1.26513,1.26199,-0.00313516
1.76004e+09,2114,-0.0464171,-0.0464732,-5.60405e-05,1.26821,1.26513,-0.00308491
1.76004e+09,2115,-0.0463621,-0.0464171,-5.50186e-05,1.27124,1.26821,-0.00303467
1.76004e+09,2116,-0.0463081,-0.0464171,-0.000109018,1.27423,1.26821,-0.00601912
1.76004e+09,2117,-0.0462551,-0.0463621,-0.000106981,1.27716,1.27124,-0.00591869
1.76004e+09,2118,-0.0462031,-0.0462551,-5.19674e-05,1.28005,1.27716,-0.00288403
1.76004e+09,2119,-0.0461522,-0.0462031,-5.09551e-05,1.28288,1.28005,-0.00283384
1.76004e+09,2120,-0.0461022,-0.0461522,-4.9945e-05,1.28566,1.28288,-0.00278365
1.76004e+09,2121,-0.0460533,-0.0461022,-4.89371e-05,1.2884,1.28566,-0.00273346
1.76004e+09,2122,-0.0460054,-0.0461022,-9.68685e-05,1.29108,1.28566,-0.00541673
1.76004e+09,2123,-0.0459585,-0.0460533,-9.48592e-05,1.29371,1.2884,-0.00531636
1.76004e+09,2124,-0.0459125,-0.0460054,-9.28541e-05,1.2963,1.29108,-0.00521598
1.76004e+09,2125,-0.0458676,-0.0459585,-9.0853e-05,1.29883,1.29371,-0.0051156
1.76004e+09,2126,-0.0458237,-0.0459125,-8.8856e-05,1.30131,1.2963,-0.00501521
1.76004e+09,2127,-0.0457807,-0.0458676,-8.68629e-05,1.30375,1.29883,-0.00491481
1.76004e+09,2128,-0.0457388,-0.0458237,-8.48735e-05,1.30613,1.30131,-0.00481439
1.76004e+09,2129,-0.0456978,-0.0457807,-8.28879e-05,1.30846,1.30375,-0.00471396
1.76004e+09,2130,-0.0456579,-0.0457388,-8.09059e-05,1.31074,1.30613,-0.00461351
1.76004e+09,2131,-0.0456189,-0.0456978,-7.89275e-05,1.31297,1.30846,-0.00451304
1.76004e+09,2132,-0.0455809,-0.0456579,-7.69524e-05,1.31515,1.31074,-0.00441255
1.76004e+09,2133,-0.0455439,-0.0456189,-7.49807e-05,1.31728,1.31297,-0.00431203
1.76004e+09,2134,-0.0455079,-0.0455809,-7.30123e-05,1.31936,1.31515,-0.00421149
1.76004e+09,2135,-0.0454729,-0.0455439,-7.1047e-05,1.3214,1.31728,-0.00411092
1.76004e+09,2136,-0.0454388,-0.0455079,-6.90849e-05,1.32338,1.31936,-0.00401032
1.76004e+09,2137,-0.0454058,-0.0454729,-6.71257e-05,1.3253,1.3214,-0.00390969
1.76004e+09,2138,-0.0453737,-0.0454388,-6.51694e-05,1.32718,1.32338,-0.00380902
1.76004e+09,2139,-0.0453426,-0.0453737,-3.11199e-05,1.32901,1.32718,-0.00182898
1.76004e+09,2140,-0.0453124,-0.0453737,-6.12651e-05,1.33079,1.32718,-0.00360759
1.76004e+09,2141,-0.0452832,-0.0453426,-5.9317e-05,1.33252,1.32901,-0.00350682
1.76004e+09,2142,-0.045255,-0.0453124,-5.73714e-05,1.3342,1.33079,-0.00340601
1.76004e+09,2143,-0.0452278,-0.0452832,-5.54283e-05,1.33583,1.33252,-0.00330516
1.76004e+09,2144,-0.0452015,-0.045255,-5.34876e-05,1.3374,1.3342,-0.00320427
1.76004e+09,2145,-0.0451763,-0.0452278,-5.15492e-05,1.33893,1.33583,-0.00310335
1.76004e+09,2146,-0.0451519,-0.0452015,-4.96131e-05,1.3404,1.3374,-0.00300238
1.76004e+09,2147,-0.0451286,-0.0451763,-4.7679e-05,1.34183,1.33893,-0.00290137
1.76004e+09,2148,-0.0451062,-0.0451519,-4.57471e-05,1.3432,1.3404,-0.00280032
1.76004e+09,2149,-0.0450848,-0.0451286,-4.38171e-05,1.34453,1.34183,-0.00269923
1.76004e+09,2150,-0.0450643,-0.0450848,-2.04627e-05,1.3458,1.34453,-0.00127376
1.76004e+09,2151,-0.0450448,-0.0450643,-1.95e-05,1.34703,1.3458,-0.00122316
1.76004e+09,2152,-0.0450263,-0.0450448,-1.85381e-05,1.3482,1.34703,-0.00117254
1.76004e+09,2153,-0.0450087,-0.0450448,-3.61151e-05,1.34932,1.34703,-0.00229444
1.76004e+09,2154,-0.0449921,-0.0450263,-3.41938e-05,1.35039,1.3482,-0.00219313
1.76004e+09,2155,-0.0449764,-0.0449921,-1.56572e-05,1.35141,1.35039,-0.00102055
1.76004e+09,2156,-0.0449617,-0.0449764,-1.46983e-05,1.35238,1.35141,-0.000969839
1.76004e+09,2157,-0.044948,-0.0449617,-1.37401e-05,1.3533,1.35238,-0.00091911
1.76004e+09,2158,-0.0449352,-0.044948,-1.27824e-05,1.35417,1.3533,-0.000868358
1.76004e+09,2159,-0.0449234,-0.044948,-2.46078e-05,1.35499,1.3533,-0.00168594
1.76004e+09,2160,-0.0449125,-0.0449352,-2.26943e-05,1.35575,1.35417,-0.00158438
1.76004e+09,2161,-0.0449026,-0.0449234,-2.07817e-05,1.35647,1.35499,-0.00148277
1.76004e+09,2162,-0.0448936,-0.0449125,-1.88701e-05,1.35713,1.35575,-0.00138112
1.76004e+09,2163,-0.0448856,-0.0449026,-1.69593e-05,1.35775,1.35647,-0.00127942
1.76004e+09,2164,-0.0448786,-0.0448936,-1.50493e-05,1.35831,1.35713,-0.00117769
1.76004e+09,2165,-0.0448725,-0.0448856,-1.31401e-05,1.35883,1.35775,-0.00107591
1.76004e+09,2166,-0.0448673,-0.0448786,-1.12314e-05,1.35929,1.35831,-0.000974092
1.76004e+09,2167,-0.0448632,-0.0448725,-9.32336e-06,1.3597,1.35883,-0.000872233
1.76004e+09,2168,-0.0448599,-0.0448673,-7.41576e-06,1.36006,1.35929,-0.000770335
1.76004e+09,2169,-0.0448577,-0.0448632,-5.50856e-06,1.36037,1.3597,-0.000668397
1.76004e+09,2170,-0.0448563,-0.0448599,-3.60168e-06,1.36062,1.36006,-0.000566421
1.76004e+09,2171,-0.044856,-0.0448577,-1.69505e-06,1.36083,1.36037,-0.000464406
1.76004e+09,2172,-0.0448565,-0.0448563,2.11406e-07,1.36099,1.36062,-0.000362353
1.76004e+09,2173,-0.0448581,-0.044856,2.11777e-06,1.36109,1.36083,-0.000260263
1.76004e+09,2174,-0.0448606,-0.0448565,4.02412e-06,1.36114,1.36099,-0.000158136
1.76004e+09,2175,-0.044864,-0.0448581,5.93053e-06,1.36115,1.36109,-5.59739e-05
1.76004e+09,2176,-0.0448684,-0.0448606,7.83707e-06,1.3611,1.36114,4.6224e-05
1.76004e+09,2177,-0.0448737,-0.044864,9.74384e-06,1.361,1.36115,0.000148457
1.76004e+09,2178,-0.0448801,-0.0448737,6.30225e-06,1.36085,1.361,0.000150933
1.76004e+09,2179,-0.0448873,-0.0448737,1.35583e-05,1.36064,1.361,0.000353024
1.76004e+09,2180,-0.0448955,-0.0448801,1.54662e-05,1.36039,1.36085,0.000455357
1.76004e+09,2181,-0.0449047,-0.0448873,1.73746e-05,1.36009,1.36064,0.000557722
1.76004e+09,2182,-0.0449148,-0.0448955,1.92836e-05,1.35973,1.36039,0.000660119
1.76004e+09,2183,-0.0449259,-0.0449047,2.11932e-05,1.35932,1.36009,0.000762547
1.76004e+09,2184,-0.0449379,-0.0449148,2.31037e-05,1.35887,1.35973,0.000865006
1.76004e+09,2185,-0.0449509,-0.0449259,2.50149e-05,1.35836,1.35932,0.000967494
1.76004e+09,2186,-0.0449648,-0.0449379,2.69271e-05,1.3578,1.35887,0.00107001
1.76004e+09,2187,-0.0449797,-0.0449509,2.88403e-05,1.35718,1.35836,0.00117256
1.76004e+09,2188,-0.0449956,-0.0449648,3.07545e-05,1.35652,1.3578,0.00127513
1.76004e+09,2189,-0.0450124,-0.0449956,1.6814e-05,1.35581,1.35652,0.000714522
1.76004e+09,2190,-0.0450302,-0.0449956,3.45866e-05,1.35504,1.35652,0.00148037
1.76004e+09,2191,-0.0450489,-0.0450124,3.65045e-05,1.35422,1.35581,0.00158302
1.76004e+09,2192,-0.0450686,-0.0450489,1.96919e-05,1.35336,1.35422,0.000868527
1.76004e+09,2193,-0.0450892,-0.0450686,2.06527e-05,1.35244,1.35336,0.000919889
1.76004e+09,2194,-0.0451109,-0.0450892,2.16143e-05,1.35146,1.35244,0.000971263
1.76004e+09,2195,-0.0451334,-0.0450892,4.4191e-05,1.35044,1.35244,0.00199391
1.76004e+09,2196,-0.045157,-0.0451109,4.61168e-05,1.34937,1.35146,0.0020967
1.76004e+09,2197,-0.0451815,-0.0451334,4.80443e-05,1.34824,1.35044,0.00219951
1.76004e+09,2198,-0.045207,-0.045157,4.99737e-05,1.34707,1.34937,0.00230235
1.76004e+09,2199,-0.0452334,-0.0451815,5.19051e-05,1.34584,1.34824,0.00240521
1.76004e+09,2200,-0.0452608,-0.045207,5.38385e-05,1.34456,1.34707,0.00250809
1.76004e+09,2201,-0.0452892,-0.0452334,5.57741e-05,1.34323,1.34584,0.00261101
1.76004e+09,2202,-0.0453185,-0.0452608,5.77119e-05,1.34184,1.34456,0.00271394
1.76004e+09,2203,-0.0453488,-0.0452892,5.96519e-05,1.34041,1.34323,0.00281691
1.76004e+09,2204,-0.0453801,-0.0453185,6.15944e-05,1.33892,1.34184,0.00291989
1.76004e+09,2205,-0.0454124,-0.0453801,3.22563e-05,1.33739,1.33892,0.00153721
1.76004e+09,2206,-0.0454456,-0.0454124,3.32307e-05,1.3358,1.33739,0.00158874
1.76004e+09,2207,-0.0454798,-0.0454456,3.42064e-05,1.33416,1.3358,0.00164028
1.76004e+09,2208,-0.045515,-0.0454798,3.51836e-05,1.33247,1.33416,0.00169183
1.76004e+09,2209,-0.0455511,-0.0454798,7.13458e-05,1.33072,1.33416,0.00343523
1.76004e+09,2210,-0.0455883,-0.045515,7.33045e-05,1.32893,1.33247,0.00353838
1.76004e+09,2211,-0.0456264,-0.0455883,3.81239e-05,1.32708,1.32893,0.00184658
1.76004e+09,2212,-0.0456655,-0.0456264,3.91071e-05,1.32518,1.32708,0.00189819
1.76004e+09,2213,-0.0457056,-0.0456655,4.00919e-05,1.32323,1.32518,0.00194982
1.76004e+09,2214,-0.0457467,-0.0457056,4.10783e-05,1.32123,1.32323,0.00200147
1.76004e+09,2215,-0.0457887,-0.0457467,4.20665e-05,1.31918,1.32123,0.00205313
1.76004e+09,2216,-0.0458318,-0.0457467,8.5123e-05,1.31707,1.32123,0.00415794
1.76004e+09,2217,-0.0458759,-0.0457887,8.71047e-05,1.31492,1.31918,0.00426132
1.76004e+09,2218,-0.0459209,-0.0458759,4.50418e-05,1.31271,1.31492,0.00220823
1.76004e+09,2219,-0.0459669,-0.0459209,4.60373e-05,1.31045,1.31271,0.00225997
1.76004e+09,2220,-0.046014,-0.0459669,4.70348e-05,1.30814,1.31045,0.00231173
1.76004e+09,2221,-0.046062,-0.0459669,9.5069e-05,1.30577,1.31045,0.00467524
1.76004e+09,2222,-0.046111,-0.046014,9.707e-05,1.30336,1.30814,0.00477883
1.76004e+09,2223,-0.0461611,-0.046111,5.00393e-05,1.30089,1.30336,0.00246715
1.76004e+09,2224,-0.0462121,-0.0461611,5.10451e-05,1.29837,1.30089,0.00251901
1.76004e+09,2225,-0.0462642,-0.0462121,5.20531e-05,1.2958,1.29837,0.0025709
1.76004e+09,2226,-0.0463172,-0.0462642,5.30633e-05,1.29318,1.2958,0.00262281
1.76004e+09,2227,-0.0463713,-0.0463172,5.40758e-05,1.2905,1.29318,0.00267476
1.76004e+09,2228,-0.0464264,-0.0463713,5.50906e-05,1.28778,1.2905,0.00272673
1.76004e+09,2229,-0.0464825,-0.0463713,0.000111199,1.285,1.2905,0.00550547
1.76004e+09,2230,-0.0465396,-0.0464825,5.71276e-05,1.28217,1.285,0.00283079
1.76004e+09,2231,-0.0465978,-0.0464825,0.000115278,1.27928,1.285,0.00571366
1.76004e+09,2232,-0.046657,-0.0465978,5.91747e-05,1.27635,1.27928,0.00293499
1.76004e+09,2233,-0.0467172,-0.046657,6.02021e-05,1.27336,1.27635,0.00298716
1.76004e+09,2234,-0.0467784,-0.046657,0.000121434,1.27032,1.27635,0.00602652
1.76004e+09,2235,-0.0468407,-0.0467172,0.000123497,1.26723,1.27336,0.00613098
1.76004e+09,2236,-0.046904,-0.0467784,0.000125566,1.26409,1.27032,0.00623553
1.76004e+09,2237,-0.0469683,-0.0468407,0.00012764,1.26089,1.26723,0.00634018
1.76004e+09,2238,-0.0470337,-0.046904,0.00012972,1.25764,1.26409,0.00644494
1.76004e+09,2239,-0.0471001,-0.0469683,0.000131805,1.25434,1.26089,0.0065498
1.76004e+09,2240,-0.0471676,-0.0471001,6.74721e-05,1.25099,1.25434,0.00335365
1.76004e+09,2241,-0.0472361,-0.0471001,0.000135995,1.24758,1.25434,0.00675988
1.76004e+09,2242,-0.0473057,-0.0472361,6.9576e-05,1.24412,1.24758,0.00345888
1.76004e+09,2243,-0.0473763,-0.0473057,7.06327e-05,1.24061,1.24412,0.00351159
1.76004e+09,2244,-0.047448,-0.0473763,7.16927e-05,1.23705,1.24061,0.00356438
1.76004e+09,2245,-0.0475208,-0.0473763,0.000144449,1.23343,1.24061,0.00718162
1.76004e+09,2246,-0.0475946,-0.0475208,7.38225e-05,1.22976,1.23343,0.00367018
1.76004e+09,2247,-0.0476695,-0.0475946,7.48926e-05,1.22604,1.22976,0.00372321
1.76004e+09,2248,-0.0477454,-0.0476695,7.59661e-05,1.22226,1.22604,0.00377632
1.76004e+09,2249,-0.0478225,-0.0477454,7.70432e-05,1.21843,1.22226,0.00382952
1.76004e+09,2250,-0.0479006,-0.0478225,7.81239e-05,1.21455,1.21843,0.00388282
1.76004e+09,2251,-0.0479798,-0.0479006,7.92083e-05,1.21061,1.21455,0.00393622
1.76004e+09,2252,-0.0480601,-0.0479798,8.02964e-05,1.20662,1.21061,0.00398973
1.76004e+09,2253,-0.0481415,-0.0480601,8.13883e-05,1.20258,1.20662,0.00404335
1.76004e+09,2254,-0.048224,-0.0481415,8.24841e-05,1.19848,1.20258,0.00409708
1.76004e+09,2255,-0.0483076,-0.048224,8.35838e-05,1.19433,1.19848,0.00415093
1.76004e+09,2256,-0.0483923,-0.0483076,8.46875e-05,1.19012,1.19433,0.00420492
1.76004e+09,2257,-0.0484781,-0.0483923,8.57953e-05,1.18587,1.19012,0.00425903
1.76004e+09,2258,-0.048565,-0.0484781,8.69072e-05,1.18155,1.18587,0.00431329
1.76004e+09,2259,-0.048653,-0.048565,8.80233e-05,1.17718,1.18155,0.00436769
1.76004e+09,2260,-0.0487421,-0.048653,8.91437e-05,1.17276,1.17718,0.00442224
1.76004e+09,2261,-0.0488324,-0.0487421,9.02684e-05,1.16829,1.17276,0.00447695
1.76004e+09,2262,-0.0489238,-0.0488324,9.13975e-05,1.16375,1.16829,0.00453183
1.76004e+09,2263,-0.0490163,-0.0489238,9.25311e-05,1.15917,1.16375,0.00458688
1.76004e+09,2264,-0.04911,-0.0490163,9.36693e-05,1.15452,1.15917,0.00464212
1.76004e+09,2265,-0.0492048,-0.04911,9.4812e-05,1.14983,1.15452,0.00469754
1.76004e+09,2266,-0.0493008,-0.0492048,9.59595e-05,1.14507,1.14983,0.00475317
1.76004e+09,2267,-0.0493979,-0.0493008,9.71117e-05,1.14026,1.14507,0.00480901
1.76004e+09,2268,-0.0494961,-0.0493979,9.82688e-05,1.1354,1.14026,0.00486506
1.76004e+09,2269,-0.0495956,-0.0494961,9.94307e-05,1.13048,1.1354,0.00492134
1.76004e+09,2270,-0.0496962,-0.0495956,0.000100598,1.1255,1.13048,0.00497785
1.76004e+09,2271,-0.0497979,-0.0496962,0.00010177,1.12047,1.1255,0.00503462
1.76004e+09,2272,-0.0499009,-0.0497979,0.000102947,1.11537,1.12047,0.00509164
1.76004e+09,2273,-0.050005,-0.0499009,0.000104129,1.11023,1.11537,0.00514893
1.76004e+09,2274,-0.0501103,-0.050005,0.000105317,1.10502,1.11023,0.00520651
1.76004e+09,2275,-0.0502168,-0.0501103,0.00010651,1.09975,1.10502,0.00526438
1.76004e+09,2276,-0.0503246,-0.0502168,0.000107708,1.09443,1.09975,0.00532256
1.76004e+09,2277,-0.0504335,-0.0503246,0.000108912,1.08905,1.09443,0.00538106
1.76004e+09,2278,-0.0505436,-0.0504335,0.000110122,1.08361,1.08905,0.0054399
1.76004e+09,2279,-0.0506549,-0.0504335,0.000221458,1.07811,1.08905,0.010939
1.76004e+09,2280,-0.0507675,-0.0506549,0.000112558,1.07255,1.07811,0.00555864
1.76004e+09,2281,-0.0508813,-0.0507675,0.000113784,1.06693,1.07255,0.00561857
1.76004e+09,2282,-0.0509963,-0.0508813,0.000115017,1.06126,1.06693,0.0056789
1.76004e+09,2283,-0.0511125,-0.0509963,0.000116255,1.05552,1.06126,0.00573965
1.76004e+09,2284,-0.05123,-0.0511125,0.0001175,1.04972,1.05552,0.00580084
1.76004e+09,2285,-0.0513488,-0.05123,0.000118751,1.04385,1.04972,0.00586248
1.76004e+09,2286,-0.0514688,-0.0513488,0.000120007,1.03793,1.04385,0.00592459
1.76004e+09,2287,-0.0515901,-0.0514688,0.00012127,1.03194,1.03793,0.0059872
1.76004e+09,2288,-0.0517126,-0.0515901,0.00012254,1.02589,1.03194,0.00605033
1.76004e+09,2289,-0.0518364,-0.0517126,0.000123816,1.01978,1.02589,0.00611399
1.76004e+09,2290,-0.0519615,-0.0518364,0.000125098,1.0136,1.01978,0.00617822
1.76004e+09,2291,-0.0520879,-0.0519615,0.000126387,1.00736,1.0136,0.00624305
1.76004e+09,2292,-0.0522156,-0.0520879,0.000127683,1.00105,1.00736,0.00630849
1.76004e+09,2293,-0.0523446,-0.0522156,0.000128985,0.994672,1.00105,0.00637457
1.76004e+09,2294,-0.0524749,-0.0523446,0.000130294,0.988231,0.994672,0.00644133
1.76004e+09,2295,-0.0526065,-0.0524749,0.00013161,0.981722,0.988231,0.00650879
1.76004e+09,2296,-0.0527394,-0.0526065,0.000132933,0.975145,0.981722,0.006577
1.76004e+09,2297,-0.0528737,-0.0526065,0.000267195,0.968499,0.981722,0.013223
1.76004e+09,2298,-0.0530093,-0.0527394,0.000269863,0.961783,0.975145,0.0133617
1.76004e+09,2299,-0.0531462,-0.0530093,0.000136944,0.954997,0.961783,0.00678639
1.76004e+09,2300,-0.0532845,-0.0531462,0.000138296,0.948139,0.954997,0.0068579
1.76004e+09,2301,-0.0534242,-0.0532845,0.000139655,0.941209,0.948139,0.00693035
1.76004e+09,2302,-0.0535652,-0.0534242,0.000141022,0.934205,0.941209,0.00700377
1.76004e+09,2303,-0.0537076,-0.0535652,0.000142397,0.927127,0.934205,0.00707821
1.76004e+09,2304,-0.0538514,-0.0537076,0.000143779,0.919973,0.927127,0.00715371
1.76004e+09,2305,-0.0539965,-0.0538514,0.000145169,0.912743,0.919973,0.00723035
1.76004e+09,2306,-0.0541431,-0.0539965,0.000146568,0.905435,0.912743,0.00730816
1.76004e+09,2307,-0.0542911,-0.0541431,0.000147975,0.898047,0.905435,0.00738721
1.76004e+09,2308,-0.0544405,-0.0542911,0.00014939,0.89058,0.898047,0.00746756
1.76004e+09,2309,-0.0545913,-0.0544405,0.000150814,0.88303,0.89058,0.00754928
1.76004e+09,2310,-0.0547435,-0.0545913,0.000152248,0.875398,0.88303,0.00763243
1.76004e+09,2311,-0.0548972,-0.0547435,0.00015369,0.867681,0.875398,0.0077171
1.76004e+09,2312,-0.0550524,-0.0548972,0.000155142,0.859878,0.867681,0.00780337
1.76004e+09,2313,-0.055209,-0.0550524,0.000156603,0.851986,0.859878,0.00789131
1.76004e+09,2314,-0.055367,-0.055209,0.000158075,0.844005,0.851986,0.00798103
1.76004e+09,2315,-0.0555266,-0.055367,0.000159557,0.835933,0.844005,0.00807262
1.76004e+09,2316,-0.0556876,-0.0555266,0.000161049,0.827766,0.835933,0.00816618
1.76004e+09,2317,-0.0558502,-0.0556876,0.000162553,0.819505,0.827766,0.00826182
1.76004e+09,2318,-0.0560143,-0.0558502,0.000164068,0.811145,0.819505,0.00835968
1.76004e+09,2319,-0.0561799,-0.0560143,0.000165594,0.802685,0.811145,0.00845987
1.76004e+09,2320,-0.056347,-0.0560143,0.000332727,0.794123,0.811145,0.0170224
1.76004e+09,2321,-0.0565157,-0.0561799,0.000335816,0.785455,0.802685,0.0172304
1.76004e+09,2322,-0.0566859,-0.0565157,0.000170247,0.776679,0.785455,0.0087759
1.76004e+09,2323,-0.0568577,-0.0566859,0.000171823,0.767792,0.776679,0.00888694
1.76004e+09,2324,-0.0570312,-0.0568577,0.000173412,0.758791,0.767792,0.00900112
1.76004e+09,2325,-0.0572062,-0.0570312,0.000175015,0.749672,0.758791,0.00911867
1.76004e+09,2326,-0.0573828,-0.0572062,0.000176631,0.740432,0.749672,0.00923979
1.76004e+09,2327,-0.0575611,-0.0573828,0.00017826,0.731068,0.740432,0.00936473
1.76004e+09,2328,-0.057741,-0.0575611,0.000179903,0.721574,0.731068,0.00949377
1.76004e+09,2329,-0.0579225,-0.057741,0.000181559,0.711947,0.721574,0.00962717
1.76004e+09,2330,-0.0581058,-0.0579225,0.000183227,0.702181,0.711947,0.00976527
1.76004e+09,2331,-0.0582907,-0.0579225,0.000368135,0.692273,0.711947,0.0196737
1.76004e+09,2332,-0.0584773,-0.0581058,0.000371508,0.682216,0.702181,0.0199654
1.76004e+09,2333,-0.0586656,-0.0584773,0.000188303,0.672005,0.682216,0.0102114
1.76004e+09,2334,-0.0588556,-0.0586656,0.000190016,0.661632,0.672005,0.0103721
1.76004e+09,2335,-0.0590473,-0.0588556,0.000191736,0.651093,0.661632,0.0105397
1.76004e+09,2336,-0.0592408,-0.0590473,0.000193463,0.640378,0.651093,0.0107147
1.76004e+09,2337,-0.059436,-0.0592408,0.000195193,0.62948,0.640378,0.0108978
1.76004e+09,2338,-0.0596329,-0.0592408,0.000392119,0.618391,0.640378,0.0219874
1.76004e+09,2339,-0.0598316,-0.059436,0.000395583,0.607099,0.62948,0.0223808
1.76004e+09,2340,-0.0601456,-0.0596329,0.000512675,0.606911,0.618391,0.0114792
1.76004e+09,2341,-0.0604621,-0.0601456,0.000316505,0.606721,0.606911,0.000190833
1.76004e+09,2342,-0.0607811,-0.0604621,0.000318982,0.606527,0.606721,0.00019365
1.76004e+09,2343,-0.0611025,-0.0607811,0.000321445,0.60633,0.606527,0.000196488
1.76004e+09,2344,-0.0614264,-0.0611025,0.000323889,0.606131,0.60633,0.000199343
1.76004e+09,2345,-0.0617527,-0.0614264,0.000326309,0.605929,0.606131,0.000202214
1.76004e+09,2346,-0.0620814,-0.0614264,0.000655011,0.605724,0.606131,0.00040731
1.76004e+09,2347,-0.0624125,-0.0617527,0.000659763,0.605516,0.605929,0.000413084
1.76004e+09,2348,-0.0627458,-0.0620814,0.000664443,0.605305,0.605724,0.000418872
1.76004e+09,2349,-0.0630815,-0.0624125,0.000669043,0.605091,0.605516,0.000424668
1.76004e+09,2350,-0.0634194,-0.0627458,0.000673551,0.604874,0.605305,0.000430463
1.76004e+09,2351,-0.0637595,-0.0634194,0.000340066,0.604655,0.604874,0.000219571
1.76004e+09,2352,-0.0641016,-0.0637595,0.000342183,0.604432,0.604655,0.000222452
1.76004e+09,2353,-0.0644459,-0.0637595,0.000686418,0.604207,0.604655,0.00044777
1.76004e+09,2354,-0.0647921,-0.0641016,0.000690453,0.603979,0.604432,0.000453486
1.76004e+09,2355,-0.0651402,-0.0647921,0.000348125,0.603748,0.603979,0.000230993
1.76004e+09,2356,-0.0654902,-0.0651402,0.000349952,0.603514,0.603748,0.000233791
1.76004e+09,2357,-0.0658419,-0.0654902,0.000351694,0.603278,0.603514,0.000236558
1.76004e+09,2358,-0.0661952,-0.0658419,0.000353347,0.603038,0.603278,0.000239289
1.76004e+09,2359,-0.0665501,-0.0661952,0.000354905,0.602796,0.603038,0.000241979
1.76004e+09,2360,-0.0669065,-0.0665501,0.000356364,0.602552,0.602796,0.000244625
1.76004e+09,2361,-0.0672642,-0.0669065,0.00035772,0.602304,0.602552,0.000247222
1.76004e+09,2362,-0.0676232,-0.0669065,0.000716689,0.602055,0.602552,0.000496988
1.76004e+09,2363,-0.0679833,-0.0672642,0.000719079,0.601802,0.602304,0.000502018
1.76004e+09,2364,-0.0683444,-0.0676232,0.000721244,0.601548,0.602055,0.00050693
1.76004e+09,2365,-0.0687065,-0.0679833,0.00072318,0.601291,0.601802,0.000511715
1.76004e+09,2366,-0.0690693,-0.0683444,0.000724881,0.601031,0.601548,0.000516366
1.76004e+09,2367,-0.0694328,-0.0690693,0.000363506,0.60077,0.601031,0.000261548
1.76004e+09,2368,-0.0697969,-0.0694328,0.000364054,0.600506,0.60077,0.000263691
1.76004e+09,2369,-0.0701613,-0.0697969,0.000364477,0.60024,0.600506,0.000265756
1.76004e+09,2370,-0.0705261,-0.0701613,0.000364774,0.599973,0.60024,0.000267739
1.76004e+09,2371,-0.0708911,-0.0705261,0.000364946,0.599703,0.599973,0.000269638
1.76004e+09,2372,-0.0712561,-0.0708911,0.00036499,0.599432,0.599703,0.00027145
1.76004e+09,2373,-0.071621,-0.0712561,0.000364908,0.599158,0.599432,0.000273173
1.76004e+09,2374,-0.0719857,-0.071621,0.0003647,0.598884,0.599158,0.000274805
1.76004e+09,2375,-0.07235,-0.0719857,0.000364366,0.598607,0.598884,0.000276345
1.76004e+09,2376,-0.0727139,-0.07235,0.000363907,0.598329,0.598607,0.000277791
1.76004e+09,2377,-0.0730773,-0.0727139,0.000363325,0.59805,0.598329,0.000279142
1.76004e+09,2378,-0.0734399,-0.0730773,0.000362622,0.59777,0.59805,0.000280397
1.76004e+09,2379,-0.0738017,-0.0730773,0.000724422,0.597488,0.59805,0.000561954
1.76004e+09,2380,-0.0741625,-0.0734399,0.000722661,0.597206,0.59777,0.000564177
1.76004e+09,2381,-0.0745223,-0.0738017,0.000720669,0.596922,0.597488,0.000566207
1.76004e+09,2382,-0.074881,-0.0741625,0.000718453,0.596638,0.597206,0.000568047
1.76004e+09,2383,-0.0752384,-0.0745223,0.00071602,0.596352,0.596922,0.000569696
1.76004e+09,2384,-0.0755944,-0.074881,0.000713376,0.596067,0.596638,0.000571157
1.76004e+09,2385,-0.0759489,-0.0752384,0.000710531,0.59578,0.596352,0.000572434
1.76004e+09,2386,-0.0763019,-0.0755944,0.000707491,0.595493,0.596067,0.000573529
1.76004e+09,2387,-0.0766532,-0.0759489,0.000704267,0.595206,0.59578,0.000574446
1.76004e+09,2388,-0.0770027,-0.0763019,0.000700868,0.594918,0.595493,0.00057519
1.76004e+09,2389,-0.0773505,-0.0770027,0.000347741,0.59463,0.594918,0.000288007
1.76004e+09,2390,-0.0776963,-0.0773505,0.000345844,0.594342,0.59463,0.000288174
1.76004e+09,2391,-0.0780402,-0.0776963,0.000343877,0.594053,0.594342,0.000288265
1.76004e+09,2392,-0.078382,-0.0780402,0.000341847,0.593765,0.594053,0.000288282
1.76004e+09,2393,-0.0787218,-0.078382,0.000339758,0.593477,0.593765,0.00028823
1.76004e+09,2394,-0.0790594,-0.0787218,0.000337616,0.593189,0.593477,0.000288113
1.76004e+09,2395,-0.0793948,-0.0790594,0.000335426,0.592901,0.593189,0.000287933
1.76004e+09,2396,-0.079728,-0.0790594,0.000668621,0.592613,0.593189,0.000575627
1.76004e+09,2397,-0.080059,-0.0793948,0.00066412,0.592326,0.592901,0.000575096
1.76004e+09,2398,-0.0803876,-0.079728,0.00065955,0.592039,0.592613,0.00057446
1.76004e+09,2399,-0.0807139,-0.080059,0.00065492,0.591752,0.592326,0.000573726
1.76004e+09,2400,-0.0810275,-0.0807139,0.000313629,0.591443,0.591752,0.000309153
1.76004e+09,2401,-0.0813387,-0.0807139,0.000624816,0.591134,0.591752,0.000617847
1.76004e+09,2402,-0.0816474,-0.0813387,0.000308732,0.590826,0.591134,0.000308198
1.76004e+09,2403,-0.0819537,-0.0816474,0.000306266,0.590518,0.590826,0.000307667
1.76004e+09,2404,-0.0822575,-0.0819537,0.000303793,0.590211,0.590518,0.000307105
1.76004e+09,2405,-0.0825588,-0.0819537,0.00060511,0.589905,0.590518,0.000613621
1.76004e+09,2406,-0.0828576,-0.0822575,0.000600155,0.589599,0.590211,0.000612414
1.76004e+09,2407,-0.083154,-0.0828576,0.000296363,0.589293,0.589599,0.000305259
1.76004e+09,2408,-0.0834479,-0.083154,0.000293891,0.588989,0.589293,0.000304598
1.76004e+09,2409,-0.0837393,-0.083154,0.000585316,0.588685,0.589293,0.000608517
1.76004e+09,2410,-0.0840283,-0.0834479,0.000580392,0.588382,0.588989,0.000607139
1.76004e+09,2411,-0.0843148,-0.0840283,0.000286518,0.588079,0.588382,0.000302508
1.76004e+09,2412,-0.0845989,-0.0843148,0.00028408,0.587777,0.588079,0.00030178
1.76004e+09,2413,-0.0848805,-0.0843148,0.000565733,0.587476,0.588079,0.00060282
1.76004e+09,2414,-0.0851598,-0.0848805,0.000279238,0.587176,0.587476,0.000300287
1.76004e+09,2415,-0.0854366,-0.0851598,0.000276837,0.586877,0.587176,0.000299524
1.76004e+09,2416,-0.0857111,-0.0854366,0.000274449,0.586578,0.586877,0.00029875
1.76004e+09,2417,-0.0859831,-0.0857111,0.000272074,0.58628,0.586578,0.000297967
1.76004e+09,2418,-0.0862528,-0.0859831,0.000269714,0.585983,0.58628,0.000297174
1.76004e+09,2419,-0.0865202,-0.0862528,0.000267368,0.585686,0.585983,0.000296373
1.76004e+09,2420,-0.0867853,-0.0865202,0.000265035,0.585391,0.585686,0.000295564
1.76004e+09,2421,-0.087048,-0.0867853,0.000262717,0.585096,0.585391,0.000294747
1.76004e+09,2422,-0.0873084,-0.087048,0.000260412,0.584802,0.585096,0.000293922
1.76004e+09,2423,-0.0875665,-0.0873084,0.000258121,0.584509,0.584802,0.00029309
1.76004e+09,2424,-0.0878223,-0.0875665,0.000255844,0.584217,0.584509,0.00029225
1.76004e+09,2425,-0.0880759,-0.0878223,0.000253579,0.583925,0.584217,0.000291403
1.76004e+09,2426,-0.0883273,-0.0880759,0.000251328,0.583635,0.583925,0.000290549
1.76004e+09,2427,-0.0885763,-0.0883273,0.000249089,0.583345,0.583635,0.000289688
1.76004e+09,2428,-0.0888232,-0.0885763,0.000246863,0.583056,0.583345,0.000288819
1.76004e+09,2429,-0.0890679,-0.0885763,0.000491511,0.582768,0.583345,0.000576764
1.76004e+09,2430,-0.0893103,-0.0888232,0.000487094,0.582481,0.583056,0.000575007
1.76004e+09,2431,-0.0895506,-0.0890679,0.000482701,0.582195,0.582768,0.000573236
1.76004e+09,2432,-0.0897886,-0.0893103,0.00047833,0.58191,0.582481,0.000571452
1.76004e+09,2433,-0.0900245,-0.0895506,0.000473982,0.581625,0.582195,0.000569655
1.76004e+09,2434,-0.0902583,-0.0897886,0.000469656,0.581342,0.58191,0.000567844
1.76004e+09,2435,-0.0904899,-0.0900245,0.000465351,0.581059,0.581625,0.000566021
1.76004e+09,2436,-0.0907194,-0.0902583,0.000461068,0.580778,0.581342,0.000564184
1.76004e+09,2437,-0.0909467,-0.0904899,0.000456805,0.580497,0.581059,0.000562335
1.76004e+09,2438,-0.0911719,-0.0909467,0.000225223,0.580217,0.580497,0.000279769
1.76004e+09,2439,-0.091395,-0.0911719,0.000223117,0.579939,0.580217,0.000278829
1.76004e+09,2440,-0.0916161,-0.091395,0.00022102,0.579661,0.579939,0.000277883
1.76004e+09,2441,-0.091835,-0.0916161,0.000218933,0.579384,0.579661,0.000276931
1.76004e+09,2442,-0.0920518,-0.0916161,0.000435789,0.579108,0.579661,0.000552905
1.76004e+09,2443,-0.0922666,-0.091835,0.000431644,0.578833,0.579384,0.000550984
1.76004e+09,2444,-0.0924794,-0.0920518,0.000427517,0.578559,0.579108,0.000549052
1.76004e+09,2445,-0.09269,-0.0922666,0.000423408,0.578286,0.578833,0.000547109
1.76004e+09,2446,-0.0928987,-0.0924794,0.000419318,0.578014,0.578559,0.000545156
1.76004e+09,2447,-0.0931053,-0.09269,0.000415245,0.577742,0.578286,0.000543193
1.76004e+09,2448,-0.0933099,-0.0928987,0.000411191,0.577472,0.578014,0.00054122
1.76004e+09,2449,-0.0935124,-0.0931053,0.000407154,0.577203,0.577742,0.000539238
1.76004e+09,2450,-0.093713,-0.0933099,0.000403134,0.576935,0.577472,0.000537246
1.76004e+09,2451,-0.0939116,-0.0935124,0.000399132,0.576668,0.577203,0.000535246
1.76004e+09,2452,-0.0941081,-0.093713,0.000395146,0.576402,0.576935,0.000533236
1.76004e+09,2453,-0.0943027,-0.0939116,0.000391178,0.576137,0.576668,0.000531219
1.76004e+09,2454,-0.0944954,-0.0941081,0.000387226,0.575873,0.576402,0.000529194
1.76004e+09,2455,-0.094686,-0.0943027,0.000383291,0.57561,0.576137,0.000527161
1.76004e+09,2456,-0.0948747,-0.0944954,0.000379373,0.575348,0.575873,0.000525121
1.76004e+09,2457,-0.0950615,-0.094686,0.000375471,0.575086,0.57561,0.000523073
1.76004e+09,2458,-0.0952463,-0.0948747,0.000371585,0.574826,0.575348,0.000521019
1.76004e+09,2459,-0.0954292,-0.0950615,0.000367715,0.574568,0.575086,0.000518958
1.76004e+09,2460,-0.0956102,-0.0954292,0.000180969,0.57431,0.574568,0.000257928
1.76004e+09,2461,-0.0957892,-0.0956102,0.000179053,0.574053,0.57431,0.000256891
1.76004e+09,2462,-0.0959664,-0.0956102,0.000356199,0.573797,0.57431,0.000512741
1.76004e+09,2463,-0.0961416,-0.0957892,0.000352392,0.573542,0.574053,0.000510657
1.76004e+09,2464,-0.096315,-0.0959664,0.000348599,0.573288,0.573797,0.000508569
1.76004e+09,2465,-0.0964865,-0.0961416,0.000344822,0.573036,0.573542,0.000506475
1.76004e+09,2466,-0.096656,-0.096315,0.00034106,0.572784,0.573288,0.000504377
1.76004e+09,2467,-0.0968238,-0.0964865,0.000337312,0.572533,0.573036,0.000502275
1.76004e+09,2468,-0.0969896,-0.096656,0.000333579,0.572284,0.572784,0.000500169
1.76004e+09,2469,-0.0971536,-0.0968238,0.000329861,0.572035,0.572533,0.000498059
1.76004e+09,2470,-0.0973158,-0.0971536,0.000162154,0.571788,0.572035,0.000247444
1.76004e+09,2471,-0.0974761,-0.0973158,0.000160313,0.571541,0.571788,0.000246385
1.76004e+09,2472,-0.0976346,-0.0974761,0.000158478,0.571296,0.571541,0.000245324
1.76004e+09,2473,-0.0977912,-0.0976346,0.000156651,0.571052,0.571296,0.000244262
1.76004e+09,2474,-0.0979461,-0.0977912,0.00015483,0.570809,0.571052,0.000243199
1.76004e+09,2475,-0.0980991,-0.0977912,0.000307846,0.570567,0.571052,0.000485333
1.76004e+09,2476,-0.0982503,-0.0979461,0.000304224,0.570325,0.570809,0.000483203
1.76004e+09,2477,-0.0983997,-0.0982503,0.000149408,0.570085,0.570325,0.000240002
1.76004e+09,2478,-0.0985473,-0.0983997,0.000147613,0.569846,0.570085,0.000238935
1.76004e+09,2479,-0.0986931,-0.0983997,0.000293439,0.569609,0.570085,0.000476802
1.76004e+09,2480,-0.0988372,-0.0985473,0.000289869,0.569372,0.569846,0.000474666
1.76004e+09,2481,-0.0989794,-0.0986931,0.000286313,0.569136,0.569609,0.000472528
1.76004e+09,2482,-0.0991199,-0.0988372,0.000282768,0.568901,0.569372,0.00047039
1.76004e+09,2483,-0.0992587,-0.0989794,0.000279236,0.568668,0.569136,0.000468251
1.76004e+09,2484,-0.0993957,-0.0991199,0.000275716,0.568435,0.568901,0.000466111
1.76004e+09,2485,-0.0995309,-0.0993957,0.000135229,0.568204,0.568435,0.000231451
1.76004e+09,2486,-0.0996644,-0.0993957,0.000268712,0.567973,0.568435,0.000461831
1.76004e+09,2487,-0.0997961,-0.0995309,0.000265228,0.567744,0.568204,0.000459692
1.76004e+09,2488,-0.0999261,-0.0996644,0.000261755,0.567516,0.567973,0.000457552
1.76004e+09,2489,-0.100054,-0.0999261,0.000128283,0.567289,0.567516,0.000227172
1.76004e+09,2490,-0.100181,-0.100054,0.000126561,0.567063,0.567289,0.000226103
1.76004e+09,2491,-0.100306,-0.100181,0.000124844,0.566838,0.567063,0.000225034
1.76004e+09,2492,-0.100429,-0.100181,0.000247977,0.566614,0.567063,0.000449
1.76004e+09,2493,-0.10055,-0.100306,0.00024456,0.566391,0.566838,0.000446864
1.76004e+09,2494,-0.10067,-0.100429,0.000241153,0.566169,0.566614,0.00044473
1.76004e+09,2495,-0.100788,-0.10067,0.000118031,0.565948,0.566169,0.000220766
1.76004e+09,2496,-0.100904,-0.10067,0.000234371,0.565728,0.566169,0.000440466
1.76004e+09,2497,-0.101019,-0.100788,0.000230996,0.56551,0.565948,0.000438337
1.76004e+09,2498,-0.101132,-0.101019,0.000112975,0.565292,0.56551,0.000217573
1.76004e+09,2499,-0.101243,-0.101019,0.000224275,0.565076,0.56551,0.000434085
1.76004e+09,2500,-0.101353,-0.101132,0.00022093,0.56486,0.565292,0.000431962
1.76004e+09,2501,-0.101461,-0.101243,0.000217594,0.564646,0.565076,0.000429842
1.76004e+09,2502,-0.101567,-0.101461,0.000106303,0.564433,0.564646,0.000213333
1.76004e+09,2503,-0.101672,-0.101567,0.000104647,0.56422,0.564433,0.000212277
1.76004e+09,2504,-0.101775,-0.101672,0.000102995,0.564009,0.56422,0.000211222
1.76004e+09,2505,-0.101876,-0.101775,0.000101348,0.563799,0.564009,0.000210168
1.76004e+09,2506,-0.101976,-0.101876,9.97056e-05,0.56359,0.563799,0.000209116
1.76004e+09,2507,-0.102074,-0.101976,9.80673e-05,0.563382,0.56359,0.000208066
1.76004e+09,2508,-0.10217,-0.102074,9.64333e-05,0.563175,0.563382,0.000207018
1.76004e+09,2509,-0.102265,-0.102074,0.000191237,0.562969,0.563382,0.00041299
1.76004e+09,2510,-0.102358,-0.10217,0.000187982,0.562764,0.563175,0.000410899
1.76004e+09,2511,-0.10245,-0.102358,9.15564e-05,0.56256,0.562764,0.000203885
1.76004e+09,2512,-0.10254,-0.102358,0.000181495,0.562357,0.562764,0.00040673
1.76004e+09,2513,-0.102628,-0.10245,0.000178264,0.562155,0.56256,0.000404652
1.76004e+09,2514,-0.102715,-0.10254,0.000175041,0.561955,0.562357,0.000402578
1.76004e+09,2515,-0.1028,-0.102628,0.000171826,0.561755,0.562155,0.000400509
1.76004e+09,2516,-0.102884,-0.102715,0.000168618,0.561556,0.561955,0.000398444
1.76004e+09,2517,-0.102966,-0.102884,8.19093e-05,0.561358,0.561556,0.000197678
1.76004e+09,2518,-0.103046,-0.102966,8.03145e-05,0.561162,0.561358,0.000196652
1.76004e+09,2519,-0.103125,-0.103046,7.87233e-05,0.560966,0.561162,0.000195628
1.76004e+09,2520,-0.103202,-0.103046,0.000155859,0.560771,0.561162,0.000390236
1.76004e+09,2521,-0.103277,-0.103125,0.000152687,0.560578,0.560966,0.000388197
1.76004e+09,2522,-0.103351,-0.103202,0.000149521,0.560385,0.560771,0.000386164
1.76004e+09,2523,-0.103424,-0.103277,0.000146362,0.560194,0.560578,0.000384136
1.76004e+09,2524,-0.103494,-0.103424,7.08176e-05,0.560003,0.560194,0.000190552
1.76004e+09,2525,-0.103564,-0.103424,0.000140064,0.559814,0.560194,0.000380098
1.76004e+09,2526,-0.103631,-0.103494,0.000136924,0.559625,0.560003,0.000378087
1.76004e+09,2527,-0.103697,-0.103631,6.61125e-05,0.559438,0.559625,0.000187541
1.76004e+09,2528,-0.103762,-0.103697,6.455e-05,0.559251,0.559438,0.000186544
1.76004e+09,2529,-0.103825,-0.103697,0.00012754,0.559065,0.559438,0.000372094
1.76004e+09,2530,-0.103886,-0.103825,6.14337e-05,0.558881,0.559065,0.000184559
1.76004e+09,2531,-0.103946,-0.103825,0.000121313,0.558697,0.559065,0.000368131
1.76004e+09,2532,-0.104005,-0.103946,5.83283e-05,0.558515,0.558697,0.000182588
1.76004e+09,2533,-0.104061,-0.103946,0.000115108,0.558333,0.558697,0.000364195
1.76004e+09,2534,-0.104117,-0.104005,0.000112013,0.558153,0.558515,0.000362237
1.76004e+09,2535,-0.10417,-0.104061,0.000108923,0.557973,0.558333,0.000360287
1.76004e+09,2536,-0.104223,-0.104117,0.000105838,0.557794,0.558153,0.000358343
1.76004e+09,2537,-0.104273,-0.10417,0.000102758,0.557616,0.557973,0.000356407
1.76004e+09,2538,-0.104322,-0.104273,4.90726e-05,0.55744,0.557616,0.000176758
1.76004e+09,2539,-0.10437,-0.104273,9.66107e-05,0.557264,0.557616,0.000352558
1.76004e+09,2540,-0.104416,-0.104322,9.35439e-05,0.557089,0.55744,0.000350644
1.76004e+09,2541,-0.10446,-0.10437,9.04812e-05,0.556915,0.557264,0.000348739
1.76004e+09,2542,-0.104503,-0.104416,8.74227e-05,0.556742,0.557089,0.000346841
1.76004e+09,2543,-0.104545,-0.104503,4.14209e-05,0.55657,0.556742,0.000172004
1.76004e+09,2544,-0.104584,-0.104545,3.98965e-05,0.556399,0.55657,0.000171066
1.76004e+09,2545,-0.104623,-0.104584,3.83739e-05,0.556229,0.556399,0.000170131
1.76004e+09,2546,-0.10466,-0.104623,3.68531e-05,0.55606,0.556229,0.000169201
1.76004e+09,2547,-0.104695,-0.104623,7.2187e-05,0.555892,0.556229,0.000337475
1.76004e+09,2548,-0.104729,-0.10466,6.91503e-05,0.555724,0.55606,0.000335627
1.76004e+09,2549,-0.104761,-0.104695,6.61168e-05,0.555558,0.555892,0.000333788
1.76004e+09,2550,-0.104792,-0.104761,3.0786e-05,0.555392,0.555558,0.000165522
1.76004e+09,2551,-0.104821,-0.104792,2.92729e-05,0.555228,0.555392,0.000164614
1.76004e+09,2552,-0.104849,-0.104821,2.77613e-05,0.555064,0.555228,0.00016371
1.76004e+09,2553,-0.104875,-0.104849,2.62509e-05,0.554901,0.555064,0.000162811
1.76004e+09,2554,-0.1049,-0.104875,2.47418e-05,0.554739,0.554901,0.000161916
1.76004e+09,2555,-0.104923,-0.1049,2.32339e-05,0.554578,0.554739,0.000161026
1.76004e+09,2556,-0.104945,-0.104923,2.1727e-05,0.554418,0.554578,0.000160141
1.76004e+09,2557,-0.104965,-0.104945,2.02213e-05,0.554259,0.554418,0.00015926
1.76004e+09,2558,-0.104984,-0.104945,3.89378e-05,0.5541,0.554418,0.000317645
1.76004e+09,2559,-0.105001,-0.104984,1.72126e-05,0.553943,0.5541,0.000157514
1.76004e+09,2560,-0.105017,-0.105001,1.57096e-05,0.553786,0.553943,0.000156648
1.76004e+09,2561,-0.105031,-0.105017,1.42074e-05,0.55363,0.553786,0.000155788
1.76004e+09,2562,-0.105044,-0.105017,2.69133e-05,0.553476,0.553786,0.00031072
1.76004e+09,2563,-0.105055,-0.105031,2.3911e-05,0.553321,0.55363,0.000309014
1.76004e+09,2564,-0.105065,-0.105044,2.091e-05,0.553168,0.553476,0.000307319
1.76004e+09,2565,-0.105073,-0.105065,8.2052e-06,0.553016,0.553168,0.000152397
1.76004e+09,2566,-0.10508,-0.105073,6.706e-06,0.552864,0.553016,0.000151562
1.76004e+09,2567,-0.105085,-0.10508,5.20721e-06,0.552713,0.552864,0.000150733
1.76004e+09,2568,-0.105088,-0.10508,8.91599e-06,0.552564,0.552864,0.000300642
1.76004e+09,2569,-0.105091,-0.105085,5.91939e-06,0.552414,0.552713,0.000299
1.76004e+09,2570,-0.105091,-0.105091,7.12681e-07,0.552266,0.552414,0.000148278
1.76004e+09,2571,-0.105091,-0.105091,-7.85096e-07,0.552119,0.552266,0.000147471
1.76004e+09,2572,-0.105088,-0.105091,-2.28278e-06,0.551972,0.552119,0.000146669
1.76004e+09,2573,-0.105085,-0.105088,-3.78043e-06,0.551826,0.551972,0.000145873
1.76004e+09,2574,-0.105079,-0.105085,-5.27812e-06,0.551681,0.551826,0.000145083
1.76004e+09,2575,-0.105072,-0.105079,-6.7759e-06,0.551537,0.551681,0.000144299
1.76004e+09,2576,-0.105064,-0.105072,-8.27384e-06,0.551393,0.551537,0.000143521
1.76004e+09,2577,-0.105054,-0.105064,-9.772e-06,0.551251,0.551393,0.000142748
1.76004e+09,2578,-0.105043,-0.105064,-2.10425e-05,0.551109,0.551393,0.00028473
1.76004e+09,2579,-0.10503,-0.105054,-2.40397e-05,0.550967,0.551251,0.000283203
1.76004e+09,2580,-0.105016,-0.105043,-2.70377e-05,0.550827,0.551109,0.000281688
1.76004e+09,2581,-0.105,-0.10503,-3.00366e-05,0.550687,0.550967,0.000280186
1.76004e+09,2582,-0.104983,-0.105016,-3.30366e-05,0.550548,0.550827,0.000278696
1.76004e+09,2583,-0.104964,-0.105,-3.60376e-05,0.55041,0.550687,0.000277218
1.76004e+09,2584,-0.104944,-0.104983,-3.904e-05,0.550272,0.550548,0.000275754
1.76004e+09,2585,-0.104922,-0.104964,-4.20437e-05,0.550136,0.55041,0.000274302
1.76004e+09,2586,-0.104899,-0.104922,-2.3276e-05,0.55,0.550136,0.000136073
1.76004e+09,2587,-0.104874,-0.104899,-2.47799e-05,0.549864,0.55,0.000135363
1.76004e+09,2588,-0.104848,-0.104899,-5.10646e-05,0.54973,0.55,0.000270023
1.76004e+09,2589,-0.10482,-0.104848,-2.77905e-05,0.549596,0.54973,0.000133964
1.76004e+09,2590,-0.104791,-0.10482,-2.92973e-05,0.549462,0.549596,0.000133274
1.76004e+09,2591,-0.10476,-0.104791,-3.08053e-05,0.54933,0.549462,0.000132591
1.76004e+09,2592,-0.104728,-0.10476,-3.23144e-05,0.549198,0.54933,0.000131915
1.76004e+09,2593,-0.104694,-0.104728,-3.38248e-05,0.549067,0.549198,0.000131246
1.76004e+09,2594,-0.104659,-0.104728,-6.91613e-05,0.548936,0.549198,0.000261829
1.76004e+09,2595,-0.104622,-0.104694,-7.21861e-05,0.548806,0.549067,0.000260512
1.76004e+09,2596,-0.104583,-0.104659,-7.52136e-05,0.548677,0.548936,0.000259208
1.76004e+09,2597,-0.104543,-0.104622,-7.82441e-05,0.548548,0.548806,0.00025792
1.76004e+09,2598,-0.104502,-0.104583,-8.12776e-05,0.54842,0.548677,0.000256645
1.76004e+09,2599,-0.104459,-0.104502,-4.29167e-05,0.548293,0.54842,0.00012738
1.76004e+09,2600,-0.104415,-0.104502,-8.73543e-05,0.548166,0.54842,0.00025414
1.76004e+09,2601,-0.104369,-0.104415,-4.59602e-05,0.54804,0.548166,0.000126149
1.76004e+09,2602,-0.104321,-0.104369,-4.74847e-05,0.547914,0.54804,0.000125546
1.76004e+09,2603,-0.104272,-0.104369,-9.64956e-05,0.547789,0.54804,0.000250495
1.76004e+09,2604,-0.104222,-0.104321,-9.95502e-05,0.547665,0.547914,0.00024931
1.76004e+09,2605,-0.10417,-0.104272,-0.000102609,0.547541,0.547789,0.000248141
1.76004e+09,2606,-0.104116,-0.104222,-0.000105671,0.547418,0.547665,0.000246987
1.76004e+09,2607,-0.104061,-0.104116,-5.51364e-05,0.547295,0.547418,0.000122642
1.76004e+09,2608,-0.104004,-0.104061,-5.66731e-05,0.547173,0.547295,0.000122085
1.76004e+09,2609,-0.103946,-0.104004,-5.8212e-05,0.547052,0.547173,0.000121536
1.76004e+09,2610,-0.103886,-0.104004,-0.000117965,0.546931,0.547173,0.000242532
1.76004e+09,2611,-0.103825,-0.103946,-0.00012105,0.54681,0.547052,0.000241458
1.76004e+09,2612,-0.103762,-0.103825,-6.28432e-05,0.54669,0.54681,0.000119939
1.76004e+09,2613,-0.103698,-0.103762,-6.4392e-05,0.546571,0.54669,0.000119423
1.76004e+09,2614,-0.103632,-0.103762,-0.000130335,0.546452,0.54669,0.000238338
1.76004e+09,2615,-0.103564,-0.103698,-0.000133441,0.546334,0.546571,0.000237331
1.76004e+09,2616,-0.103495,-0.103632,-0.000136551,0.546216,0.546452,0.000236342
1.76004e+09,2617,-0.103425,-0.103564,-0.000139667,0.546098,0.546334,0.00023537
1.76004e+09,2618,-0.103352,-0.103495,-0.000142789,0.545981,0.546216,0.000234416
1.76004e+09,2619,-0.103279,-0.103425,-0.000145917,0.545865,0.546098,0.000233479
1.76004e+09,2620,-0.103203,-0.103352,-0.000149051,0.545749,0.545981,0.00023256
1.76004e+09,2621,-0.103127,-0.103279,-0.00015219,0.545633,0.545865,0.00023166
1.76004e+09,2622,-0.103048,-0.103127,-7.84552e-05,0.545518,0.545633,0.00011517
1.76004e+09,2623,-0.102968,-0.103048,-8.00329e-05,0.545403,0.545518,0.000114743
1.76004e+09,2624,-0.102886,-0.102968,-8.16138e-05,0.545289,0.545403,0.000114325
1.76004e+09,2625,-0.102803,-0.102886,-8.3198e-05,0.545175,0.545289,0.000113916
1.76004e+09,2626,-0.102718,-0.102803,-8.47857e-05,0.545061,0.545175,0.000113517
1.76004e+09,2627,-0.102632,-0.102718,-8.63768e-05,0.544948,0.545061,0.000113127
1.76004e+09,2628,-0.102544,-0.102718,-0.000174348,0.544836,0.545061,0.000225874
1.76004e+09,2629,-0.102455,-0.102632,-0.000177541,0.544723,0.544948,0.000225124
1.76004e+09,2630,-0.102363,-0.102455,-9.11715e-05,0.544611,0.544723,0.000112017
1.76004e+09,2631,-0.102271,-0.102363,-9.27772e-05,0.544499,0.544611,0.000111667
1.76004e+09,2632,-0.102176,-0.102271,-9.43866e-05,0.544388,0.544499,0.000111327
1.76004e+09,2633,-0.10208,-0.102176,-9.59999e-05,0.544277,0.544388,0.000110997
1.76004e+09,2634,-0.101983,-0.10208,-9.76171e-05,0.544166,0.544277,0.000110678
1.76004e+09,2635,-0.101883,-0.101983,-9.92383e-05,0.544056,0.544166,0.000110369
1.76004e+09,2636,-0.101782,-0.101883,-0.000100864,0.543946,0.544056,0.00011007
1.76004e+09,2637,-0.10168,-0.101782,-0.000102493,0.543836,0.543946,0.000109782
1.76004e+09,2638,-0.101576,-0.10168,-0.000104127,0.543727,0.543836,0.000109505
1.76004e+09,2639,-0.10147,-0.101576,-0.000105765,0.543617,0.543727,0.000109239
1.76004e+09,2640,-0.101363,-0.10147,-0.000107407,0.543509,0.543617,0.000108984
1.76004e+09,2641,-0.101254,-0.101363,-0.000109054,0.5434,0.543509,0.00010874
1.76004e+09,2642,-0.101143,-0.101254,-0.000110705,0.543291,0.5434,0.000108507
1.76004e+09,2643,-0.101031,-0.101143,-0.00011236,0.543183,0.543291,0.000108285
1.76004e+09,2644,-0.100917,-0.101143,-0.000226381,0.543075,0.543291,0.00021636
1.76004e+09,2645,-0.100801,-0.101031,-0.000229707,0.542967,0.543183,0.000215951
1.76004e+09,2646,-0.100683,-0.100801,-0.000117356,0.542859,0.542967,0.000107689
1.76004e+09,2647,-0.100564,-0.100801,-0.000236386,0.542752,0.542967,0.000215204
1.76004e+09,2648,-0.100444,-0.100683,-0.00023974,0.542644,0.542859,0.000214866
1.76004e+09,2649,-0.100321,-0.100444,-0.000122394,0.542537,0.542644,0.0001072
1.76004e+09,2650,-0.100197,-0.100321,-0.000124084,0.54243,0.542537,0.000107062
1.76004e+09,2651,-0.100071,-0.100197,-0.000125779,0.542323,0.54243,0.000106935
1.76004e+09,2652,-0.099944,-0.100071,-0.000127479,0.542216,0.542323,0.000106821
1.76004e+09,2653,-0.0998148,-0.099944,-0.000129184,0.54211,0.542216,0.00010672
1.76004e+09,2654,-0.0996839,-0.0998148,-0.000130894,0.542003,0.54211,0.000106631
1.76004e+09,2655,-0.0995513,-0.0996839,-0.00013261,0.541897,0.542003,0.000106556
1.76004e+09,2656,-0.099417,-0.0995513,-0.000134332,0.54179,0.541897,0.000106493
1.76004e+09,2657,-0.0992809,-0.099417,-0.000136058,0.541684,0.54179,0.000106444
1.76004e+09,2658,-0.0991431,-0.0992809,-0.000137791,0.541577,0.541684,0.000106408
1.76004e+09,2659,-0.0990036,-0.0991431,-0.000139529,0.541471,0.541577,0.000106385
1.76004e+09,2660,-0.0988623,-0.0990036,-0.000141273,0.541364,0.541471,0.000106376
1.76004e+09,2661,-0.0987193,-0.0990036,-0.000284297,0.541258,0.541471,0.000212757
1.76004e+09,2662,-0.0985745,-0.0988623,-0.000287802,0.541152,0.541364,0.00021278
1.76004e+09,2663,-0.098428,-0.0987193,-0.00029132,0.541045,0.541258,0.000212832
1.76004e+09,2664,-0.0982797,-0.0985745,-0.00029485,0.540939,0.541152,0.000212912
1.76004e+09,2665,-0.0981296,-0.098428,-0.000298392,0.540832,0.541045,0.000213021
1.76004e+09,2666,-0.0979777,-0.0981296,-0.000151863,0.540726,0.540832,0.000106617
1.76004e+09,2667,-0.0978241,-0.0979777,-0.00015365,0.540619,0.540726,0.000106708
1.76004e+09,2668,-0.0976686,-0.0978241,-0.000155443,0.540512,0.540619,0.000106814
1.76004e+09,2669,-0.0975114,-0.0976686,-0.000157242,0.540405,0.540512,0.000106935
1.76004e+09,2670,-0.0973524,-0.0975114,-0.000159048,0.540298,0.540405,0.000107071
1.76004e+09,2671,-0.0971915,-0.0973524,-0.000160861,0.540191,0.540298,0.000107223
1.76004e+09,2672,-0.0970288,-0.0971915,-0.00016268,0.540083,0.540191,0.00010739
1.76004e+09,2673,-0.0968643,-0.0970288,-0.000164506,0.539976,0.540083,0.000107573
1.76004e+09,2674,-0.096698,-0.0968643,-0.000166339,0.539868,0.539976,0.000107772
1.76004e+09,2675,-0.0965298,-0.096698,-0.000168179,0.53976,0.539868,0.000107987
1.76004e+09,2676,-0.0963598,-0.0965298,-0.000170025,0.539652,0.53976,0.000108219
1.76004e+09,2677,-0.0961879,-0.0965298,-0.000341904,0.539543,0.53976,0.000216686
1.76004e+09,2678,-0.0960141,-0.0963598,-0.000345619,0.539435,0.539652,0.000217199
1.76004e+09,2679,-0.0958385,-0.0960141,-0.000175608,0.539326,0.539435,0.000109014
1.76004e+09,2680,-0.0956611,-0.0958385,-0.000177483,0.539216,0.539326,0.000109313
1.76004e+09,2681,-0.0954817,-0.0956611,-0.000179366,0.539107,0.539216,0.000109629
1.76004e+09,2682,-0.0953004,-0.0954817,-0.000181256,0.538997,0.539107,0.000109963
1.76004e+09,2683,-0.0951173,-0.0954817,-0.000364411,0.538886,0.539107,0.000220278
1.76004e+09,2684,-0.0949322,-0.0953004,-0.000368213,0.538776,0.538997,0.000221
1.76004e+09,2685,-0.0947452,-0.0951173,-0.000372032,0.538665,0.538886,0.000221758
1.76004e+09,2686,-0.0945564,-0.0947452,-0.000188893,0.538553,0.538665,0.000111479
1.76004e+09,2687,-0.0943655,-0.0945564,-0.000190821,0.538441,0.538553,0.000111905
1.76004e+09,2688,-0.0941728,-0.0943655,-0.000192758,0.538329,0.538441,0.000112349
1.76004e+09,2689,-0.0939781,-0.0941728,-0.000194702,0.538216,0.538329,0.000112812
1.76004e+09,2690,-0.0937814,-0.0939781,-0.000196654,0.538103,0.538216,0.000113294
1.76004e+09,2691,-0.0935828,-0.0937814,-0.000198615,0.537989,0.538103,0.000113796
1.76004e+09,2692,-0.0933822,-0.0935828,-0.000200583,0.537875,0.537989,0.000114318
1.76004e+09,2693,-0.0931797,-0.0933822,-0.00020256,0.53776,0.537875,0.00011486
1.76004e+09,2694,-0.0929751,-0.0931797,-0.000204545,0.537644,0.53776,0.000115423
1.76004e+09,2695,-0.0927686,-0.0929751,-0.000206539,0.537528,0.537644,0.000116006
1.76004e+09,2696,-0.09256,-0.0927686,-0.000208541,0.537412,0.537528,0.000116609
1.76004e+09,2697,-0.0923495,-0.09256,-0.000210551,0.537295,0.537412,0.000117234
1.76004e+09,2698,-0.0921369,-0.0923495,-0.00021257,0.537177,0.537295,0.000117881
1.76004e+09,2699,-0.0919223,-0.0921369,-0.000214598,0.537058,0.537177,0.000118548
1.76004e+09,2700,-0.0917057,-0.0919223,-0.000216635,0.536939,0.537058,0.000119238
1.76004e+09,2701,-0.091487,-0.0917057,-0.00021868,0.536819,0.536939,0.00011995
1.76004e+09,2702,-0.0912663,-0.091487,-0.000220735,0.536698,0.536819,0.000120684
1.76004e+09,2703,-0.0910435,-0.0912663,-0.000222799,0.536577,0.536698,0.000121441
1.76004e+09,2704,-0.0908186,-0.0910435,-0.000224872,0.536455,0.536577,0.000122221
1.76004e+09,2705,-0.0905916,-0.0908186,-0.000226954,0.536332,0.536455,0.000123025
1.76004e+09,2706,-0.0903626,-0.0905916,-0.000229046,0.536208,0.536332,0.000123852
1.76004e+09,2707,-0.0901314,-0.0903626,-0.000231148,0.536083,0.536208,0.000124703
1.76004e+09,2708,-0.0898982,-0.0903626,-0.000464407,0.535957,0.536208,0.00025028
1.76004e+09,2709,-0.0896628,-0.0898982,-0.000235381,0.535831,0.535957,0.000126477
1.76004e+09,2710,-0.0894253,-0.0896628,-0.000237513,0.535704,0.535831,0.000127402
1.76004e+09,2711,-0.0891856,-0.0896628,-0.000477168,0.535575,0.535831,0.000255754
1.76004e+09,2712,-0.0889438,-0.0891856,-0.000241809,0.535446,0.535575,0.000129327
1.76004e+09,2713,-0.0886999,-0.0889438,-0.000243973,0.535316,0.535446,0.000130329
1.76004e+09,2714,-0.0884537,-0.0886999,-0.000246148,0.535184,0.535316,0.000131356
1.76004e+09,2715,-0.0882054,-0.0884537,-0.000248335,0.535052,0.535184,0.000132411
1.76004e+09,2716,-0.0879548,-0.0882054,-0.000250534,0.534918,0.535052,0.000133492
1.76004e+09,2717,-0.0877021,-0.0879548,-0.000252746,0.534784,0.534918,0.000134601
1.76004e+09,2718,-0.0874471,-0.0879548,-0.000507715,0.534648,0.534918,0.000270338
1.76004e+09,2719,-0.0871899,-0.0877021,-0.000512175,0.534511,0.534784,0.00027264
1.76004e+09,2720,-0.0869305,-0.0871899,-0.000259456,0.534373,0.534511,0.000138096
1.76004e+09,2721,-0.0866687,-0.0869305,-0.000261719,0.534234,0.534373,0.000139319
1.76004e+09,2722,-0.0864047,-0.0866687,-0.000263996,0.534093,0.534234,0.000140571
1.76004e+09,2723,-0.0861385,-0.0864047,-0.000266287,0.533951,0.534093,0.000141854
1.76004e+09,2724,-0.0858699,-0.0861385,-0.000268592,0.533808,0.533951,0.000143167
1.76004e+09,2725,-0.085599,-0.0858699,-0.000270912,0.533664,0.533808,0.000144511
1.76004e+09,2726,-0.0853257,-0.085599,-0.000273246,0.533518,0.533664,0.000145886
1.76004e+09,2727,-0.0850501,-0.0853257,-0.000275595,0.53337,0.533518,0.000147293
1.76004e+09,2728,-0.0847722,-0.0850501,-0.000277959,0.533222,0.53337,0.000148733
1.76004e+09,2729,-0.0844918,-0.0847722,-0.000280336,0.533071,0.533222,0.000150205
1.76004e+09,2730,-0.0842091,-0.0844918,-0.000282728,0.53292,0.533071,0.00015171
1.76004e+09,2731,-0.083924,-0.0842091,-0.000285133,0.532767,0.53292,0.000153249
1.76004e+09,2732,-0.0836364,-0.083924,-0.000287551,0.532612,0.532767,0.000154822
1.76004e+09,2733,-0.0833464,-0.0836364,-0.000289981,0.532455,0.532612,0.000156429
1.76004e+09,2734,-0.083054,-0.0833464,-0.000292422,0.532297,0.532455,0.000158071
1.76004e+09,2735,-0.0827591,-0.083054,-0.000294871,0.532137,0.532297,0.000159747
1.76004e+09,2736,-0.0824618,-0.0827591,-0.000297328,0.531976,0.532137,0.000161457
1.76004e+09,2737,-0.082162,-0.0827591,-0.000597118,0.531813,0.532137,0.000324661
1.76004e+09,2738,-0.0818598,-0.082162,-0.000302255,0.531648,0.531813,0.000164983
1.76004e+09,2739,-0.081555,-0.0818598,-0.00030472,0.531481,0.531648,0.000166798
1.76004e+09,2740,-0.0812375,-0.081555,-0.000317553,0.531287,0.531481,0.000193899
1.76004e+09,2741,-0.0809176,-0.081555,-0.000637491,0.531091,0.531481,0.000389702
1.76004e+09,2742,-0.0805952,-0.0809176,-0.00032231,0.530894,0.531091,0.000197741
1.76004e+09,2743,-0.0802706,-0.0805952,-0.000324667,0.530694,0.530894,0.000199711
1.76004e+09,2744,-0.0799436,-0.0802706,-0.000327003,0.530492,0.530694,0.000201713
1.76004e+09,2745,-0.0796143,-0.0802706,-0.000656319,0.530288,0.530694,0.000405457
1.76004e+09,2746,-0.0792827,-0.0799436,-0.000660915,0.530083,0.530492,0.000409551
1.76004e+09,2747,-0.0789488,-0.0796143,-0.000665448,0.529875,0.530288,0.000413703
1.76004e+09,2748,-0.0786128,-0.0792827,-0.000669907,0.529665,0.530083,0.00041791
1.76004e+09,2749,-0.0782745,-0.0789488,-0.000674284,0.529453,0.529875,0.000422169
1.76004e+09,2750,-0.0779342,-0.0786128,-0.000678567,0.529238,0.529665,0.000426477
1.76004e+09,2751,-0.0775918,-0.0779342,-0.000342404,0.529022,0.529238,0.000216508
1.76004e+09,2752,-0.0772474,-0.0775918,-0.000344405,0.528803,0.529022,0.000218715
1.76004e+09,2753,-0.076901,-0.0772474,-0.000346342,0.528582,0.528803,0.00022094
1.76004e+09,2754,-0.0765528,-0.076901,-0.000348207,0.528359,0.528582,0.000223179
1.76004e+09,2755,-0.0762028,-0.0765528,-0.000349997,0.528133,0.528359,0.000225432
1.76004e+09,2756,-0.0758511,-0.0762028,-0.000351706,0.527906,0.528133,0.000227695
1.76004e+09,2757,-0.0754978,-0.0758511,-0.000353329,0.527676,0.527906,0.000229966
1.76004e+09,2758,-0.0751429,-0.0754978,-0.000354861,0.527444,0.527676,0.000232242
1.76004e+09,2759,-0.0747866,-0.0751429,-0.000356298,0.527209,0.527444,0.000234521
1.76004e+09,2760,-0.074429,-0.0747866,-0.000357635,0.526972,0.527209,0.0002368
1.76004e+09,2761,-0.0740701,-0.0747866,-0.000716505,0.526733,0.527209,0.000475875
1.76004e+09,2762,-0.0737101,-0.074429,-0.000718866,0.526492,0.526972,0.00048042
1.76004e+09,2763,-0.0733491,-0.0737101,-0.000361013,0.526248,0.526492,0.000243606
1.76004e+09,2764,-0.0729872,-0.0733491,-0.000361915,0.526002,0.526248,0.000245855
1.76004e+09,2765,-0.0726245,-0.0729872,-0.000362701,0.525754,0.526002,0.000248089
1.76004e+09,2766,-0.0722611,-0.0726245,-0.000363368,0.525504,0.525754,0.000250307
1.76004e+09,2767,-0.0718972,-0.0726245,-0.000727281,0.525251,0.525754,0.00050281
1.76004e+09,2768,-0.0715329,-0.0722611,-0.000728249,0.524997,0.525504,0.000507181
1.76004e+09,2769,-0.0711683,-0.0718972,-0.00072897,0.52474,0.525251,0.000511504
1.76004e+09,2770,-0.0708034,-0.0711683,-0.000364806,0.524481,0.52474,0.000258946
1.76004e+09,2771,-0.0704386,-0.0708034,-0.000364852,0.52422,0.524481,0.000261035
1.76004e+09,2772,-0.0700738,-0.0708034,-0.000729624,0.523957,0.524481,0.000524125
1.76004e+09,2773,-0.0697093,-0.0700738,-0.000364564,0.523692,0.523957,0.00026511
1.76004e+09,2774,-0.069345,-0.0697093,-0.000364231,0.523425,0.523692,0.000267092
1.76004e+09,2775,-0.0689813,-0.0697093,-0.000728003,0.523156,0.523692,0.000536125
1.76004e+09,2776,-0.0686181,-0.069345,-0.000726961,0.522885,0.523425,0.000539966
1.76004e+09,2777,-0.0682556,-0.0686181,-0.000362483,0.522612,0.522885,0.000272789
1.76004e+09,2778,-0.0678939,-0.0686181,-0.000724138,0.522337,0.522885,0.000547387
1.76004e+09,2779,-0.0675332,-0.0682556,-0.000722366,0.522061,0.522612,0.000550961
1.76004e+09,2780,-0.0671736,-0.0678939,-0.000720358,0.521783,0.522337,0.000554439
1.76004e+09,2781,-0.0668151,-0.0675332,-0.000718121,0.521503,0.522061,0.00055782
1.76004e+09,2782,-0.0664579,-0.0671736,-0.000715662,0.521222,0.521783,0.000561101
1.76004e+09,2783,-0.0661021,-0.0668151,-0.000712985,0.520939,0.521503,0.000564282
1.76004e+09,2784,-0.0657478,-0.0664579,-0.0007101,0.520654,0.521222,0.00056736
1.76004e+09,2785,-0.0653951,-0.0661021,-0.000707014,0.520368,0.520939,0.000570336
1.76004e+09,2786,-0.0650441,-0.0657478,-0.000703737,0.520081,0.520654,0.000573209
1.76004e+09,2787,-0.0646948,-0.0653951,-0.000700276,0.519793,0.520368,0.00057598
1.76004e+09,2788,-0.0643474,-0.0650441,-0.000696641,0.519503,0.520081,0.000578649
1.76004e+09,2789,-0.064002,-0.0646948,-0.000692844,0.519211,0.519793,0.000581217
1.76004e+09,2790,-0.0636585,-0.0643474,-0.000688893,0.518919,0.519503,0.000583686
1.76004e+09,2791,-0.0633172,-0.064002,-0.0006848,0.518625,0.519211,0.000586058
1.76004e+09,2792,-0.062978,-0.0636585,-0.000680575,0.518331,0.518919,0.000588334
1.76004e+09,2793,-0.062641,-0.062978,-0.000337014,0.518035,0.518331,0.000295794
1.76004e+09,2794,-0.0623062,-0.062978,-0.000671776,0.517738,0.518331,0.000592613
1.76004e+09,2795,-0.0619737,-0.062641,-0.000667222,0.51744,0.518035,0.000594621
1.76004e+09,2796,-0.0616436,-0.0623062,-0.000662581,0.517141,0.517738,0.000596545
1.76004e+09,2797,-0.0613159,-0.0619737,-0.000657863,0.516842,0.51744,0.00059839
1.76004e+09,2798,-0.0609905,-0.0616436,-0.000653077,0.516541,0.517141,0.000600159
1.76004e+09,2799,-0.0606676,-0.0613159,-0.000648235,0.51624,0.516842,0.000601855
1.76004e+09,2800,-0.0604616,-0.0609905,-0.000528897,0.528746,0.516541,-0.0122051
1.76004e+09,2801,-0.0602573,-0.0606676,-0.000410313,0.540981,0.51624,-0.0247407
1.76004e+09,2802,-0.0600547,-0.0604616,-0.000406937,0.55296,0.528746,-0.0242134
1.76004e+09,2803,-0.0598538,-0.0602573,-0.000403536,0.564699,0.540981,-0.0237184
1.76004e+09,2804,-0.0596546,-0.0600547,-0.000400116,0.576212,0.55296,-0.0232524
1.76004e+09,2805,-0.0594571,-0.0598538,-0.000396683,0.587512,0.564699,-0.0228126
1.76004e+09,2806,-0.0592613,-0.0596546,-0.000393244,0.598609,0.576212,-0.0223964
1.76004e+09,2807,-0.0590673,-0.0592613,-0.000194041,0.609513,0.598609,-0.0109046
1.76004e+09,2808,-0.058875,-0.0590673,-0.000192323,0.620235,0.609513,-0.0107215
1.76004e+09,2809,-0.0586844,-0.0590673,-0.000382933,0.630782,0.609513,-0.0212684
1.76004e+09,2810,-0.0584955,-0.058875,-0.000379513,0.641162,0.620235,-0.020927
1.76004e+09,2811,-0.0583083,-0.0586844,-0.000376107,0.651382,0.630782,-0.0206004
1.76004e+09,2812,-0.0581227,-0.0583083,-0.000185514,0.661449,0.651382,-0.0100672
1.76004e+09,2813,-0.0579389,-0.0581227,-0.000183834,0.671369,0.661449,-0.00992016
1.76004e+09,2814,-0.0577567,-0.0579389,-0.000182165,0.681148,0.671369,-0.0097787
1.76004e+09,2815,-0.0575762,-0.0579389,-0.000362673,0.690791,0.671369,-0.0194211
1.76004e+09,2816,-0.0573974,-0.0575762,-0.000178862,0.700302,0.690791,-0.009511
1.76004e+09,2817,-0.0572201,-0.0573974,-0.000177229,0.709686,0.700302,-0.00938407
1.76004e+09,2818,-0.0570445,-0.0572201,-0.000175608,0.718947,0.709686,-0.00926131
1.76004e+09,2819,-0.0568705,-0.0572201,-0.000349607,0.728089,0.709686,-0.0184038
1.76004e+09,2820,-0.0566981,-0.0570445,-0.000346403,0.737117,0.718947,-0.0181697
1.76004e+09,2821,-0.0565273,-0.0568705,-0.000343224,0.746032,0.728089,-0.0179428
1.76004e+09,2822,-0.0563581,-0.0566981,-0.00034007,0.754839,0.737117,-0.0177224
1.76004e+09,2823,-0.0561904,-0.0565273,-0.00033694,0.76354,0.746032,-0.0175083
1.76004e+09,2824,-0.0560242,-0.0563581,-0.000333834,0.772139,0.754839,-0.0173
1.76004e+09,2825,-0.0558596,-0.0561904,-0.000330752,0.780638,0.76354,-0.0170972
1.76004e+09,2826,-0.0556965,-0.0560242,-0.000327693,0.789039,0.772139,-0.0168996
1.76004e+09,2827,-0.055535,-0.0558596,-0.000324657,0.797344,0.780638,-0.0167068
1.76004e+09,2828,-0.0553749,-0.0556965,-0.000321643,0.805557,0.789039,-0.0165186
1.76004e+09,2829,-0.0552163,-0.055535,-0.00031865,0.813679,0.797344,-0.0163347
1.76004e+09,2830,-0.0550592,-0.0553749,-0.000315678,0.821712,0.805557,-0.016155
1.76004e+09,2831,-0.0549036,-0.0552163,-0.000312727,0.829658,0.813679,-0.015979
1.76004e+09,2832,-0.0547494,-0.0550592,-0.000309795,0.837519,0.821712,-0.0158068
1.76004e+09,2833,-0.0545967,-0.0549036,-0.000306883,0.845296,0.829658,-0.015638
1.76004e+09,2834,-0.0544454,-0.0545967,-0.000151274,0.852992,0.845296,-0.00769528
1.76004e+09,2835,-0.0542956,-0.0544454,-0.000149841,0.860606,0.852992,-0.00761485
1.76004e+09,2836,-0.0541472,-0.0542956,-0.000148416,0.868142,0.860606,-0.00753586
1.76004e+09,2837,-0.0540002,-0.0541472,-0.000147001,0.875601,0.868142,-0.00745823
1.76004e+09,2838,-0.0538546,-0.0540002,-0.000145594,0.882982,0.875601,-0.00738191
1.76004e+09,2839,-0.0537104,-0.0538546,-0.000144195,0.890289,0.882982,-0.00730682
1.76004e+09,2840,-0.0535676,-0.0538546,-0.000287,0.897522,0.882982,-0.0145397
1.76004e+09,2841,-0.0534262,-0.0537104,-0.000284226,0.904682,0.890289,-0.014393
1.76004e+09,2842,-0.0532861,-0.0535676,-0.000281469,0.911771,0.897522,-0.0142485
1.76004e+09,2843,-0.0531474,-0.0534262,-0.000278727,0.918788,0.904682,-0.014106
1.76004e+09,2844,-0.0530101,-0.0532861,-0.000276,0.925736,0.911771,-0.0139656
1.76004e+09,2845,-0.0528741,-0.0531474,-0.000273288,0.932615,0.918788,-0.013827
1.76004e+09,2846,-0.0527395,-0.0530101,-0.000270591,0.939426,0.925736,-0.0136903
1.76004e+09,2847,-0.0526062,-0.0527395,-0.000133286,0.946171,0.939426,-0.00674406
1.76004e+09,2848,-0.0524743,-0.0526062,-0.000131955,0.952848,0.946171,-0.00667776
1.76004e+09,2849,-0.0523436,-0.0524743,-0.000130632,0.959461,0.952848,-0.00661223
1.76004e+09,2850,-0.0522143,-0.0524743,-0.000259947,0.966008,0.952848,-0.0131596
1.76004e+09,2851,-0.0520863,-0.0523436,-0.000257321,0.972491,0.959461,-0.0130307
1.76004e+09,2852,-0.0519596,-0.0520863,-0.000126703,0.978911,0.972491,-0.00641988
1.76004e+09,2853,-0.0518342,-0.0519596,-0.000125407,0.985268,0.978911,-0.00635707
1.76004e+09,2854,-0.0517101,-0.0518342,-0.000124117,0.991563,0.985268,-0.00629488
1.76004e+09,2855,-0.0515873,-0.0517101,-0.000122834,0.997796,0.991563,-0.00623327
1.76004e+09,2856,-0.0514657,-0.0515873,-0.000121558,1.00397,0.997796,-0.00617222
1.76004e+09,2857,-0.0513454,-0.0515873,-0.000241845,1.01008,0.997796,-0.0122839
1.76004e+09,2858,-0.0512264,-0.0514657,-0.000239311,1.01613,1.00397,-0.0121634
1.76004e+09,2859,-0.0511086,-0.0513454,-0.000236789,1.02212,1.01008,-0.0120438
1.76004e+09,2860,-0.0509921,-0.0512264,-0.00023428,1.02806,1.01613,-0.0119252
1.76004e+09,2861,-0.0508768,-0.0511086,-0.000231783,1.03393,1.02212,-0.0118076
1.76004e+09,2862,-0.0507628,-0.0509921,-0.000229298,1.03975,1.02806,-0.0116908
1.76004e+09,2863,-0.05065,-0.0508768,-0.000226825,1.04551,1.03393,-0.0115748
1.76004e+09,2864,-0.0505385,-0.0507628,-0.000224364,1.05121,1.03975,-0.0114596
1.76004e+09,2865,-0.0504281,-0.05065,-0.000221914,1.05685,1.04551,-0.0113452
1.76004e+09,2866,-0.050319,-0.0505385,-0.000219476,1.06244,1.05121,-0.0112315
1.76004e+09,2867,-0.0502111,-0.0504281,-0.000217049,1.06797,1.05685,-0.0111185
1.76004e+09,2868,-0.0501043,-0.050319,-0.000214633,1.07345,1.06244,-0.0110062
1.76004e+09,2869,-0.0499988,-0.0502111,-0.000212228,1.07886,1.06797,-0.0108945
1.76004e+09,2870,-0.0498945,-0.0501043,-0.000209834,1.08423,1.07345,-0.0107835
1.76004e+09,2871,-0.0497914,-0.0499988,-0.000207451,1.08954,1.07886,-0.010673
1.76004e+09,2872,-0.0496894,-0.0497914,-0.000101947,1.09479,1.08954,-0.0052541
1.76004e+09,2873,-0.0495887,-0.0496894,-0.000100768,1.09999,1.09479,-0.00519953
1.76004e+09,2874,-0.0494891,-0.0495887,-9.95949e-05,1.10514,1.09999,-0.00514521
1.76004e+09,2875,-0.0493906,-0.0495887,-0.000198021,1.11023,1.09999,-0.0102363
1.76004e+09,2876,-0.0492934,-0.0494891,-0.000195689,1.11526,1.10514,-0.0101284
1.76004e+09,2877,-0.0491973,-0.0493906,-0.000193367,1.12025,1.11023,-0.0100209
1.76004e+09,2878,-0.0491023,-0.0492934,-0.000191054,1.12518,1.11526,-0.00991384
1.76004e+09,2879,-0.0490085,-0.0491973,-0.000188751,1.13006,1.12025,-0.00980717
1.76004e+09,2880,-0.0489159,-0.0491023,-0.000186458,1.13488,1.12518,-0.00970088
1.76004e+09,2881,-0.0488244,-0.0489159,-9.15167e-05,1.13965,1.13488,-0.00477105
1.76004e+09,2882,-0.048734,-0.0488244,-9.03813e-05,1.14437,1.13965,-0.00471835
1.76004e+09,2883,-0.0486447,-0.048734,-8.92503e-05,1.14903,1.14437,-0.00466581
1.76004e+09,2884,-0.0485566,-0.0486447,-8.81238e-05,1.15365,1.14903,-0.00461343
1.76004e+09,2885,-0.0484696,-0.0485566,-8.70015e-05,1.15821,1.15365,-0.0045612
1.76004e+09,2886,-0.0483837,-0.0484696,-8.58835e-05,1.16272,1.15821,-0.00450911
1.76004e+09,2887,-0.0482989,-0.0483837,-8.47696e-05,1.16718,1.16272,-0.00445714
1.76004e+09,2888,-0.0482153,-0.0483837,-0.000168429,1.17158,1.16272,-0.00886246
1.76004e+09,2889,-0.0481327,-0.0482153,-8.25541e-05,1.17593,1.17158,-0.0043536
1.76004e+09,2890,-0.0480513,-0.0481327,-8.14524e-05,1.18024,1.17593,-0.00430199
1.76004e+09,2891,-0.0479709,-0.0480513,-8.03546e-05,1.18449,1.18024,-0.0042505
1.76004e+09,2892,-0.0478917,-0.0479709,-7.92606e-05,1.18869,1.18449,-0.00419911
1.76004e+09,2893,-0.0478135,-0.0478917,-7.81704e-05,1.19283,1.18869,-0.00414781
1.76004e+09,2894,-0.0477364,-0.0478917,-0.000155254,1.19693,1.18869,-0.00824442
1.76004e+09,2895,-0.0476604,-0.0478135,-0.000153085,1.20098,1.19283,-0.0081421
1.76004e+09,2896,-0.0475855,-0.0477364,-0.000150923,1.20497,1.19693,-0.00803994
1.76004e+09,2897,-0.0475116,-0.0476604,-0.000148768,1.20891,1.20098,-0.00793794
1.76004e+09,2898,-0.0474389,-0.0475855,-0.00014662,1.21281,1.20497,-0.00783609
1.76004e+09,2899,-0.0473672,-0.0475116,-0.000144479,1.21665,1.20891,-0.00773438
1.76004e+09,2900,-0.0472965,-0.0474389,-0.000142345,1.22044,1.21281,-0.00763279
1.76004e+09,2901,-0.0472269,-0.0472965,-6.95776e-05,1.22418,1.22044,-0.00374031
1.76004e+09,2902,-0.0471584,-0.0472269,-6.85187e-05,1.22787,1.22418,-0.00368967
1.76004e+09,2903,-0.047091,-0.0471584,-6.74629e-05,1.23151,1.22787,-0.00363907
1.76004e+09,2904,-0.0470245,-0.047091,-6.64103e-05,1.2351,1.23151,-0.00358852
1.76004e+09,2905,-0.0469592,-0.0470245,-6.53608e-05,1.23864,1.2351,-0.00353801
1.76004e+09,2906,-0.0468949,-0.0469592,-6.43143e-05,1.24212,1.23864,-0.00348755
1.76004e+09,2907,-0.0468316,-0.0468949,-6.32707e-05,1.24556,1.24212,-0.00343712
1.76004e+09,2908,-0.0467694,-0.0468316,-6.223e-05,1.24895,1.24556,-0.00338672
1.76004e+09,2909,-0.0467082,-0.0468316,-0.000123422,1.25228,1.24556,-0.00672309
1.76004e+09,2910,-0.046648,-0.0467694,-0.000121349,1.25557,1.24895,-0.00662239
1.76004e+09,2911,-0.0465889,-0.0467082,-0.000119282,1.2588,1.25228,-0.00652174
1.76004e+09,2912,-0.0465308,-0.046648,-0.00011722,1.26199,1.25557,-0.00642114
1.76004e+09,2913,-0.0464737,-0.0465889,-0.000115163,1.26513,1.2588,-0.00632058
1.76004e+09,2914,-0.0464177,-0.0464737,-5.60436e-05,1.26821,1.26513,-0.00308491
1.76004e+09,2915,-0.0463627,-0.0464737,-0.000111065,1.27124,1.26513,-0.00611958
1.76004e+09,2916,-0.0463087,-0.0464177,-0.000109024,1.27423,1.26821,-0.00601912
1.76004e+09,2917,-0.0462557,-0.0463087,-5.29851e-05,1.27716,1.27423,-0.00293424
1.76004e+09,2918,-0.0462037,-0.0463087,-0.000104956,1.28005,1.27423,-0.00581827
1.76004e+09,2919,-0.0461528,-0.0462037,-5.09581e-05,1.28288,1.28005,-0.00283384
1.76004e+09,2920,-0.0461028,-0.0461528,-4.9948e-05,1.28566,1.28288,-0.00278365
1.76004e+09,2921,-0.0460539,-0.0461528,-9.88881e-05,1.2884,1.28288,-0.0055171
1.76004e+09,2922,-0.0460059,-0.0460539,-4.79344e-05,1.29108,1.2884,-0.00268327
1.76004e+09,2923,-0.045959,-0.0460059,-4.69308e-05,1.29371,1.29108,-0.00263308
1.76004e+09,2924,-0.0459131,-0.0460059,-9.28601e-05,1.2963,1.29108,-0.00521598
1.76004e+09,2925,-0.0458681,-0.045959,-9.0859e-05,1.29883,1.29371,-0.0051156
1.76004e+09,2926,-0.0458242,-0.0459131,-8.8862e-05,1.30131,1.2963,-0.00501521
1.76004e+09,2927,-0.0457813,-0.0458242,-4.29366e-05,1.30375,1.30131,-0.0024323
1.76004e+09,2928,-0.0457393,-0.0457813,-4.19429e-05,1.30613,1.30375,-0.00238209
1.76004e+09,2929,-0.0456984,-0.0457813,-8.28939e-05,1.30846,1.30375,-0.00471396
1.76004e+09,2930,-0.0456584,-0.0457393,-8.09118e-05,1.31074,1.30613,-0.00461351
1.76004e+09,2931,-0.0456194,-0.0456984,-7.89334e-05,1.31297,1.30846,-0.00451304
1.76004e+09,2932,-0.0455815,-0.0456584,-7.69583e-05,1.31515,1.31074,-0.00441255
1.76004e+09,2933,-0.0455445,-0.0456194,-7.49866e-05,1.31728,1.31297,-0.00431203
1.76004e+09,2934,-0.0455084,-0.0455815,-7.30182e-05,1.31936,1.31515,-0.00421149
1.76004e+09,2935,-0.0454734,-0.0455445,-7.10529e-05,1.3214,1.31728,-0.00411092
1.76004e+09,2936,-0.0454394,-0.0454734,-3.40552e-05,1.32338,1.3214,-0.00198
1.76004e+09,2937,-0.0454063,-0.0454394,-3.30763e-05,1.3253,1.32338,-0.00192968
1.76004e+09,2938,-0.0453742,-0.0454063,-3.20989e-05,1.32718,1.3253,-0.00187934
1.76004e+09,2939,-0.0453431,-0.0453742,-3.11228e-05,1.32901,1.32718,-0.00182898
1.76004e+09,2940,-0.0453129,-0.0453431,-3.01481e-05,1.33079,1.32901,-0.0017786
1.76004e+09,2941,-0.0452837,-0.0453129,-2.91747e-05,1.33252,1.33079,-0.00172821
1.76004e+09,2942,-0.0452555,-0.0452837,-2.82025e-05,1.3342,1.33252,-0.0016778
1.76004e+09,2943,-0.0452283,-0.0452555,-2.72316e-05,1.33583,1.3342,-0.00162736
1.76004e+09,2944,-0.045202,-0.0452555,-5.34934e-05,1.3374,1.3342,-0.00320427
1.76004e+09,2945,-0.0451767,-0.045202,-2.52932e-05,1.33893,1.3374,-0.00152644
1.76004e+09,2946,-0.0451524,-0.045202,-4.96188e-05,1.3404,1.3374,-0.00300238
1.76004e+09,2947,-0.0451291,-0.0451524,-2.33591e-05,1.34183,1.3404,-0.00142543
1.76004e+09,2948,-0.0451067,-0.0451291,-2.23936e-05,1.3432,1.34183,-0.00137489
1.76004e+09,2949,-0.0450852,-0.0451067,-2.14291e-05,1.34453,1.3432,-0.00132434
1.76004e+09,2950,-0.0450648,-0.0450852,-2.04655e-05,1.3458,1.34453,-0.00127376
1.76004e+09,2951,-0.0450453,-0.0450648,-1.95028e-05,1.34703,1.3458,-0.00122316
1.76004e+09,2952,-0.0450267,-0.0450648,-3.80437e-05,1.3482,1.3458,-0.0023957
1.76004e+09,2953,-0.0450091,-0.0450453,-3.61207e-05,1.34932,1.34703,-0.00229444
1.76004e+09,2954,-0.0449925,-0.0450267,-3.41994e-05,1.35039,1.3482,-0.00219313
1.76004e+09,2955,-0.0449769,-0.0450091,-3.22795e-05,1.35141,1.34932,-0.00209178
1.76004e+09,2956,-0.0449622,-0.0449925,-3.0361e-05,1.35238,1.35039,-0.00199038
1.76004e+09,2957,-0.0449484,-0.0449622,-1.37428e-05,1.3533,1.35238,-0.000919109
1.76004e+09,2958,-0.0449356,-0.0449484,-1.27852e-05,1.35417,1.3533,-0.000868358
1.76004e+09,2959,-0.0449238,-0.0449356,-1.18281e-05,1.35499,1.35417,-0.000817585
1.76004e+09,2960,-0.0449129,-0.0449356,-2.26997e-05,1.35575,1.35417,-0.00158438
1.76004e+09,2961,-0.044903,-0.0449238,-2.07871e-05,1.35647,1.35499,-0.00148277
1.76004e+09,2962,-0.0448941,-0.0449129,-1.88755e-05,1.35713,1.35575,-0.00138111
1.76004e+09,2963,-0.0448861,-0.044903,-1.69647e-05,1.35775,1.35647,-0.00127942
1.76004e+09,2964,-0.044879,-0.0448861,-7.04997e-06,1.35831,1.35775,-0.000563403
1.76004e+09,2965,-0.0448729,-0.044879,-6.09549e-06,1.35883,1.35831,-0.000512505
1.76004e+09,2966,-0.0448678,-0.0448729,-5.14132e-06,1.35929,1.35883,-0.000461586
1.76004e+09,2967,-0.0448636,-0.0448729,-9.32871e-06,1.3597,1.35883,-0.000872232
1.76004e+09,2968,-0.0448603,-0.0448678,-7.4211e-06,1.36006,1.35929,-0.000770334
1.76004e+09,2969,-0.0448581,-0.0448636,-5.51388e-06,1.36037,1.3597,-0.000668396
1.76004e+09,2970,-0.0448567,-0.0448603,-3.60699e-06,1.36062,1.36006,-0.000566419
1.76004e+09,2971,-0.0448564,-0.0448581,-1.70034e-06,1.36083,1.36037,-0.000464404
1.76004e+09,2972,-0.0448569,-0.0448567,2.06133e-07,1.36099,1.36062,-0.000362352
1.76004e+09,2973,-0.0448585,-0.0448564,2.11252e-06,1.36109,1.36083,-0.000260262
1.76004e+09,2974,-0.044861,-0.0448569,4.01888e-06,1.36114,1.36099,-0.000158135
1.76004e+09,2975,-0.0448644,-0.044861,3.43927e-06,1.36115,1.36114,-2.44126e-06
1.76004e+09,2976,-0.0448688,-0.0448644,4.3926e-06,1.3611,1.36115,4.86665e-05
1.76004e+09,2977,-0.0448741,-0.0448644,9.73865e-06,1.361,1.36115,0.000148458
1.76004e+09,2978,-0.0448804,-0.0448741,6.29967e-06,1.36085,1.361,0.000150933
1.76004e+09,2979,-0.0448877,-0.0448741,1.35532e-05,1.36064,1.361,0.000353025
1.76004e+09,2980,-0.0448959,-0.0448804,1.5461e-05,1.36039,1.36085,0.000455358
1.76004e+09,2981,-0.0449051,-0.0448877,1.73695e-05,1.36009,1.36064,0.000557723
1.76004e+09,2982,-0.0449152,-0.0449051,1.01166e-05,1.35973,1.36009,0.000355663
1.76004e+09,2983,-0.0449263,-0.0449051,2.11882e-05,1.35932,1.36009,0.000762548
1.76004e+09,2984,-0.0449383,-0.0449152,2.30986e-05,1.35887,1.35973,0.000865007
1.76004e+09,2985,-0.0449513,-0.0449263,2.50099e-05,1.35836,1.35932,0.000967495
1.76004e+09,2986,-0.0449652,-0.0449383,2.69221e-05,1.3578,1.35887,0.00107001
1.76004e+09,2987,-0.0449801,-0.0449513,2.88353e-05,1.35718,1.35836,0.00117256
1.76004e+09,2988,-0.044996,-0.0449652,3.07496e-05,1.35652,1.3578,0.00127513
1.76004e+09,2989,-0.0450128,-0.0449801,3.2665e-05,1.35581,1.35718,0.00137774
1.76004e+09,2990,-0.0450305,-0.044996,3.45816e-05,1.35504,1.35652,0.00148037
1.76004e+09,2991,-0.0450493,-0.0450128,3.64996e-05,1.35422,1.35581,0.00158302
1.76004e+09,2992,-0.045069,-0.0450305,3.8419e-05,1.35336,1.35504,0.00168571
1.76004e+09,2993,-0.0450896,-0.0450493,4.03398e-05,1.35244,1.35422,0.00178842
1.76004e+09,2994,-0.0451112,-0.045069,4.22622e-05,1.35146,1.35336,0.00189115
1.76004e+09,2995,-0.0451338,-0.0450896,4.41862e-05,1.35044,1.35244,0.00199391
1.76004e+09,2996,-0.0451573,-0.0451338,2.35376e-05,1.34937,1.35044,0.00107405
1.76004e+09,2997,-0.0451818,-0.0451573,2.45019e-05,1.34824,1.34937,0.00112546
1.76004e+09,2998,-0.0452073,-0.0451573,4.99689e-05,1.34707,1.34937,0.00230235
1.76004e+09,2999,-0.0452337,-0.0452073,2.64333e-05,1.34584,1.34707,0.00122832
1.76004e+09,3000,-0.0452611,-0.0452337,2.74005e-05,1.34456,1.34584,0.00127977
1.76004e+09,3001,-0.0452895,-0.0452337,5.57693e-05,1.34323,1.34584,0.00261101
1.76004e+09,3002,-0.0453188,-0.0452611,5.77071e-05,1.34184,1.34456,0.00271394
1.76004e+09,3003,-0.0453491,-0.0452895,5.96473e-05,1.34041,1.34323,0.00281691
1.76004e+09,3004,-0.0453804,-0.0453188,6.15898e-05,1.33892,1.34184,0.00291989
1.76004e+09,3005,-0.0454127,-0.0453491,6.35347e-05,1.33739,1.34041,0.00302291
1.76004e+09,3006,-0.0454459,-0.0453804,6.54823e-05,1.3358,1.33892,0.00312595
1.76004e+09,3007,-0.0454801,-0.0454127,6.74325e-05,1.33416,1.33739,0.00322901
1.76004e+09,3008,-0.0455153,-0.0454459,6.93854e-05,1.33247,1.3358,0.00333211
1.76004e+09,3009,-0.0455515,-0.0454801,7.13412e-05,1.33072,1.33416,0.00343523
1.76004e+09,3010,-0.0455886,-0.0455515,3.714e-05,1.32893,1.33072,0.00179498
1.76004e+09,3011,-0.0456267,-0.0455515,7.52616e-05,1.32708,1.33072,0.00364156
1.76004e+09,3012,-0.0456658,-0.0456267,3.91048e-05,1.32518,1.32708,0.00189819
1.76004e+09,3013,-0.0457059,-0.0456658,4.00896e-05,1.32323,1.32518,0.00194982
1.76004e+09,3014,-0.045747,-0.0457059,4.10761e-05,1.32123,1.32323,0.00200147
1.76004e+09,3015,-0.0457891,-0.045747,4.20643e-05,1.31918,1.32123,0.00205313
1.76004e+09,3016,-0.0458321,-0.0457891,4.30542e-05,1.31707,1.31918,0.00210481
1.76004e+09,3017,-0.0458762,-0.0458321,4.4046e-05,1.31492,1.31707,0.00215651
1.76004e+09,3018,-0.0459212,-0.0458762,4.50396e-05,1.31271,1.31492,0.00220823
1.76004e+09,3019,-0.0459672,-0.0458762,9.10748e-05,1.31045,1.31492,0.0044682
1.76004e+09,3020,-0.0460143,-0.0459212,9.30677e-05,1.30814,1.31271,0.0045717
1.76004e+09,3021,-0.0460623,-0.0459672,9.50647e-05,1.30577,1.31045,0.00467524
1.76004e+09,3022,-0.0461113,-0.0460623,4.90336e-05,1.30336,1.30577,0.00241532
1.76004e+09,3023,-0.0461614,-0.0461113,5.00372e-05,1.30089,1.30336,0.00246715
1.76004e+09,3024,-0.0462124,-0.0461614,5.1043e-05,1.29837,1.30089,0.00251901
1.76004e+09,3025,-0.0462645,-0.0462124,5.20509e-05,1.2958,1.29837,0.0025709
1.76004e+09,3026,-0.0463175,-0.0462645,5.30612e-05,1.29318,1.2958,0.00262281
1.76004e+09,3027,-0.0463716,-0.0463175,5.40737e-05,1.2905,1.29318,0.00267476
1.76004e+09,3028,-0.0464267,-0.0463716,5.50886e-05,1.28778,1.2905,0.00272673
1.76004e+09,3029,-0.0464828,-0.0464267,5.61059e-05,1.285,1.28778,0.00277874
1.76004e+09,3030,-0.0465399,-0.0464828,5.71256e-05,1.28217,1.285,0.00283079
1.76004e+09,3031,-0.0465981,-0.0465399,5.81478e-05,1.27928,1.28217,0.00288287
1.76004e+09,3032,-0.0466572,-0.0465981,5.91727e-05,1.27635,1.27928,0.00293499
1.76004e+09,3033,-0.0467174,-0.0466572,6.02001e-05,1.27336,1.27635,0.00298716
1.76004e+09,3034,-0.0467787,-0.0467174,6.12302e-05,1.27032,1.27336,0.00303936
1.76004e+09,3035,-0.0468409,-0.0467787,6.22631e-05,1.26723,1.27032,0.00309161
1.76004e+09,3036,-0.0469042,-0.0467787,0.000125562,1.26409,1.27032,0.00623553
1.76004e+09,3037,-0.0469686,-0.0468409,0.000127636,1.26089,1.26723,0.00634018
1.76004e+09,3038,-0.0470339,-0.0469042,0.000129716,1.25764,1.26409,0.00644494
1.76004e+09,3039,-0.0471004,-0.0470339,6.64229e-05,1.25434,1.25764,0.00330113
1.76004e+09,3040,-0.0471678,-0.0471004,6.74702e-05,1.25099,1.25434,0.00335365
1.76004e+09,3041,-0.0472364,-0.0471678,6.85206e-05,1.24758,1.25099,0.00340623
1.76004e+09,3042,-0.0473059,-0.0472364,6.95741e-05,1.24412,1.24758,0.00345888
1.76004e+09,3043,-0.0473766,-0.0472364,0.000140205,1.24061,1.24758,0.00697047
1.76004e+09,3044,-0.0474482,-0.0473059,0.000142322,1.23705,1.24412,0.00707597
1.76004e+09,3045,-0.047521,-0.0473766,0.000144445,1.23343,1.24061,0.00718162
1.76004e+09,3046,-0.0475948,-0.0474482,0.000146575,1.22976,1.23705,0.00728742
1.76004e+09,3047,-0.0476697,-0.047521,0.000148711,1.22604,1.23343,0.00739339
1.76004e+09,3048,-0.0477457,-0.0476697,7.59643e-05,1.22226,1.22604,0.00377632
1.76004e+09,3049,-0.0478227,-0.0477457,7.70414e-05,1.21843,1.22226,0.00382952
1.76004e+09,3050,-0.0479008,-0.0478227,7.81221e-05,1.21455,1.21843,0.00388282
1.76004e+09,3051,-0.04798,-0.0479008,7.92064e-05,1.21061,1.21455,0.00393622
1.76004e+09,3052,-0.0480603,-0.04798,8.02946e-05,1.20662,1.21061,0.00398973
1.76004e+09,3053,-0.0481417,-0.0480603,8.13865e-05,1.20258,1.20662,0.00404335
1.76004e+09,3054,-0.0482242,-0.0480603,0.000163869,1.19848,1.20662,0.00814043
1.76004e+09,3055,-0.0483078,-0.0482242,8.3582e-05,1.19433,1.19848,0.00415094
1.76004e+09,3056,-0.0483925,-0.0483078,8.46857e-05,1.19012,1.19433,0.00420492
1.76004e+09,3057,-0.0484783,-0.0483925,8.57935e-05,1.18587,1.19012,0.00425903
1.76004e+09,3058,-0.0485652,-0.0483925,0.000172699,1.18155,1.19012,0.00857232
1.76004e+09,3059,-0.0486532,-0.0485652,8.80216e-05,1.17718,1.18155,0.00436769
1.76004e+09,3060,-0.0487423,-0.0485652,0.000177164,1.17276,1.18155,0.00878992
1.76004e+09,3061,-0.0488326,-0.0486532,0.000179409,1.16829,1.17718,0.00889919
1.76004e+09,3062,-0.048924,-0.0488326,9.13958e-05,1.16375,1.16829,0.00453183
1.76004e+09,3063,-0.0490165,-0.048924,9.25294e-05,1.15917,1.16375,0.00458688
1.76004e+09,3064,-0.0491102,-0.0490165,9.36676e-05,1.15452,1.15917,0.00464212
1.76004e+09,3065,-0.049205,-0.0491102,9.48104e-05,1.14983,1.15452,0.00469755
1.76004e+09,3066,-0.049301,-0.049205,9.59578e-05,1.14507,1.14983,0.00475317
1.76004e+09,3067,-0.0493981,-0.049205,0.000193068,1.14026,1.14983,0.00956218
1.76004e+09,3068,-0.0494963,-0.0493981,9.82671e-05,1.1354,1.14026,0.00486506
1.76004e+09,3069,-0.0495958,-0.0494963,9.94291e-05,1.13048,1.1354,0.00492134
1.76004e+09,3070,-0.0496964,-0.0495958,0.000100596,1.1255,1.13048,0.00497785
1.76004e+09,3071,-0.0497981,-0.0496964,0.000101768,1.12047,1.1255,0.00503462
1.76004e+09,3072,-0.0499011,-0.0497981,0.000102945,1.11537,1.12047,0.00509164
1.76004e+09,3073,-0.0500052,-0.0499011,0.000104128,1.11023,1.11537,0.00514893
1.76004e+09,3074,-0.0501105,-0.0500052,0.000105315,1.10502,1.11023,0.00520651
1.76004e+09,3075,-0.050217,-0.0500052,0.000211823,1.09975,1.11023,0.0104709
1.76004e+09,3076,-0.0503247,-0.0501105,0.000214215,1.09443,1.10502,0.0105869
1.76004e+09,3077,-0.0504337,-0.050217,0.000216617,1.08905,1.09975,0.0107036
1.76004e+09,3078,-0.0505438,-0.0503247,0.000219031,1.08361,1.09443,0.010821
1.76004e+09,3079,-0.0506551,-0.0504337,0.000221455,1.07811,1.08905,0.010939
1.76004e+09,3080,-0.0507677,-0.0505438,0.000223891,1.07255,1.08361,0.0110577
1.76004e+09,3081,-0.0508814,-0.0506551,0.000226339,1.06693,1.07811,0.0111772
1.76004e+09,3082,-0.0509965,-0.0507677,0.000228798,1.06126,1.07255,0.0112975
1.76004e+09,3083,-0.0511127,-0.0508814,0.000231269,1.05552,1.06693,0.0114186
1.76004e+09,3084,-0.0512302,-0.0509965,0.000233752,1.04972,1.06126,0.0115405
1.76004e+09,3085,-0.051349,-0.0511127,0.000236248,1.04385,1.05552,0.0116633
1.76004e+09,3086,-0.051469,-0.0512302,0.000238755,1.03793,1.04972,0.0117871
1.76004e+09,3087,-0.0515902,-0.051469,0.000121269,1.03194,1.03793,0.0059872
1.76004e+09,3088,-0.0517128,-0.0515902,0.000122539,1.02589,1.03194,0.00605033
1.76004e+09,3089,-0.0518366,-0.0515902,0.000246353,1.01978,1.03194,0.0121643
1.76004e+09,3090,-0.0519617,-0.0518366,0.000125097,1.0136,1.01978,0.00617823
1.76004e+09,3091,-0.0520881,-0.0519617,0.000126386,1.00736,1.0136,0.00624305
1.76004e+09,3092,-0.0522158,-0.0519617,0.000254067,1.00105,1.0136,0.0125515
1.76004e+09,3093,-0.0523447,-0.0520881,0.000256665,0.994672,1.00736,0.0126831
1.76004e+09,3094,-0.052475,-0.0522158,0.000259276,0.988231,1.00105,0.0128159
1.76004e+09,3095,-0.0526066,-0.052475,0.000131608,0.981722,0.988231,0.00650879
1.76004e+09,3096,-0.0527396,-0.0526066,0.000132931,0.975145,0.981722,0.006577
1.76004e+09,3097,-0.0528738,-0.0527396,0.000134261,0.968499,0.975145,0.00664597
1.76004e+09,3098,-0.0530094,-0.0527396,0.00026986,0.961783,0.975145,0.0133617
1.76004e+09,3099,-0.0531464,-0.0528738,0.000272541,0.954997,0.968499,0.0135021
1.76004e+09,3100,-0.0532847,-0.0531464,0.000138295,0.948139,0.954997,0.0068579
1.76004e+09,3101,-0.0534243,-0.0531464,0.000277949,0.941209,0.954997,0.0137883
1.76004e+09,3102,-0.0535653,-0.0534243,0.000141021,0.934205,0.941209,0.00700377
1.76004e+09,3103,-0.0537077,-0.0535653,0.000142395,0.927127,0.934205,0.00707821
1.76004e+09,3104,-0.0538515,-0.0537077,0.000143778,0.919973,0.927127,0.00715371
1.76004e+09,3105,-0.0539967,-0.0538515,0.000145168,0.912743,0.919973,0.00723035
1.76004e+09,3106,-0.0541433,-0.0539967,0.000146567,0.905434,0.912743,0.00730816
1.76004e+09,3107,-0.0542912,-0.0541433,0.000147974,0.898047,0.905434,0.00738721
1.76004e+09,3108,-0.0544406,-0.0542912,0.000149389,0.89058,0.898047,0.00746756
1.76004e+09,3109,-0.0545914,-0.0544406,0.000150813,0.88303,0.89058,0.00754928
1.76004e+09,3110,-0.0547437,-0.0545914,0.000152246,0.875398,0.88303,0.00763243
1.76004e+09,3111,-0.0548974,-0.0545914,0.000305935,0.867681,0.88303,0.0153495
1.76004e+09,3112,-0.0550525,-0.0547437,0.00030883,0.859878,0.875398,0.0155205
1.76004e+09,3113,-0.0552091,-0.0548974,0.000311743,0.851986,0.867681,0.0156947
1.76004e+09,3114,-0.0553672,-0.0552091,0.000158074,0.844005,0.851986,0.00798103
1.76004e+09,3115,-0.0555267,-0.0553672,0.000159556,0.835933,0.844005,0.00807262
1.76004e+09,3116,-0.0556878,-0.0555267,0.000161048,0.827766,0.835933,0.00816618
1.76004e+09,3117,-0.0558503,-0.0556878,0.000162552,0.819505,0.827766,0.00826182
1.76004e+09,3118,-0.0560144,-0.0558503,0.000164067,0.811145,0.819505,0.00835968
1.76004e+09,3119,-0.05618,-0.0560144,0.000165593,0.802685,0.811145,0.00845987
1.76004e+09,3120,-0.0563471,-0.05618,0.000167132,0.794123,0.802685,0.00856253
1.76004e+09,3121,-0.0565158,-0.0563471,0.000168682,0.785455,0.794123,0.00866782
1.76004e+09,3122,-0.0566861,-0.0565158,0.000170246,0.776679,0.785455,0.0087759
1.76004e+09,3123,-0.0568579,-0.0566861,0.000171822,0.767792,0.776679,0.00888694
1.76004e+09,3124,-0.0570313,-0.0568579,0.000173411,0.758791,0.767792,0.00900112
1.76004e+09,3125,-0.0572063,-0.0570313,0.000175014,0.749672,0.758791,0.00911867
1.76004e+09,3126,-0.0573829,-0.0572063,0.00017663,0.740432,0.749672,0.00923979
1.76004e+09,3127,-0.0575612,-0.0573829,0.000178259,0.731068,0.740432,0.00936474
1.76004e+09,3128,-0.0577411,-0.0575612,0.000179902,0.721574,0.731068,0.00949377
1.76004e+09,3129,-0.0579227,-0.0577411,0.000181558,0.711947,0.721574,0.00962717
1.76004e+09,3130,-0.0581059,-0.0579227,0.000183226,0.702181,0.711947,0.00976527
1.76004e+09,3131,-0.0582908,-0.0581059,0.000184907,0.692273,0.702181,0.00990841
1.76004e+09,3132,-0.0584774,-0.0582908,0.000186599,0.682216,0.692273,0.010057
1.76004e+09,3133,-0.0586657,-0.0584774,0.000188302,0.672005,0.682216,0.0102114
1.76004e+09,3134,-0.0588557,-0.0586657,0.000190015,0.661632,0.672005,0.0103721
1.76004e+09,3135,-0.0590474,-0.0588557,0.000191735,0.651093,0.661632,0.0105397
1.76004e+09,3136,-0.0592409,-0.0590474,0.000193462,0.640378,0.651093,0.0107147
1.76004e+09,3137,-0.0594361,-0.0590474,0.000388654,0.62948,0.651093,0.0216125
1.76004e+09,3138,-0.059633,-0.0594361,0.000196925,0.618391,0.62948,0.0110897
1.76004e+09,3139,-0.0598317,-0.059633,0.000198656,0.607099,0.618391,0.0112911
1.76004e+09,3140,-0.0601457,-0.0598317,0.000314017,0.606911,0.607099,0.000188038
1.76004e+09,3141,-0.0604622,-0.0598317,0.000630521,0.606721,0.607099,0.000378871
1.76004e+09,3142,-0.0607812,-0.0601457,0.000635486,0.606527,0.606911,0.000384483
1.76004e+09,3143,-0.0611026,-0.0604622,0.000640426,0.60633,0.606721,0.000390138
1.76004e+09,3144,-0.0614265,-0.0607812,0.000645333,0.606131,0.606527,0.000395831
1.76004e+09,3145,-0.0617528,-0.0611026,0.000650197,0.605929,0.60633,0.000401557
1.76004e+09,3146,-0.0620815,-0.0614265,0.000655009,0.605724,0.606131,0.00040731
1.76004e+09,3147,-0.0624126,-0.0617528,0.000659761,0.605516,0.605929,0.000413084
1.76004e+09,3148,-0.062746,-0.0620815,0.000664442,0.605305,0.605724,0.000418872
1.76004e+09,3149,-0.0630816,-0.0624126,0.000669041,0.605091,0.605516,0.000424668
1.76004e+09,3150,-0.0634195,-0.062746,0.000673549,0.604874,0.605305,0.000430463
1.76004e+09,3151,-0.0637596,-0.0634195,0.000340065,0.604655,0.604874,0.000219571
1.76004e+09,3152,-0.0641018,-0.0634195,0.000682248,0.604432,0.604874,0.000442023
1.76004e+09,3153,-0.064446,-0.0641018,0.000344235,0.604207,0.604432,0.000225319
1.76004e+09,3154,-0.0647922,-0.064446,0.000346217,0.603979,0.604207,0.000228167
1.76004e+09,3155,-0.0651403,-0.0647922,0.000348124,0.603748,0.603979,0.000230992
1.76004e+09,3156,-0.0654903,-0.0651403,0.000349952,0.603514,0.603748,0.000233791
1.76004e+09,3157,-0.065842,-0.0654903,0.000351694,0.603278,0.603514,0.000236558
1.76004e+09,3158,-0.0661953,-0.0654903,0.00070504,0.603038,0.603514,0.000475847
1.76004e+09,3159,-0.0665502,-0.065842,0.00070825,0.602796,0.603278,0.000481268
1.76004e+09,3160,-0.0669066,-0.0665502,0.000356363,0.602552,0.602796,0.000244625
1.76004e+09,3161,-0.0672643,-0.0669066,0.000357719,0.602304,0.602552,0.000247222
1.76004e+09,3162,-0.0676233,-0.0672643,0.000358969,0.602055,0.602304,0.000249766
1.76004e+09,3163,-0.0679834,-0.0676233,0.000360108,0.601802,0.602055,0.000252252
1.76004e+09,3164,-0.0683445,-0.0679834,0.000361135,0.601548,0.601802,0.000254677
1.76004e+09,3165,-0.0687066,-0.0683445,0.000362044,0.601291,0.601548,0.000257037
1.76004e+09,3166,-0.0690694,-0.0687066,0.000362836,0.601031,0.601291,0.000259329
1.76004e+09,3167,-0.0694329,-0.0687066,0.000726342,0.60077,0.601291,0.000520877
1.76004e+09,3168,-0.069797,-0.0690694,0.000727559,0.600506,0.601031,0.000525239
1.76004e+09,3169,-0.0701614,-0.0694329,0.000728529,0.60024,0.60077,0.000529447
1.76004e+09,3170,-0.0705262,-0.069797,0.00072925,0.599973,0.600506,0.000533495
1.76004e+09,3171,-0.0708912,-0.0701614,0.000729719,0.599703,0.60024,0.000537377
1.76004e+09,3172,-0.0712561,-0.0708912,0.00036499,0.599432,0.599703,0.00027145
1.76004e+09,3173,-0.0716211,-0.0712561,0.000364908,0.599158,0.599432,0.000273173
1.76004e+09,3174,-0.0719858,-0.0712561,0.000729607,0.598884,0.599432,0.000547978
1.76004e+09,3175,-0.0723501,-0.0719858,0.000364365,0.598607,0.598884,0.000276345
1.76004e+09,3176,-0.072714,-0.0719858,0.000728272,0.598329,0.598884,0.000554136
1.76004e+09,3177,-0.0730773,-0.0723501,0.000727231,0.59805,0.598607,0.000556933
1.76004e+09,3178,-0.07344,-0.072714,0.000725946,0.59777,0.598329,0.000559539
1.76004e+09,3179,-0.0738018,-0.0730773,0.000724421,0.597488,0.59805,0.000561954
1.76004e+09,3180,-0.0741626,-0.07344,0.00072266,0.597206,0.59777,0.000564177
1.76004e+09,3181,-0.0745224,-0.0738018,0.000720668,0.596922,0.597488,0.000566207
1.76004e+09,3182,-0.0748811,-0.0741626,0.000718452,0.596638,0.597206,0.000568046
1.76004e+09,3183,-0.0752385,-0.0745224,0.000716019,0.596352,0.596922,0.000569696
1.76004e+09,3184,-0.0755945,-0.0748811,0.000713375,0.596067,0.596638,0.000571157
1.76004e+09,3185,-0.075949,-0.0755945,0.000354528,0.59578,0.596067,0.000286513
1.76004e+09,3186,-0.0763019,-0.075949,0.000352961,0.595493,0.59578,0.000287016
1.76004e+09,3187,-0.0766532,-0.0763019,0.000351304,0.595206,0.595493,0.00028743
1.76004e+09,3188,-0.0770028,-0.0766532,0.000349562,0.594918,0.595206,0.00028776
1.76004e+09,3189,-0.0773506,-0.0766532,0.000697302,0.59463,0.595206,0.000575766
1.76004e+09,3190,-0.0776964,-0.0773506,0.000345843,0.594342,0.59463,0.000288174
1.76004e+09,3191,-0.0780403,-0.0773506,0.00068972,0.594053,0.59463,0.000576438
1.76004e+09,3192,-0.0783821,-0.0780403,0.000341846,0.593765,0.594053,0.000288282
1.76004e+09,3193,-0.0787219,-0.0783821,0.000339757,0.593477,0.593765,0.00028823
1.76004e+09,3194,-0.0790595,-0.0787219,0.000337615,0.593189,0.593477,0.000288113
1.76004e+09,3195,-0.0793949,-0.0790595,0.000335426,0.592901,0.593189,0.000287933
1.76004e+09,3196,-0.0797281,-0.0790595,0.00066862,0.592613,0.593189,0.000575627
1.76004e+09,3197,-0.080059,-0.0793949,0.000664119,0.592326,0.592901,0.000575096
1.76004e+09,3198,-0.0803877,-0.0797281,0.000659549,0.592039,0.592613,0.00057446
1.76004e+09,3199,-0.080714,-0.080059,0.000654919,0.591752,0.592326,0.000573725
1.76004e+09,3200,-0.0810276,-0.080714,0.000313628,0.591443,0.591752,0.000309153
1.76004e+09,3201,-0.0813388,-0.0810276,0.000311187,0.591134,0.591443,0.000308694
1.76004e+09,3202,-0.0816475,-0.0813388,0.000308732,0.590826,0.591134,0.000308198
1.76004e+09,3203,-0.0819538,-0.0816475,0.000306266,0.590518,0.590826,0.000307667
1.76004e+09,3204,-0.0822576,-0.0819538,0.000303793,0.590211,0.590518,0.000307105
1.76004e+09,3205,-0.0825589,-0.0822576,0.000301316,0.589905,0.590211,0.000306515
1.76004e+09,3206,-0.0828577,-0.0825589,0.000298838,0.589599,0.589905,0.000305899
1.76004e+09,3207,-0.0831541,-0.0828577,0.000296362,0.589293,0.589599,0.000305259
1.76004e+09,3208,-0.083448,-0.0831541,0.000293891,0.588989,0.589293,0.000304598
1.76004e+09,3209,-0.0837394,-0.083448,0.000291425,0.588685,0.588989,0.000303918
1.76004e+09,3210,-0.0840284,-0.0837394,0.000288967,0.588382,0.588685,0.000303221
1.76004e+09,3211,-0.0843149,-0.0840284,0.000286518,0.588079,0.588382,0.000302508
1.76004e+09,3212,-0.084599,-0.0843149,0.000284079,0.587777,0.588079,0.00030178
1.76004e+09,3213,-0.0848806,-0.084599,0.000281652,0.587476,0.587777,0.00030104
1.76004e+09,3214,-0.0851598,-0.0848806,0.000279238,0.587176,0.587476,0.000300287
1.76004e+09,3215,-0.0854367,-0.0851598,0.000276836,0.586877,0.587176,0.000299524
1.76004e+09,3216,-0.0857111,-0.0854367,0.000274448,0.586578,0.586877,0.00029875
1.76004e+09,3217,-0.0859832,-0.0857111,0.000272074,0.58628,0.586578,0.000297967
1.76004e+09,3218,-0.0862529,-0.0859832,0.000269714,0.585983,0.58628,0.000297174
1.76004e+09,3219,-0.0865203,-0.0862529,0.000267367,0.585686,0.585983,0.000296373
1.76004e+09,3220,-0.0867853,-0.0865203,0.000265035,0.585391,0.585686,0.000295564
1.76004e+09,3221,-0.087048,-0.0867853,0.000262716,0.585096,0.585391,0.000294747
1.76004e+09,3222,-0.0873084,-0.087048,0.000260412,0.584802,0.585096,0.000293922
1.76004e+09,3223,-0.0875666,-0.0873084,0.000258121,0.584509,0.584802,0.000293089
1.76004e+09,3224,-0.0878224,-0.0875666,0.000255843,0.584217,0.584509,0.00029225
1.76004e+09,3225,-0.088076,-0.0875666,0.000509422,0.583925,0.584509,0.000583652
1.76004e+09,3226,-0.0883273,-0.088076,0.000251327,0.583635,0.583925,0.000290549
1.76004e+09,3227,-0.0885764,-0.0883273,0.000249089,0.583345,0.583635,0.000289687
1.76004e+09,3228,-0.0888233,-0.0885764,0.000246862,0.583056,0.583345,0.000288819
1.76004e+09,3229,-0.0890679,-0.0888233,0.000244648,0.582768,0.583056,0.000287944
1.76004e+09,3230,-0.0893104,-0.0890679,0.000242445,0.582481,0.582768,0.000287062
1.76004e+09,3231,-0.0895506,-0.0893104,0.000240254,0.582195,0.582481,0.000286174
1.76004e+09,3232,-0.0897887,-0.0895506,0.000238075,0.58191,0.582195,0.000285278
1.76004e+09,3233,-0.0900246,-0.0897887,0.000235906,0.581625,0.58191,0.000284376
1.76004e+09,3234,-0.0902583,-0.0900246,0.000233749,0.581342,0.581625,0.000283468
1.76004e+09,3235,-0.0904899,-0.0902583,0.000231602,0.581059,0.581342,0.000282553
1.76004e+09,3236,-0.0907194,-0.0904899,0.000229465,0.580778,0.581059,0.000281631
1.76004e+09,3237,-0.0909468,-0.0907194,0.000227339,0.580497,0.580778,0.000280703
1.76004e+09,3238,-0.091172,-0.0909468,0.000225223,0.580217,0.580497,0.000279769
1.76004e+09,3239,-0.0913951,-0.091172,0.000223116,0.579939,0.580217,0.000278829
1.76004e+09,3240,-0.0916161,-0.0913951,0.00022102,0.579661,0.579939,0.000277883
1.76004e+09,3241,-0.091835,-0.0916161,0.000218933,0.579384,0.579661,0.000276931
1.76004e+09,3242,-0.0920519,-0.091835,0.000216855,0.579108,0.579384,0.000275973
1.76004e+09,3243,-0.0922667,-0.0920519,0.000214787,0.578833,0.579108,0.00027501
1.76004e+09,3244,-0.0924794,-0.0922667,0.000212728,0.578559,0.578833,0.000274042
1.76004e+09,3245,-0.0926901,-0.0924794,0.000210679,0.578286,0.578559,0.000273068
1.76004e+09,3246,-0.0928987,-0.0924794,0.000419317,0.578014,0.578559,0.000545156
1.76004e+09,3247,-0.0931053,-0.0926901,0.000415245,0.577742,0.578286,0.000543193
1.76004e+09,3248,-0.0933099,-0.0931053,0.000204583,0.577472,0.577742,0.000270116
1.76004e+09,3249,-0.0935125,-0.0933099,0.000202569,0.577203,0.577472,0.000269122
1.76004e+09,3250,-0.0937131,-0.0935125,0.000200564,0.576935,0.577203,0.000268124
1.76004e+09,3251,-0.0939116,-0.0937131,0.000198567,0.576668,0.576935,0.000267121
1.76004e+09,3252,-0.0941082,-0.0939116,0.000196579,0.576402,0.576668,0.000266115
1.76004e+09,3253,-0.0943028,-0.0939116,0.000391177,0.576137,0.576668,0.000531219
1.76004e+09,3254,-0.0944954,-0.0943028,0.000192627,0.575873,0.576137,0.000264089
1.76004e+09,3255,-0.0946861,-0.0944954,0.000190664,0.57561,0.575873,0.000263071
1.76004e+09,3256,-0.0948748,-0.0946861,0.000188709,0.575348,0.57561,0.000262049
1.76004e+09,3257,-0.0950616,-0.0948748,0.000186762,0.575086,0.575348,0.000261024
1.76004e+09,3258,-0.0952464,-0.0950616,0.000184823,0.574826,0.575086,0.000259995
1.76004e+09,3259,-0.0954293,-0.0950616,0.000367714,0.574568,0.575086,0.000518958
1.76004e+09,3260,-0.0956102,-0.0952464,0.00036386,0.57431,0.574826,0.000516892
1.76004e+09,3261,-0.0957893,-0.0954293,0.000360021,0.574053,0.574568,0.000514819
1.76004e+09,3262,-0.0959664,-0.0957893,0.000177145,0.573797,0.574053,0.00025585
1.76004e+09,3263,-0.0961417,-0.0959664,0.000175245,0.573542,0.573797,0.000254807
1.76004e+09,3264,-0.096315,-0.0959664,0.000348599,0.573288,0.573797,0.000508569
1.76004e+09,3265,-0.0964865,-0.096315,0.000171468,0.573036,0.573288,0.000252714
1.76004e+09,3266,-0.0966561,-0.096315,0.000341059,0.572784,0.573288,0.000504377
1.76004e+09,3267,-0.0968238,-0.0964865,0.000337312,0.572533,0.573036,0.000502275
1.76004e+09,3268,-0.0969897,-0.0966561,0.000333579,0.572284,0.572784,0.000500169
1.76004e+09,3269,-0.0971537,-0.0968238,0.00032986,0.572035,0.572533,0.000498059
1.76004e+09,3270,-0.0973158,-0.0969897,0.000326156,0.571788,0.572284,0.000495945
1.76004e+09,3271,-0.0974761,-0.0973158,0.000160312,0.571541,0.571788,0.000246384
1.76004e+09,3272,-0.0976346,-0.0973158,0.00031879,0.571296,0.571788,0.000491708
1.76004e+09,3273,-0.0977913,-0.0974761,0.000315128,0.571052,0.571541,0.000489586
1.76004e+09,3274,-0.0979461,-0.0976346,0.00031148,0.570809,0.571296,0.00048746
1.76004e+09,3275,-0.0980991,-0.0979461,0.000153016,0.570566,0.570809,0.000242134
1.76004e+09,3276,-0.0982503,-0.0980991,0.000151208,0.570325,0.570566,0.000241069
1.76004e+09,3277,-0.0983997,-0.0982503,0.000149407,0.570085,0.570325,0.000240002
1.76004e+09,3278,-0.0985473,-0.0983997,0.000147613,0.569846,0.570085,0.000238935
1.76004e+09,3279,-0.0986932,-0.0983997,0.000293438,0.569609,0.570085,0.000476802
1.76004e+09,3280,-0.0988372,-0.0985473,0.000289869,0.569372,0.569846,0.000474666
1.76004e+09,3281,-0.0989795,-0.0986932,0.000286312,0.569136,0.569609,0.000472528
1.76004e+09,3282,-0.09912,-0.0989795,0.000140499,0.568901,0.569136,0.00023466
1.76004e+09,3283,-0.0992587,-0.09912,0.000138736,0.568668,0.568901,0.000233591
1.76004e+09,3284,-0.0993957,-0.0992587,0.000136979,0.568435,0.568668,0.000232521
1.76004e+09,3285,-0.0995309,-0.0993957,0.000135228,0.568204,0.568435,0.000231451
1.76004e+09,3286,-0.0996644,-0.0995309,0.000133483,0.567973,0.568204,0.000230381
1.76004e+09,3287,-0.0997962,-0.0996644,0.000131744,0.567744,0.567973,0.000229311
1.76004e+09,3288,-0.0999262,-0.0997962,0.000130011,0.567516,0.567744,0.000228241
1.76004e+09,3289,-0.100054,-0.0999262,0.000128283,0.567289,0.567516,0.000227172
1.76004e+09,3290,-0.100181,-0.100054,0.00012656,0.567063,0.567289,0.000226102
1.76004e+09,3291,-0.100306,-0.100181,0.000124844,0.566838,0.567063,0.000225034
1.76004e+09,3292,-0.100429,-0.100181,0.000247976,0.566614,0.567063,0.000448999
1.76004e+09,3293,-0.10055,-0.100306,0.000244559,0.566391,0.566838,0.000446864
1.76004e+09,3294,-0.10067,-0.100429,0.000241152,0.566169,0.566614,0.00044473
1.76004e+09,3295,-0.100788,-0.10055,0.000237756,0.565948,0.566391,0.000442597
1.76004e+09,3296,-0.100905,-0.10067,0.000234371,0.565728,0.566169,0.000440466
1.76004e+09,3297,-0.101019,-0.100788,0.000230995,0.56551,0.565948,0.000438337
1.76004e+09,3298,-0.101132,-0.100905,0.00022763,0.565292,0.565728,0.00043621
1.76004e+09,3299,-0.101243,-0.101019,0.000224275,0.565076,0.56551,0.000434085
1.76004e+09,3300,-0.101353,-0.101132,0.000220929,0.56486,0.565292,0.000431962
1.76004e+09,3301,-0.101461,-0.101243,0.000217593,0.564646,0.565076,0.000429842
1.76004e+09,3302,-0.101567,-0.101353,0.000214267,0.564433,0.56486,0.000427724
1.76004e+09,3303,-0.101672,-0.101461,0.00021095,0.56422,0.564646,0.00042561
1.76004e+09,3304,-0.101775,-0.101567,0.000207642,0.564009,0.564433,0.000423498
1.76004e+09,3305,-0.101876,-0.101672,0.000204343,0.563799,0.56422,0.000421389
1.76004e+09,3306,-0.101976,-0.101775,0.000201053,0.56359,0.564009,0.000419284
1.76004e+09,3307,-0.102074,-0.101876,0.000197772,0.563382,0.563799,0.000417182
1.76004e+09,3308,-0.102171,-0.101976,0.0001945,0.563175,0.56359,0.000415084
1.76004e+09,3309,-0.102265,-0.102074,0.000191236,0.562969,0.563382,0.000412989
1.76004e+09,3310,-0.102359,-0.102265,9.31777e-05,0.562764,0.562969,0.000204927
1.76004e+09,3311,-0.10245,-0.102359,9.15562e-05,0.56256,0.562764,0.000203885
1.76004e+09,3312,-0.10254,-0.10245,8.99387e-05,0.562357,0.56256,0.000202845
1.76004e+09,3313,-0.102628,-0.10245,0.000178264,0.562155,0.56256,0.000404651
1.76004e+09,3314,-0.102715,-0.102628,8.67155e-05,0.561954,0.562155,0.000200771
1.76004e+09,3315,-0.1028,-0.102715,8.51096e-05,0.561755,0.561954,0.000199737
1.76004e+09,3316,-0.102884,-0.1028,8.35075e-05,0.561556,0.561755,0.000198706
1.76004e+09,3317,-0.102966,-0.102884,8.19091e-05,0.561358,0.561556,0.000197678
1.76004e+09,3318,-0.103046,-0.102966,8.03143e-05,0.561162,0.561358,0.000196652
1.76004e+09,3319,-0.103125,-0.103046,7.8723e-05,0.560966,0.561162,0.000195628
1.76004e+09,3320,-0.103202,-0.103125,7.71352e-05,0.560771,0.560966,0.000194607
1.76004e+09,3321,-0.103277,-0.103125,0.000152686,0.560578,0.560966,0.000388197
1.76004e+09,3322,-0.103351,-0.103277,7.39698e-05,0.560385,0.560578,0.000192574
1.76004e+09,3323,-0.103424,-0.103351,7.2392e-05,0.560194,0.560385,0.000191562
1.76004e+09,3324,-0.103494,-0.103424,7.08174e-05,0.560003,0.560194,0.000190552
1.76004e+09,3325,-0.103564,-0.103494,6.9246e-05,0.559814,0.560003,0.000189545
1.76004e+09,3326,-0.103631,-0.103564,6.76776e-05,0.559625,0.559814,0.000188542
1.76004e+09,3327,-0.103698,-0.103564,0.00013379,0.559438,0.559814,0.000376083
1.76004e+09,3328,-0.103762,-0.103698,6.45498e-05,0.559251,0.559438,0.000186544
1.76004e+09,3329,-0.103825,-0.103762,6.29902e-05,0.559065,0.559251,0.00018555
1.76004e+09,3330,-0.103886,-0.103825,6.14335e-05,0.558881,0.559065,0.000184559
1.76004e+09,3331,-0.103946,-0.103886,5.98795e-05,0.558697,0.558881,0.000183572
1.76004e+09,3332,-0.104005,-0.103946,5.83281e-05,0.558515,0.558697,0.000182588
1.76004e+09,3333,-0.104061,-0.104005,5.67794e-05,0.558333,0.558515,0.000181607
1.76004e+09,3334,-0.104117,-0.104005,0.000112013,0.558153,0.558515,0.000362237
1.76004e+09,3335,-0.10417,-0.104061,0.000108923,0.557973,0.558333,0.000360286
1.76004e+09,3336,-0.104223,-0.10417,5.21481e-05,0.557794,0.557973,0.000178687
1.76004e+09,3337,-0.104273,-0.104223,5.06091e-05,0.557616,0.557794,0.00017772
1.76004e+09,3338,-0.104322,-0.104273,4.90724e-05,0.55744,0.557616,0.000176758
1.76004e+09,3339,-0.10437,-0.104322,4.75379e-05,0.557264,0.55744,0.000175799
1.76004e+09,3340,-0.104416,-0.104322,9.35434e-05,0.557089,0.55744,0.000350644
1.76004e+09,3341,-0.10446,-0.10437,9.04808e-05,0.556915,0.557264,0.000348739
1.76004e+09,3342,-0.104503,-0.104416,8.74223e-05,0.556742,0.557089,0.000346841
1.76004e+09,3343,-0.104545,-0.104503,4.14207e-05,0.55657,0.556742,0.000172004
1.76004e+09,3344,-0.104585,-0.104545,3.98963e-05,0.556399,0.55657,0.000171066
1.76004e+09,3345,-0.104623,-0.104545,7.827e-05,0.556229,0.55657,0.000341197
1.76004e+09,3346,-0.10466,-0.104623,3.68529e-05,0.55606,0.556229,0.000169201
1.76004e+09,3347,-0.104695,-0.104623,7.21866e-05,0.555892,0.556229,0.000337475
1.76004e+09,3348,-0.104729,-0.10466,6.91499e-05,0.555724,0.55606,0.000335627
1.76004e+09,3349,-0.104761,-0.104695,6.61164e-05,0.555558,0.555892,0.000333788
1.76004e+09,3350,-0.104792,-0.104729,6.3086e-05,0.555392,0.555724,0.000331958
1.76004e+09,3351,-0.104821,-0.104792,2.92727e-05,0.555228,0.555392,0.000164614
1.76004e+09,3352,-0.104849,-0.104821,2.77611e-05,0.555064,0.555228,0.00016371
1.76004e+09,3353,-0.104875,-0.104849,2.62507e-05,0.554901,0.555064,0.000162811
1.76004e+09,3354,-0.1049,-0.104849,5.09924e-05,0.554739,0.555064,0.000324727
1.76004e+09,3355,-0.104923,-0.104875,4.79753e-05,0.554578,0.554901,0.000322942
1.76004e+09,3356,-0.104945,-0.1049,4.49606e-05,0.554418,0.554739,0.000321167
1.76004e+09,3357,-0.104965,-0.104945,2.02211e-05,0.554259,0.554418,0.00015926
1.76004e+09,3358,-0.104984,-0.104965,1.87163e-05,0.5541,0.554259,0.000158385
1.76004e+09,3359,-0.105001,-0.104984,1.72124e-05,0.553943,0.5541,0.000157514
1.76004e+09,3360,-0.105017,-0.105001,1.57094e-05,0.553786,0.553943,0.000156648
1.76004e+09,3361,-0.105031,-0.105017,1.42072e-05,0.55363,0.553786,0.000155788
1.76004e+09,3362,-0.105044,-0.105031,1.27057e-05,0.553475,0.55363,0.000154932
1.76004e+09,3363,-0.105055,-0.105044,1.12049e-05,0.553321,0.553475,0.000154082
1.76004e+09,3364,-0.105065,-0.105055,9.70471e-06,0.553168,0.553321,0.000153237
1.76004e+09,3365,-0.105073,-0.105065,8.20503e-06,0.553016,0.553168,0.000152397
1.76004e+09,3366,-0.10508,-0.105073,6.70583e-06,0.552864,0.553016,0.000151562
1.76004e+09,3367,-0.105085,-0.10508,5.20704e-06,0.552713,0.552864,0.000150733
1.76004e+09,3368,-0.105088,-0.105085,3.7086e-06,0.552564,0.552713,0.000149909
1.76004e+09,3369,-0.105091,-0.105088,2.21045e-06,0.552414,0.552564,0.000149091
1.76004e+09,3370,-0.105091,-0.105088,2.92296e-06,0.552266,0.552564,0.000297369
1.76004e+09,3371,-0.105091,-0.105091,-7.27501e-08,0.552119,0.552414,0.000295749
1.76004e+09,3372,-0.105088,-0.105091,-3.06821e-06,0.551972,0.552266,0.00029414
1.76004e+09,3373,-0.105085,-0.105091,-6.06354e-06,0.551826,0.552119,0.000292542
1.76004e+09,3374,-0.105079,-0.105088,-9.05888e-06,0.551681,0.551972,0.000290956
1.76004e+09,3375,-0.105072,-0.105085,-1.20543e-05,0.551537,0.551826,0.000289382
1.76004e+09,3376,-0.105064,-0.105079,-1.50501e-05,0.551393,0.551681,0.000287819
1.76004e+09,3377,-0.105054,-0.105072,-1.80462e-05,0.551251,0.551537,0.000286269
1.76004e+09,3378,-0.105043,-0.105064,-2.10428e-05,0.551109,0.551393,0.00028473
1.76004e+09,3379,-0.10503,-0.105054,-2.404e-05,0.550967,0.551251,0.000283203
1.76004e+09,3380,-0.105016,-0.105043,-2.7038e-05,0.550827,0.551109,0.000281688
1.76004e+09,3381,-0.105,-0.10503,-3.00369e-05,0.550687,0.550967,0.000280186
1.76004e+09,3382,-0.104983,-0.105016,-3.30369e-05,0.550548,0.550827,0.000278696
1.76004e+09,3383,-0.104964,-0.105,-3.60379e-05,0.55041,0.550687,0.000277218
1.76004e+09,3384,-0.104944,-0.104983,-3.90403e-05,0.550272,0.550548,0.000275754
1.76004e+09,3385,-0.104922,-0.104944,-2.17731e-05,0.550136,0.550272,0.000136789
1.76004e+09,3386,-0.104899,-0.104922,-2.32761e-05,0.55,0.550136,0.000136073
1.76004e+09,3387,-0.104874,-0.104899,-2.478e-05,0.549864,0.55,0.000135363
1.76004e+09,3388,-0.104848,-0.104874,-2.62848e-05,0.54973,0.549864,0.00013466
1.76004e+09,3389,-0.10482,-0.104848,-2.77906e-05,0.549596,0.54973,0.000133964
1.76004e+09,3390,-0.104791,-0.10482,-2.92975e-05,0.549462,0.549596,0.000133274
1.76004e+09,3391,-0.10476,-0.10482,-6.01029e-05,0.54933,0.549596,0.000265865
1.76004e+09,3392,-0.104728,-0.104791,-6.312e-05,0.549198,0.549462,0.000264506
1.76004e+09,3393,-0.104694,-0.10476,-6.61395e-05,0.549067,0.54933,0.00026316
1.76004e+09,3394,-0.104659,-0.104694,-3.53366e-05,0.548936,0.549067,0.000130583
1.76004e+09,3395,-0.104622,-0.104694,-7.21863e-05,0.548806,0.549067,0.000260511
1.76004e+09,3396,-0.104583,-0.104622,-3.83642e-05,0.548677,0.548806,0.00012928
1.76004e+09,3397,-0.104543,-0.104583,-3.98802e-05,0.548548,0.548677,0.000128639
1.76004e+09,3398,-0.104502,-0.104583,-8.12779e-05,0.54842,0.548677,0.000256645
1.76004e+09,3399,-0.104459,-0.104502,-4.29169e-05,0.548293,0.54842,0.00012738
1.76004e+09,3400,-0.104415,-0.104459,-4.44377e-05,0.548166,0.548293,0.000126761
1.76004e+09,3401,-0.104369,-0.104415,-4.59604e-05,0.54804,0.548166,0.000126149
1.76004e+09,3402,-0.104321,-0.104369,-4.74848e-05,0.547914,0.54804,0.000125546
1.76004e+09,3403,-0.104272,-0.104321,-4.90111e-05,0.547789,0.547914,0.000124949
1.76004e+09,3404,-0.104222,-0.104272,-5.05394e-05,0.547665,0.547789,0.000124361
1.76004e+09,3405,-0.10417,-0.104272,-0.000102609,0.547541,0.547789,0.000248141
1.76004e+09,3406,-0.104116,-0.104222,-0.000105672,0.547418,0.547665,0.000246987
1.76004e+09,3407,-0.104061,-0.10417,-0.000108738,0.547295,0.547541,0.000245849
1.76004e+09,3408,-0.104004,-0.104061,-5.66732e-05,0.547173,0.547295,0.000122085
1.76004e+09,3409,-0.103946,-0.104004,-5.82122e-05,0.547052,0.547173,0.000121536
1.76004e+09,3410,-0.103886,-0.103946,-5.97535e-05,0.546931,0.547052,0.000120995
1.76004e+09,3411,-0.103825,-0.103886,-6.12972e-05,0.54681,0.546931,0.000120463
1.76004e+09,3412,-0.103762,-0.103886,-0.000124141,0.54669,0.546931,0.000240401
1.76004e+09,3413,-0.103698,-0.103762,-6.43921e-05,0.546571,0.54669,0.000119423
1.76004e+09,3414,-0.103632,-0.103698,-6.59434e-05,0.546452,0.546571,0.000118915
1.76004e+09,3415,-0.103564,-0.103632,-6.74974e-05,0.546334,0.546452,0.000118416
1.76004e+09,3416,-0.103495,-0.103564,-6.90541e-05,0.546216,0.546334,0.000117926
1.76004e+09,3417,-0.103425,-0.103495,-7.06136e-05,0.546098,0.546216,0.000117444
1.76004e+09,3418,-0.103352,-0.103425,-7.21759e-05,0.545981,0.546098,0.000116972
1.76004e+09,3419,-0.103279,-0.103425,-0.000145917,0.545865,0.546098,0.000233479
1.76004e+09,3420,-0.103203,-0.103279,-7.53095e-05,0.545749,0.545865,0.000116053
1.76004e+09,3421,-0.103127,-0.103203,-7.68809e-05,0.545633,0.545749,0.000115607
1.76004e+09,3422,-0.103048,-0.103127,-7.84553e-05,0.545518,0.545633,0.00011517
1.76004e+09,3423,-0.102968,-0.103048,-8.0033e-05,0.545403,0.545518,0.000114743
1.76004e+09,3424,-0.102886,-0.102968,-8.16139e-05,0.545289,0.545403,0.000114325
1.76004e+09,3425,-0.102803,-0.102886,-8.31982e-05,0.545175,0.545289,0.000113916
1.76004e+09,3426,-0.102718,-0.102803,-8.47858e-05,0.545061,0.545175,0.000113517
1.76004e+09,3427,-0.102632,-0.102718,-8.63769e-05,0.544948,0.545061,0.000113127
1.76004e+09,3428,-0.102544,-0.102632,-8.79715e-05,0.544836,0.544948,0.000112747
1.76004e+09,3429,-0.102455,-0.102544,-8.95698e-05,0.544723,0.544836,0.000112377
1.76004e+09,3430,-0.102363,-0.102455,-9.11717e-05,0.544611,0.544723,0.000112017
1.76004e+09,3431,-0.102271,-0.102363,-9.27773e-05,0.544499,0.544611,0.000111667
1.76004e+09,3432,-0.102176,-0.102271,-9.43867e-05,0.544388,0.544499,0.000111327
1.76004e+09,3433,-0.10208,-0.102176,-9.6e-05,0.544277,0.544388,0.000110997
1.76004e+09,3434,-0.101983,-0.10208,-9.76172e-05,0.544166,0.544277,0.000110678
1.76004e+09,3435,-0.101883,-0.101983,-9.92384e-05,0.544056,0.544166,0.000110369
1.76004e+09,3436,-0.101782,-0.101883,-0.000100864,0.543946,0.544056,0.00011007
1.76004e+09,3437,-0.10168,-0.101782,-0.000102493,0.543836,0.543946,0.000109782
1.76004e+09,3438,-0.101576,-0.10168,-0.000104127,0.543727,0.543836,0.000109505
1.76004e+09,3439,-0.10147,-0.101576,-0.000105765,0.543617,0.543727,0.000109239
1.76004e+09,3440,-0.101363,-0.101576,-0.000213172,0.543509,0.543727,0.000218222
1.76004e+09,3441,-0.101254,-0.10147,-0.000216461,0.5434,0.543617,0.000217723
1.76004e+09,3442,-0.101143,-0.101363,-0.000219758,0.543291,0.543509,0.000217246
1.76004e+09,3443,-0.101031,-0.101143,-0.000112361,0.543183,0.543291,0.000108285
1.76004e+09,3444,-0.100917,-0.101031,-0.000114021,0.543075,0.543183,0.000108075
1.76004e+09,3445,-0.100801,-0.100917,-0.000115686,0.542967,0.543075,0.000107876
1.76004e+09,3446,-0.100683,-0.100801,-0.000117356,0.542859,0.542967,0.000107689
1.76004e+09,3447,-0.100564,-0.100801,-0.000236386,0.542752,0.542967,0.000215204
1.76004e+09,3448,-0.100444,-0.100683,-0.00023974,0.542644,0.542859,0.000214866
1.76004e+09,3449,-0.100321,-0.100444,-0.000122394,0.542537,0.542644,0.0001072
1.76004e+09,3450,-0.100197,-0.100321,-0.000124084,0.54243,0.542537,0.000107062
1.76004e+09,3451,-0.100072,-0.100197,-0.000125779,0.542323,0.54243,0.000106935
1.76004e+09,3452,-0.099944,-0.100072,-0.000127479,0.542216,0.542323,0.000106821
1.76004e+09,3453,-0.0998148,-0.099944,-0.000129184,0.54211,0.542216,0.00010672
1.76004e+09,3454,-0.0996839,-0.0998148,-0.000130894,0.542003,0.54211,0.000106631
1.76004e+09,3455,-0.0995513,-0.0996839,-0.00013261,0.541897,0.542003,0.000106556
1.76004e+09,3456,-0.099417,-0.0995513,-0.000134332,0.54179,0.541897,0.000106493
1.76004e+09,3457,-0.0992809,-0.099417,-0.000136059,0.541684,0.54179,0.000106444
1.76004e+09,3458,-0.0991432,-0.0992809,-0.000137791,0.541577,0.541684,0.000106408
1.76004e+09,3459,-0.0990036,-0.0991432,-0.000139529,0.541471,0.541577,0.000106385
1.76004e+09,3460,-0.0988624,-0.0990036,-0.000141274,0.541364,0.541471,0.000106376
1.76004e+09,3461,-0.0987193,-0.0988624,-0.000143023,0.541258,0.541364,0.000106381
1.76004e+09,3462,-0.0985745,-0.0987193,-0.000144779,0.541152,0.541258,0.0001064
1.76004e+09,3463,-0.098428,-0.0985745,-0.000146541,0.541045,0.541152,0.000106432
1.76004e+09,3464,-0.0982797,-0.098428,-0.000148309,0.540939,0.541045,0.000106479
1.76004e+09,3465,-0.0981296,-0.098428,-0.000298392,0.540832,0.541045,0.00021302
1.76004e+09,3466,-0.0979778,-0.0981296,-0.000151863,0.540726,0.540832,0.000106617
1.76004e+09,3467,-0.0978241,-0.0981296,-0.000305513,0.540619,0.540832,0.000213325
1.76004e+09,3468,-0.0976687,-0.0979778,-0.000309093,0.540512,0.540726,0.000213522
1.76004e+09,3469,-0.0975114,-0.0976687,-0.000157242,0.540405,0.540512,0.000106935
1.76004e+09,3470,-0.0973524,-0.0975114,-0.000159048,0.540298,0.540405,0.000107071
1.76004e+09,3471,-0.0971915,-0.0973524,-0.000160861,0.540191,0.540298,0.000107222
1.76004e+09,3472,-0.0970288,-0.0971915,-0.00016268,0.540083,0.540191,0.00010739
1.76004e+09,3473,-0.0968643,-0.0970288,-0.000164506,0.539976,0.540083,0.000107573
1.76004e+09,3474,-0.096698,-0.0968643,-0.000166339,0.539868,0.539976,0.000107772
1.76004e+09,3475,-0.0965298,-0.096698,-0.000168179,0.53976,0.539868,0.000107987
1.76004e+09,3476,-0.0963598,-0.0965298,-0.000170025,0.539652,0.53976,0.000108219
1.76004e+09,3477,-0.0961879,-0.0963598,-0.000171879,0.539543,0.539652,0.000108467
1.76004e+09,3478,-0.0960142,-0.0961879,-0.00017374,0.539435,0.539543,0.000108732
1.76004e+09,3479,-0.0958386,-0.0960142,-0.000175608,0.539326,0.539435,0.000109014
1.76004e+09,3480,-0.0956611,-0.0958386,-0.000177484,0.539216,0.539326,0.000109313
1.76004e+09,3481,-0.0954817,-0.0956611,-0.000179366,0.539107,0.539216,0.000109629
1.76004e+09,3482,-0.0953004,-0.0954817,-0.000181256,0.538997,0.539107,0.000109963
1.76004e+09,3483,-0.0951173,-0.0953004,-0.000183154,0.538886,0.538997,0.000110315
1.76004e+09,3484,-0.0949322,-0.0951173,-0.000185059,0.538776,0.538886,0.000110685
1.76004e+09,3485,-0.0947453,-0.0949322,-0.000186972,0.538665,0.538776,0.000111073
1.76004e+09,3486,-0.0945564,-0.0947453,-0.000188893,0.538553,0.538665,0.000111479
1.76004e+09,3487,-0.0943655,-0.0945564,-0.000190822,0.538441,0.538553,0.000111905
1.76004e+09,3488,-0.0941728,-0.0943655,-0.000192758,0.538329,0.538441,0.000112349
1.76004e+09,3489,-0.0939781,-0.0941728,-0.000194702,0.538216,0.538329,0.000112812
1.76004e+09,3490,-0.0937814,-0.0939781,-0.000196654,0.538103,0.538216,0.000113294
1.76004e+09,3491,-0.0935828,-0.0937814,-0.000198615,0.537989,0.538103,0.000113796
1.76004e+09,3492,-0.0933822,-0.0935828,-0.000200583,0.537875,0.537989,0.000114318
1.76004e+09,3493,-0.0931797,-0.0933822,-0.00020256,0.53776,0.537875,0.00011486
1.76004e+09,3494,-0.0929751,-0.0931797,-0.000204545,0.537644,0.53776,0.000115423
1.76004e+09,3495,-0.0927686,-0.0929751,-0.000206539,0.537528,0.537644,0.000116006
1.76004e+09,3496,-0.09256,-0.0927686,-0.000208541,0.537412,0.537528,0.000116609
1.76004e+09,3497,-0.0923495,-0.09256,-0.000210551,0.537295,0.537412,0.000117234
1.76004e+09,3498,-0.0921369,-0.0923495,-0.00021257,0.537177,0.537295,0.00011788
1.76004e+09,3499,-0.0919223,-0.0921369,-0.000214598,0.537058,0.537177,0.000118548
1.76004e+09,3500,-0.0917057,-0.0919223,-0.000216635,0.536939,0.537058,0.000119238
1.76004e+09,3501,-0.091487,-0.0917057,-0.00021868,0.536819,0.536939,0.00011995
1.76004e+09,3502,-0.0912663,-0.091487,-0.000220735,0.536698,0.536819,0.000120684
1.76004e+09,3503,-0.0910435,-0.091487,-0.000443533,0.536577,0.536819,0.000242125
1.76004e+09,3504,-0.0908186,-0.0912663,-0.00044767,0.536455,0.536698,0.000243662
1.76004e+09,3505,-0.0905917,-0.0910435,-0.000451826,0.536332,0.536577,0.000245246
1.76004e+09,3506,-0.0903626,-0.0908186,-0.000456,0.536208,0.536455,0.000246876
1.76004e+09,3507,-0.0901315,-0.0905917,-0.000460194,0.536083,0.536332,0.000248554
1.76004e+09,3508,-0.0898982,-0.0901315,-0.000233259,0.535957,0.536083,0.000125578
1.76004e+09,3509,-0.0896628,-0.0898982,-0.000235381,0.535831,0.535957,0.000126477
1.76004e+09,3510,-0.0894253,-0.0898982,-0.000472894,0.535704,0.535957,0.000253879
1.76004e+09,3511,-0.0891857,-0.0896628,-0.000477168,0.535575,0.535831,0.000255754
1.76004e+09,3512,-0.0889438,-0.0891857,-0.000241809,0.535446,0.535575,0.000129327
1.76004e+09,3513,-0.0886999,-0.0889438,-0.000243973,0.535316,0.535446,0.000130329
1.76004e+09,3514,-0.0884537,-0.0886999,-0.000246148,0.535184,0.535316,0.000131356
1.76004e+09,3515,-0.0882054,-0.0884537,-0.000248336,0.535052,0.535184,0.000132411
1.76004e+09,3516,-0.0879549,-0.0884537,-0.00049887,0.534918,0.535184,0.000265902
1.76004e+09,3517,-0.0877021,-0.0879549,-0.000252746,0.534784,0.534918,0.000134601
1.76004e+09,3518,-0.0874471,-0.0877021,-0.000254969,0.534648,0.534784,0.000135737
1.76004e+09,3519,-0.0871899,-0.0874471,-0.000257206,0.534511,0.534648,0.000136902
1.76004e+09,3520,-0.0869305,-0.0871899,-0.000259456,0.534373,0.534511,0.000138096
1.76004e+09,3521,-0.0866688,-0.0869305,-0.000261719,0.534234,0.534373,0.000139319
1.76004e+09,3522,-0.0864048,-0.0866688,-0.000263996,0.534093,0.534234,0.000140571
1.76004e+09,3523,-0.0861385,-0.0866688,-0.000530282,0.533951,0.534234,0.000282425
1.76004e+09,3524,-0.0858699,-0.0864048,-0.000534879,0.533808,0.534093,0.000285021
1.76004e+09,3525,-0.085599,-0.0861385,-0.000539504,0.533664,0.533951,0.000287677
1.76004e+09,3526,-0.0853257,-0.0858699,-0.000544158,0.533518,0.533808,0.000290397
1.76004e+09,3527,-0.0850501,-0.0853257,-0.000275595,0.53337,0.533518,0.000147293
1.76004e+09,3528,-0.0847722,-0.0853257,-0.000553554,0.533222,0.533518,0.000296026
1.76004e+09,3529,-0.0844918,-0.0850501,-0.000558295,0.533071,0.53337,0.000298937
1.76004e+09,3530,-0.0842091,-0.0847722,-0.000563065,0.53292,0.533222,0.000301915
1.76004e+09,3531,-0.083924,-0.0844918,-0.000567862,0.532767,0.533071,0.000304959
1.76004e+09,3532,-0.0836364,-0.0842091,-0.000572685,0.532612,0.53292,0.000308071
1.76004e+09,3533,-0.0833464,-0.083924,-0.000577533,0.532455,0.532767,0.000311251
1.76004e+09,3534,-0.083054,-0.0836364,-0.000582403,0.532297,0.532612,0.0003145
1.76004e+09,3535,-0.0827591,-0.0833464,-0.000587293,0.532137,0.532455,0.000317817
1.76004e+09,3536,-0.0824618,-0.083054,-0.000592199,0.531976,0.532297,0.000321204
1.76004e+09,3537,-0.082162,-0.0827591,-0.000597118,0.531813,0.532137,0.000324661
1.76004e+09,3538,-0.0818598,-0.0824618,-0.000602045,0.531648,0.531976,0.000328186
1.76004e+09,3539,-0.0815551,-0.082162,-0.000606975,0.531481,0.531813,0.000331781
1.76004e+09,3540,-0.0812375,-0.0818598,-0.000622273,0.531287,0.531648,0.000360697
1.76004e+09,3541,-0.0809176,-0.0815551,-0.000637491,0.531091,0.531481,0.000389702
1.76004e+09,3542,-0.0805953,-0.0812375,-0.000642247,0.530894,0.531287,0.000393544
1.76004e+09,3543,-0.0802706,-0.0809176,-0.000646977,0.530694,0.531091,0.000397452
1.76004e+09,3544,-0.0799436,-0.0805953,-0.00065167,0.530492,0.530894,0.000401423
1.76004e+09,3545,-0.0796143,-0.0802706,-0.000656319,0.530288,0.530694,0.000405457
1.76004e+09,3546,-0.0792827,-0.0799436,-0.000660915,0.530083,0.530492,0.000409551
1.76004e+09,3547,-0.0789488,-0.0796143,-0.000665448,0.529875,0.530288,0.000413703
1.76004e+09,3548,-0.0786128,-0.0792827,-0.000669907,0.529665,0.530083,0.00041791
1.76004e+09,3549,-0.0782745,-0.0789488,-0.000674284,0.529453,0.529875,0.000422169
1.76004e+09,3550,-0.0779342,-0.0786128,-0.000678567,0.529238,0.529665,0.000426477
1.76004e+09,3551,-0.0775918,-0.0782745,-0.000682745,0.529022,0.529453,0.000430829
1.76004e+09,3552,-0.0772474,-0.0779342,-0.000686809,0.528803,0.529238,0.000435224
1.76004e+09,3553,-0.076901,-0.0775918,-0.000690747,0.528582,0.529022,0.000439655
1.76004e+09,3554,-0.0765528,-0.0772474,-0.000694549,0.528359,0.528803,0.000444119
1.76004e+09,3555,-0.0762028,-0.076901,-0.000698204,0.528133,0.528582,0.000448611
1.76004e+09,3556,-0.0758511,-0.0765528,-0.000701703,0.527906,0.528359,0.000453127
1.76004e+09,3557,-0.0754978,-0.0762028,-0.000705034,0.527676,0.528133,0.000457661
1.76004e+09,3558,-0.0751429,-0.0758511,-0.000708189,0.527444,0.527906,0.000462209
1.76004e+09,3559,-0.0747866,-0.0754978,-0.000711159,0.527209,0.527676,0.000466764
1.76004e+09,3560,-0.074429,-0.0751429,-0.000713933,0.526972,0.527444,0.000471321
1.76004e+09,3561,-0.0740701,-0.0747866,-0.000716505,0.526733,0.527209,0.000475875
1.76004e+09,3562,-0.0737101,-0.074429,-0.000718866,0.526492,0.526972,0.00048042
1.76004e+09,3563,-0.0733491,-0.0740701,-0.000721009,0.526248,0.526733,0.00048495
1.76004e+09,3564,-0.0729872,-0.0733491,-0.000361915,0.526002,0.526248,0.000245855
1.76004e+09,3565,-0.0726245,-0.0729872,-0.000362701,0.525754,0.526002,0.000248089
1.76004e+09,3566,-0.0722611,-0.0726245,-0.000363368,0.525504,0.525754,0.000250307
1.76004e+09,3567,-0.0718972,-0.0722611,-0.000363913,0.525251,0.525504,0.000252504
1.76004e+09,3568,-0.0715329,-0.0718972,-0.000364336,0.524997,0.525251,0.000254678
1.76004e+09,3569,-0.0711683,-0.0715329,-0.000364634,0.52474,0.524997,0.000256826
1.76004e+09,3570,-0.0708035,-0.0711683,-0.000364806,0.524481,0.52474,0.000258946
1.76004e+09,3571,-0.0704386,-0.0708035,-0.000364852,0.52422,0.524481,0.000261035
1.76004e+09,3572,-0.0700738,-0.0708035,-0.000729624,0.523957,0.524481,0.000524125
1.76004e+09,3573,-0.0697093,-0.0704386,-0.000729336,0.523692,0.52422,0.0005282
1.76004e+09,3574,-0.069345,-0.0700738,-0.000728795,0.523425,0.523957,0.000532202
1.76004e+09,3575,-0.0689813,-0.069345,-0.000363772,0.523156,0.523425,0.000269033
1.76004e+09,3576,-0.0686181,-0.0689813,-0.000363189,0.522885,0.523156,0.000270933
1.76004e+09,3577,-0.0682556,-0.0686181,-0.000362483,0.522612,0.522885,0.000272789
1.76004e+09,3578,-0.0678939,-0.0686181,-0.000724138,0.522337,0.522885,0.000547387
1.76004e+09,3579,-0.0675332,-0.0682556,-0.000722366,0.522061,0.522612,0.000550961
1.76004e+09,3580,-0.0671736,-0.0678939,-0.000720358,0.521783,0.522337,0.000554439
1.76004e+09,3581,-0.0668151,-0.0675332,-0.000718122,0.521503,0.522061,0.00055782
1.76004e+09,3582,-0.0664579,-0.0671736,-0.000715662,0.521222,0.521783,0.000561101
1.76004e+09,3583,-0.0661021,-0.0668151,-0.000712985,0.520939,0.521503,0.000564282
1.76004e+09,3584,-0.0657478,-0.0664579,-0.0007101,0.520654,0.521222,0.00056736
1.76004e+09,3585,-0.0653951,-0.0661021,-0.000707015,0.520368,0.520939,0.000570336
1.76004e+09,3586,-0.0650441,-0.0657478,-0.000703737,0.520081,0.520654,0.000573209
1.76004e+09,3587,-0.0646948,-0.0653951,-0.000700276,0.519793,0.520368,0.00057598
1.76004e+09,3588,-0.0643474,-0.0650441,-0.000696641,0.519503,0.520081,0.000578649
1.76004e+09,3589,-0.064002,-0.0646948,-0.000692844,0.519211,0.519793,0.000581217
1.76004e+09,3590,-0.0636585,-0.0643474,-0.000688893,0.518919,0.519503,0.000583686
1.76004e+09,3591,-0.0633172,-0.064002,-0.0006848,0.518625,0.519211,0.000586058
1.76004e+09,3592,-0.062978,-0.0636585,-0.000680575,0.518331,0.518919,0.000588334
1.76004e+09,3593,-0.062641,-0.0633172,-0.00067623,0.518035,0.518625,0.000590518
1.76004e+09,3594,-0.0623062,-0.062978,-0.000671776,0.517738,0.518331,0.000592613
1.76004e+09,3595,-0.0619737,-0.062641,-0.000667222,0.51744,0.518035,0.000594621
1.76004e+09,3596,-0.0616436,-0.0623062,-0.000662581,0.517141,0.517738,0.000596545
1.76004e+09,3597,-0.0613159,-0.0619737,-0.000657863,0.516842,0.51744,0.00059839
1.76004e+09,3598,-0.0609905,-0.0616436,-0.000653078,0.516541,0.517141,0.000600159
1.76004e+09,3599,-0.0606676,-0.0609905,-0.0003229,0.51624,0.516541,0.000301343
1.76004e+09,3600,-0.0604616,-0.0606676,-0.000205997,0.528746,0.51624,-0.0125065
1.76004e+09,3601,-0.0602573,-0.0604616,-0.000204316,0.540981,0.528746,-0.0122342
1.76004e+09,3602,-0.0600547,-0.0602573,-0.000202621,0.55296,0.540981,-0.0119791
1.76004e+09,3603,-0.0598538,-0.0602573,-0.000403536,0.564699,0.540981,-0.0237184
1.76004e+09,3604,-0.0596546,-0.0598538,-0.000199201,0.576212,0.564699,-0.0115132
1.76004e+09,3605,-0.0594571,-0.0598538,-0.000396684,0.587512,0.564699,-0.0228126
1.76004e+09,3606,-0.0592613,-0.0596546,-0.000393244,0.598609,0.576212,-0.0223964
1.76004e+09,3607,-0.0590673,-0.0594571,-0.000389802,0.609513,0.587512,-0.0220015
1.76004e+09,3608,-0.058875,-0.0592613,-0.000386364,0.620235,0.598609,-0.0216261
1.76004e+09,3609,-0.0586844,-0.0590673,-0.000382933,0.630782,0.609513,-0.0212684
1.76004e+09,3610,-0.0584955,-0.058875,-0.000379513,0.641162,0.620235,-0.020927
1.76004e+09,3611,-0.0583083,-0.0586844,-0.000376107,0.651382,0.630782,-0.0206004
1.76004e+09,3612,-0.0581227,-0.0584955,-0.000372719,0.661449,0.641162,-0.0202876
1.76004e+09,3613,-0.0579389,-0.0583083,-0.000369349,0.671369,0.651382,-0.0199874
1.76004e+09,3614,-0.0577567,-0.0581227,-0.000366,0.681148,0.661449,-0.0196989
1.76004e+09,3615,-0.0575762,-0.0579389,-0.000362673,0.690791,0.671369,-0.0194211
1.76004e+09,3616,-0.0573974,-0.0577567,-0.00035937,0.700302,0.681148,-0.0191534
1.76004e+09,3617,-0.0572201,-0.0575762,-0.000356091,0.709686,0.690791,-0.0188951
1.76004e+09,3618,-0.0570445,-0.0573974,-0.000352837,0.718947,0.700302,-0.0186454
1.76004e+09,3619,-0.0568705,-0.0572201,-0.000349607,0.728089,0.709686,-0.0184038
1.76004e+09,3620,-0.0566981,-0.0570445,-0.000346403,0.737117,0.718947,-0.0181697
1.76004e+09,3621,-0.0565273,-0.0568705,-0.000343224,0.746032,0.728089,-0.0179428
1.76004e+09,3622,-0.0563581,-0.0566981,-0.00034007,0.754839,0.737117,-0.0177224
1.76004e+09,3623,-0.0561904,-0.0565273,-0.00033694,0.76354,0.746032,-0.0175083
1.76004e+09,3624,-0.0560242,-0.0563581,-0.000333834,0.772139,0.754839,-0.0173
1.76004e+09,3625,-0.0558596,-0.0561904,-0.000330752,0.780638,0.76354,-0.0170972
1.76004e+09,3626,-0.0556965,-0.0558596,-0.000163085,0.789039,0.780638,-0.008401
1.76004e+09,3627,-0.055535,-0.0558596,-0.000324657,0.797344,0.780638,-0.0167068
1.76004e+09,3628,-0.0553749,-0.0556965,-0.000321643,0.805557,0.789039,-0.0165186
1.76004e+09,3629,-0.0552163,-0.055535,-0.00031865,0.813679,0.797344,-0.0163347
1.76004e+09,3630,-0.0550592,-0.0553749,-0.000315678,0.821712,0.805557,-0.016155
1.76004e+09,3631,-0.0549036,-0.0552163,-0.000312727,0.829658,0.813679,-0.015979
1.76004e+09,3632,-0.0547494,-0.0550592,-0.000309795,0.837519,0.821712,-0.0158068
1.76004e+09,3633,-0.0545967,-0.0549036,-0.000306883,0.845296,0.829658,-0.015638
1.76004e+09,3634,-0.0544454,-0.0547494,-0.000303989,0.852992,0.837519,-0.0154725
1.76004e+09,3635,-0.0542956,-0.0545967,-0.000301114,0.860606,0.845296,-0.0153101
1.76004e+09,3636,-0.0541472,-0.0544454,-0.000298257,0.868142,0.852992,-0.0151507
1.76004e+09,3637,-0.0540002,-0.0542956,-0.000295418,0.875601,0.860606,-0.0149941
1.76004e+09,3638,-0.0538546,-0.0541472,-0.000292595,0.882982,0.868142,-0.0148401
1.76004e+09,3639,-0.0537104,-0.0540002,-0.000289789,0.890289,0.875601,-0.0146887
1.76004e+09,3640,-0.0535676,-0.0538546,-0.000287,0.897522,0.882982,-0.0145397
1.76004e+09,3641,-0.0534262,-0.0537104,-0.000284226,0.904682,0.890289,-0.014393
1.76004e+09,3642,-0.0532861,-0.0535676,-0.000281469,0.911771,0.897522,-0.0142485
1.76004e+09,3643,-0.0531474,-0.0534262,-0.000278727,0.918788,0.904682,-0.014106
1.76004e+09,3644,-0.0530101,-0.0532861,-0.000276,0.925736,0.911771,-0.0139656
1.76004e+09,3645,-0.0528741,-0.0531474,-0.000273288,0.932615,0.918788,-0.013827
1.76004e+09,3646,-0.0527395,-0.0530101,-0.000270591,0.939426,0.925736,-0.0136903
1.76004e+09,3647,-0.0526062,-0.0528741,-0.000267909,0.946171,0.932615,-0.0135552
1.76004e+09,3648,-0.0524743,-0.0527395,-0.000265241,0.952848,0.939426,-0.0134218
1.76004e+09,3649,-0.0523436,-0.0526062,-0.000262587,0.959461,0.946171,-0.01329
1.76004e+09,3650,-0.0522143,-0.0524743,-0.000259947,0.966008,0.952848,-0.0131596
1.76004e+09,3651,-0.0520863,-0.0523436,-0.000257321,0.972491,0.959461,-0.0130307
1.76004e+09,3652,-0.0519596,-0.0522143,-0.000254709,0.978911,0.966008,-0.0129032
1.76004e+09,3653,-0.0518342,-0.0520863,-0.00025211,0.985268,0.972491,-0.0127769
1.76004e+09,3654,-0.0517101,-0.0519596,-0.000249524,0.991563,0.978911,-0.012652
1.76004e+09,3655,-0.0515873,-0.0518342,-0.000246951,0.997796,0.985268,-0.0125282
1.76004e+09,3656,-0.0514657,-0.0517101,-0.000244392,1.00397,0.991563,-0.0124055
1.76004e+09,3657,-0.0513454,-0.0515873,-0.000241845,1.01008,0.997796,-0.0122839
1.76004e+09,3658,-0.0512264,-0.0514657,-0.000239311,1.01613,1.00397,-0.0121634
1.76004e+09,3659,-0.0511086,-0.0513454,-0.000236789,1.02212,1.01008,-0.0120438
1.76004e+09,3660,-0.0509921,-0.0512264,-0.00023428,1.02806,1.01613,-0.0119252
1.76004e+09,3661,-0.0508769,-0.0511086,-0.000231783,1.03393,1.02212,-0.0118076
1.76004e+09,3662,-0.0507628,-0.0509921,-0.000229298,1.03975,1.02806,-0.0116908
1.76004e+09,3663,-0.05065,-0.0508769,-0.000226825,1.04551,1.03393,-0.0115748
1.76004e+09,3664,-0.0505385,-0.0507628,-0.000224364,1.05121,1.03975,-0.0114596
1.76004e+09,3665,-0.0504281,-0.05065,-0.000221914,1.05685,1.04551,-0.0113452
1.76004e+09,3666,-0.050319,-0.0505385,-0.000219476,1.06244,1.05121,-0.0112315
1.76004e+09,3667,-0.0502111,-0.0504281,-0.000217049,1.06797,1.05685,-0.0111185
1.76004e+09,3668,-0.0501043,-0.050319,-0.000214633,1.07345,1.06244,-0.0110062
1.76004e+09,3669,-0.0499988,-0.0502111,-0.000212228,1.07886,1.06797,-0.0108945
1.76004e+09,3670,-0.0498945,-0.0501043,-0.000209834,1.08423,1.07345,-0.0107835
1.76004e+09,3671,-0.0497914,-0.0499988,-0.000207451,1.08954,1.07886,-0.010673
1.76004e+09,3672,-0.0496894,-0.0498945,-0.000205078,1.09479,1.08423,-0.010563
1.76004e+09,3673,-0.0495887,-0.0497914,-0.000202716,1.09999,1.08954,-0.0104536
1.76004e+09,3674,-0.0494891,-0.0496894,-0.000200363,1.10514,1.09479,-0.0103447
1.76004e+09,3675,-0.0493906,-0.0495887,-0.000198021,1.11023,1.09999,-0.0102363
1.76004e+09,3676,-0.0492934,-0.0494891,-0.000195689,1.11526,1.10514,-0.0101284
1.76004e+09,3677,-0.0491973,-0.0493906,-0.000193367,1.12025,1.11023,-0.0100209
1.76004e+09,3678,-0.0491023,-0.0492934,-0.000191055,1.12518,1.11526,-0.00991384
1.76004e+09,3679,-0.0490085,-0.0491973,-0.000188751,1.13006,1.12025,-0.00980717
1.76004e+09,3680,-0.0489159,-0.0491023,-0.000186458,1.13488,1.12518,-0.00970088
1.76004e+09,3681,-0.0488244,-0.0490085,-0.000184173,1.13965,1.13006,-0.00959496
1.76004e+09,3682,-0.048734,-0.0489159,-0.000181898,1.14437,1.13488,-0.0094894
1.76004e+09,3683,-0.0486447,-0.0488244,-0.000179632,1.14903,1.13965,-0.00938416
1.76004e+09,3684,-0.0485566,-0.048734,-0.000177374,1.15365,1.14437,-0.00927925
1.76004e+09,3685,-0.0484696,-0.0486447,-0.000175125,1.15821,1.14903,-0.00917463
1.76004e+09,3686,-0.0483837,-0.0485566,-0.000172885,1.16272,1.15365,-0.0090703
1.76004e+09,3687,-0.0482989,-0.0484696,-0.000170653,1.16718,1.15821,-0.00896625
1.76004e+09,3688,-0.0482153,-0.0482989,-8.36599e-05,1.17158,1.16718,-0.00440531
1.76004e+09,3689,-0.0481327,-0.0482153,-8.25541e-05,1.17593,1.17158,-0.0043536
1.76004e+09,3690,-0.0480513,-0.0481327,-8.14524e-05,1.18024,1.17593,-0.00430199
1.76004e+09,3691,-0.0479709,-0.0480513,-8.03546e-05,1.18449,1.18024,-0.0042505
1.76004e+09,3692,-0.0478917,-0.0479709,-7.92606e-05,1.18869,1.18449,-0.00419911
1.76004e+09,3693,-0.0478135,-0.0479709,-0.000157431,1.19283,1.18449,-0.00834692
1.76004e+09,3694,-0.0477364,-0.0478917,-0.000155254,1.19693,1.18869,-0.00824442
1.76004e+09,3695,-0.0476604,-0.0478135,-0.000153085,1.20098,1.19283,-0.0081421
1.76004e+09,3696,-0.0475855,-0.0477364,-0.000150923,1.20497,1.19693,-0.00803994
1.76004e+09,3697,-0.0475116,-0.0476604,-0.000148768,1.20891,1.20098,-0.00793794
1.76004e+09,3698,-0.0474389,-0.0475855,-0.00014662,1.21281,1.20497,-0.00783609
1.76004e+09,3699,-0.0473672,-0.0475116,-0.000144479,1.21665,1.20891,-0.00773438
1.76004e+09,3700,-0.0472965,-0.0474389,-0.000142345,1.22044,1.21281,-0.00763279
1.76004e+09,3701,-0.0472269,-0.0473672,-0.000140217,1.22418,1.21665,-0.00753133
1.76004e+09,3702,-0.0471584,-0.0472965,-0.000138096,1.22787,1.22044,-0.00742998
1.76004e+09,3703,-0.047091,-0.0472269,-0.000135982,1.23151,1.22418,-0.00732874
1.76004e+09,3704,-0.0470246,-0.0471584,-0.000133873,1.2351,1.22787,-0.00722759
1.76004e+09,3705,-0.0469592,-0.0470246,-6.53608e-05,1.23864,1.2351,-0.00353801
1.76004e+09,3706,-0.0468949,-0.0469592,-6.43143e-05,1.24212,1.23864,-0.00348755
1.76004e+09,3707,-0.0468316,-0.0468949,-6.32707e-05,1.24556,1.24212,-0.00343712
1.76004e+09,3708,-0.0467694,-0.0468949,-0.000125501,1.24895,1.24212,-0.00682384
1.76004e+09,3709,-0.0467082,-0.0468316,-0.000123422,1.25228,1.24556,-0.00672309
1.76004e+09,3710,-0.046648,-0.0467694,-0.000121349,1.25557,1.24895,-0.00662239
1.76004e+09,3711,-0.0465889,-0.0467082,-0.000119282,1.2588,1.25228,-0.00652174
1.76004e+09,3712,-0.0465308,-0.046648,-0.00011722,1.26199,1.25557,-0.00642114
1.76004e+09,3713,-0.0464737,-0.0465889,-0.000115163,1.26513,1.2588,-0.00632058
1.76004e+09,3714,-0.0464177,-0.0465308,-0.000113112,1.26821,1.26199,-0.00622006
1.76004e+09,3715,-0.0463627,-0.0464737,-0.000111065,1.27124,1.26513,-0.00611958
1.76004e+09,3716,-0.0463087,-0.0464177,-0.000109024,1.27423,1.26821,-0.00601912
1.76004e+09,3717,-0.0462557,-0.0463627,-0.000106987,1.27716,1.27124,-0.00591869
1.76004e+09,3718,-0.0462037,-0.0463087,-0.000104956,1.28005,1.27423,-0.00581827
1.76004e+09,3719,-0.0461528,-0.0462557,-0.000102929,1.28288,1.27716,-0.00571787
1.76004e+09,3720,-0.0461028,-0.0462037,-0.000100906,1.28566,1.28005,-0.00561748
1.76004e+09,3721,-0.0460539,-0.0461528,-9.88881e-05,1.2884,1.28288,-0.0055171
1.76004e+09,3722,-0.0460059,-0.0461028,-9.68745e-05,1.29108,1.28566,-0.00541673
1.76004e+09,3723,-0.045959,-0.0460539,-9.48652e-05,1.29371,1.2884,-0.00531635
1.76004e+09,3724,-0.0459131,-0.0460059,-9.28601e-05,1.2963,1.29108,-0.00521598
1.76004e+09,3725,-0.0458681,-0.045959,-9.08591e-05,1.29883,1.29371,-0.0051156
1.76004e+09,3726,-0.0458242,-0.0459131,-8.8862e-05,1.30131,1.2963,-0.00501521
1.76004e+09,3727,-0.0457813,-0.0458681,-8.68689e-05,1.30375,1.29883,-0.0049148
1.76004e+09,3728,-0.0457393,-0.0458242,-8.48795e-05,1.30613,1.30131,-0.00481439
1.76004e+09,3729,-0.0456984,-0.0457813,-8.28939e-05,1.30846,1.30375,-0.00471396
1.76004e+09,3730,-0.0456584,-0.0457393,-8.09119e-05,1.31074,1.30613,-0.00461351
1.76004e+09,3731,-0.0456194,-0.0456984,-7.89334e-05,1.31297,1.30846,-0.00451304
1.76004e+09,3732,-0.0455815,-0.0456584,-7.69584e-05,1.31515,1.31074,-0.00441255
1.76004e+09,3733,-0.0455445,-0.0456194,-7.49867e-05,1.31728,1.31297,-0.00431203
1.76004e+09,3734,-0.0455084,-0.0455815,-7.30182e-05,1.31936,1.31515,-0.00421149
1.76004e+09,3735,-0.0454734,-0.0455445,-7.10529e-05,1.3214,1.31728,-0.00411092
1.76004e+09,3736,-0.0454394,-0.0455084,-6.90907e-05,1.32338,1.31936,-0.00401032
1.76004e+09,3737,-0.0454063,-0.0454734,-6.71315e-05,1.3253,1.3214,-0.00390968
1.76004e+09,3738,-0.0453742,-0.0454394,-6.51752e-05,1.32718,1.32338,-0.00380902
1.76004e+09,3739,-0.0453431,-0.0454063,-6.32217e-05,1.32901,1.3253,-0.00370832
1.76004e+09,3740,-0.0453129,-0.0453742,-6.12709e-05,1.33079,1.32718,-0.00360759
1.76004e+09,3741,-0.0452837,-0.0453431,-5.93228e-05,1.33252,1.32901,-0.00350681
1.76004e+09,3742,-0.0452555,-0.0453129,-5.73772e-05,1.3342,1.33079,-0.00340601
1.76004e+09,3743,-0.0452283,-0.0452837,-5.54341e-05,1.33583,1.33252,-0.00330516
1.76004e+09,3744,-0.045202,-0.0452555,-5.34934e-05,1.3374,1.3342,-0.00320427
1.76004e+09,3745,-0.0451767,-0.0452283,-5.1555e-05,1.33893,1.33583,-0.00310335
1.76004e+09,3746,-0.0451524,-0.045202,-4.96188e-05,1.3404,1.3374,-0.00300238
1.76004e+09,3747,-0.0451291,-0.0451767,-4.76847e-05,1.34183,1.33893,-0.00290137
1.76004e+09,3748,-0.0451067,-0.0451524,-4.57527e-05,1.3432,1.3404,-0.00280032
1.76004e+09,3749,-0.0450852,-0.0451291,-4.38227e-05,1.34453,1.34183,-0.00269923
1.76004e+09,3750,-0.0450648,-0.0451067,-4.18946e-05,1.3458,1.3432,-0.0025981
1.76004e+09,3751,-0.0450453,-0.0450852,-3.99683e-05,1.34703,1.34453,-0.00249692
1.76004e+09,3752,-0.0450267,-0.0450648,-3.80437e-05,1.3482,1.3458,-0.0023957
1.76004e+09,3753,-0.0450091,-0.0450453,-3.61208e-05,1.34932,1.34703,-0.00229444
1.76004e+09,3754,-0.0449925,-0.0450267,-3.41994e-05,1.35039,1.3482,-0.00219313
1.76004e+09,3755,-0.0449769,-0.0450091,-3.22795e-05,1.35141,1.34932,-0.00209178
1.76004e+09,3756,-0.0449622,-0.0449925,-3.03611e-05,1.35238,1.35039,-0.00199038
1.76004e+09,3757,-0.0449484,-0.0449769,-2.84439e-05,1.3533,1.35141,-0.00188895
1.76004e+09,3758,-0.0449356,-0.0449622,-2.65281e-05,1.35417,1.35238,-0.00178747
1.76004e+09,3759,-0.0449238,-0.0449484,-2.46134e-05,1.35499,1.3533,-0.00168594
1.76004e+09,3760,-0.0449129,-0.0449356,-2.26998e-05,1.35575,1.35417,-0.00158438
1.76004e+09,3761,-0.044903,-0.0449238,-2.07872e-05,1.35647,1.35499,-0.00148277
1.76004e+09,3762,-0.0448941,-0.0449129,-1.88755e-05,1.35713,1.35575,-0.00138111
1.76004e+09,3763,-0.0448861,-0.044903,-1.69648e-05,1.35775,1.35647,-0.00127942
1.76004e+09,3764,-0.044879,-0.0448941,-1.50548e-05,1.35831,1.35713,-0.00117769
1.76004e+09,3765,-0.0448729,-0.0448861,-1.31455e-05,1.35883,1.35775,-0.00107591
1.76004e+09,3766,-0.0448678,-0.044879,-1.12368e-05,1.35929,1.35831,-0.00097409
1.76004e+09,3767,-0.0448636,-0.0448729,-9.32875e-06,1.3597,1.35883,-0.000872232
1.76004e+09,3768,-0.0448604,-0.0448678,-7.42113e-06,1.36006,1.35929,-0.000770334
1.76004e+09,3769,-0.0448581,-0.0448636,-5.51391e-06,1.36037,1.3597,-0.000668396
1.76004e+09,3770,-0.0448567,-0.0448604,-3.60702e-06,1.36062,1.36006,-0.000566419
1.76004e+09,3771,-0.0448564,-0.0448581,-1.70037e-06,1.36083,1.36037,-0.000464404
1.76004e+09,3772,-0.0448569,-0.0448567,2.061e-07,1.36099,1.36062,-0.000362352
1.76004e+09,3773,-0.0448585,-0.0448564,2.11248e-06,1.36109,1.36083,-0.000260262
1.76004e+09,3774,-0.044861,-0.0448569,4.01885e-06,1.36114,1.36099,-0.000158135
1.76004e+09,3775,-0.0448644,-0.0448585,5.92527e-06,1.36115,1.36109,-5.59727e-05
1.76004e+09,3776,-0.0448688,-0.0448644,4.39258e-06,1.3611,1.36115,4.86665e-05
1.76004e+09,3777,-0.0448741,-0.0448688,5.34603e-06,1.361,1.3611,9.97914e-05
1.76004e+09,3778,-0.0448804,-0.0448741,6.29965e-06,1.36085,1.361,0.000150933
1.76004e+09,3779,-0.0448877,-0.0448804,7.25347e-06,1.36064,1.36085,0.000202092
1.76004e+09,3780,-0.0448959,-0.0448877,8.20754e-06,1.36039,1.36064,0.000253266
1.76004e+09,3781,-0.0449051,-0.0448959,9.16188e-06,1.36009,1.36039,0.000304457
1.76004e+09,3782,-0.0449152,-0.0448959,1.92784e-05,1.35973,1.36039,0.00066012
1.76004e+09,3783,-0.0449263,-0.0449152,1.10716e-05,1.35932,1.35973,0.000406885
1.76004e+09,3784,-0.0449383,-0.0449263,1.2027e-05,1.35887,1.35932,0.000458122
1.76004e+09,3785,-0.0449513,-0.0449383,1.29829e-05,1.35836,1.35887,0.000509373
1.76004e+09,3786,-0.0449652,-0.0449513,1.39392e-05,1.3578,1.35836,0.00056064
1.76004e+09,3787,-0.0449801,-0.0449652,1.48961e-05,1.35718,1.3578,0.00061192
1.76004e+09,3788,-0.044996,-0.0449801,1.58535e-05,1.35652,1.35718,0.000663214
1.76004e+09,3789,-0.0450128,-0.0449801,3.26649e-05,1.35581,1.35718,0.00137774
1.76004e+09,3790,-0.0450305,-0.044996,3.45816e-05,1.35504,1.35652,0.00148037
1.76004e+09,3791,-0.0450493,-0.0450305,1.87294e-05,1.35422,1.35504,0.000817179
1.76004e+09,3792,-0.045069,-0.0450493,1.96895e-05,1.35336,1.35422,0.000868528
1.76004e+09,3793,-0.0450896,-0.045069,2.06503e-05,1.35244,1.35336,0.000919889
1.76004e+09,3794,-0.0451112,-0.045069,4.22621e-05,1.35146,1.35336,0.00189115
1.76004e+09,3795,-0.0451338,-0.0451112,2.25743e-05,1.35044,1.35146,0.00102265
1.76004e+09,3796,-0.0451573,-0.0451338,2.35376e-05,1.34937,1.35044,0.00107405
1.76004e+09,3797,-0.0451818,-0.0451573,2.45018e-05,1.34824,1.34937,0.00112546
1.76004e+09,3798,-0.0452073,-0.0451818,2.5467e-05,1.34707,1.34824,0.00117689
1.76004e+09,3799,-0.0452337,-0.0452073,2.64332e-05,1.34584,1.34707,0.00122832
1.76004e+09,3800,-0.0452611,-0.0452337,2.74005e-05,1.34456,1.34584,0.00127977
1.76004e+09,3801,-0.0452895,-0.0452611,2.83688e-05,1.34323,1.34456,0.00133123
1.76004e+09,3802,-0.0453188,-0.0452895,2.93383e-05,1.34184,1.34323,0.00138271
1.76004e+09,3803,-0.0453491,-0.0452895,5.96472e-05,1.34041,1.34323,0.00281691
1.76004e+09,3804,-0.0453804,-0.0453491,3.12808e-05,1.33892,1.34041,0.0014857
1.76004e+09,3805,-0.0454127,-0.0453804,3.22539e-05,1.33739,1.33892,0.00153721
1.76004e+09,3806,-0.0454459,-0.0454127,3.32283e-05,1.3358,1.33739,0.00158874
1.76004e+09,3807,-0.0454801,-0.0454459,3.42041e-05,1.33416,1.3358,0.00164028
1.76004e+09,3808,-0.0455153,-0.0454801,3.51813e-05,1.33247,1.33416,0.00169183
1.76004e+09,3809,-0.0455515,-0.0455153,3.61599e-05,1.33072,1.33247,0.0017434
1.76004e+09,3810,-0.0455886,-0.0455515,3.714e-05,1.32893,1.33072,0.00179498
1.76004e+09,3811,-0.0456267,-0.0455515,7.52616e-05,1.32708,1.33072,0.00364156
1.76004e+09,3812,-0.0456658,-0.0455886,7.72264e-05,1.32518,1.32893,0.00374477
1.76004e+09,3813,-0.0457059,-0.0456658,4.00896e-05,1.32323,1.32518,0.00194982
1.76004e+09,3814,-0.045747,-0.0457059,4.10761e-05,1.32123,1.32323,0.00200147
1.76004e+09,3815,-0.0457891,-0.045747,4.20643e-05,1.31918,1.32123,0.00205313
1.76004e+09,3816,-0.0458321,-0.0457891,4.30542e-05,1.31707,1.31918,0.00210481
1.76004e+09,3817,-0.0458762,-0.0458321,4.4046e-05,1.31492,1.31707,0.00215651
1.76004e+09,3818,-0.0459212,-0.0458762,4.50396e-05,1.31271,1.31492,0.00220823
1.76004e+09,3819,-0.0459672,-0.0459212,4.60351e-05,1.31045,1.31271,0.00225997
1.76004e+09,3820,-0.0460143,-0.0459672,4.70326e-05,1.30814,1.31045,0.00231173
1.76004e+09,3821,-0.0460623,-0.0460143,4.80321e-05,1.30577,1.30814,0.00236351
1.76004e+09,3822,-0.0461113,-0.0460623,4.90336e-05,1.30336,1.30577,0.00241532
1.76004e+09,3823,-0.0461614,-0.0461113,5.00372e-05,1.30089,1.30336,0.00246715
1.76004e+09,3824,-0.0462124,-0.0461113,0.00010108,1.29837,1.30336,0.00498616
1.76004e+09,3825,-0.0462645,-0.0462124,5.20509e-05,1.2958,1.29837,0.0025709
1.76004e+09,3826,-0.0463175,-0.0462645,5.30612e-05,1.29318,1.2958,0.00262281
1.76004e+09,3827,-0.0463716,-0.0462645,0.000107135,1.2905,1.2958,0.00529757
1.76004e+09,3828,-0.0464267,-0.0463175,0.000109162,1.28778,1.29318,0.00540149
1.76004e+09,3829,-0.0464828,-0.0464267,5.61058e-05,1.285,1.28778,0.00277874
1.76004e+09,3830,-0.0465399,-0.0464828,5.71256e-05,1.28217,1.285,0.00283079
1.76004e+09,3831,-0.0465981,-0.0465399,5.81478e-05,1.27928,1.28217,0.00288287
1.76004e+09,3832,-0.0466572,-0.0465981,5.91727e-05,1.27635,1.27928,0.00293499
1.76004e+09,3833,-0.0467174,-0.0466572,6.02001e-05,1.27336,1.27635,0.00298716
1.76004e+09,3834,-0.0467787,-0.0467174,6.12302e-05,1.27032,1.27336,0.00303936
1.76004e+09,3835,-0.0468409,-0.0467787,6.22631e-05,1.26723,1.27032,0.00309161
1.76004e+09,3836,-0.0469042,-0.0468409,6.32987e-05,1.26409,1.26723,0.00314392
1.76004e+09,3837,-0.0469686,-0.0469042,6.43372e-05,1.26089,1.26409,0.00319627
1.76004e+09,3838,-0.0470339,-0.0469686,6.53785e-05,1.25764,1.26089,0.00324867
1.76004e+09,3839,-0.0471004,-0.0470339,6.64228e-05,1.25434,1.25764,0.00330113
1.76004e+09,3840,-0.0471678,-0.0471004,6.74702e-05,1.25099,1.25434,0.00335365
1.76004e+09,3841,-0.0472364,-0.0471678,6.85206e-05,1.24758,1.25099,0.00340623
1.76004e+09,3842,-0.0473059,-0.0472364,6.95741e-05,1.24412,1.24758,0.00345888
1.76004e+09,3843,-0.0473766,-0.0473059,7.06308e-05,1.24061,1.24412,0.00351159
1.76004e+09,3844,-0.0474483,-0.0473766,7.16908e-05,1.23705,1.24061,0.00356438
1.76004e+09,3845,-0.047521,-0.0474483,7.2754e-05,1.23343,1.23705,0.00361724
1.76004e+09,3846,-0.0475948,-0.0474483,0.000146575,1.22976,1.23705,0.00728742
1.76004e+09,3847,-0.0476697,-0.047521,0.000148711,1.22604,1.23343,0.00739339
1.76004e+09,3848,-0.0477457,-0.0476697,7.59643e-05,1.22226,1.22604,0.00377632
1.76004e+09,3849,-0.0478227,-0.0476697,0.000153006,1.21843,1.22604,0.00760584
1.76004e+09,3850,-0.0479008,-0.0478227,7.81221e-05,1.21455,1.21843,0.00388282
1.76004e+09,3851,-0.04798,-0.0478227,0.000157328,1.21061,1.21843,0.00781905
1.76004e+09,3852,-0.0480603,-0.04798,8.02946e-05,1.20662,1.21061,0.00398973
1.76004e+09,3853,-0.0481417,-0.0480603,8.13865e-05,1.20258,1.20662,0.00404335
1.76004e+09,3854,-0.0482242,-0.0481417,8.24823e-05,1.19848,1.20258,0.00409708
1.76004e+09,3855,-0.0483078,-0.0482242,8.3582e-05,1.19433,1.19848,0.00415094
1.76004e+09,3856,-0.0483925,-0.0482242,0.000168268,1.19012,1.19848,0.00835585
1.76004e+09,3857,-0.0484783,-0.0483925,8.57935e-05,1.18587,1.19012,0.00425903
1.76004e+09,3858,-0.0485652,-0.0484783,8.69054e-05,1.18155,1.18587,0.00431329
1.76004e+09,3859,-0.0486532,-0.0485652,8.80215e-05,1.17718,1.18155,0.00436769
1.76004e+09,3860,-0.0487423,-0.0486532,8.91419e-05,1.17276,1.17718,0.00442224
1.76004e+09,3861,-0.0488326,-0.0487423,9.02667e-05,1.16829,1.17276,0.00447695
1.76004e+09,3862,-0.048924,-0.0487423,0.000181662,1.16375,1.17276,0.00900878
1.76004e+09,3863,-0.0490165,-0.0488326,0.000183925,1.15917,1.16829,0.00911871
1.76004e+09,3864,-0.0491102,-0.0490165,9.36676e-05,1.15452,1.15917,0.00464212
1.76004e+09,3865,-0.049205,-0.0491102,9.48104e-05,1.14983,1.15452,0.00469755
1.76004e+09,3866,-0.049301,-0.049205,9.59578e-05,1.14507,1.14983,0.00475317
1.76004e+09,3867,-0.0493981,-0.049301,9.71101e-05,1.14026,1.14507,0.00480901
1.76004e+09,3868,-0.0494963,-0.0493981,9.82671e-05,1.1354,1.14026,0.00486506
1.76004e+09,3869,-0.0495958,-0.0494963,9.94291e-05,1.13048,1.1354,0.00492134
1.76004e+09,3870,-0.0496964,-0.0495958,0.000100596,1.1255,1.13048,0.00497785
1.76004e+09,3871,-0.0497981,-0.0496964,0.000101768,1.12047,1.1255,0.00503462
1.76004e+09,3872,-0.0499011,-0.0497981,0.000102945,1.11537,1.12047,0.00509164
1.76004e+09,3873,-0.0500052,-0.0499011,0.000104128,1.11023,1.11537,0.00514893
1.76004e+09,3874,-0.0501105,-0.0500052,0.000105315,1.10502,1.11023,0.00520651
1.76004e+09,3875,-0.050217,-0.0501105,0.000106508,1.09975,1.10502,0.00526438
1.76004e+09,3876,-0.0503247,-0.050217,0.000107707,1.09443,1.09975,0.00532256
1.76004e+09,3877,-0.0504337,-0.0503247,0.000108911,1.08905,1.09443,0.00538106
1.76004e+09,3878,-0.0505438,-0.0504337,0.00011012,1.08361,1.08905,0.0054399
1.76004e+09,3879,-0.0506551,-0.0505438,0.000111335,1.07811,1.08361,0.00549908
1.76004e+09,3880,-0.0507677,-0.0506551,0.000112556,1.07255,1.07811,0.00555864
1.76004e+09,3881,-0.0508814,-0.0507677,0.000113783,1.06693,1.07255,0.00561857
1.76004e+09,3882,-0.0509965,-0.0508814,0.000115015,1.06126,1.06693,0.00567891
1.76004e+09,3883,-0.0511127,-0.0509965,0.000116254,1.05552,1.06126,0.00573965
1.76004e+09,3884,-0.0512302,-0.0511127,0.000117498,1.04972,1.05552,0.00580084
1.76004e+09,3885,-0.051349,-0.0512302,0.000118749,1.04385,1.04972,0.00586248
1.76004e+09,3886,-0.051469,-0.051349,0.000120006,1.03793,1.04385,0.00592459
1.76004e+09,3887,-0.0515902,-0.051469,0.000121269,1.03194,1.03793,0.0059872
1.76004e+09,3888,-0.0517128,-0.0515902,0.000122539,1.02589,1.03194,0.00605033
1.76004e+09,3889,-0.0518366,-0.0517128,0.000123814,1.01978,1.02589,0.00611399
1.76004e+09,3890,-0.0519617,-0.0518366,0.000125097,1.0136,1.01978,0.00617823
1.76004e+09,3891,-0.0520881,-0.0519617,0.000126386,1.00736,1.0136,0.00624305
1.76004e+09,3892,-0.0522158,-0.0520881,0.000127681,1.00105,1.00736,0.00630849
1.76004e+09,3893,-0.0523447,-0.0522158,0.000128983,0.994672,1.00105,0.00637457
1.76004e+09,3894,-0.052475,-0.0523447,0.000130292,0.988231,0.994672,0.00644133
1.76004e+09,3895,-0.0526066,-0.052475,0.000131608,0.981722,0.988231,0.00650879
1.76004e+09,3896,-0.0527396,-0.0526066,0.000132931,0.975145,0.981722,0.006577
1.76004e+09,3897,-0.0528738,-0.0527396,0.000134261,0.968499,0.975145,0.00664597
1.76004e+09,3898,-0.0530094,-0.0528738,0.000135599,0.961783,0.968499,0.00671576
1.76004e+09,3899,-0.0531464,-0.0530094,0.000136943,0.954997,0.961783,0.00678639
1.76004e+09,3900,-0.0532847,-0.0531464,0.000138295,0.948139,0.954997,0.0068579
1.76004e+09,3901,-0.0534243,-0.0532847,0.000139654,0.941209,0.948139,0.00693035
1.76004e+09,3902,-0.0535653,-0.0534243,0.000141021,0.934205,0.941209,0.00700377
1.76004e+09,3903,-0.0537077,-0.0535653,0.000142395,0.927127,0.934205,0.00707821
1.76004e+09,3904,-0.0538515,-0.0537077,0.000143778,0.919973,0.927127,0.00715371
1.76004e+09,3905,-0.0539967,-0.0538515,0.000145168,0.912743,0.919973,0.00723035
1.76004e+09,3906,-0.0541433,-0.0539967,0.000146567,0.905434,0.912743,0.00730816
1.76004e+09,3907,-0.0542912,-0.0541433,0.000147974,0.898047,0.905434,0.00738721
1.76004e+09,3908,-0.0544406,-0.0542912,0.000149389,0.89058,0.898047,0.00746756
1.76004e+09,3909,-0.0545914,-0.0544406,0.000150813,0.88303,0.89058,0.00754928
1.76004e+09,3910,-0.0547437,-0.0545914,0.000152246,0.875398,0.88303,0.00763243
1.76004e+09,3911,-0.0548974,-0.0547437,0.000153689,0.867681,0.875398,0.0077171
1.76004e+09,3912,-0.0550525,-0.0548974,0.000155141,0.859878,0.867681,0.00780337
1.76004e+09,3913,-0.0552091,-0.0550525,0.000156602,0.851986,0.859878,0.00789131
1.76004e+09,3914,-0.0553672,-0.0552091,0.000158074,0.844005,0.851986,0.00798103
1.76004e+09,3915,-0.0555267,-0.0553672,0.000159556,0.835933,0.844005,0.00807262
1.76004e+09,3916,-0.0556878,-0.0555267,0.000161048,0.827766,0.835933,0.00816618
1.76004e+09,3917,-0.0558503,-0.0556878,0.000162552,0.819505,0.827766,0.00826182
1.76004e+09,3918,-0.0560144,-0.0558503,0.000164067,0.811145,0.819505,0.00835968
1.76004e+09,3919,-0.05618,-0.0560144,0.000165593,0.802685,0.811145,0.00845987
1.76004e+09,3920,-0.0563471,-0.0560144,0.000332725,0.794123,0.811145,0.0170224
1.76004e+09,3921,-0.0565158,-0.05618,0.000335814,0.785455,0.802685,0.0172304
1.76004e+09,3922,-0.0566861,-0.0563471,0.000338928,0.776679,0.794123,0.0174437
1.76004e+09,3923,-0.0568579,-0.0565158,0.000342068,0.767792,0.785455,0.0176628
1.76004e+09,3924,-0.0570313,-0.0566861,0.000345233,0.758791,0.776679,0.0178881
1.76004e+09,3925,-0.0572063,-0.0570313,0.000175014,0.749672,0.758791,0.00911867
1.76004e+09,3926,-0.0573829,-0.0572063,0.00017663,0.740432,0.749672,0.00923979
1.76004e+09,3927,-0.0575612,-0.0572063,0.000354889,0.731068,0.749672,0.0186045
1.76004e+09,3928,-0.0577411,-0.0573829,0.000358161,0.721574,0.740432,0.0188585
1.76004e+09,3929,-0.0579227,-0.0577411,0.000181558,0.711947,0.721574,0.00962717
1.76004e+09,3930,-0.0581059,-0.0579227,0.000183226,0.702181,0.711947,0.00976527
1.76004e+09,3931,-0.0582908,-0.0581059,0.000184907,0.692273,0.702181,0.00990841
1.76004e+09,3932,-0.0584774,-0.0582908,0.000186599,0.682216,0.692273,0.010057
1.76004e+09,3933,-0.0586657,-0.0584774,0.000188302,0.672005,0.682216,0.0102114
1.76004e+09,3934,-0.0588557,-0.0584774,0.000378317,0.661632,0.682216,0.0205835
1.76004e+09,3935,-0.0590474,-0.0588557,0.000191735,0.651093,0.661632,0.0105397
1.76004e+09,3936,-0.0592409,-0.0588557,0.000385197,0.640378,0.661632,0.0212544
1.76004e+09,3937,-0.0594361,-0.0590474,0.000388654,0.62948,0.651093,0.0216125
1.76004e+09,3938,-0.059633,-0.0594361,0.000196925,0.618391,0.62948,0.0110897
1.76004e+09,3939,-0.0598317,-0.059633,0.000198656,0.607099,0.618391,0.0112911
1.76004e+09,3940,-0.0601457,-0.0598317,0.000314017,0.606911,0.607099,0.000188038
1.76004e+09,3941,-0.0604622,-0.0601457,0.000316504,0.606721,0.606911,0.000190833
1.76004e+09,3942,-0.0607812,-0.0604622,0.000318982,0.606527,0.606721,0.00019365
1.76004e+09,3943,-0.0611026,-0.0607812,0.000321444,0.60633,0.606527,0.000196488
1.76004e+09,3944,-0.0614265,-0.0607812,0.000645333,0.606131,0.606527,0.000395831
1.76004e+09,3945,-0.0617528,-0.0611026,0.000650197,0.605929,0.60633,0.000401557
1.76004e+09,3946,-0.0620815,-0.0614265,0.000655009,0.605724,0.606131,0.00040731
1.76004e+09,3947,-0.0624126,-0.0620815,0.00033106,0.605516,0.605724,0.000207988
1.76004e+09,3948,-0.062746,-0.0624126,0.000333382,0.605305,0.605516,0.000210885
1.76004e+09,3949,-0.0630816,-0.062746,0.00033566,0.605091,0.605305,0.000213783
1.76004e+09,3950,-0.0634195,-0.0630816,0.00033789,0.604874,0.605091,0.00021668
1.76004e+09,3951,-0.0637596,-0.0634195,0.000340065,0.604655,0.604874,0.000219571
1.76004e+09,3952,-0.0641018,-0.0637596,0.000342182,0.604432,0.604655,0.000222452
1.76004e+09,3953,-0.064446,-0.0637596,0.000686417,0.604207,0.604655,0.00044777
1.76004e+09,3954,-0.0647922,-0.064446,0.000346217,0.603979,0.604207,0.000228167
1.76004e+09,3955,-0.0651403,-0.0647922,0.000348124,0.603748,0.603979,0.000230992
1.76004e+09,3956,-0.0654903,-0.0651403,0.000349952,0.603514,0.603748,0.000233791
1.76004e+09,3957,-0.065842,-0.0654903,0.000351694,0.603278,0.603514,0.000236558
1.76004e+09,3958,-0.0661953,-0.065842,0.000353346,0.603038,0.603278,0.000239289
1.76004e+09,3959,-0.0665502,-0.0661953,0.000354904,0.602796,0.603038,0.000241979
1.76004e+09,3960,-0.0669066,-0.0661953,0.000711267,0.602552,0.603038,0.000486604
1.76004e+09,3961,-0.0672643,-0.0665502,0.000714082,0.602304,0.602796,0.000491847
1.76004e+09,3962,-0.0676233,-0.0672643,0.000358969,0.602055,0.602304,0.000249766
1.76004e+09,3963,-0.0679834,-0.0676233,0.000360108,0.601802,0.602055,0.000252252
1.76004e+09,3964,-0.0683445,-0.0679834,0.000361135,0.601548,0.601802,0.000254677
1.76004e+09,3965,-0.0687066,-0.0683445,0.000362044,0.601291,0.601548,0.000257037
1.76004e+09,3966,-0.0690694,-0.0687066,0.000362836,0.601031,0.601291,0.000259329
1.76004e+09,3967,-0.0694329,-0.0690694,0.000363506,0.60077,0.601031,0.000261548
1.76004e+09,3968,-0.069797,-0.0694329,0.000364053,0.600506,0.60077,0.000263691
1.76004e+09,3969,-0.0701614,-0.069797,0.000364476,0.60024,0.600506,0.000265756
1.76004e+09,3970,-0.0705262,-0.0701614,0.000364774,0.599973,0.60024,0.000267739
1.76004e+09,3971,-0.0708912,-0.0705262,0.000364945,0.599703,0.599973,0.000269638
1.76004e+09,3972,-0.0712561,-0.0708912,0.00036499,0.599432,0.599703,0.00027145
1.76004e+09,3973,-0.0716211,-0.0712561,0.000364908,0.599158,0.599432,0.000273173
1.76004e+09,3974,-0.0719858,-0.0716211,0.000364699,0.598884,0.599158,0.000274805
1.76004e+09,3975,-0.0723501,-0.0719858,0.000364365,0.598607,0.598884,0.000276345
1.76004e+09,3976,-0.072714,-0.0723501,0.000363906,0.598329,0.598607,0.000277791
1.76004e+09,3977,-0.0730773,-0.072714,0.000363325,0.59805,0.598329,0.000279142
1.76004e+09,3978,-0.07344,-0.072714,0.000725946,0.59777,0.598329,0.000559539
1.76004e+09,3979,-0.0738018,-0.0730773,0.000724421,0.597488,0.59805,0.000561954
1.76004e+09,3980,-0.0741626,-0.07344,0.00072266,0.597206,0.59777,0.000564177
1.76004e+09,3981,-0.0745224,-0.0738018,0.000720668,0.596922,0.597488,0.000566207
1.76004e+09,3982,-0.0748811,-0.0741626,0.000718452,0.596638,0.597206,0.000568046
1.76004e+09,3983,-0.0752385,-0.0745224,0.000716019,0.596352,0.596922,0.000569696
1.76004e+09,3984,-0.0755945,-0.0752385,0.000356001,0.596067,0.596352,0.000285921
1.76004e+09,3985,-0.075949,-0.0755945,0.000354528,0.59578,0.596067,0.000286513
1.76004e+09,3986,-0.0763019,-0.075949,0.000352961,0.595493,0.59578,0.000287016
1.76004e+09,3987,-0.0766533,-0.0763019,0.000351304,0.595206,0.595493,0.00028743
1.76004e+09,3988,-0.0770028,-0.0763019,0.000700867,0.594918,0.595493,0.00057519
1.76004e+09,3989,-0.0773506,-0.0770028,0.00034774,0.59463,0.594918,0.000288007
1.76004e+09,3990,-0.0776964,-0.0773506,0.000345843,0.594342,0.59463,0.000288174
1.76004e+09,3991,-0.0780403,-0.0773506,0.00068972,0.594053,0.59463,0.000576438
1.76004e+09,3992,-0.0783821,-0.0776964,0.000685723,0.593765,0.594342,0.000576547
1.76004e+09,3993,-0.0787219,-0.0780403,0.000681604,0.593477,0.594053,0.000576512
1.76004e+09,3994,-0.0790595,-0.0783821,0.000677373,0.593189,0.593765,0.000576343
1.76004e+09,3995,-0.0793949,-0.0787219,0.000673041,0.592901,0.593477,0.000576045
1.76004e+09,3996,-0.0797281,-0.0790595,0.00066862,0.592613,0.593189,0.000575627
1.76004e+09,3997,-0.080059,-0.0797281,0.000330925,0.592326,0.592613,0.000287402
1.76004e+09,3998,-0.0803877,-0.080059,0.000328624,0.592039,0.592326,0.000287058
1.76004e+09,3999,-0.080714,-0.080059,0.000654919,0.591752,0.592326,0.000573725
1.76004e+09,4000,-0.0810276,-0.0803877,0.000639924,0.591443,0.592039,0.00059582
1.76004e+09,4001,-0.0813388,-0.0810276,0.000311187,0.591134,0.591443,0.000308694
1.76004e+09,4002,-0.0816475,-0.0813388,0.000308732,0.590826,0.591134,0.000308198
1.76004e+09,4003,-0.0819538,-0.0816475,0.000306266,0.590518,0.590826,0.000307667
1.76004e+09,4004,-0.0822576,-0.0819538,0.000303793,0.590211,0.590518,0.000307105
1.76004e+09,4005,-0.0825589,-0.0822576,0.000301316,0.589905,0.590211,0.000306515
1.76004e+09,4006,-0.0828577,-0.0825589,0.000298838,0.589599,0.589905,0.000305899
1.76004e+09,4007,-0.0831541,-0.0828577,0.000296362,0.589293,0.589599,0.000305259
1.76004e+09,4008,-0.083448,-0.0831541,0.000293891,0.588989,0.589293,0.000304598
1.76004e+09,4009,-0.0837394,-0.083448,0.000291425,0.588685,0.588989,0.000303918
1.76004e+09,4010,-0.0840284,-0.0837394,0.000288967,0.588382,0.588685,0.000303221
1.76004e+09,4011,-0.0843149,-0.0840284,0.000286518,0.588079,0.588382,0.000302508
1.76004e+09,4012,-0.084599,-0.0843149,0.000284079,0.587777,0.588079,0.00030178
1.76004e+09,4013,-0.0848806,-0.084599,0.000281652,0.587476,0.587777,0.00030104
1.76004e+09,4014,-0.0851598,-0.0848806,0.000279238,0.587176,0.587476,0.000300287
1.76004e+09,4015,-0.0854367,-0.0851598,0.000276836,0.586877,0.587176,0.000299524
1.76004e+09,4016,-0.0857111,-0.0851598,0.000551285,0.586578,0.587176,0.000598274
1.76004e+09,4017,-0.0859832,-0.0854367,0.000546522,0.58628,0.586877,0.000596717
1.76004e+09,4018,-0.0862529,-0.0857111,0.000541788,0.585983,0.586578,0.000595141
1.76004e+09,4019,-0.0865203,-0.0859832,0.000537081,0.585686,0.58628,0.000593547
1.76004e+09,4020,-0.0867853,-0.0862529,0.000532402,0.585391,0.585983,0.000591937
1.76004e+09,4021,-0.087048,-0.0865203,0.000527751,0.585096,0.585686,0.000590311
1.76004e+09,4022,-0.0873084,-0.0867853,0.000523128,0.584802,0.585391,0.000588668
1.76004e+09,4023,-0.0875666,-0.087048,0.000518533,0.584509,0.585096,0.000587011
1.76004e+09,4024,-0.0878224,-0.0873084,0.000513964,0.584217,0.584802,0.000585339
1.76004e+09,4025,-0.088076,-0.0878224,0.000253579,0.583925,0.584217,0.000291403
1.76004e+09,4026,-0.0883273,-0.088076,0.000251327,0.583635,0.583925,0.000290549
1.76004e+09,4027,-0.0885764,-0.088076,0.000500416,0.583345,0.583925,0.000580236
1.76004e+09,4028,-0.0888233,-0.0883273,0.000495951,0.583056,0.583635,0.000578507
1.76004e+09,4029,-0.0890679,-0.0885764,0.00049151,0.582768,0.583345,0.000576764
1.76004e+09,4030,-0.0893104,-0.0890679,0.000242445,0.582481,0.582768,0.000287062
1.76004e+09,4031,-0.0895506,-0.0893104,0.000240254,0.582195,0.582481,0.000286174
1.76004e+09,4032,-0.0897887,-0.0895506,0.000238075,0.58191,0.582195,0.000285278
1.76004e+09,4033,-0.0900246,-0.0897887,0.000235906,0.581625,0.58191,0.000284376
1.76004e+09,4034,-0.0902583,-0.0900246,0.000233749,0.581342,0.581625,0.000283468
1.76004e+09,4035,-0.0904899,-0.0902583,0.000231602,0.581059,0.581342,0.000282553
1.76004e+09,4036,-0.0907194,-0.0904899,0.000229465,0.580778,0.581059,0.000281631
1.76004e+09,4037,-0.0909468,-0.0907194,0.000227339,0.580497,0.580778,0.000280703
1.76004e+09,4038,-0.091172,-0.0907194,0.000452562,0.580217,0.580778,0.000560472
1.76004e+09,4039,-0.0913951,-0.091172,0.000223116,0.579939,0.580217,0.000278829
1.76004e+09,4040,-0.0916161,-0.0913951,0.00022102,0.579661,0.579939,0.000277883
1.76004e+09,4041,-0.091835,-0.0916161,0.000218933,0.579384,0.579661,0.000276931
1.76004e+09,4042,-0.0920519,-0.091835,0.000216855,0.579108,0.579384,0.000275973
1.76004e+09,4043,-0.0922667,-0.0920519,0.000214787,0.578833,0.579108,0.00027501
1.76004e+09,4044,-0.0924794,-0.0920519,0.000427516,0.578559,0.579108,0.000549052
1.76004e+09,4045,-0.0926901,-0.0924794,0.000210679,0.578286,0.578559,0.000273068
1.76004e+09,4046,-0.0928987,-0.0926901,0.000208638,0.578014,0.578286,0.000272089
1.76004e+09,4047,-0.0931053,-0.0928987,0.000206606,0.577742,0.578014,0.000271104
1.76004e+09,4048,-0.0933099,-0.0931053,0.000204583,0.577472,0.577742,0.000270116
1.76004e+09,4049,-0.0935125,-0.0933099,0.000202569,0.577203,0.577472,0.000269122
1.76004e+09,4050,-0.0937131,-0.0933099,0.000403133,0.576935,0.577472,0.000537246
1.76004e+09,4051,-0.0939116,-0.0935125,0.000399131,0.576668,0.577203,0.000535245
1.76004e+09,4052,-0.0941082,-0.0937131,0.000395146,0.576402,0.576935,0.000533236
1.76004e+09,4053,-0.0943028,-0.0941082,0.000194599,0.576137,0.576402,0.000265104
1.76004e+09,4054,-0.0944954,-0.0943028,0.000192627,0.575873,0.576137,0.000264089
1.76004e+09,4055,-0.0946861,-0.0944954,0.000190664,0.57561,0.575873,0.000263071
1.76004e+09,4056,-0.0948748,-0.0946861,0.000188709,0.575348,0.57561,0.000262049
1.76004e+09,4057,-0.0950616,-0.0948748,0.000186762,0.575086,0.575348,0.000261024
1.76004e+09,4058,-0.0952464,-0.0948748,0.000371584,0.574826,0.575348,0.000521019
1.76004e+09,4059,-0.0954293,-0.0950616,0.000367714,0.574568,0.575086,0.000518958
1.76004e+09,4060,-0.0956102,-0.0952464,0.00036386,0.57431,0.574826,0.000516892
1.76004e+09,4061,-0.0957893,-0.0954293,0.000360021,0.574053,0.574568,0.000514819
1.76004e+09,4062,-0.0959664,-0.0956102,0.000356198,0.573797,0.57431,0.000512741
1.76004e+09,4063,-0.0961417,-0.0957893,0.000352391,0.573542,0.574053,0.000510657
1.76004e+09,4064,-0.096315,-0.0959664,0.000348599,0.573288,0.573797,0.000508569
1.76004e+09,4065,-0.0964865,-0.0961417,0.000344821,0.573036,0.573542,0.000506475
1.76004e+09,4066,-0.0966561,-0.096315,0.000341059,0.572784,0.573288,0.000504377
1.76004e+09,4067,-0.0968238,-0.0966561,0.000167721,0.572533,0.572784,0.000250611
1.76004e+09,4068,-0.0969897,-0.0968238,0.000165858,0.572284,0.572533,0.000249557
1.76004e+09,4069,-0.0971537,-0.0969897,0.000164002,0.572035,0.572284,0.000248501
1.76004e+09,4070,-0.0973158,-0.0969897,0.000326156,0.571788,0.572284,0.000495945
1.76004e+09,4071,-0.0974761,-0.0971537,0.000322466,0.571541,0.572035,0.000493828
1.76004e+09,4072,-0.0976346,-0.0973158,0.00031879,0.571296,0.571788,0.000491708
1.76004e+09,4073,-0.0977913,-0.0974761,0.000315128,0.571052,0.571541,0.000489586
1.76004e+09,4074,-0.0979461,-0.0977913,0.00015483,0.570809,0.571052,0.000243198
1.76004e+09,4075,-0.0980991,-0.0979461,0.000153016,0.570566,0.570809,0.000242134
1.76004e+09,4076,-0.0982503,-0.0980991,0.000151208,0.570325,0.570566,0.000241069
1.76004e+09,4077,-0.0983997,-0.0980991,0.000300616,0.570085,0.570566,0.000481071
1.76004e+09,4078,-0.0985473,-0.0982503,0.00029702,0.569846,0.570325,0.000478937
1.76004e+09,4079,-0.0986932,-0.0983997,0.000293438,0.569609,0.570085,0.000476802
1.76004e+09,4080,-0.0988372,-0.0985473,0.000289869,0.569372,0.569846,0.000474666
1.76004e+09,4081,-0.0989795,-0.0986932,0.000286312,0.569136,0.569609,0.000472528
1.76004e+09,4082,-0.09912,-0.0988372,0.000282768,0.568901,0.569372,0.00047039
1.76004e+09,4083,-0.0992587,-0.0989795,0.000279236,0.568668,0.569136,0.000468251
1.76004e+09,4084,-0.0993957,-0.09912,0.000275716,0.568435,0.568901,0.000466111
1.76004e+09,4085,-0.0995309,-0.0992587,0.000272208,0.568204,0.568668,0.000463971
1.76004e+09,4086,-0.0996644,-0.0993957,0.000268712,0.567973,0.568435,0.000461831
1.76004e+09,4087,-0.0997962,-0.0995309,0.000265227,0.567744,0.568204,0.000459691
1.76004e+09,4088,-0.0999262,-0.0996644,0.000261755,0.567516,0.567973,0.000457552
1.76004e+09,4089,-0.100054,-0.0997962,0.000258293,0.567289,0.567744,0.000455413
1.76004e+09,4090,-0.100181,-0.100054,0.00012656,0.567063,0.567289,0.000226102
1.76004e+09,4091,-0.100306,-0.100181,0.000124844,0.566838,0.567063,0.000225034
1.76004e+09,4092,-0.100429,-0.100181,0.000247976,0.566614,0.567063,0.000448999
1.76004e+09,4093,-0.10055,-0.100429,0.000121427,0.566391,0.566614,0.000222898
1.76004e+09,4094,-0.10067,-0.100429,0.000241152,0.566169,0.566614,0.00044473
1.76004e+09,4095,-0.100788,-0.10055,0.000237756,0.565948,0.566391,0.000442597
1.76004e+09,4096,-0.100905,-0.10067,0.000234371,0.565728,0.566169,0.000440466
1.76004e+09,4097,-0.101019,-0.100788,0.000230995,0.56551,0.565948,0.000438337
1.76004e+09,4098,-0.101132,-0.100905,0.00022763,0.565292,0.565728,0.00043621
1.76004e+09,4099,-0.101243,-0.101019,0.000224275,0.565076,0.56551,0.000434085
1.76004e+09,4100,-0.101353,-0.101132,0.000220929,0.56486,0.565292,0.000431962
1.76004e+09,4101,-0.101461,-0.101243,0.000217593,0.564646,0.565076,0.000429842
1.76004e+09,4102,-0.101567,-0.101353,0.000214267,0.564433,0.56486,0.000427724
1.76004e+09,4103,-0.101672,-0.101461,0.00021095,0.56422,0.564646,0.00042561
1.76004e+09,4104,-0.101775,-0.101567,0.000207642,0.564009,0.564433,0.000423498
1.76004e+09,4105,-0.101876,-0.101672,0.000204343,0.563799,0.56422,0.000421389
1.76004e+09,4106,-0.101976,-0.101876,9.97054e-05,0.56359,0.563799,0.000209116
1.76004e+09,4107,-0.102074,-0.101876,0.000197772,0.563382,0.563799,0.000417182
1.76004e+09,4108,-0.102171,-0.101976,0.0001945,0.563175,0.56359,0.000415084
1.76004e+09,4109,-0.102265,-0.102171,9.48033e-05,0.562969,0.563175,0.000205972
1.76004e+09,4110,-0.102359,-0.102265,9.31777e-05,0.562764,0.562969,0.000204927
1.76004e+09,4111,-0.10245,-0.102359,9.15562e-05,0.56256,0.562764,0.000203885
1.76004e+09,4112,-0.10254,-0.10245,8.99387e-05,0.562357,0.56256,0.000202845
1.76004e+09,4113,-0.102628,-0.10254,8.83251e-05,0.562155,0.562357,0.000201807
1.76004e+09,4114,-0.102715,-0.10254,0.000175041,0.561954,0.562357,0.000402578
1.76004e+09,4115,-0.1028,-0.102715,8.51096e-05,0.561755,0.561954,0.000199737
1.76004e+09,4116,-0.102884,-0.1028,8.35075e-05,0.561556,0.561755,0.000198706
1.76004e+09,4117,-0.102966,-0.102884,8.19091e-05,0.561358,0.561556,0.000197678
1.76004e+09,4118,-0.103046,-0.102966,8.03143e-05,0.561162,0.561358,0.000196652
1.76004e+09,4119,-0.103125,-0.103046,7.8723e-05,0.560966,0.561162,0.000195628
1.76004e+09,4120,-0.103202,-0.103046,0.000155858,0.560771,0.561162,0.000390236
1.76004e+09,4121,-0.103277,-0.103125,0.000152686,0.560578,0.560966,0.000388197
1.76004e+09,4122,-0.103351,-0.103202,0.000149521,0.560385,0.560771,0.000386163
1.76004e+09,4123,-0.103424,-0.103277,0.000146362,0.560194,0.560578,0.000384136
1.76004e+09,4124,-0.103494,-0.103351,0.000143209,0.560003,0.560385,0.000382113
1.76004e+09,4125,-0.103564,-0.103424,0.000140063,0.559814,0.560194,0.000380097
1.76004e+09,4126,-0.103631,-0.103494,0.000136924,0.559625,0.560003,0.000378087
1.76004e+09,4127,-0.103698,-0.103564,0.00013379,0.559438,0.559814,0.000376083
1.76004e+09,4128,-0.103762,-0.103631,0.000130662,0.559251,0.559625,0.000374085
1.76004e+09,4129,-0.103825,-0.103698,0.00012754,0.559065,0.559438,0.000372094
1.76004e+09,4130,-0.103886,-0.103825,6.14335e-05,0.558881,0.559065,0.000184559
1.76004e+09,4131,-0.103946,-0.103886,5.98795e-05,0.558697,0.558881,0.000183572
1.76004e+09,4132,-0.104005,-0.103946,5.83281e-05,0.558515,0.558697,0.000182588
1.76004e+09,4133,-0.104061,-0.104005,5.67794e-05,0.558333,0.558515,0.000181607
1.76004e+09,4134,-0.104117,-0.104061,5.52331e-05,0.558153,0.558333,0.00018063
1.76004e+09,4135,-0.10417,-0.104061,0.000108923,0.557973,0.558333,0.000360286
1.76004e+09,4136,-0.104223,-0.104117,0.000105837,0.557794,0.558153,0.000358343
1.76004e+09,4137,-0.104273,-0.10417,0.000102757,0.557616,0.557973,0.000356407
1.76004e+09,4138,-0.104322,-0.104223,9.96815e-05,0.55744,0.557794,0.000354478
1.76004e+09,4139,-0.10437,-0.104273,9.66103e-05,0.557264,0.557616,0.000352557
1.76004e+09,4140,-0.104416,-0.10437,4.60055e-05,0.557089,0.557264,0.000174845
1.76004e+09,4141,-0.10446,-0.104416,4.44753e-05,0.556915,0.557089,0.000173894
1.76004e+09,4142,-0.104503,-0.10446,4.2947e-05,0.556742,0.556915,0.000172947
1.76004e+09,4143,-0.104545,-0.104503,4.14207e-05,0.55657,0.556742,0.000172004
1.76004e+09,4144,-0.104585,-0.104503,8.1317e-05,0.556399,0.556742,0.00034307
1.76004e+09,4145,-0.104623,-0.104545,7.827e-05,0.556229,0.55657,0.000341197
1.76004e+09,4146,-0.10466,-0.104585,7.52266e-05,0.55606,0.556399,0.000339332
1.76004e+09,4147,-0.104695,-0.10466,3.53337e-05,0.555892,0.55606,0.000168275
1.76004e+09,4148,-0.104729,-0.104695,3.38162e-05,0.555724,0.555892,0.000167353
1.76004e+09,4149,-0.104761,-0.104729,3.23002e-05,0.555558,0.555724,0.000166435
1.76004e+09,4150,-0.104792,-0.104761,3.07858e-05,0.555392,0.555558,0.000165522
1.76004e+09,4151,-0.104821,-0.104761,6.00585e-05,0.555228,0.555558,0.000330136
1.76004e+09,4152,-0.104849,-0.104792,5.70338e-05,0.555064,0.555392,0.000328324
1.76004e+09,4153,-0.104875,-0.104821,5.40118e-05,0.554901,0.555228,0.000326521
1.76004e+09,4154,-0.1049,-0.104849,5.09923e-05,0.554739,0.555064,0.000324727
1.76004e+09,4155,-0.104923,-0.1049,2.32337e-05,0.554578,0.554739,0.000161026
1.76004e+09,4156,-0.104945,-0.104923,2.17269e-05,0.554418,0.554578,0.000160141
1.76004e+09,4157,-0.104965,-0.104945,2.02211e-05,0.554259,0.554418,0.00015926
1.76004e+09,4158,-0.104984,-0.104965,1.87163e-05,0.5541,0.554259,0.000158385
1.76004e+09,4159,-0.105001,-0.104984,1.72124e-05,0.553943,0.5541,0.000157514
1.76004e+09,4160,-0.105017,-0.105001,1.57094e-05,0.553786,0.553943,0.000156648
1.76004e+09,4161,-0.105031,-0.105001,2.99167e-05,0.55363,0.553943,0.000312436
1.76004e+09,4162,-0.105044,-0.105031,1.27057e-05,0.553475,0.55363,0.000154932
1.76004e+09,4163,-0.105055,-0.105044,1.12049e-05,0.553321,0.553475,0.000154082
1.76004e+09,4164,-0.105065,-0.105055,9.7047e-06,0.553168,0.553321,0.000153237
1.76004e+09,4165,-0.105073,-0.105065,8.20503e-06,0.553016,0.553168,0.000152397
1.76004e+09,4166,-0.10508,-0.105073,6.70583e-06,0.552864,0.553016,0.000151562
1.76004e+09,4167,-0.105085,-0.105073,1.19129e-05,0.552713,0.553016,0.000302295
1.76004e+09,4168,-0.105088,-0.10508,8.91564e-06,0.552564,0.552864,0.000300642
1.76004e+09,4169,-0.105091,-0.105088,2.21045e-06,0.552414,0.552564,0.000149091
1.76004e+09,4170,-0.105091,-0.105091,7.12512e-07,0.552266,0.552414,0.000148278
1.76004e+09,4171,-0.105091,-0.105091,-7.85264e-07,0.552119,0.552266,0.000147471
1.76004e+09,4172,-0.105088,-0.105091,-2.28295e-06,0.551972,0.552119,0.000146669
1.76004e+09,4173,-0.105085,-0.105088,-3.7806e-06,0.551826,0.551972,0.000145873
1.76004e+09,4174,-0.105079,-0.105088,-9.05888e-06,0.551681,0.551972,0.000290956
1.76004e+09,4175,-0.105072,-0.105079,-6.77606e-06,0.551537,0.551681,0.000144299
1.76004e+09,4176,-0.105064,-0.105079,-1.50501e-05,0.551393,0.551681,0.000287819
1.76004e+09,4177,-0.105054,-0.105072,-1.80462e-05,0.551251,0.551537,0.000286269
1.76004e+09,4178,-0.105043,-0.105054,-1.12706e-05,0.551109,0.551251,0.000141982
1.76004e+09,4179,-0.10503,-0.105043,-1.27694e-05,0.550967,0.551109,0.000141221
1.76004e+09,4180,-0.105016,-0.10503,-1.42686e-05,0.550827,0.550967,0.000140467
1.76004e+09,4181,-0.105,-0.105016,-1.57683e-05,0.550687,0.550827,0.000139719
1.76004e+09,4182,-0.104983,-0.105,-1.72685e-05,0.550548,0.550687,0.000138977
1.76004e+09,4183,-0.104964,-0.104983,-1.87694e-05,0.55041,0.550548,0.000138241
1.76004e+09,4184,-0.104944,-0.104983,-3.90403e-05,0.550272,0.550548,0.000275754
1.76004e+09,4185,-0.104922,-0.104964,-4.2044e-05,0.550136,0.55041,0.000274301
1.76004e+09,4186,-0.104899,-0.104944,-4.50493e-05,0.55,0.550272,0.000272862
1.76004e+09,4187,-0.104874,-0.104922,-4.80562e-05,0.549864,0.550136,0.000271436
1.76004e+09,4188,-0.104848,-0.104899,-5.10649e-05,0.54973,0.55,0.000270023
1.76004e+09,4189,-0.10482,-0.104874,-5.40755e-05,0.549596,0.549864,0.000268624
1.76004e+09,4190,-0.104791,-0.104848,-5.70881e-05,0.549462,0.54973,0.000267237
1.76004e+09,4191,-0.10476,-0.10482,-6.01029e-05,0.54933,0.549596,0.000265865
1.76004e+09,4192,-0.104728,-0.104791,-6.312e-05,0.549198,0.549462,0.000264506
1.76004e+09,4193,-0.104694,-0.10476,-6.61396e-05,0.549067,0.54933,0.00026316
1.76004e+09,4194,-0.104659,-0.104728,-6.91616e-05,0.548936,0.549198,0.000261829
1.76004e+09,4195,-0.104622,-0.104694,-7.21863e-05,0.548806,0.549067,0.000260511
1.76004e+09,4196,-0.104583,-0.104622,-3.83642e-05,0.548677,0.548806,0.00012928
1.76004e+09,4197,-0.104543,-0.104583,-3.98802e-05,0.548548,0.548677,0.000128639
1.76004e+09,4198,-0.104502,-0.104543,-4.13977e-05,0.54842,0.548548,0.000128006
1.76004e+09,4199,-0.104459,-0.104502,-4.29169e-05,0.548293,0.54842,0.00012738
1.76004e+09,4200,-0.104415,-0.104459,-4.44377e-05,0.548166,0.548293,0.000126761
1.76004e+09,4201,-0.104369,-0.104415,-4.59604e-05,0.54804,0.548166,0.000126149
1.76004e+09,4202,-0.104321,-0.104369,-4.74848e-05,0.547914,0.54804,0.000125546
1.76004e+09,4203,-0.104272,-0.104321,-4.90111e-05,0.547789,0.547914,0.000124949
1.76004e+09,4204,-0.104222,-0.104272,-5.05394e-05,0.547665,0.547789,0.000124361
1.76004e+09,4205,-0.10417,-0.104222,-5.20696e-05,0.547541,0.547665,0.00012378
1.76004e+09,4206,-0.104116,-0.10417,-5.3602e-05,0.547418,0.547541,0.000123207
1.76004e+09,4207,-0.104061,-0.104116,-5.51365e-05,0.547295,0.547418,0.000122642
1.76004e+09,4208,-0.104004,-0.104061,-5.66732e-05,0.547173,0.547295,0.000122085
1.76004e+09,4209,-0.103946,-0.104004,-5.82122e-05,0.547052,0.547173,0.000121536
1.76004e+09,4210,-0.103886,-0.104004,-0.000117966,0.546931,0.547173,0.000242531
1.76004e+09,4211,-0.103825,-0.103886,-6.12972e-05,0.54681,0.546931,0.000120463
1.76004e+09,4212,-0.103762,-0.103825,-6.28434e-05,0.54669,0.54681,0.000119938
1.76004e+09,4213,-0.103698,-0.103762,-6.43921e-05,0.546571,0.54669,0.000119423
1.76004e+09,4214,-0.103632,-0.103698,-6.59434e-05,0.546452,0.546571,0.000118915
1.76004e+09,4215,-0.103564,-0.103698,-0.000133441,0.546334,0.546571,0.000237331
1.76004e+09,4216,-0.103495,-0.103564,-6.90541e-05,0.546216,0.546334,0.000117926
1.76004e+09,4217,-0.103425,-0.103564,-0.000139668,0.546098,0.546334,0.00023537
1.76004e+09,4218,-0.103352,-0.103495,-0.00014279,0.545981,0.546216,0.000234416
1.76004e+09,4219,-0.103279,-0.103425,-0.000145917,0.545865,0.546098,0.000233479
1.76004e+09,4220,-0.103203,-0.103279,-7.53095e-05,0.545749,0.545865,0.000116053
1.76004e+09,4221,-0.103127,-0.103203,-7.68809e-05,0.545633,0.545749,0.000115607
1.76004e+09,4222,-0.103048,-0.103127,-7.84553e-05,0.545518,0.545633,0.00011517
1.76004e+09,4223,-0.102968,-0.103048,-8.0033e-05,0.545403,0.545518,0.000114743
1.76004e+09,4224,-0.102886,-0.102968,-8.16139e-05,0.545289,0.545403,0.000114325
1.76004e+09,4225,-0.102803,-0.102886,-8.31982e-05,0.545175,0.545289,0.000113916
1.76004e+09,4226,-0.102718,-0.102803,-8.47858e-05,0.545061,0.545175,0.000113517
1.76004e+09,4227,-0.102632,-0.102718,-8.63769e-05,0.544948,0.545061,0.000113127
1.76004e+09,4228,-0.102544,-0.102632,-8.79715e-05,0.544836,0.544948,0.000112747
1.76004e+09,4229,-0.102455,-0.102544,-8.95698e-05,0.544723,0.544836,0.000112377
1.76004e+09,4230,-0.102363,-0.102455,-9.11717e-05,0.544611,0.544723,0.000112017
1.76004e+09,4231,-0.102271,-0.102363,-9.27773e-05,0.544499,0.544611,0.000111667
1.76004e+09,4232,-0.102176,-0.102271,-9.43867e-05,0.544388,0.544499,0.000111327
1.76004e+09,4233,-0.10208,-0.102176,-9.6e-05,0.544277,0.544388,0.000110997
1.76004e+09,4234,-0.101983,-0.10208,-9.76172e-05,0.544166,0.544277,0.000110678
1.76004e+09,4235,-0.101883,-0.101983,-9.92384e-05,0.544056,0.544166,0.000110369
1.76004e+09,4236,-0.101782,-0.101883,-0.000100864,0.543946,0.544056,0.00011007
1.76004e+09,4237,-0.10168,-0.101782,-0.000102493,0.543836,0.543946,0.000109782
1.76004e+09,4238,-0.101576,-0.10168,-0.000104127,0.543727,0.543836,0.000109505
1.76004e+09,4239,-0.10147,-0.101576,-0.000105765,0.543617,0.543727,0.000109239
1.76004e+09,4240,-0.101363,-0.10147,-0.000107407,0.543509,0.543617,0.000108984
1.76004e+09,4241,-0.101254,-0.10147,-0.000216461,0.5434,0.543617,0.000217723
1.76004e+09,4242,-0.101143,-0.101363,-0.000219758,0.543291,0.543509,0.000217246
1.76004e+09,4243,-0.101031,-0.101254,-0.000223065,0.543183,0.5434,0.000216792
1.76004e+09,4244,-0.100917,-0.101143,-0.000226381,0.543075,0.543291,0.00021636
1.76004e+09,4245,-0.100801,-0.101031,-0.000229707,0.542967,0.543183,0.000215951
1.76004e+09,4246,-0.100683,-0.100917,-0.000233042,0.542859,0.543075,0.000215566
1.76004e+09,4247,-0.100564,-0.100683,-0.00011903,0.542752,0.542859,0.000107514
1.76004e+09,4248,-0.100444,-0.100564,-0.00012071,0.542644,0.542752,0.000107351
1.76004e+09,4249,-0.100321,-0.100444,-0.000122394,0.542537,0.542644,0.0001072
1.76004e+09,4250,-0.100197,-0.100321,-0.000124084,0.54243,0.542537,0.000107062
1.76004e+09,4251,-0.100072,-0.100197,-0.000125779,0.542323,0.54243,0.000106935
1.76004e+09,4252,-0.099944,-0.100072,-0.000127479,0.542216,0.542323,0.000106821
1.76004e+09,4253,-0.0998148,-0.099944,-0.000129184,0.54211,0.542216,0.00010672
1.76004e+09,4254,-0.0996839,-0.0998148,-0.000130894,0.542003,0.54211,0.000106631
1.76004e+09,4255,-0.0995513,-0.0996839,-0.00013261,0.541897,0.542003,0.000106556
1.76004e+09,4256,-0.099417,-0.0996839,-0.000266942,0.54179,0.542003,0.000213049
1.76004e+09,4257,-0.0992809,-0.0995513,-0.00027039,0.541684,0.541897,0.000212937
1.76004e+09,4258,-0.0991432,-0.099417,-0.00027385,0.541577,0.54179,0.000212851
1.76004e+09,4259,-0.0990036,-0.0992809,-0.000277321,0.541471,0.541684,0.000212792
1.76004e+09,4260,-0.0988624,-0.0991432,-0.000280803,0.541364,0.541577,0.000212761
1.76004e+09,4261,-0.0987193,-0.0990036,-0.000284297,0.541258,0.541471,0.000212757
1.76004e+09,4262,-0.0985745,-0.0988624,-0.000287803,0.541152,0.541364,0.00021278
1.76004e+09,4263,-0.098428,-0.0987193,-0.00029132,0.541045,0.541258,0.000212832
1.76004e+09,4264,-0.0982797,-0.0985745,-0.00029485,0.540939,0.541152,0.000212912
1.76004e+09,4265,-0.0981296,-0.098428,-0.000298392,0.540832,0.541045,0.00021302
1.76004e+09,4266,-0.0979778,-0.0981296,-0.000151863,0.540726,0.540832,0.000106617
1.76004e+09,4267,-0.0978241,-0.0979778,-0.00015365,0.540619,0.540726,0.000106708
1.76004e+09,4268,-0.0976687,-0.0978241,-0.000155443,0.540512,0.540619,0.000106814
1.76004e+09,4269,-0.0975114,-0.0976687,-0.000157242,0.540405,0.540512,0.000106935
1.76004e+09,4270,-0.0973524,-0.0975114,-0.000159048,0.540298,0.540405,0.000107071
1.76004e+09,4271,-0.0971915,-0.0973524,-0.000160861,0.540191,0.540298,0.000107222
1.76004e+09,4272,-0.0970288,-0.0971915,-0.00016268,0.540083,0.540191,0.00010739
1.76004e+09,4273,-0.0968643,-0.0971915,-0.000327186,0.539976,0.540191,0.000214962
1.76004e+09,4274,-0.096698,-0.0968643,-0.000166339,0.539868,0.539976,0.000107772
1.76004e+09,4275,-0.0965298,-0.096698,-0.000168179,0.53976,0.539868,0.000107987
1.76004e+09,4276,-0.0963598,-0.096698,-0.000338204,0.539652,0.539868,0.000216206
1.76004e+09,4277,-0.0961879,-0.0963598,-0.000171879,0.539543,0.539652,0.000108467
1.76004e+09,4278,-0.0960142,-0.0961879,-0.00017374,0.539435,0.539543,0.000108732
1.76004e+09,4279,-0.0958386,-0.0961879,-0.000349348,0.539326,0.539543,0.000217745
1.76004e+09,4280,-0.0956611,-0.0960142,-0.000353092,0.539216,0.539435,0.000218326
1.76004e+09,4281,-0.0954817,-0.0958386,-0.00035685,0.539107,0.539326,0.000218942
1.76004e+09,4282,-0.0953004,-0.0956611,-0.000360623,0.538997,0.539216,0.000219592
1.76004e+09,4283,-0.0951173,-0.0954817,-0.000364411,0.538886,0.539107,0.000220278
1.76004e+09,4284,-0.0949322,-0.0953004,-0.000368214,0.538776,0.538997,0.000221
1.76004e+09,4285,-0.0947453,-0.0949322,-0.000186972,0.538665,0.538776,0.000111073
1.76004e+09,4286,-0.0945564,-0.0947453,-0.000188893,0.538553,0.538665,0.000111479
1.76004e+09,4287,-0.0943655,-0.0945564,-0.000190822,0.538441,0.538553,0.000111905
1.76004e+09,4288,-0.0941728,-0.0943655,-0.000192758,0.538329,0.538441,0.000112349
1.76004e+09,4289,-0.0939781,-0.0941728,-0.000194702,0.538216,0.538329,0.000112812
1.76004e+09,4290,-0.0937814,-0.0939781,-0.000196654,0.538103,0.538216,0.000113294
1.76004e+09,4291,-0.0935828,-0.0939781,-0.000395269,0.537989,0.538216,0.000227091
1.76004e+09,4292,-0.0933822,-0.0937814,-0.000399198,0.537875,0.538103,0.000228115
1.76004e+09,4293,-0.0931797,-0.0935828,-0.000403143,0.53776,0.537989,0.000229179
1.76004e+09,4294,-0.0929751,-0.0933822,-0.000407105,0.537644,0.537875,0.000230283
1.76004e+09,4295,-0.0927686,-0.0929751,-0.000206539,0.537528,0.537644,0.000116006
1.76004e+09,4296,-0.09256,-0.0927686,-0.000208541,0.537412,0.537528,0.000116609
1.76004e+09,4297,-0.0923495,-0.09256,-0.000210551,0.537295,0.537412,0.000117234
1.76004e+09,4298,-0.0921369,-0.09256,-0.000423121,0.537177,0.537412,0.000235115
1.76004e+09,4299,-0.0919223,-0.0923495,-0.000427168,0.537058,0.537295,0.000236429
1.76004e+09,4300,-0.0917057,-0.0921369,-0.000431233,0.536939,0.537177,0.000237786
1.76004e+09,4301,-0.091487,-0.0917057,-0.00021868,0.536819,0.536939,0.00011995
1.76004e+09,4302,-0.0912663,-0.091487,-0.000220735,0.536698,0.536819,0.000120684
1.76004e+09,4303,-0.0910435,-0.0912663,-0.000222799,0.536577,0.536698,0.000121441
1.76004e+09,4304,-0.0908186,-0.0910435,-0.000224872,0.536455,0.536577,0.000122221
1.76004e+09,4305,-0.0905917,-0.0908186,-0.000226954,0.536332,0.536455,0.000123025
1.76004e+09,4306,-0.0903626,-0.0905917,-0.000229046,0.536208,0.536332,0.000123852
1.76004e+09,4307,-0.0901315,-0.0903626,-0.000231148,0.536083,0.536208,0.000124703
1.76004e+09,4308,-0.0898982,-0.0901315,-0.000233259,0.535957,0.536083,0.000125578
1.76004e+09,4309,-0.0896628,-0.0898982,-0.000235381,0.535831,0.535957,0.000126477
1.76004e+09,4310,-0.0894253,-0.0896628,-0.000237513,0.535704,0.535831,0.000127402
1.76004e+09,4311,-0.0891857,-0.0894253,-0.000239655,0.535575,0.535704,0.000128352
1.76004e+09,4312,-0.0889438,-0.0891857,-0.000241809,0.535446,0.535575,0.000129327
1.76004e+09,4313,-0.0886999,-0.0891857,-0.000485782,0.535316,0.535575,0.000259656
1.76004e+09,4314,-0.0884537,-0.0889438,-0.000490121,0.535184,0.535446,0.000261685
1.76004e+09,4315,-0.0882054,-0.0886999,-0.000494484,0.535052,0.535316,0.000263767
1.76004e+09,4316,-0.0879549,-0.0882054,-0.000250534,0.534918,0.535052,0.000133492
1.76004e+09,4317,-0.0877021,-0.0882054,-0.00050328,0.534784,0.535052,0.000268093
1.76004e+09,4318,-0.0874471,-0.0877021,-0.000254969,0.534648,0.534784,0.000135737
1.76004e+09,4319,-0.0871899,-0.0874471,-0.000257206,0.534511,0.534648,0.000136902
1.76004e+09,4320,-0.0869305,-0.0874471,-0.000516661,0.534373,0.534648,0.000274999
1.76004e+09,4321,-0.0866688,-0.0871899,-0.000521174,0.534234,0.534511,0.000277415
1.76004e+09,4322,-0.0864048,-0.0869305,-0.000525714,0.534093,0.534373,0.00027989
1.76004e+09,4323,-0.0861385,-0.0866688,-0.000530282,0.533951,0.534234,0.000282425
1.76004e+09,4324,-0.0858699,-0.0864048,-0.000534879,0.533808,0.534093,0.000285021
1.76004e+09,4325,-0.085599,-0.0861385,-0.000539504,0.533664,0.533951,0.000287677
1.76004e+09,4326,-0.0853257,-0.0858699,-0.000544158,0.533518,0.533808,0.000290397
1.76004e+09,4327,-0.0850501,-0.085599,-0.000548841,0.53337,0.533664,0.000293179
1.76004e+09,4328,-0.0847722,-0.0853257,-0.000553554,0.533222,0.533518,0.000296026
1.76004e+09,4329,-0.0844918,-0.0850501,-0.000558295,0.533071,0.53337,0.000298937
1.76004e+09,4330,-0.0842091,-0.0844918,-0.000282728,0.53292,0.533071,0.00015171
1.76004e+09,4331,-0.083924,-0.0842091,-0.000285133,0.532767,0.53292,0.000153249
1.76004e+09,4332,-0.0836364,-0.083924,-0.000287552,0.532612,0.532767,0.000154822
1.76004e+09,4333,-0.0833464,-0.0836364,-0.000289981,0.532455,0.532612,0.000156429
1.76004e+09,4334,-0.083054,-0.0833464,-0.000292422,0.532297,0.532455,0.000158071
1.76004e+09,4335,-0.0827591,-0.083054,-0.000294871,0.532137,0.532297,0.000159747
1.76004e+09,4336,-0.0824618,-0.0827591,-0.000297328,0.531976,0.532137,0.000161457
1.76004e+09,4337,-0.082162,-0.0824618,-0.00029979,0.531813,0.531976,0.000163203
1.76004e+09,4338,-0.0818598,-0.082162,-0.000302255,0.531648,0.531813,0.000164983
1.76004e+09,4339,-0.0815551,-0.082162,-0.000606975,0.531481,0.531813,0.000331781
1.76004e+09,4340,-0.0812375,-0.0818598,-0.000622273,0.531287,0.531648,0.000360697
1.76004e+09,4341,-0.0809176,-0.0815551,-0.000637491,0.531091,0.531481,0.000389702
1.76004e+09,4342,-0.0805953,-0.0812375,-0.000642247,0.530894,0.531287,0.000393544
1.76004e+09,4343,-0.0802706,-0.0809176,-0.000646977,0.530694,0.531091,0.000397452
1.76004e+09,4344,-0.0799436,-0.0805953,-0.00065167,0.530492,0.530894,0.000401423
1.76004e+09,4345,-0.0796143,-0.0802706,-0.000656319,0.530288,0.530694,0.000405457
1.76004e+09,4346,-0.0792827,-0.0799436,-0.000660915,0.530083,0.530492,0.000409551
1.76004e+09,4347,-0.0789488,-0.0796143,-0.000665448,0.529875,0.530288,0.000413703
1.76004e+09,4348,-0.0786128,-0.0789488,-0.000336059,0.529665,0.529875,0.000210013
1.76004e+09,4349,-0.0782745,-0.0786128,-0.000338225,0.529453,0.529665,0.000212155
1.76004e+09,4350,-0.0779342,-0.0782745,-0.000340342,0.529238,0.529453,0.000214321
1.76004e+09,4351,-0.0775918,-0.0779342,-0.000342404,0.529022,0.529238,0.000216508
1.76004e+09,4352,-0.0772474,-0.0779342,-0.000686809,0.528803,0.529238,0.000435224
1.76004e+09,4353,-0.076901,-0.0772474,-0.000346342,0.528582,0.528803,0.00022094
1.76004e+09,4354,-0.0765528,-0.076901,-0.000348207,0.528359,0.528582,0.000223179
1.76004e+09,4355,-0.0762028,-0.0765528,-0.000349997,0.528133,0.528359,0.000225432
1.76004e+09,4356,-0.0758511,-0.0765528,-0.000701703,0.527906,0.528359,0.000453127
1.76004e+09,4357,-0.0754978,-0.0762028,-0.000705034,0.527676,0.528133,0.000457661
1.76004e+09,4358,-0.0751429,-0.0758511,-0.000708189,0.527444,0.527906,0.000462209
1.76004e+09,4359,-0.0747866,-0.0754978,-0.000711159,0.527209,0.527676,0.000466764
1.76004e+09,4360,-0.074429,-0.0747866,-0.000357635,0.526972,0.527209,0.0002368
1.76004e+09,4361,-0.0740701,-0.074429,-0.00035887,0.526733,0.526972,0.000239075
1.76004e+09,4362,-0.0737101,-0.0740701,-0.000359997,0.526492,0.526733,0.000241345
1.76004e+09,4363,-0.0733491,-0.0737101,-0.000361013,0.526248,0.526492,0.000243606
1.76004e+09,4364,-0.0729872,-0.0737101,-0.000722928,0.526002,0.526492,0.00048946
1.76004e+09,4365,-0.0726245,-0.0733491,-0.000724617,0.525754,0.526248,0.000493944
1.76004e+09,4366,-0.0722611,-0.0726245,-0.000363368,0.525504,0.525754,0.000250307
1.76004e+09,4367,-0.0718972,-0.0722611,-0.000363913,0.525251,0.525504,0.000252504
1.76004e+09,4368,-0.0715329,-0.0718972,-0.000364336,0.524997,0.525251,0.000254678
1.76004e+09,4369,-0.0711683,-0.0715329,-0.000364634,0.52474,0.524997,0.000256826
1.76004e+09,4370,-0.0708035,-0.0715329,-0.00072944,0.524481,0.524997,0.000515772
1.76004e+09,4371,-0.0704386,-0.0708035,-0.000364852,0.52422,0.524481,0.000261035
1.76004e+09,4372,-0.0700738,-0.0708035,-0.000729624,0.523957,0.524481,0.000524125
1.76004e+09,4373,-0.0697093,-0.0704386,-0.000729336,0.523692,0.52422,0.0005282
1.76004e+09,4374,-0.069345,-0.0700738,-0.000728795,0.523425,0.523957,0.000532202
1.76004e+09,4375,-0.0689813,-0.0697093,-0.000728003,0.523156,0.523692,0.000536125
1.76004e+09,4376,-0.0686181,-0.069345,-0.000726961,0.522885,0.523425,0.000539966
1.76004e+09,4377,-0.0682556,-0.0689813,-0.000725671,0.522612,0.523156,0.000543722
1.76004e+09,4378,-0.0678939,-0.0686181,-0.000724138,0.522337,0.522885,0.000547387
1.76004e+09,4379,-0.0675332,-0.0682556,-0.000722366,0.522061,0.522612,0.000550961
1.76004e+09,4380,-0.0671736,-0.0678939,-0.000720358,0.521783,0.522337,0.000554439
1.76004e+09,4381,-0.0668151,-0.0671736,-0.000358473,0.521503,0.521783,0.000279743
1.76004e+09,4382,-0.0664579,-0.0668151,-0.000357188,0.521222,0.521503,0.000281358
1.76004e+09,4383,-0.0661021,-0.0664579,-0.000355797,0.520939,0.521222,0.000282923
1.76004e+09,4384,-0.0657478,-0.0661021,-0.000354303,0.520654,0.520939,0.000284437
1.76004e+09,4385,-0.0653951,-0.0657478,-0.000352711,0.520368,0.520654,0.000285899
1.76004e+09,4386,-0.0650441,-0.0653951,-0.000351025,0.520081,0.520368,0.00028731
1.76004e+09,4387,-0.0646948,-0.0653951,-0.000700276,0.519793,0.520368,0.00057598
1.76004e+09,4388,-0.0643474,-0.0646948,-0.000347391,0.519503,0.519793,0.000289979
1.76004e+09,4389,-0.064002,-0.0646948,-0.000692844,0.519211,0.519793,0.000581217
1.76004e+09,4390,-0.0636585,-0.0643474,-0.000688893,0.518919,0.519503,0.000583686
1.76004e+09,4391,-0.0633172,-0.064002,-0.0006848,0.518625,0.519211,0.000586058
1.76004e+09,4392,-0.062978,-0.0636585,-0.000680575,0.518331,0.518919,0.000588334
1.76004e+09,4393,-0.062641,-0.0633172,-0.00067623,0.518035,0.518625,0.000590518
1.76004e+09,4394,-0.0623062,-0.062978,-0.000671776,0.517738,0.518331,0.000592613
1.76004e+09,4395,-0.0619737,-0.062641,-0.000667222,0.51744,0.518035,0.000594621
1.76004e+09,4396,-0.0616436,-0.0623062,-0.000662581,0.517141,0.517738,0.000596545
1.76004e+09,4397,-0.0613159,-0.0619737,-0.000657863,0.516842,0.51744,0.00059839
1.76004e+09,4398,-0.0609905,-0.0616436,-0.000653078,0.516541,0.517141,0.000600159
1.76004e+09,4399,-0.0606676,-0.0613159,-0.000648235,0.51624,0.516842,0.000601855
1.76004e+09,4400,-0.0604616,-0.0609905,-0.000528897,0.528746,0.516541,-0.0122051
1.76004e+09,4401,-0.0602573,-0.0604616,-0.000204316,0.540981,0.528746,-0.0122342
1.76004e+09,4402,-0.0600547,-0.0602573,-0.000202621,0.55296,0.540981,-0.0119791
1.76004e+09,4403,-0.0598538,-0.0600547,-0.000200915,0.564699,0.55296,-0.0117393
1.76004e+09,4404,-0.0596546,-0.0598538,-0.000199201,0.576212,0.564699,-0.0115132
1.76004e+09,4405,-0.0594571,-0.0598538,-0.000396684,0.587512,0.564699,-0.0228126
1.76004e+09,4406,-0.0592613,-0.0594571,-0.000195761,0.598609,0.587512,-0.0110969
1.76004e+09,4407,-0.0590673,-0.0592613,-0.000194041,0.609513,0.598609,-0.0109046
1.76004e+09,4408,-0.058875,-0.0590673,-0.000192323,0.620235,0.609513,-0.0107215
1.76004e+09,4409,-0.0586844,-0.058875,-0.00019061,0.630782,0.620235,-0.0105469
1.76004e+09,4410,-0.0584955,-0.058875,-0.000379513,0.641162,0.620235,-0.020927
1.76004e+09,4411,-0.0583083,-0.0584955,-0.000187204,0.651382,0.641162,-0.0102204
1.76004e+09,4412,-0.0581227,-0.0583083,-0.000185514,0.661449,0.651382,-0.0100672
1.76004e+09,4413,-0.0579389,-0.0581227,-0.000183834,0.671369,0.661449,-0.00992016
1.76004e+09,4414,-0.0577567,-0.0581227,-0.000366,0.681148,0.661449,-0.0196989
1.76004e+09,4415,-0.0575762,-0.0577567,-0.000180508,0.690791,0.681148,-0.00964244
1.76004e+09,4416,-0.0573974,-0.0577567,-0.00035937,0.700302,0.681148,-0.0191534
1.76004e+09,4417,-0.0572201,-0.0575762,-0.000356091,0.709686,0.690791,-0.0188951
1.76004e+09,4418,-0.0570445,-0.0573974,-0.000352837,0.718947,0.700302,-0.0186454
1.76004e+09,4419,-0.0568705,-0.0572201,-0.000349607,0.728089,0.709686,-0.0184038
1.76004e+09,4420,-0.0566981,-0.0570445,-0.000346403,0.737117,0.718947,-0.0181697
1.76004e+09,4421,-0.0565273,-0.0568705,-0.000343224,0.746032,0.728089,-0.0179428
1.76004e+09,4422,-0.0563581,-0.0566981,-0.00034007,0.754839,0.737117,-0.0177224
1.76004e+09,4423,-0.0561904,-0.0565273,-0.00033694,0.76354,0.746032,-0.0175083
1.76004e+09,4424,-0.0560242,-0.0563581,-0.000333834,0.772139,0.754839,-0.0173
1.76004e+09,4425,-0.0558596,-0.0560242,-0.000164608,0.780638,0.772139,-0.00849857
1.76004e+09,4426,-0.0556965,-0.0558596,-0.000163085,0.789039,0.780638,-0.008401
1.76004e+09,4427,-0.055535,-0.0556965,-0.000161572,0.797344,0.789039,-0.00830579
1.76004e+09,4428,-0.0553749,-0.055535,-0.000160071,0.805557,0.797344,-0.00821281
1.76004e+09,4429,-0.0552163,-0.055535,-0.00031865,0.813679,0.797344,-0.0163347
1.76004e+09,4430,-0.0550592,-0.0553749,-0.000315678,0.821712,0.805557,-0.016155
1.76004e+09,4431,-0.0549036,-0.0552163,-0.000312727,0.829658,0.813679,-0.015979
1.76004e+09,4432,-0.0547494,-0.0550592,-0.000309795,0.837519,0.821712,-0.0158068
1.76004e+09,4433,-0.0545967,-0.0547494,-0.000152716,0.845296,0.837519,-0.00777723
1.76004e+09,4434,-0.0544454,-0.0545967,-0.000151274,0.852992,0.845296,-0.00769528
1.76004e+09,4435,-0.0542956,-0.0544454,-0.000149841,0.860606,0.852992,-0.00761485
1.76004e+09,4436,-0.0541472,-0.0544454,-0.000298257,0.868142,0.852992,-0.0151507
1.76004e+09,4437,-0.0540002,-0.0542956,-0.000295418,0.875601,0.860606,-0.0149941
1.76004e+09,4438,-0.0538546,-0.0541472,-0.000292595,0.882982,0.868142,-0.0148401
1.76004e+09,4439,-0.0537104,-0.0540002,-0.000289789,0.890289,0.875601,-0.0146887
1.76004e+09,4440,-0.0535676,-0.0538546,-0.000287,0.897522,0.882982,-0.0145397
1.76004e+09,4441,-0.0534262,-0.0537104,-0.000284226,0.904682,0.890289,-0.014393
1.76004e+09,4442,-0.0532861,-0.0535676,-0.000281469,0.911771,0.897522,-0.0142485
1.76004e+09,4443,-0.0531474,-0.0534262,-0.000278727,0.918788,0.904682,-0.014106
1.76004e+09,4444,-0.0530101,-0.0532861,-0.000276,0.925736,0.911771,-0.0139656
1.76004e+09,4445,-0.0528741,-0.0530101,-0.000135968,0.932615,0.925736,-0.0068791
1.76004e+09,4446,-0.0527395,-0.0528741,-0.000134623,0.939426,0.932615,-0.00681116
1.76004e+09,4447,-0.0526062,-0.0527395,-0.000133286,0.946171,0.939426,-0.00674406
1.76004e+09,4448,-0.0524743,-0.0526062,-0.000131955,0.952848,0.946171,-0.00667776
1.76004e+09,4449,-0.0523436,-0.0524743,-0.000130632,0.959461,0.952848,-0.00661223
1.76004e+09,4450,-0.0522143,-0.0523436,-0.000129315,0.966008,0.959461,-0.00654742
1.76004e+09,4451,-0.0520863,-0.0522143,-0.000128006,0.972491,0.966008,-0.00648332
1.76004e+09,4452,-0.0519596,-0.0520863,-0.000126703,0.978911,0.972491,-0.00641988
1.76004e+09,4453,-0.0518342,-0.0519596,-0.000125407,0.985268,0.978911,-0.00635707
1.76004e+09,4454,-0.0517101,-0.0518342,-0.000124117,0.991563,0.985268,-0.00629488
1.76004e+09,4455,-0.0515873,-0.0518342,-0.000246951,0.997796,0.985268,-0.0125282
1.76004e+09,4456,-0.0514657,-0.0517101,-0.000244392,1.00397,0.991563,-0.0124055
1.76004e+09,4457,-0.0513454,-0.0515873,-0.000241845,1.01008,0.997796,-0.0122839
1.76004e+09,4458,-0.0512264,-0.0514657,-0.000239311,1.01613,1.00397,-0.0121634
1.76004e+09,4459,-0.0511086,-0.0513454,-0.000236789,1.02212,1.01008,-0.0120438
1.76004e+09,4460,-0.0509921,-0.0512264,-0.00023428,1.02806,1.01613,-0.0119252
1.76004e+09,4461,-0.0508769,-0.0511086,-0.000231783,1.03393,1.02212,-0.0118076
1.76004e+09,4462,-0.0507628,-0.0509921,-0.000229298,1.03975,1.02806,-0.0116908
1.76004e+09,4463,-0.05065,-0.0507628,-0.000112796,1.04551,1.03975,-0.0057585
1.76004e+09,4464,-0.0505385,-0.05065,-0.000111568,1.05121,1.04551,-0.00570111
1.76004e+09,4465,-0.0504281,-0.0505385,-0.000110346,1.05685,1.05121,-0.00564409
1.76004e+09,4466,-0.050319,-0.0504281,-0.00010913,1.06244,1.05685,-0.00558743
1.76004e+09,4467,-0.0502111,-0.050319,-0.000107919,1.06797,1.06244,-0.0055311
1.76004e+09,4468,-0.0501043,-0.0502111,-0.000106714,1.07345,1.06797,-0.00547511
1.76004e+09,4469,-0.0499988,-0.0501043,-0.000105514,1.07886,1.07345,-0.00541942
1.76004e+09,4470,-0.0498945,-0.0499988,-0.00010432,1.08423,1.07886,-0.00536404
1.76004e+09,4471,-0.0497914,-0.0498945,-0.000103131,1.08954,1.08423,-0.00530893
1.76004e+09,4472,-0.0496894,-0.0498945,-0.000205078,1.09479,1.08423,-0.010563
1.76004e+09,4473,-0.0495887,-0.0497914,-0.000202716,1.09999,1.08954,-0.0104536
1.76004e+09,4474,-0.0494891,-0.0496894,-0.000200363,1.10514,1.09479,-0.0103447
1.76004e+09,4475,-0.0493906,-0.0495887,-0.000198021,1.11023,1.09999,-0.0102363
1.76004e+09,4476,-0.0492934,-0.0494891,-0.000195689,1.11526,1.10514,-0.0101284
1.76004e+09,4477,-0.0491973,-0.0493906,-0.000193367,1.12025,1.11023,-0.0100209
1.76004e+09,4478,-0.0491023,-0.0492934,-0.000191055,1.12518,1.11526,-0.00991384
1.76004e+09,4479,-0.0490085,-0.0491973,-0.000188751,1.13006,1.12025,-0.00980717
1.76004e+09,4480,-0.0489159,-0.0490085,-9.26567e-05,1.13488,1.13006,-0.00482392
1.76004e+09,4481,-0.0488244,-0.0489159,-9.15167e-05,1.13965,1.13488,-0.00477105
1.76004e+09,4482,-0.048734,-0.0488244,-9.03813e-05,1.14437,1.13965,-0.00471835
1.76004e+09,4483,-0.0486447,-0.0488244,-0.000179632,1.14903,1.13965,-0.00938416
1.76004e+09,4484,-0.0485566,-0.0486447,-8.81238e-05,1.15365,1.14903,-0.00461343
1.76004e+09,4485,-0.0484696,-0.0485566,-8.70015e-05,1.15821,1.15365,-0.0045612
1.76004e+09,4486,-0.0483837,-0.0484696,-8.58835e-05,1.16272,1.15821,-0.00450911
1.76004e+09,4487,-0.0482989,-0.0483837,-8.47696e-05,1.16718,1.16272,-0.00445714
1.76004e+09,4488,-0.0482153,-0.0482989,-8.36599e-05,1.17158,1.16718,-0.00440531
1.76004e+09,4489,-0.0481327,-0.0482153,-8.25541e-05,1.17593,1.17158,-0.0043536
1.76004e+09,4490,-0.0480513,-0.0482153,-0.000164007,1.18024,1.17158,-0.00865559
1.76004e+09,4491,-0.0479709,-0.0481327,-0.000161807,1.18449,1.17593,-0.0085525
1.76004e+09,4492,-0.0478917,-0.0480513,-0.000159615,1.18869,1.18024,-0.00844961
1.76004e+09,4493,-0.0478135,-0.0479709,-0.000157431,1.19283,1.18449,-0.00834692
1.76004e+09,4494,-0.0477364,-0.0478135,-7.70839e-05,1.19693,1.19283,-0.00409661
1.76004e+09,4495,-0.0476604,-0.0477364,-7.60011e-05,1.20098,1.19693,-0.00404549
1.76004e+09,4496,-0.0475855,-0.0476604,-7.49219e-05,1.20497,1.20098,-0.00399445
1.76004e+09,4497,-0.0475116,-0.0475855,-7.38462e-05,1.20891,1.20497,-0.00394349
1.76004e+09,4498,-0.0474389,-0.0475116,-7.2774e-05,1.21281,1.20891,-0.0038926
1.76004e+09,4499,-0.0473672,-0.0474389,-7.17052e-05,1.21665,1.21281,-0.00384178
1.76004e+09,4500,-0.0472965,-0.0473672,-7.06398e-05,1.22044,1.21665,-0.00379102
1.76004e+09,4501,-0.0472269,-0.0472965,-6.95776e-05,1.22418,1.22044,-0.00374031
1.76004e+09,4502,-0.0471584,-0.0472269,-6.85187e-05,1.22787,1.22418,-0.00368967
1.76004e+09,4503,-0.047091,-0.0471584,-6.7463e-05,1.23151,1.22787,-0.00363907
1.76004e+09,4504,-0.0470246,-0.047091,-6.64104e-05,1.2351,1.23151,-0.00358852
1.76004e+09,4505,-0.0469592,-0.0470246,-6.53608e-05,1.23864,1.2351,-0.00353801
1.76004e+09,4506,-0.0468949,-0.0470246,-0.000129675,1.24212,1.2351,-0.00702556
1.76004e+09,4507,-0.0468316,-0.0469592,-0.000127585,1.24556,1.23864,-0.00692467
1.76004e+09,4508,-0.0467694,-0.0468949,-0.000125501,1.24895,1.24212,-0.00682384
1.76004e+09,4509,-0.0467082,-0.0468316,-0.000123422,1.25228,1.24556,-0.00672309
1.76004e+09,4510,-0.046648,-0.0467082,-6.01571e-05,1.25557,1.25228,-0.00328602
1.76004e+09,4511,-0.0465889,-0.046648,-5.91247e-05,1.2588,1.25557,-0.00323571
1.76004e+09,4512,-0.0465308,-0.0465889,-5.80951e-05,1.26199,1.2588,-0.00318543
1.76004e+09,4513,-0.0464737,-0.0465889,-0.000115163,1.26513,1.2588,-0.00632058
1.76004e+09,4514,-0.0464177,-0.0465308,-0.000113112,1.26821,1.26199,-0.00622006
1.76004e+09,4515,-0.0463627,-0.0464737,-0.000111065,1.27124,1.26513,-0.00611958
1.76004e+09,4516,-0.0463087,-0.0464177,-0.000109024,1.27423,1.26821,-0.00601912
1.76004e+09,4517,-0.0462557,-0.0463087,-5.29852e-05,1.27716,1.27423,-0.00293424
1.76004e+09,4518,-0.0462037,-0.0462557,-5.19705e-05,1.28005,1.27716,-0.00288403
1.76004e+09,4519,-0.0461528,-0.0462037,-5.09581e-05,1.28288,1.28005,-0.00283384
1.76004e+09,4520,-0.0461028,-0.0461528,-4.9948e-05,1.28566,1.28288,-0.00278365
1.76004e+09,4521,-0.0460539,-0.0461028,-4.89401e-05,1.2884,1.28566,-0.00273346
1.76004e+09,4522,-0.0460059,-0.0461028,-9.68745e-05,1.29108,1.28566,-0.00541673
1.76004e+09,4523,-0.045959,-0.0460539,-9.48652e-05,1.29371,1.2884,-0.00531635
1.76004e+09,4524,-0.0459131,-0.0460059,-9.28601e-05,1.2963,1.29108,-0.00521598
1.76004e+09,4525,-0.0458681,-0.045959,-9.08591e-05,1.29883,1.29371,-0.0051156
1.76004e+09,4526,-0.0458242,-0.0459131,-8.8862e-05,1.30131,1.2963,-0.00501521
1.76004e+09,4527,-0.0457813,-0.0458681,-8.68689e-05,1.30375,1.29883,-0.0049148
1.76004e+09,4528,-0.0457393,-0.0457813,-4.19429e-05,1.30613,1.30375,-0.00238209
1.76004e+09,4529,-0.0456984,-0.0457393,-4.0951e-05,1.30846,1.30613,-0.00233187
1.76004e+09,4530,-0.0456584,-0.0456984,-3.99609e-05,1.31074,1.30846,-0.00228164
1.76004e+09,4531,-0.0456194,-0.0456584,-3.89725e-05,1.31297,1.31074,-0.0022314
1.76004e+09,4532,-0.0455815,-0.0456194,-3.79858e-05,1.31515,1.31297,-0.00218115
1.76004e+09,4533,-0.0455445,-0.0455815,-3.70008e-05,1.31728,1.31515,-0.00213088
1.76004e+09,4534,-0.0455084,-0.0455815,-7.30182e-05,1.31936,1.31515,-0.00421149
1.76004e+09,4535,-0.0454734,-0.0455084,-3.50355e-05,1.3214,1.31936,-0.00203031
1.76004e+09,4536,-0.0454394,-0.0454734,-3.40552e-05,1.32338,1.3214,-0.00198
1.76004e+09,4537,-0.0454063,-0.0454394,-3.30763e-05,1.3253,1.32338,-0.00192968
1.76004e+09,4538,-0.0453742,-0.0454063,-3.20989e-05,1.32718,1.3253,-0.00187934
1.76004e+09,4539,-0.0453431,-0.0453742,-3.11228e-05,1.32901,1.32718,-0.00182898
1.76004e+09,4540,-0.0453129,-0.0453742,-6.12709e-05,1.33079,1.32718,-0.00360759
1.76004e+09,4541,-0.0452837,-0.0453431,-5.93228e-05,1.33252,1.32901,-0.00350681
1.76004e+09,4542,-0.0452555,-0.0453129,-5.73772e-05,1.3342,1.33079,-0.00340601
1.76004e+09,4543,-0.0452283,-0.0452837,-5.54341e-05,1.33583,1.33252,-0.00330516
1.76004e+09,4544,-0.045202,-0.0452555,-5.34934e-05,1.3374,1.3342,-0.00320427
1.76004e+09,4545,-0.0451767,-0.045202,-2.52932e-05,1.33893,1.3374,-0.00152644
1.76004e+09,4546,-0.0451524,-0.0451767,-2.43256e-05,1.3404,1.33893,-0.00147594
1.76004e+09,4547,-0.0451291,-0.0451524,-2.33591e-05,1.34183,1.3404,-0.00142543
1.76004e+09,4548,-0.0451067,-0.0451291,-2.23936e-05,1.3432,1.34183,-0.00137489
1.76004e+09,4549,-0.0450852,-0.0451067,-2.14291e-05,1.34453,1.3432,-0.00132434
1.76004e+09,4550,-0.0450648,-0.0451067,-4.18946e-05,1.3458,1.3432,-0.0025981
1.76004e+09,4551,-0.0450453,-0.0450648,-1.95028e-05,1.34703,1.3458,-0.00122316
1.76004e+09,4552,-0.0450267,-0.0450453,-1.85409e-05,1.3482,1.34703,-0.00117254
1.76004e+09,4553,-0.0450091,-0.0450267,-1.75798e-05,1.34932,1.3482,-0.0011219
1.76004e+09,4554,-0.0449925,-0.0450091,-1.66195e-05,1.35039,1.34932,-0.00107123
1.76004e+09,4555,-0.0449769,-0.0450091,-3.22795e-05,1.35141,1.34932,-0.00209178
1.76004e+09,4556,-0.0449622,-0.0449925,-3.03611e-05,1.35238,1.35039,-0.00199038
1.76004e+09,4557,-0.0449484,-0.0449769,-2.84439e-05,1.3533,1.35141,-0.00188895
1.76004e+09,4558,-0.0449356,-0.0449622,-2.65281e-05,1.35417,1.35238,-0.00178747
1.76004e+09,4559,-0.0449238,-0.0449484,-2.46134e-05,1.35499,1.3533,-0.00168594
1.76004e+09,4560,-0.0449129,-0.0449356,-2.26998e-05,1.35575,1.35417,-0.00158438
1.76004e+09,4561,-0.044903,-0.0449238,-2.07872e-05,1.35647,1.35499,-0.00148277
1.76004e+09,4562,-0.0448941,-0.0449129,-1.88755e-05,1.35713,1.35575,-0.00138111
1.76004e+09,4563,-0.0448861,-0.044903,-1.69648e-05,1.35775,1.35647,-0.00127942
1.76004e+09,4564,-0.044879,-0.0448941,-1.50548e-05,1.35831,1.35713,-0.00117769
1.76004e+09,4565,-0.0448729,-0.044879,-6.09551e-06,1.35883,1.35831,-0.000512505
1.76004e+09,4566,-0.0448678,-0.0448729,-5.14133e-06,1.35929,1.35883,-0.000461586
1.76004e+09,4567,-0.0448636,-0.0448729,-9.32875e-06,1.3597,1.35883,-0.000872232
1.76004e+09,4568,-0.0448604,-0.0448678,-7.42113e-06,1.36006,1.35929,-0.000770334
1.76004e+09,4569,-0.0448581,-0.0448636,-5.51391e-06,1.36037,1.3597,-0.000668396
1.76004e+09,4570,-0.0448567,-0.0448581,-1.32682e-06,1.36062,1.36037,-0.000257711
1.76004e+09,4571,-0.0448564,-0.0448567,-3.73552e-07,1.36083,1.36062,-0.000206694
1.76004e+09,4572,-0.0448569,-0.0448567,2.061e-07,1.36099,1.36062,-0.000362352
1.76004e+09,4573,-0.0448585,-0.0448564,2.11248e-06,1.36109,1.36083,-0.000260262
1.76004e+09,4574,-0.044861,-0.0448585,2.48602e-06,1.36114,1.36109,-5.35314e-05
1.76004e+09,4575,-0.0448644,-0.044861,3.43926e-06,1.36115,1.36114,-2.44125e-06
1.76004e+09,4576,-0.0448688,-0.0448644,4.39258e-06,1.3611,1.36115,4.86665e-05
1.76004e+09,4577,-0.0448741,-0.0448688,5.34603e-06,1.361,1.3611,9.97914e-05
1.76004e+09,4578,-0.0448804,-0.0448741,6.29965e-06,1.36085,1.361,0.000150933
1.76004e+09,4579,-0.0448877,-0.0448741,1.35531e-05,1.36064,1.361,0.000353025
1.76004e+09,4580,-0.0448959,-0.0448877,8.20754e-06,1.36039,1.36064,0.000253266
1.76004e+09,4581,-0.0449051,-0.0448959,9.16188e-06,1.36009,1.36039,0.000304457
1.76004e+09,4582,-0.0449152,-0.0449051,1.01165e-05,1.35973,1.36009,0.000355663
1.76004e+09,4583,-0.0449263,-0.0449152,1.10716e-05,1.35932,1.35973,0.000406885
1.76004e+09,4584,-0.0449383,-0.0449263,1.2027e-05,1.35887,1.35932,0.000458122
1.76004e+09,4585,-0.0449513,-0.0449383,1.29829e-05,1.35836,1.35887,0.000509373
1.76004e+09,4586,-0.0449652,-0.0449513,1.39392e-05,1.3578,1.35836,0.00056064
1.76004e+09,4587,-0.0449801,-0.0449652,1.48961e-05,1.35718,1.3578,0.00061192
1.76004e+09,4588,-0.044996,-0.0449801,1.58535e-05,1.35652,1.35718,0.000663214
1.76004e+09,4589,-0.0450128,-0.0449801,3.26649e-05,1.35581,1.35718,0.00137774
1.76004e+09,4590,-0.0450305,-0.044996,3.45816e-05,1.35504,1.35652,0.00148037
1.76004e+09,4591,-0.0450493,-0.0450128,3.64996e-05,1.35422,1.35581,0.00158302
1.76004e+09,4592,-0.045069,-0.0450305,3.84189e-05,1.35336,1.35504,0.00168571
1.76004e+09,4593,-0.0450896,-0.0450493,4.03398e-05,1.35244,1.35422,0.00178842
1.76004e+09,4594,-0.0451112,-0.045069,4.22621e-05,1.35146,1.35336,0.00189115
1.76004e+09,4595,-0.0451338,-0.0450896,4.41862e-05,1.35044,1.35244,0.00199391
1.76004e+09,4596,-0.0451573,-0.0451112,4.61119e-05,1.34937,1.35146,0.0020967
1.76004e+09,4597,-0.0451818,-0.0451338,4.80395e-05,1.34824,1.35044,0.00219951
1.76004e+09,4598,-0.0452073,-0.0451573,4.99689e-05,1.34707,1.34937,0.00230235
1.76004e+09,4599,-0.0452337,-0.0451818,5.19003e-05,1.34584,1.34824,0.00240521
1.76004e+09,4600,-0.0452611,-0.0452073,5.38337e-05,1.34456,1.34707,0.0025081
1.76004e+09,4601,-0.0452895,-0.0452337,5.57693e-05,1.34323,1.34584,0.00261101
1.76004e+09,4602,-0.0453188,-0.0452611,5.77071e-05,1.34184,1.34456,0.00271394
1.76004e+09,4603,-0.0453491,-0.0453188,3.03089e-05,1.34041,1.34184,0.0014342
1.76004e+09,4604,-0.0453804,-0.0453188,6.15897e-05,1.33892,1.34184,0.00291989
1.76004e+09,4605,-0.0454127,-0.0453491,6.35347e-05,1.33739,1.34041,0.00302291
1.76004e+09,4606,-0.0454459,-0.0453804,6.54823e-05,1.3358,1.33892,0.00312595
1.76004e+09,4607,-0.0454801,-0.0454127,6.74325e-05,1.33416,1.33739,0.00322901
1.76004e+09,4608,-0.0455153,-0.0454459,6.93854e-05,1.33247,1.3358,0.00333211
1.76004e+09,4609,-0.0455515,-0.0454801,7.13412e-05,1.33072,1.33416,0.00343523
1.76004e+09,4610,-0.0455886,-0.0455153,7.32999e-05,1.32893,1.33247,0.00353838
1.76004e+09,4611,-0.0456267,-0.0455886,3.81216e-05,1.32708,1.32893,0.00184658
1.76004e+09,4612,-0.0456658,-0.0455886,7.72264e-05,1.32518,1.32893,0.00374477
1.76004e+09,4613,-0.0457059,-0.0456267,7.91944e-05,1.32323,1.32708,0.00384801
1.76004e+09,4614,-0.045747,-0.0456658,8.11657e-05,1.32123,1.32518,0.00395129
1.76004e+09,4615,-0.0457891,-0.0457059,8.31404e-05,1.31918,1.32323,0.0040546
1.76004e+09,4616,-0.0458321,-0.045747,8.51185e-05,1.31707,1.32123,0.00415794
1.76004e+09,4617,-0.0458762,-0.0457891,8.71002e-05,1.31492,1.31918,0.00426132
1.76004e+09,4618,-0.0459212,-0.0458321,8.90856e-05,1.31271,1.31707,0.00436474
1.76004e+09,4619,-0.0459672,-0.0458762,9.10747e-05,1.31045,1.31492,0.0044682
1.76004e+09,4620,-0.0460143,-0.0459212,9.30677e-05,1.30814,1.31271,0.0045717
1.76004e+09,4621,-0.0460623,-0.0459672,9.50647e-05,1.30577,1.31045,0.00467524
1.76004e+09,4622,-0.0461113,-0.0460143,9.70656e-05,1.30336,1.30814,0.00477883
1.76004e+09,4623,-0.0461614,-0.0461113,5.00372e-05,1.30089,1.30336,0.00246715
1.76004e+09,4624,-0.0462124,-0.0461614,5.1043e-05,1.29837,1.30089,0.00251901
1.76004e+09,4625,-0.0462645,-0.0462124,5.20509e-05,1.2958,1.29837,0.0025709
1.76004e+09,4626,-0.0463175,-0.0462124,0.000105112,1.29318,1.29837,0.00519371
1.76004e+09,4627,-0.0463716,-0.0462645,0.000107135,1.2905,1.2958,0.00529757
1.76004e+09,4628,-0.0464267,-0.0463175,0.000109162,1.28778,1.29318,0.00540149
1.76004e+09,4629,-0.0464828,-0.0463716,0.000111194,1.285,1.2905,0.00550548
1.76004e+09,4630,-0.0465399,-0.0464267,0.000113231,1.28217,1.28778,0.00560953
1.76004e+09,4631,-0.0465981,-0.0465399,5.81478e-05,1.27928,1.28217,0.00288287
1.76004e+09,4632,-0.0466572,-0.0465981,5.91727e-05,1.27635,1.27928,0.00293499
1.76004e+09,4633,-0.0467174,-0.0466572,6.02001e-05,1.27336,1.27635,0.00298716
1.76004e+09,4634,-0.0467787,-0.0467174,6.12302e-05,1.27032,1.27336,0.00303936
1.76004e+09,4635,-0.0468409,-0.0467787,6.22631e-05,1.26723,1.27032,0.00309161
1.76004e+09,4636,-0.0469042,-0.0468409,6.32987e-05,1.26409,1.26723,0.00314392
1.76004e+09,4637,-0.0469686,-0.0469042,6.43372e-05,1.26089,1.26409,0.00319627
1.76004e+09,4638,-0.0470339,-0.0469042,0.000129716,1.25764,1.26409,0.00644494
1.76004e+09,4639,-0.0471004,-0.0469686,0.000131801,1.25434,1.26089,0.0065498
1.76004e+09,4640,-0.0471678,-0.0470339,0.000133893,1.25099,1.25764,0.00665478
1.76004e+09,4641,-0.0472364,-0.0471004,0.000135991,1.24758,1.25434,0.00675988
1.76004e+09,4642,-0.0473059,-0.0471678,0.000138095,1.24412,1.25099,0.00686511
1.76004e+09,4643,-0.0473766,-0.0473059,7.06308e-05,1.24061,1.24412,0.00351159
1.76004e+09,4644,-0.0474483,-0.0473766,7.16908e-05,1.23705,1.24061,0.00356438
1.76004e+09,4645,-0.047521,-0.0474483,7.2754e-05,1.23343,1.23705,0.00361724
1.76004e+09,4646,-0.0475948,-0.047521,7.38207e-05,1.22976,1.23343,0.00367018
1.76004e+09,4647,-0.0476697,-0.047521,0.000148711,1.22604,1.23343,0.00739339
1.76004e+09,4648,-0.0477457,-0.0476697,7.59643e-05,1.22226,1.22604,0.00377632
1.76004e+09,4649,-0.0478227,-0.0476697,0.000153006,1.21843,1.22604,0.00760584
1.76004e+09,4650,-0.0479008,-0.0477457,0.000155163,1.21455,1.22226,0.00771235
1.76004e+09,4651,-0.04798,-0.0478227,0.000157328,1.21061,1.21843,0.00781905
1.76004e+09,4652,-0.0480603,-0.0479008,0.000159501,1.20662,1.21455,0.00792596
1.76004e+09,4653,-0.0481417,-0.04798,0.000161681,1.20258,1.21061,0.00803308
1.76004e+09,4654,-0.0482242,-0.0480603,0.000163869,1.19848,1.20662,0.00814043
1.76004e+09,4655,-0.0483078,-0.0481417,0.000166064,1.19433,1.20258,0.00824802
1.76004e+09,4656,-0.0483925,-0.0482242,0.000168268,1.19012,1.19848,0.00835585
1.76004e+09,4657,-0.0484783,-0.0483078,0.000170479,1.18587,1.19433,0.00846395
1.76004e+09,4658,-0.0485652,-0.0483925,0.000172699,1.18155,1.19012,0.00857232
1.76004e+09,4659,-0.0486532,-0.0484783,0.000174927,1.17718,1.18587,0.00868097
1.76004e+09,4660,-0.0487423,-0.0486532,8.91419e-05,1.17276,1.17718,0.00442224
1.76004e+09,4661,-0.0488326,-0.0486532,0.000179409,1.16829,1.17718,0.00889919
1.76004e+09,4662,-0.048924,-0.0487423,0.000181662,1.16375,1.17276,0.00900878
1.76004e+09,4663,-0.0490165,-0.0488326,0.000183925,1.15917,1.16829,0.00911871
1.76004e+09,4664,-0.0491102,-0.048924,0.000186197,1.15452,1.16375,0.009229
1.76004e+09,4665,-0.049205,-0.0490165,0.000188478,1.14983,1.15917,0.00933966
1.76004e+09,4666,-0.049301,-0.049205,9.59578e-05,1.14507,1.14983,0.00475317
1.76004e+09,4667,-0.0493981,-0.049301,9.71101e-05,1.14026,1.14507,0.00480901
1.76004e+09,4668,-0.0494963,-0.049301,0.000195377,1.1354,1.14507,0.00967406
1.76004e+09,4669,-0.0495958,-0.0493981,0.000197696,1.13048,1.14026,0.00978639
1.76004e+09,4670,-0.0496964,-0.0494963,0.000200025,1.1255,1.1354,0.00989919
1.76004e+09,4671,-0.0497981,-0.0495958,0.000202364,1.12047,1.13048,0.0100125
1.76004e+09,4672,-0.0499011,-0.0496964,0.000204713,1.11537,1.1255,0.0101263
1.76004e+09,4673,-0.0500052,-0.0497981,0.000207073,1.11023,1.12047,0.0102406
1.76004e+09,4674,-0.0501105,-0.0499011,0.000209443,1.10502,1.11537,0.0103554
1.76004e+09,4675,-0.050217,-0.0500052,0.000211823,1.09975,1.11023,0.0104709
1.76004e+09,4676,-0.0503247,-0.0501105,0.000214215,1.09443,1.10502,0.0105869
1.76004e+09,4677,-0.0504337,-0.050217,0.000216617,1.08905,1.09975,0.0107036
1.76004e+09,4678,-0.0505438,-0.0503247,0.000219031,1.08361,1.09443,0.010821
1.76004e+09,4679,-0.0506551,-0.0505438,0.000111335,1.07811,1.08361,0.00549908
1.76004e+09,4680,-0.0507677,-0.0505438,0.000223891,1.07255,1.08361,0.0110577
1.76004e+09,4681,-0.0508814,-0.0506551,0.000226339,1.06693,1.07811,0.0111772
1.76004e+09,4682,-0.0509965,-0.0508814,0.000115015,1.06126,1.06693,0.00567891
1.76004e+09,4683,-0.0511127,-0.0509965,0.000116254,1.05552,1.06126,0.00573965
1.76004e+09,4684,-0.0512302,-0.0511127,0.000117498,1.04972,1.05552,0.00580084
1.76004e+09,4685,-0.051349,-0.0512302,0.000118749,1.04385,1.04972,0.00586248
1.76004e+09,4686,-0.051469,-0.051349,0.000120006,1.03793,1.04385,0.00592459
1.76004e+09,4687,-0.0515902,-0.051469,0.000121269,1.03194,1.03793,0.0059872
1.76004e+09,4688,-0.0517128,-0.051469,0.000243808,1.02589,1.03793,0.0120375
1.76004e+09,4689,-0.0518366,-0.0515902,0.000246353,1.01978,1.03194,0.0121643
1.76004e+09,4690,-0.0519617,-0.0517128,0.000248911,1.0136,1.02589,0.0122922
1.76004e+09,4691,-0.0520881,-0.0518366,0.000251482,1.00736,1.01978,0.0124213
1.76004e+09,4692,-0.0522158,-0.0519617,0.000254067,1.00105,1.0136,0.0125515
1.76004e+09,4693,-0.0523447,-0.0520881,0.000256665,0.994672,1.00736,0.0126831
1.76004e+09,4694,-0.052475,-0.0522158,0.000259276,0.988231,1.00105,0.0128159
1.76004e+09,4695,-0.0526066,-0.0523447,0.000261901,0.981722,0.994672,0.0129501
1.76004e+09,4696,-0.0527396,-0.052475,0.00026454,0.975145,0.988231,0.0130858
1.76004e+09,4697,-0.0528738,-0.0526066,0.000267193,0.968499,0.981722,0.013223
1.76004e+09,4698,-0.0530094,-0.0527396,0.00026986,0.961783,0.975145,0.0133617
1.76004e+09,4699,-0.0531464,-0.0528738,0.000272541,0.954997,0.968499,0.0135021
1.76004e+09,4700,-0.0532847,-0.0530094,0.000275238,0.948139,0.961783,0.0136443
1.76004e+09,4701,-0.0534243,-0.0531464,0.000277949,0.941209,0.954997,0.0137883
1.76004e+09,4702,-0.0535653,-0.0532847,0.000280675,0.934205,0.948139,0.0139341
1.76004e+09,4703,-0.0537077,-0.0534243,0.000283416,0.927127,0.941209,0.014082
1.76004e+09,4704,-0.0538515,-0.0535653,0.000286173,0.919973,0.934205,0.0142319
1.76004e+09,4705,-0.0539967,-0.0537077,0.000288946,0.912743,0.927127,0.0143841
1.76004e+09,4706,-0.0541433,-0.0538515,0.000291735,0.905434,0.919973,0.0145385
1.76004e+09,4707,-0.0542912,-0.0539967,0.00029454,0.898047,0.912743,0.0146954
1.76004e+09,4708,-0.0544406,-0.0541433,0.000297363,0.89058,0.905434,0.0148548
1.76004e+09,4709,-0.0545914,-0.0542912,0.000300202,0.88303,0.898047,0.0150168
1.76004e+09,4710,-0.0547437,-0.0544406,0.00030306,0.875398,0.89058,0.0151817
1.76004e+09,4711,-0.0548974,-0.0545914,0.000305935,0.867681,0.88303,0.0153495
1.76004e+09,4712,-0.0550525,-0.0547437,0.000308829,0.859878,0.875398,0.0155205
1.76004e+09,4713,-0.0552091,-0.0548974,0.000311743,0.851986,0.867681,0.0156947
1.76004e+09,4714,-0.0553672,-0.0550525,0.000314676,0.844005,0.859878,0.0158723
1.76004e+09,4715,-0.0555267,-0.0552091,0.00031763,0.835933,0.851986,0.0160536
1.76004e+09,4716,-0.0556878,-0.0553672,0.000320604,0.827766,0.844005,0.0162388
1.76004e+09,4717,-0.0558503,-0.0555267,0.0003236,0.819505,0.835933,0.016428
1.76004e+09,4718,-0.0560144,-0.0556878,0.000326619,0.811145,0.827766,0.0166215
1.76004e+09,4719,-0.05618,-0.0558503,0.00032966,0.802685,0.819505,0.0168195
1.76004e+09,4720,-0.0563471,-0.0560144,0.000332725,0.794123,0.811145,0.0170224
1.76004e+09,4721,-0.0565158,-0.05618,0.000335814,0.785455,0.802685,0.0172304
1.76004e+09,4722,-0.0566861,-0.0563471,0.000338928,0.776679,0.794123,0.0174437
1.76004e+09,4723,-0.0568579,-0.0565158,0.000342068,0.767792,0.785455,0.0176628
1.76004e+09,4724,-0.0570313,-0.0568579,0.000173411,0.758791,0.767792,0.00900112
1.76004e+09,4725,-0.0572063,-0.0570313,0.000175014,0.749672,0.758791,0.00911867
1.76004e+09,4726,-0.0573829,-0.0572063,0.00017663,0.740432,0.749672,0.00923979
1.76004e+09,4727,-0.0575612,-0.0573829,0.000178259,0.731068,0.740432,0.00936474
1.76004e+09,4728,-0.0577411,-0.0573829,0.000358161,0.721574,0.740432,0.0188585
1.76004e+09,4729,-0.0579227,-0.0575612,0.000361459,0.711947,0.731068,0.0191209
1.76004e+09,4730,-0.0581059,-0.0577411,0.000364784,0.702181,0.721574,0.0193924
1.76004e+09,4731,-0.0582908,-0.0579227,0.000368133,0.692273,0.711947,0.0196737
1.76004e+09,4732,-0.0584774,-0.0581059,0.000371506,0.682216,0.702181,0.0199654
1.76004e+09,4733,-0.0586657,-0.0582908,0.000374902,0.672005,0.692273,0.0202684
1.76004e+09,4734,-0.0588557,-0.0584774,0.000378317,0.661632,0.682216,0.0205835
1.76004e+09,4735,-0.0590474,-0.0586657,0.00038175,0.651093,0.672005,0.0209118
1.76004e+09,4736,-0.0592409,-0.0588557,0.000385197,0.640378,0.661632,0.0212544
1.76004e+09,4737,-0.0594361,-0.0590474,0.000388654,0.62948,0.651093,0.0216125
1.76004e+09,4738,-0.059633,-0.0592409,0.000392117,0.618391,0.640378,0.0219874
1.76004e+09,4739,-0.0598317,-0.0594361,0.000395581,0.607099,0.62948,0.0223808
1.76004e+09,4740,-0.0601457,-0.059633,0.000512673,0.606911,0.618391,0.0114792
1.76004e+09,4741,-0.0604622,-0.0598317,0.000630521,0.606721,0.607099,0.000378871
1.76004e+09,4742,-0.0607812,-0.0601457,0.000635486,0.606527,0.606911,0.000384483
1.76004e+09,4743,-0.0611026,-0.0604622,0.000640426,0.60633,0.606721,0.000390138
1.76004e+09,4744,-0.0614265,-0.0607812,0.000645333,0.606131,0.606527,0.000395831
1.76004e+09,4745,-0.0617528,-0.0611026,0.000650197,0.605929,0.60633,0.000401557
1.76004e+09,4746,-0.0620815,-0.0614265,0.000655009,0.605724,0.606131,0.00040731
1.76004e+09,4747,-0.0624126,-0.0617528,0.000659761,0.605516,0.605929,0.000413084
1.76004e+09,4748,-0.062746,-0.0620815,0.000664442,0.605305,0.605724,0.000418872
1.76004e+09,4749,-0.0630816,-0.0624126,0.000669041,0.605091,0.605516,0.000424668
1.76004e+09,4750,-0.0634195,-0.062746,0.000673549,0.604874,0.605305,0.000430463
1.76004e+09,4751,-0.0637596,-0.0630816,0.000677955,0.604655,0.605091,0.000436251
1.76004e+09,4752,-0.0641018,-0.0634195,0.000682248,0.604432,0.604874,0.000442023
1.76004e+09,4753,-0.064446,-0.0641018,0.000344235,0.604207,0.604432,0.000225319
1.76004e+09,4754,-0.0647922,-0.064446,0.000346217,0.603979,0.604207,0.000228167
1.76004e+09,4755,-0.0651403,-0.064446,0.000694341,0.603748,0.604207,0.000459159
1.76004e+09,4756,-0.0654903,-0.0651403,0.000349952,0.603514,0.603748,0.000233791
1.76004e+09,4757,-0.065842,-0.0651403,0.000701645,0.603278,0.603748,0.000470349
1.76004e+09,4758,-0.0661953,-0.0654903,0.00070504,0.603038,0.603514,0.000475847
1.76004e+09,4759,-0.0665502,-0.0661953,0.000354904,0.602796,0.603038,0.000241979
1.76004e+09,4760,-0.0669066,-0.0665502,0.000356363,0.602552,0.602796,0.000244625
1.76004e+09,4761,-0.0672643,-0.0665502,0.000714082,0.602304,0.602796,0.000491847
1.76004e+09,4762,-0.0676233,-0.0669066,0.000716688,0.602055,0.602552,0.000496988
1.76004e+09,4763,-0.0679834,-0.0672643,0.000719077,0.601802,0.602304,0.000502018
1.76004e+09,4764,-0.0683445,-0.0676233,0.000721243,0.601548,0.602055,0.00050693
1.76004e+09,4765,-0.0687066,-0.0679834,0.000723179,0.601291,0.601802,0.000511715
1.76004e+09,4766,-0.0690694,-0.0683445,0.00072488,0.601031,0.601548,0.000516366
1.76004e+09,4767,-0.0694329,-0.0687066,0.000726342,0.60077,0.601291,0.000520877
1.76004e+09,4768,-0.069797,-0.0690694,0.000727559,0.600506,0.601031,0.000525239
1.76004e+09,4769,-0.0701614,-0.0694329,0.000728529,0.60024,0.60077,0.000529447
1.76004e+09,4770,-0.0705262,-0.069797,0.00072925,0.599973,0.600506,0.000533495
1.76004e+09,4771,-0.0708912,-0.0701614,0.000729719,0.599703,0.60024,0.000537377
1.76004e+09,4772,-0.0712561,-0.0705262,0.000729935,0.599432,0.599973,0.000541088
1.76004e+09,4773,-0.0716211,-0.0708912,0.000729897,0.599158,0.599703,0.000544623
1.76004e+09,4774,-0.0719858,-0.0712561,0.000729607,0.598884,0.599432,0.000547978
1.76004e+09,4775,-0.0723501,-0.0716211,0.000729064,0.598607,0.599158,0.00055115
1.76004e+09,4776,-0.072714,-0.0719858,0.000728272,0.598329,0.598884,0.000554136
1.76004e+09,4777,-0.0730773,-0.0723501,0.000727231,0.59805,0.598607,0.000556933
1.76004e+09,4778,-0.07344,-0.072714,0.000725946,0.59777,0.598329,0.000559539
1.76004e+09,4779,-0.0738018,-0.0730773,0.000724421,0.597488,0.59805,0.000561954
1.76004e+09,4780,-0.0741626,-0.07344,0.00072266,0.597206,0.59777,0.000564177
1.76004e+09,4781,-0.0745224,-0.0738018,0.000720668,0.596922,0.597488,0.000566207
1.76004e+09,4782,-0.0748811,-0.0741626,0.000718452,0.596638,0.597206,0.000568046
1.76004e+09,4783,-0.0752385,-0.0745224,0.000716019,0.596352,0.596922,0.000569696
1.76004e+09,4784,-0.0755945,-0.0748811,0.000713375,0.596067,0.596638,0.000571157
1.76004e+09,4785,-0.075949,-0.0752385,0.000710529,0.59578,0.596352,0.000572434
1.76004e+09,4786,-0.0763019,-0.075949,0.000352961,0.595493,0.59578,0.000287016
1.76004e+09,4787,-0.0766533,-0.075949,0.000704266,0.595206,0.59578,0.000574446
1.76004e+09,4788,-0.0770028,-0.0763019,0.000700867,0.594918,0.595493,0.00057519
1.76004e+09,4789,-0.0773506,-0.0766533,0.000697302,0.59463,0.595206,0.000575766
1.76004e+09,4790,-0.0776964,-0.0770028,0.000693583,0.594342,0.594918,0.00057618
1.76004e+09,4791,-0.0780403,-0.0773506,0.00068972,0.594053,0.59463,0.000576438
1.76004e+09,4792,-0.0783821,-0.0776964,0.000685723,0.593765,0.594342,0.000576547
1.76004e+09,4793,-0.0787219,-0.0780403,0.000681604,0.593477,0.594053,0.000576512
1.76004e+09,4794,-0.0790595,-0.0783821,0.000677373,0.593189,0.593765,0.000576343
1.76004e+09,4795,-0.0793949,-0.0787219,0.000673041,0.592901,0.593477,0.000576045
1.76004e+09,4796,-0.0797281,-0.0790595,0.00066862,0.592613,0.593189,0.000575627
1.76004e+09,4797,-0.080059,-0.0793949,0.000664119,0.592326,0.592901,0.000575096
1.76004e+09,4798,-0.0803877,-0.0797281,0.000659549,0.592039,0.592613,0.00057446
1.76004e+09,4799,-0.080714,-0.080059,0.000654919,0.591752,0.592326,0.000573725
1.76004e+09,4800,-0.0810276,-0.0803877,0.000639924,0.591443,0.592039,0.00059582
1.76004e+09,4801,-0.0813388,-0.080714,0.000624815,0.591134,0.591752,0.000617846
1.76004e+09,4802,-0.0816475,-0.0810276,0.000619918,0.590826,0.591443,0.000616891
1.76004e+09,4803,-0.0819538,-0.0813388,0.000614997,0.590518,0.591134,0.000615865
1.76004e+09,4804,-0.0822576,-0.0819538,0.000303793,0.590211,0.590518,0.000307105
1.76004e+09,4805,-0.0825589,-0.0822576,0.000301316,0.589905,0.590211,0.000306515
1.76004e+09,4806,-0.0828577,-0.0825589,0.000298838,0.589599,0.589905,0.000305899
1.76004e+09,4807,-0.0831541,-0.0825589,0.000595201,0.589293,0.589905,0.000611158
1.76004e+09,4808,-0.083448,-0.0828577,0.000590253,0.588989,0.589599,0.000609857
1.76004e+09,4809,-0.0837394,-0.0831541,0.000585315,0.588685,0.589293,0.000608516
1.76004e+09,4810,-0.0840284,-0.083448,0.000580391,0.588382,0.588989,0.000607139
1.76004e+09,4811,-0.0843149,-0.0837394,0.000575484,0.588079,0.588685,0.000605728
1.76004e+09,4812,-0.084599,-0.0840284,0.000570597,0.587777,0.588382,0.000604288
1.76004e+09,4813,-0.0848806,-0.0843149,0.000565732,0.587476,0.588079,0.00060282
1.76004e+09,4814,-0.0851598,-0.084599,0.00056089,0.587176,0.587777,0.000601327
1.76004e+09,4815,-0.0854367,-0.0848806,0.000556074,0.586877,0.587476,0.000599811
1.76004e+09,4816,-0.0857111,-0.0851598,0.000551285,0.586578,0.587176,0.000598274
1.76004e+09,4817,-0.0859832,-0.0854367,0.000546522,0.58628,0.586877,0.000596717
1.76004e+09,4818,-0.0862529,-0.0857111,0.000541788,0.585983,0.586578,0.000595141
1.76004e+09,4819,-0.0865203,-0.0859832,0.000537081,0.585686,0.58628,0.000593547
1.76004e+09,4820,-0.0867853,-0.0862529,0.000532402,0.585391,0.585983,0.000591937
1.76004e+09,4821,-0.087048,-0.0867853,0.000262716,0.585096,0.585391,0.000294747
1.76004e+09,4822,-0.0873084,-0.087048,0.000260412,0.584802,0.585096,0.000293922
1.76004e+09,4823,-0.0875666,-0.0873084,0.000258121,0.584509,0.584802,0.000293089
1.76004e+09,4824,-0.0878224,-0.0875666,0.000255843,0.584217,0.584509,0.00029225
1.76004e+09,4825,-0.088076,-0.0875666,0.000509422,0.583925,0.584509,0.000583652
1.76004e+09,4826,-0.0883273,-0.0878224,0.000504906,0.583635,0.584217,0.000581951
1.76004e+09,4827,-0.0885764,-0.088076,0.000500416,0.583345,0.583925,0.000580236
1.76004e+09,4828,-0.0888233,-0.0883273,0.000495951,0.583056,0.583635,0.000578507
1.76004e+09,4829,-0.0890679,-0.0885764,0.00049151,0.582768,0.583345,0.000576764
1.76004e+09,4830,-0.0893104,-0.0888233,0.000487093,0.582481,0.583056,0.000575007
1.76004e+09,4831,-0.0895506,-0.0890679,0.0004827,0.582195,0.582768,0.000573236
1.76004e+09,4832,-0.0897887,-0.0893104,0.000478329,0.58191,0.582481,0.000571452
1.76004e+09,4833,-0.0900246,-0.0895506,0.000473981,0.581625,0.582195,0.000569655
1.76004e+09,4834,-0.0902583,-0.0897887,0.000469655,0.581342,0.58191,0.000567844
1.76004e+09,4835,-0.0904899,-0.0900246,0.00046535,0.581059,0.581625,0.00056602
1.76004e+09,4836,-0.0907194,-0.0902583,0.000461067,0.580778,0.581342,0.000564184
1.76004e+09,4837,-0.0909468,-0.0904899,0.000456804,0.580497,0.581059,0.000562334
1.76004e+09,4838,-0.091172,-0.0907194,0.000452562,0.580217,0.580778,0.000560472
1.76004e+09,4839,-0.0913951,-0.0909468,0.000448339,0.579939,0.580497,0.000558598
1.76004e+09,4840,-0.0916161,-0.091172,0.000444136,0.579661,0.580217,0.000556712
1.76004e+09,4841,-0.091835,-0.0913951,0.000439953,0.579384,0.579939,0.000554814
1.76004e+09,4842,-0.0920519,-0.0916161,0.000435788,0.579108,0.579661,0.000552904
1.76004e+09,4843,-0.0922667,-0.091835,0.000431643,0.578833,0.579384,0.000550984
1.76004e+09,4844,-0.0924794,-0.0920519,0.000427516,0.578559,0.579108,0.000549052
1.76004e+09,4845,-0.0926901,-0.0922667,0.000423407,0.578286,0.578833,0.000547109
1.76004e+09,4846,-0.0928987,-0.0924794,0.000419317,0.578014,0.578559,0.000545156
1.76004e+09,4847,-0.0931053,-0.0926901,0.000415245,0.577742,0.578286,0.000543193
1.76004e+09,4848,-0.0933099,-0.0928987,0.00041119,0.577472,0.578014,0.00054122
1.76004e+09,4849,-0.0935125,-0.0931053,0.000407153,0.577203,0.577742,0.000539238
1.76004e+09,4850,-0.0937131,-0.0933099,0.000403133,0.576935,0.577472,0.000537246
1.76004e+09,4851,-0.0939116,-0.0935125,0.000399131,0.576668,0.577203,0.000535245
1.76004e+09,4852,-0.0941082,-0.0937131,0.000395146,0.576402,0.576935,0.000533236
1.76004e+09,4853,-0.0943028,-0.0939116,0.000391177,0.576137,0.576668,0.000531219
1.76004e+09,4854,-0.0944954,-0.0943028,0.000192627,0.575873,0.576137,0.000264089
1.76004e+09,4855,-0.0946861,-0.0943028,0.000383291,0.57561,0.576137,0.000527161
1.76004e+09,4856,-0.0948748,-0.0944954,0.000379372,0.575348,0.575873,0.00052512
1.76004e+09,4857,-0.0950616,-0.0946861,0.00037547,0.575086,0.57561,0.000523073
1.76004e+09,4858,-0.0952464,-0.0948748,0.000371584,0.574826,0.575348,0.000521019
1.76004e+09,4859,-0.0954293,-0.0950616,0.000367714,0.574568,0.575086,0.000518958
1.76004e+09,4860,-0.0956102,-0.0952464,0.00036386,0.57431,0.574826,0.000516892
1.76004e+09,4861,-0.0957893,-0.0954293,0.000360021,0.574053,0.574568,0.000514819
1.76004e+09,4862,-0.0959664,-0.0956102,0.000356198,0.573797,0.57431,0.000512741
1.76004e+09,4863,-0.0961417,-0.0957893,0.000352391,0.573542,0.574053,0.000510657
1.76004e+09,4864,-0.096315,-0.0959664,0.000348599,0.573288,0.573797,0.000508569
1.76004e+09,4865,-0.0964865,-0.0961417,0.000344821,0.573036,0.573542,0.000506475
1.76004e+09,4866,-0.0966561,-0.096315,0.000341059,0.572784,0.573288,0.000504377
1.76004e+09,4867,-0.0968238,-0.0964865,0.000337312,0.572533,0.573036,0.000502275
1.76004e+09,4868,-0.0969897,-0.0966561,0.000333579,0.572284,0.572784,0.000500169
1.76004e+09,4869,-0.0971537,-0.0968238,0.00032986,0.572035,0.572533,0.000498059
1.76004e+09,4870,-0.0973158,-0.0969897,0.000326156,0.571788,0.572284,0.000495945
1.76004e+09,4871,-0.0974761,-0.0971537,0.000322466,0.571541,0.572035,0.000493828
1.76004e+09,4872,-0.0976346,-0.0973158,0.00031879,0.571296,0.571788,0.000491708
1.76004e+09,4873,-0.0977913,-0.0974761,0.000315128,0.571052,0.571541,0.000489586
1.76004e+09,4874,-0.0979461,-0.0976346,0.00031148,0.570809,0.571296,0.00048746
1.76004e+09,4875,-0.0980991,-0.0977913,0.000307845,0.570566,0.571052,0.000485332
1.76004e+09,4876,-0.0982503,-0.0979461,0.000304224,0.570325,0.570809,0.000483203
1.76004e+09,4877,-0.0983997,-0.0980991,0.000300616,0.570085,0.570566,0.000481071
1.76004e+09,4878,-0.0985473,-0.0982503,0.00029702,0.569846,0.570325,0.000478937
1.76004e+09,4879,-0.0986932,-0.0983997,0.000293438,0.569609,0.570085,0.000476802
1.76004e+09,4880,-0.0988372,-0.0985473,0.000289869,0.569372,0.569846,0.000474666
1.76004e+09,4881,-0.0989795,-0.0986932,0.000286312,0.569136,0.569609,0.000472528
1.76004e+09,4882,-0.09912,-0.0988372,0.000282768,0.568901,0.569372,0.00047039
1.76004e+09,4883,-0.0992587,-0.0989795,0.000279236,0.568668,0.569136,0.000468251
1.76004e+09,4884,-0.0993957,-0.09912,0.000275716,0.568435,0.568901,0.000466111
1.76004e+09,4885,-0.0995309,-0.0992587,0.000272208,0.568204,0.568668,0.000463971
1.76004e+09,4886,-0.0996644,-0.0993957,0.000268712,0.567973,0.568435,0.000461831
1.76004e+09,4887,-0.0997962,-0.0995309,0.000265227,0.567744,0.568204,0.000459691
1.76004e+09,4888,-0.0999262,-0.0996644,0.000261755,0.567516,0.567973,0.000457552
1.76004e+09,4889,-0.100054,-0.0997962,0.000258293,0.567289,0.567744,0.000455413
1.76004e+09,4890,-0.100181,-0.0999262,0.000254843,0.567063,0.567516,0.000453274
1.76004e+09,4891,-0.100306,-0.100054,0.000251404,0.566838,0.567289,0.000451136
1.76004e+09,4892,-0.100429,-0.100181,0.000247976,0.566614,0.567063,0.000448999
1.76004e+09,4893,-0.10055,-0.100306,0.000244559,0.566391,0.566838,0.000446864
1.76004e+09,4894,-0.10067,-0.10055,0.000119726,0.566169,0.566391,0.000221831
1.76004e+09,4895,-0.100788,-0.10067,0.00011803,0.565948,0.566169,0.000220765
1.76004e+09,4896,-0.100905,-0.100788,0.00011634,0.565728,0.565948,0.0002197
1.76004e+09,4897,-0.101019,-0.100905,0.000114655,0.56551,0.565728,0.000218636
1.76004e+09,4898,-0.101132,-0.100905,0.00022763,0.565292,0.565728,0.00043621
1.76004e+09,4899,-0.101243,-0.101019,0.000224275,0.565076,0.56551,0.000434085
1.76004e+09,4900,-0.101353,-0.101132,0.000220929,0.56486,0.565292,0.000431962
1.76004e+09,4901,-0.101461,-0.101243,0.000217593,0.564646,0.565076,0.000429842
1.76004e+09,4902,-0.101567,-0.101353,0.000214267,0.564433,0.56486,0.000427724
1.76004e+09,4903,-0.101672,-0.101461,0.00021095,0.56422,0.564646,0.00042561
1.76004e+09,4904,-0.101775,-0.101567,0.000207642,0.564009,0.564433,0.000423498
1.76004e+09,4905,-0.101876,-0.101672,0.000204343,0.563799,0.56422,0.000421389
1.76004e+09,4906,-0.101976,-0.101775,0.000201053,0.56359,0.564009,0.000419284
1.76004e+09,4907,-0.102074,-0.101876,0.000197772,0.563382,0.563799,0.000417182
1.76004e+09,4908,-0.102171,-0.101976,0.0001945,0.563175,0.56359,0.000415084
1.76004e+09,4909,-0.102265,-0.102171,9.48033e-05,0.562969,0.563175,0.000205972
1.76004e+09,4910,-0.102359,-0.102171,0.000187981,0.562764,0.563175,0.000410899
1.76004e+09,4911,-0.10245,-0.102265,0.000184734,0.56256,0.562969,0.000408812
1.76004e+09,4912,-0.10254,-0.10245,8.99387e-05,0.562357,0.56256,0.000202845
1.76004e+09,4913,-0.102628,-0.10245,0.000178264,0.562155,0.56256,0.000404651
1.76004e+09,4914,-0.102715,-0.10254,0.000175041,0.561954,0.562357,0.000402578
1.76004e+09,4915,-0.1028,-0.102628,0.000171825,0.561755,0.562155,0.000400508
1.76004e+09,4916,-0.102884,-0.102715,0.000168617,0.561556,0.561954,0.000398444
1.76004e+09,4917,-0.102966,-0.1028,0.000165417,0.561358,0.561755,0.000396384
1.76004e+09,4918,-0.103046,-0.102884,0.000162223,0.561162,0.561556,0.00039433
1.76004e+09,4919,-0.103125,-0.102966,0.000159037,0.560966,0.561358,0.00039228
1.76004e+09,4920,-0.103202,-0.103046,0.000155858,0.560771,0.561162,0.000390236
1.76004e+09,4921,-0.103277,-0.103125,0.000152686,0.560578,0.560966,0.000388197
1.76004e+09,4922,-0.103351,-0.103202,0.000149521,0.560385,0.560771,0.000386163
1.76004e+09,4923,-0.103424,-0.103277,0.000146362,0.560194,0.560578,0.000384136
1.76004e+09,4924,-0.103494,-0.103351,0.000143209,0.560003,0.560385,0.000382113
1.76004e+09,4925,-0.103564,-0.103424,0.000140063,0.559814,0.560194,0.000380097
1.76004e+09,4926,-0.103631,-0.103494,0.000136924,0.559625,0.560003,0.000378087
1.76004e+09,4927,-0.103698,-0.103564,0.00013379,0.559438,0.559814,0.000376083
1.76004e+09,4928,-0.103762,-0.103631,0.000130662,0.559251,0.559625,0.000374085
1.76004e+09,4929,-0.103825,-0.103698,0.00012754,0.559065,0.559438,0.000372094
1.76004e+09,4930,-0.103886,-0.103762,0.000124424,0.558881,0.559251,0.000370109
1.76004e+09,4931,-0.103946,-0.103825,0.000121313,0.558697,0.559065,0.000368131
1.76004e+09,4932,-0.104005,-0.103886,0.000118208,0.558515,0.558881,0.000366159
1.76004e+09,4933,-0.104061,-0.103946,0.000115107,0.558333,0.558697,0.000364195
1.76004e+09,4934,-0.104117,-0.104005,0.000112013,0.558153,0.558515,0.000362237
1.76004e+09,4935,-0.10417,-0.104061,0.000108923,0.557973,0.558333,0.000360286
1.76004e+09,4936,-0.104223,-0.104117,0.000105837,0.557794,0.558153,0.000358343
1.76004e+09,4937,-0.104273,-0.104223,5.06091e-05,0.557616,0.557794,0.00017772
1.76004e+09,4938,-0.104322,-0.104273,4.90724e-05,0.55744,0.557616,0.000176758
1.76004e+09,4939,-0.10437,-0.104322,4.75379e-05,0.557264,0.55744,0.000175799
1.76004e+09,4940,-0.104416,-0.104322,9.35434e-05,0.557089,0.55744,0.000350644
1.76004e+09,4941,-0.10446,-0.104416,4.44753e-05,0.556915,0.557089,0.000173894
1.76004e+09,4942,-0.104503,-0.10446,4.2947e-05,0.556742,0.556915,0.000172947
1.76004e+09,4943,-0.104545,-0.104503,4.14207e-05,0.55657,0.556742,0.000172004
1.76004e+09,4944,-0.104585,-0.104545,3.98963e-05,0.556399,0.55657,0.000171066
1.76004e+09,4945,-0.104623,-0.104585,3.83737e-05,0.556229,0.556399,0.000170131
1.76004e+09,4946,-0.10466,-0.104623,3.68529e-05,0.55606,0.556229,0.000169201
1.76004e+09,4947,-0.104695,-0.104623,7.21866e-05,0.555892,0.556229,0.000337475
1.76004e+09,4948,-0.104729,-0.10466,6.91499e-05,0.555724,0.55606,0.000335627
1.76004e+09,4949,-0.104761,-0.104695,6.61164e-05,0.555558,0.555892,0.000333788
1.76004e+09,4950,-0.104792,-0.104761,3.07858e-05,0.555392,0.555558,0.000165522
1.76004e+09,4951,-0.104821,-0.104792,2.92727e-05,0.555228,0.555392,0.000164614
1.76004e+09,4952,-0.104849,-0.104821,2.77611e-05,0.555064,0.555228,0.00016371
1.76004e+09,4953,-0.104875,-0.104821,5.40118e-05,0.554901,0.555228,0.000326521
1.76004e+09,4954,-0.1049,-0.104849,5.09923e-05,0.554739,0.555064,0.000324727
1.76004e+09,4955,-0.104923,-0.1049,2.32337e-05,0.554578,0.554739,0.000161026
1.76004e+09,4956,-0.104945,-0.104923,2.17269e-05,0.554418,0.554578,0.000160141
1.76004e+09,4957,-0.104965,-0.104945,2.02211e-05,0.554259,0.554418,0.00015926
1.76004e+09,4958,-0.104984,-0.104945,3.89374e-05,0.5541,0.554418,0.000317645
1.76004e+09,4959,-0.105001,-0.104965,3.59287e-05,0.553943,0.554259,0.000315899
1.76004e+09,4960,-0.105017,-0.104984,3.29219e-05,0.553786,0.5541,0.000314162
1.76004e+09,4961,-0.105031,-0.105001,2.99167e-05,0.55363,0.553943,0.000312436
1.76004e+09,4962,-0.105044,-0.105017,2.6913e-05,0.553475,0.553786,0.00031072
1.76004e+09,4963,-0.105055,-0.105044,1.12049e-05,0.553321,0.553475,0.000154082
1.76004e+09,4964,-0.105065,-0.105055,9.7047e-06,0.553168,0.553321,0.000153237
1.76004e+09,4965,-0.105073,-0.105055,1.79097e-05,0.553016,0.553321,0.000305633
1.76004e+09,4966,-0.10508,-0.105065,1.49109e-05,0.552864,0.553168,0.000303959
1.76004e+09,4967,-0.105085,-0.10508,5.20704e-06,0.552713,0.552864,0.000150733
1.76004e+09,4968,-0.105088,-0.105085,3.7086e-06,0.552564,0.552713,0.000149909
1.76004e+09,4969,-0.105091,-0.105088,2.21045e-06,0.552414,0.552564,0.000149091
1.76004e+09,4970,-0.105091,-0.105091,7.12512e-07,0.552266,0.552414,0.000148278
1.76004e+09,4971,-0.105091,-0.105091,-7.85264e-07,0.552119,0.552266,0.000147471
1.76004e+09,4972,-0.105088,-0.105091,-2.28295e-06,0.551972,0.552119,0.000146669
1.76004e+09,4973,-0.105085,-0.105088,-3.7806e-06,0.551826,0.551972,0.000145873
1.76004e+09,4974,-0.105079,-0.105088,-9.05888e-06,0.551681,0.551972,0.000290956
1.76004e+09,4975,-0.105072,-0.105079,-6.77606e-06,0.551537,0.551681,0.000144299
1.76004e+09,4976,-0.105064,-0.105072,-8.274e-06,0.551393,0.551537,0.00014352
1.76004e+09,4977,-0.105054,-0.105064,-9.77216e-06,0.551251,0.551393,0.000142748
1.76004e+09,4978,-0.105043,-0.105064,-2.10428e-05,0.551109,0.551393,0.00028473
1.76004e+09,4979,-0.10503,-0.105043,-1.27694e-05,0.550967,0.551109,0.000141221
1.76004e+09,4980,-0.105016,-0.10503,-1.42686e-05,0.550827,0.550967,0.000140467
1.76004e+09,4981,-0.105,-0.10503,-3.00369e-05,0.550687,0.550967,0.000280186
1.76004e+09,4982,-0.104983,-0.105016,-3.30369e-05,0.550548,0.550827,0.000278696
1.76004e+09,4983,-0.104964,-0.104983,-1.87694e-05,0.55041,0.550548,0.000138241
1.76004e+09,4984,-0.104944,-0.104964,-2.02709e-05,0.550272,0.55041,0.000137512
1.76004e+09,4985,-0.104922,-0.104944,-2.17731e-05,0.550136,0.550272,0.000136789
1.76004e+09,4986,-0.104899,-0.104922,-2.32761e-05,0.55,0.550136,0.000136073
1.76004e+09,4987,-0.104874,-0.104899,-2.478e-05,0.549864,0.55,0.000135363
1.76004e+09,4988,-0.104848,-0.104874,-2.62848e-05,0.54973,0.549864,0.00013466
1.76004e+09,4989,-0.10482,-0.104874,-5.40755e-05,0.549596,0.549864,0.000268624
1.76004e+09,4990,-0.104791,-0.10482,-2.92975e-05,0.549462,0.549596,0.000133274
1.76004e+09,4991,-0.10476,-0.104791,-3.08054e-05,0.54933,0.549462,0.000132591
1.76004e+09,4992,-0.104728,-0.10476,-3.23146e-05,0.549198,0.54933,0.000131915
1.76004e+09,4993,-0.104694,-0.104728,-3.3825e-05,0.549067,0.549198,0.000131246
1.76004e+09,4994,-0.104659,-0.104694,-3.53366e-05,0.548936,0.549067,0.000130583
1.76004e+09,4995,-0.104622,-0.104659,-3.68497e-05,0.548806,0.548936,0.000129928
1.76004e+09,4996,-0.104583,-0.104622,-3.83642e-05,0.548677,0.548806,0.00012928
1.76004e+09,4997,-0.104543,-0.104583,-3.98802e-05,0.548548,0.548677,0.000128639
1.76004e+09,4998,-0.104502,-0.104543,-4.13977e-05,0.54842,0.548548,0.000128006
1.76004e+09,4999,-0.104459,-0.104543,-8.43146e-05,0.548293,0.548548,0.000255385
1.76004e+09,5000,-0.104415,-0.104459,-4.44377e-05,0.548166,0.548293,0.000126761
1.76004e+09,5001,-0.104369,-0.104415,-4.59604e-05,0.54804,0.548166,0.000126149
1.76004e+09,5002,-0.104321,-0.104369,-4.74848e-05,0.547914,0.54804,0.000125546
1.76004e+09,5003,-0.104272,-0.104369,-9.64959e-05,0.547789,0.54804,0.000250495
1.76004e+09,5004,-0.104222,-0.104272,-5.05394e-05,0.547665,0.547789,0.000124361
1.76004e+09,5005,-0.10417,-0.104222,-5.20696e-05,0.547541,0.547665,0.00012378
1.76004e+09,5006,-0.104116,-0.10417,-5.3602e-05,0.547418,0.547541,0.000123207
1.76004e+09,5007,-0.104061,-0.10417,-0.000108738,0.547295,0.547541,0.000245849
1.76004e+09,5008,-0.104004,-0.104116,-0.00011181,0.547173,0.547418,0.000244727
1.76004e+09,5009,-0.103946,-0.104061,-0.000114885,0.547052,0.547295,0.000243621
1.76004e+09,5010,-0.103886,-0.104004,-0.000117966,0.546931,0.547173,0.000242531
1.76004e+09,5011,-0.103825,-0.103946,-0.000121051,0.54681,0.547052,0.000241458
1.76004e+09,5012,-0.103762,-0.103886,-0.000124141,0.54669,0.546931,0.000240401
1.76004e+09,5013,-0.103698,-0.103825,-0.000127235,0.546571,0.54681,0.000239361
1.76004e+09,5014,-0.103632,-0.103762,-0.000130335,0.546452,0.54669,0.000238338
1.76004e+09,5015,-0.103564,-0.103698,-0.000133441,0.546334,0.546571,0.000237331
1.76004e+09,5016,-0.103495,-0.103632,-0.000136551,0.546216,0.546452,0.000236342
1.76004e+09,5017,-0.103425,-0.103564,-0.000139668,0.546098,0.546334,0.00023537
1.76004e+09,5018,-0.103352,-0.103495,-0.00014279,0.545981,0.546216,0.000234416
1.76004e+09,5019,-0.103279,-0.103425,-0.000145917,0.545865,0.546098,0.000233479
1.76004e+09,5020,-0.103203,-0.103352,-0.000149051,0.545749,0.545981,0.00023256
1.76004e+09,5021,-0.103127,-0.103279,-0.00015219,0.545633,0.545865,0.00023166
1.76004e+09,5022,-0.103048,-0.103203,-0.000155336,0.545518,0.545749,0.000230777
1.76004e+09,5023,-0.102968,-0.103127,-0.000158488,0.545403,0.545633,0.000229913
1.76004e+09,5024,-0.102886,-0.103048,-0.000161647,0.545289,0.545518,0.000229067
1.76004e+09,5025,-0.102803,-0.102968,-0.000164812,0.545175,0.545403,0.00022824
1.76004e+09,5026,-0.102718,-0.102886,-0.000167984,0.545061,0.545289,0.000227432
1.76004e+09,5027,-0.102632,-0.102803,-0.000171163,0.544948,0.545175,0.000226644
1.76004e+09,5028,-0.102544,-0.102718,-0.000174348,0.544836,0.545061,0.000225874
1.76004e+09,5029,-0.102455,-0.102632,-0.000177541,0.544723,0.544948,0.000225124
1.76004e+09,5030,-0.102363,-0.102544,-0.000180741,0.544611,0.544836,0.000224394
1.76004e+09,5031,-0.102271,-0.102455,-0.000183949,0.544499,0.544723,0.000223684
1.76004e+09,5032,-0.102176,-0.102363,-0.000187164,0.544388,0.544611,0.000222994
1.76004e+09,5033,-0.10208,-0.102271,-0.000190387,0.544277,0.544499,0.000222324
1.76004e+09,5034,-0.101983,-0.102176,-0.000193617,0.544166,0.544388,0.000221675
1.76004e+09,5035,-0.101883,-0.10208,-0.000196856,0.544056,0.544277,0.000221046
1.76004e+09,5036,-0.101782,-0.101983,-0.000200102,0.543946,0.544166,0.000220439
1.76004e+09,5037,-0.10168,-0.101883,-0.000203357,0.543836,0.544056,0.000219852
1.76004e+09,5038,-0.101576,-0.101782,-0.00020662,0.543727,0.543946,0.000219287
1.76004e+09,5039,-0.10147,-0.10168,-0.000209891,0.543617,0.543836,0.000218744
1.76004e+09,5040,-0.101363,-0.101576,-0.000213172,0.543509,0.543727,0.000218222
1.76004e+09,5041,-0.101254,-0.10147,-0.000216461,0.5434,0.543617,0.000217723
1.76004e+09,5042,-0.101143,-0.101363,-0.000219758,0.543291,0.543509,0.000217246
1.76004e+09,5043,-0.101031,-0.101254,-0.000223065,0.543183,0.5434,0.000216792
1.76004e+09,5044,-0.100917,-0.101143,-0.000226381,0.543075,0.543291,0.00021636
1.76004e+09,5045,-0.100801,-0.101031,-0.000229707,0.542967,0.543183,0.000215951
1.76004e+09,5046,-0.100683,-0.100801,-0.000117356,0.542859,0.542967,0.000107689
1.76004e+09,5047,-0.100564,-0.100683,-0.00011903,0.542752,0.542859,0.000107514
1.76004e+09,5048,-0.100444,-0.100683,-0.00023974,0.542644,0.542859,0.000214866
1.76004e+09,5049,-0.100321,-0.100564,-0.000243104,0.542537,0.542752,0.000214552
1.76004e+09,5050,-0.100197,-0.100444,-0.000246478,0.54243,0.542644,0.000214262
1.76004e+09,5051,-0.100072,-0.100321,-0.000249863,0.542323,0.542537,0.000213997
1.76004e+09,5052,-0.099944,-0.100197,-0.000253257,0.542216,0.54243,0.000213756
1.76004e+09,5053,-0.0998148,-0.100072,-0.000256662,0.54211,0.542323,0.000213541
1.76004e+09,5054,-0.0996839,-0.099944,-0.000260078,0.542003,0.542216,0.000213351
1.76004e+09,5055,-0.0995513,-0.0998148,-0.000263505,0.541897,0.54211,0.000213187
1.76004e+09,5056,-0.099417,-0.0996839,-0.000266942,0.54179,0.542003,0.000213049
1.76004e+09,5057,-0.0992809,-0.099417,-0.000136059,0.541684,0.54179,0.000106444
1.76004e+09,5058,-0.0991432,-0.099417,-0.00027385,0.541577,0.54179,0.000212851
1.76004e+09,5059,-0.0990036,-0.0991432,-0.000139529,0.541471,0.541577,0.000106385
1.76004e+09,5060,-0.0988624,-0.0990036,-0.000141274,0.541364,0.541471,0.000106376
1.76004e+09,5061,-0.0987193,-0.0988624,-0.000143023,0.541258,0.541364,0.000106381
1.76004e+09,5062,-0.0985745,-0.0987193,-0.000144779,0.541152,0.541258,0.0001064
1.76004e+09,5063,-0.098428,-0.0985745,-0.000146541,0.541045,0.541152,0.000106432
1.76004e+09,5064,-0.0982797,-0.098428,-0.000148309,0.540939,0.541045,0.000106479
1.76004e+09,5065,-0.0981296,-0.0982797,-0.000150083,0.540832,0.540939,0.000106541
1.76004e+09,5066,-0.0979778,-0.0981296,-0.000151863,0.540726,0.540832,0.000106617
1.76004e+09,5067,-0.0978241,-0.0979778,-0.00015365,0.540619,0.540726,0.000106708
1.76004e+09,5068,-0.0976687,-0.0978241,-0.000155443,0.540512,0.540619,0.000106814
1.76004e+09,5069,-0.0975114,-0.0976687,-0.000157242,0.540405,0.540512,0.000106935
1.76004e+09,5070,-0.0973524,-0.0975114,-0.000159048,0.540298,0.540405,0.000107071
1.76004e+09,5071,-0.0971915,-0.0975114,-0.000319909,0.540191,0.540405,0.000214293
1.76004e+09,5072,-0.0970288,-0.0973524,-0.000323541,0.540083,0.540298,0.000214612
1.76004e+09,5073,-0.0968643,-0.0970288,-0.000164506,0.539976,0.540083,0.000107573
1.76004e+09,5074,-0.096698,-0.0968643,-0.000166339,0.539868,0.539976,0.000107772
1.76004e+09,5075,-0.0965298,-0.096698,-0.000168179,0.53976,0.539868,0.000107987
1.76004e+09,5076,-0.0963598,-0.0965298,-0.000170025,0.539652,0.53976,0.000108219
1.76004e+09,5077,-0.0961879,-0.0963598,-0.000171879,0.539543,0.539652,0.000108467
1.76004e+09,5078,-0.0960142,-0.0961879,-0.00017374,0.539435,0.539543,0.000108732
1.76004e+09,5079,-0.0958386,-0.0960142,-0.000175608,0.539326,0.539435,0.000109014
1.76004e+09,5080,-0.0956611,-0.0958386,-0.000177484,0.539216,0.539326,0.000109313
1.76004e+09,5081,-0.0954817,-0.0958386,-0.00035685,0.539107,0.539326,0.000218942
1.76004e+09,5082,-0.0953004,-0.0956611,-0.000360623,0.538997,0.539216,0.000219592
1.76004e+09,5083,-0.0951173,-0.0954817,-0.000364411,0.538886,0.539107,0.000220278
1.76004e+09,5084,-0.0949322,-0.0951173,-0.000185059,0.538776,0.538886,0.000110685
1.76004e+09,5085,-0.0947453,-0.0949322,-0.000186972,0.538665,0.538776,0.000111073
1.76004e+09,5086,-0.0945564,-0.0947453,-0.000188893,0.538553,0.538665,0.000111479
1.76004e+09,5087,-0.0943655,-0.0945564,-0.000190822,0.538441,0.538553,0.000111905
1.76004e+09,5088,-0.0941728,-0.0943655,-0.000192758,0.538329,0.538441,0.000112349
1.76004e+09,5089,-0.0939781,-0.0941728,-0.000194702,0.538216,0.538329,0.000112812
1.76004e+09,5090,-0.0937814,-0.0939781,-0.000196654,0.538103,0.538216,0.000113294
1.76004e+09,5091,-0.0935828,-0.0937814,-0.000198615,0.537989,0.538103,0.000113796
1.76004e+09,5092,-0.0933822,-0.0935828,-0.000200583,0.537875,0.537989,0.000114318
1.76004e+09,5093,-0.0931797,-0.0933822,-0.00020256,0.53776,0.537875,0.00011486
1.76004e+09,5094,-0.0929751,-0.0931797,-0.000204545,0.537644,0.53776,0.000115423
1.76004e+09,5095,-0.0927686,-0.0929751,-0.000206539,0.537528,0.537644,0.000116006
1.76004e+09,5096,-0.09256,-0.0927686,-0.000208541,0.537412,0.537528,0.000116609
1.76004e+09,5097,-0.0923495,-0.0927686,-0.000419092,0.537295,0.537528,0.000233844
1.76004e+09,5098,-0.0921369,-0.09256,-0.000423121,0.537177,0.537412,0.000235115
1.76004e+09,5099,-0.0919223,-0.0923495,-0.000427168,0.537058,0.537295,0.000236429
1.76004e+09,5100,-0.0917057,-0.0919223,-0.000216635,0.536939,0.537058,0.000119238
1.76004e+09,5101,-0.091487,-0.0917057,-0.00021868,0.536819,0.536939,0.00011995
1.76004e+09,5102,-0.0912663,-0.091487,-0.000220735,0.536698,0.536819,0.000120684
1.76004e+09,5103,-0.0910435,-0.0912663,-0.000222799,0.536577,0.536698,0.000121441
1.76004e+09,5104,-0.0908186,-0.0912663,-0.00044767,0.536455,0.536698,0.000243662
1.76004e+09,5105,-0.0905917,-0.0908186,-0.000226954,0.536332,0.536455,0.000123025
1.76004e+09,5106,-0.0903626,-0.0905917,-0.000229046,0.536208,0.536332,0.000123852
1.76004e+09,5107,-0.0901315,-0.0903626,-0.000231148,0.536083,0.536208,0.000124703
1.76004e+09,5108,-0.0898982,-0.0901315,-0.000233259,0.535957,0.536083,0.000125578
1.76004e+09,5109,-0.0896628,-0.0898982,-0.000235381,0.535831,0.535957,0.000126477
1.76004e+09,5110,-0.0894253,-0.0896628,-0.000237513,0.535704,0.535831,0.000127402
1.76004e+09,5111,-0.0891857,-0.0896628,-0.000477168,0.535575,0.535831,0.000255754
1.76004e+09,5112,-0.0889438,-0.0891857,-0.000241809,0.535446,0.535575,0.000129327
1.76004e+09,5113,-0.0886999,-0.0891857,-0.000485782,0.535316,0.535575,0.000259656
1.76004e+09,5114,-0.0884537,-0.0886999,-0.000246148,0.535184,0.535316,0.000131356
1.76004e+09,5115,-0.0882054,-0.0884537,-0.000248336,0.535052,0.535184,0.000132411
1.76004e+09,5116,-0.0879549,-0.0884537,-0.00049887,0.534918,0.535184,0.000265902
1.76004e+09,5117,-0.0877021,-0.0882054,-0.00050328,0.534784,0.535052,0.000268093
1.76004e+09,5118,-0.0874471,-0.0877021,-0.000254969,0.534648,0.534784,0.000135737
1.76004e+09,5119,-0.0871899,-0.0874471,-0.000257206,0.534511,0.534648,0.000136902
1.76004e+09,5120,-0.0869305,-0.0871899,-0.000259456,0.534373,0.534511,0.000138096
1.76004e+09,5121,-0.0866688,-0.0869305,-0.000261719,0.534234,0.534373,0.000139319
1.76004e+09,5122,-0.0864048,-0.0866688,-0.000263996,0.534093,0.534234,0.000140571
1.76004e+09,5123,-0.0861385,-0.0866688,-0.000530282,0.533951,0.534234,0.000282425
1.76004e+09,5124,-0.0858699,-0.0861385,-0.000268592,0.533808,0.533951,0.000143167
1.76004e+09,5125,-0.085599,-0.0858699,-0.000270912,0.533664,0.533808,0.000144511
1.76004e+09,5126,-0.0853257,-0.085599,-0.000273246,0.533518,0.533664,0.000145886
1.76004e+09,5127,-0.0850501,-0.0853257,-0.000275595,0.53337,0.533518,0.000147293
1.76004e+09,5128,-0.0847722,-0.0850501,-0.000277959,0.533222,0.53337,0.000148733
1.76004e+09,5129,-0.0844918,-0.0847722,-0.000280336,0.533071,0.533222,0.000150205
1.76004e+09,5130,-0.0842091,-0.0847722,-0.000563065,0.53292,0.533222,0.000301915
1.76004e+09,5131,-0.083924,-0.0844918,-0.000567862,0.532767,0.533071,0.000304959
1.76004e+09,5132,-0.0836364,-0.0842091,-0.000572685,0.532612,0.53292,0.000308071
1.76004e+09,5133,-0.0833464,-0.083924,-0.000577533,0.532455,0.532767,0.000311251
1.76004e+09,5134,-0.083054,-0.0836364,-0.000582403,0.532297,0.532612,0.0003145
1.76004e+09,5135,-0.0827591,-0.083054,-0.000294871,0.532137,0.532297,0.000159747
1.76004e+09,5136,-0.0824618,-0.0827591,-0.000297328,0.531976,0.532137,0.000161457
1.76004e+09,5137,-0.082162,-0.0827591,-0.000597118,0.531813,0.532137,0.000324661
1.76004e+09,5138,-0.0818598,-0.0824618,-0.000602045,0.531648,0.531976,0.000328186
1.76004e+09,5139,-0.0815551,-0.0818598,-0.00030472,0.531481,0.531648,0.000166798
1.76004e+09,5140,-0.0812375,-0.0815551,-0.000317553,0.531287,0.531481,0.000193899
1.76004e+09,5141,-0.0809176,-0.0812375,-0.000319937,0.531091,0.531287,0.000195803
1.76004e+09,5142,-0.0805953,-0.0809176,-0.00032231,0.530894,0.531091,0.000197741
1.76004e+09,5143,-0.0802706,-0.0805953,-0.000324667,0.530694,0.530894,0.000199711
1.76004e+09,5144,-0.0799436,-0.0805953,-0.00065167,0.530492,0.530894,0.000401423
1.76004e+09,5145,-0.0796143,-0.0802706,-0.000656319,0.530288,0.530694,0.000405457
1.76004e+09,5146,-0.0792827,-0.0799436,-0.000660915,0.530083,0.530492,0.000409551
1.76004e+09,5147,-0.0789488,-0.0796143,-0.000665448,0.529875,0.530288,0.000413703
1.76004e+09,5148,-0.0786128,-0.0792827,-0.000669907,0.529665,0.530083,0.00041791
1.76004e+09,5149,-0.0782745,-0.0789488,-0.000674284,0.529453,0.529875,0.000422169
1.76004e+09,5150,-0.0779342,-0.0786128,-0.000678567,0.529238,0.529665,0.000426477
1.76004e+09,5151,-0.0775918,-0.0782745,-0.000682745,0.529022,0.529453,0.000430829
1.76004e+09,5152,-0.0772474,-0.0779342,-0.000686809,0.528803,0.529238,0.000435224
1.76004e+09,5153,-0.076901,-0.0775918,-0.000690747,0.528582,0.529022,0.000439655
1.76004e+09,5154,-0.0765528,-0.0772474,-0.000694549,0.528359,0.528803,0.000444119
1.76004e+09,5155,-0.0762028,-0.076901,-0.000698204,0.528133,0.528582,0.000448611
1.76004e+09,5156,-0.0758511,-0.0765528,-0.000701703,0.527906,0.528359,0.000453127
1.76004e+09,5157,-0.0754978,-0.0762028,-0.000705034,0.527676,0.528133,0.000457661
1.76004e+09,5158,-0.0751429,-0.0758511,-0.000708189,0.527444,0.527906,0.000462209
1.76004e+09,5159,-0.0747866,-0.0754978,-0.000711159,0.527209,0.527676,0.000466764
1.76004e+09,5160,-0.074429,-0.0751429,-0.000713933,0.526972,0.527444,0.000471321
1.76004e+09,5161,-0.0740701,-0.074429,-0.00035887,0.526733,0.526972,0.000239075
1.76004e+09,5162,-0.0737101,-0.0740701,-0.000359997,0.526492,0.526733,0.000241345
1.76004e+09,5163,-0.0733491,-0.0737101,-0.000361013,0.526248,0.526492,0.000243606
1.76004e+09,5164,-0.0729872,-0.0733491,-0.000361915,0.526002,0.526248,0.000245855
1.76004e+09,5165,-0.0726245,-0.0733491,-0.000724617,0.525754,0.526248,0.000493944
1.76004e+09,5166,-0.0722611,-0.0726245,-0.000363368,0.525504,0.525754,0.000250307
1.76004e+09,5167,-0.0718972,-0.0722611,-0.000363913,0.525251,0.525504,0.000252504
1.76004e+09,5168,-0.0715329,-0.0718972,-0.000364336,0.524997,0.525251,0.000254678
1.76004e+09,5169,-0.0711683,-0.0715329,-0.000364634,0.52474,0.524997,0.000256826
1.76004e+09,5170,-0.0708035,-0.0711683,-0.000364806,0.524481,0.52474,0.000258946
1.76004e+09,5171,-0.0704386,-0.0711683,-0.000729658,0.52422,0.52474,0.000519981
1.76004e+09,5172,-0.0700738,-0.0704386,-0.000364772,0.523957,0.52422,0.00026309
1.76004e+09,5173,-0.0697093,-0.0700738,-0.000364564,0.523692,0.523957,0.00026511
1.76004e+09,5174,-0.069345,-0.0697093,-0.000364231,0.523425,0.523692,0.000267092
1.76004e+09,5175,-0.0689813,-0.0697093,-0.000728003,0.523156,0.523692,0.000536125
1.76004e+09,5176,-0.0686181,-0.0689813,-0.000363189,0.522885,0.523156,0.000270933
1.76004e+09,5177,-0.0682556,-0.0686181,-0.000362483,0.522612,0.522885,0.000272789
1.76004e+09,5178,-0.0678939,-0.0686181,-0.000724138,0.522337,0.522885,0.000547387
1.76004e+09,5179,-0.0675332,-0.0678939,-0.00036071,0.522061,0.522337,0.000276362
1.76004e+09,5180,-0.0671736,-0.0675332,-0.000359648,0.521783,0.522061,0.000278077
1.76004e+09,5181,-0.0668151,-0.0671736,-0.000358473,0.521503,0.521783,0.000279743
1.76004e+09,5182,-0.0664579,-0.0668151,-0.000357188,0.521222,0.521503,0.000281358
1.76004e+09,5183,-0.0661021,-0.0668151,-0.000712985,0.520939,0.521503,0.000564282
1.76004e+09,5184,-0.0657478,-0.0661021,-0.000354303,0.520654,0.520939,0.000284437
1.76004e+09,5185,-0.0653951,-0.0661021,-0.000707015,0.520368,0.520939,0.000570336
1.76004e+09,5186,-0.0650441,-0.0657478,-0.000703737,0.520081,0.520654,0.000573209
1.76004e+09,5187,-0.0646948,-0.0653951,-0.000700276,0.519793,0.520368,0.00057598
1.76004e+09,5188,-0.0643474,-0.0650441,-0.000696641,0.519503,0.520081,0.000578649
1.76004e+09,5189,-0.064002,-0.0646948,-0.000692844,0.519211,0.519793,0.000581217
1.76004e+09,5190,-0.0636585,-0.0643474,-0.000688893,0.518919,0.519503,0.000583686
1.76004e+09,5191,-0.0633172,-0.064002,-0.0006848,0.518625,0.519211,0.000586058
1.76004e+09,5192,-0.062978,-0.0636585,-0.000680575,0.518331,0.518919,0.000588334
1.76004e+09,5193,-0.062641,-0.0633172,-0.00067623,0.518035,0.518625,0.000590518
1.76004e+09,5194,-0.0623062,-0.062978,-0.000671776,0.517738,0.518331,0.000592613
1.76004e+09,5195,-0.0619737,-0.062641,-0.000667222,0.51744,0.518035,0.000594621
1.76004e+09,5196,-0.0616436,-0.0623062,-0.000662581,0.517141,0.517738,0.000596545
1.76004e+09,5197,-0.0613159,-0.0619737,-0.000657863,0.516842,0.51744,0.00059839
1.76004e+09,5198,-0.0609905,-0.0616436,-0.000653078,0.516541,0.517141,0.000600159
1.76004e+09,5199,-0.0606676,-0.0613159,-0.000648235,0.51624,0.516842,0.000601855
1.76004e+09,5200,-0.0604616,-0.0609905,-0.000528897,0.528746,0.516541,-0.0122051
1.76004e+09,5201,-0.0602573,-0.0606676,-0.000410313,0.540981,0.51624,-0.0247407
1.76004e+09,5202,-0.0600547,-0.0604616,-0.000406938,0.55296,0.528746,-0.0242134
1.76004e+09,5203,-0.0598538,-0.0600547,-0.000200915,0.564699,0.55296,-0.0117393
1.76004e+09,5204,-0.0596546,-0.0598538,-0.000199201,0.576212,0.564699,-0.0115132
1.76004e+09,5205,-0.0594571,-0.0596546,-0.000197482,0.587512,0.576212,-0.0112994
1.76004e+09,5206,-0.0592613,-0.0594571,-0.000195761,0.598609,0.587512,-0.0110969
1.76004e+09,5207,-0.0590673,-0.0592613,-0.000194041,0.609513,0.598609,-0.0109046
1.76004e+09,5208,-0.058875,-0.0592613,-0.000386364,0.620235,0.598609,-0.0216261
1.76004e+09,5209,-0.0586844,-0.0590673,-0.000382933,0.630782,0.609513,-0.0212684
1.76004e+09,5210,-0.0584955,-0.058875,-0.000379513,0.641162,0.620235,-0.020927
1.76004e+09,5211,-0.0583083,-0.0586844,-0.000376107,0.651382,0.630782,-0.0206004
1.76004e+09,5212,-0.0581227,-0.0584955,-0.000372719,0.661449,0.641162,-0.0202876
1.76004e+09,5213,-0.0579389,-0.0583083,-0.000369349,0.671369,0.651382,-0.0199874
1.76004e+09,5214,-0.0577567,-0.0581227,-0.000366,0.681148,0.661449,-0.0196989
1.76004e+09,5215,-0.0575762,-0.0579389,-0.000362673,0.690791,0.671369,-0.0194211
1.76004e+09,5216,-0.0573974,-0.0577567,-0.00035937,0.700302,0.681148,-0.0191534
1.76004e+09,5217,-0.0572201,-0.0575762,-0.000356091,0.709686,0.690791,-0.0188951
1.76004e+09,5218,-0.0570445,-0.0573974,-0.000352837,0.718947,0.700302,-0.0186454
1.76004e+09,5219,-0.0568705,-0.0572201,-0.000349607,0.728089,0.709686,-0.0184038
1.76004e+09,5220,-0.0566981,-0.0570445,-0.000346403,0.737117,0.718947,-0.0181697
1.76004e+09,5221,-0.0565273,-0.0568705,-0.000343224,0.746032,0.728089,-0.0179428
1.76004e+09,5222,-0.0563581,-0.0566981,-0.00034007,0.754839,0.737117,-0.0177224
1.76004e+09,5223,-0.0561904,-0.0565273,-0.00033694,0.76354,0.746032,-0.0175083
1.76004e+09,5224,-0.0560242,-0.0563581,-0.000333834,0.772139,0.754839,-0.0173
1.76004e+09,5225,-0.0558596,-0.0561904,-0.000330752,0.780638,0.76354,-0.0170972
1.76004e+09,5226,-0.0556965,-0.0560242,-0.000327693,0.789039,0.772139,-0.0168996
1.76004e+09,5227,-0.055535,-0.0558596,-0.000324657,0.797344,0.780638,-0.0167068
1.76004e+09,5228,-0.0553749,-0.0556965,-0.000321643,0.805557,0.789039,-0.0165186
1.76004e+09,5229,-0.0552163,-0.055535,-0.00031865,0.813679,0.797344,-0.0163347
1.76004e+09,5230,-0.0550592,-0.0553749,-0.000315678,0.821712,0.805557,-0.016155
1.76004e+09,5231,-0.0549036,-0.0552163,-0.000312727,0.829658,0.813679,-0.015979
1.76004e+09,5232,-0.0547494,-0.0550592,-0.000309795,0.837519,0.821712,-0.0158068
1.76004e+09,5233,-0.0545967,-0.0549036,-0.000306883,0.845296,0.829658,-0.015638
1.76004e+09,5234,-0.0544454,-0.0547494,-0.000303989,0.852992,0.837519,-0.0154725
1.76004e+09,5235,-0.0542956,-0.0545967,-0.000301114,0.860606,0.845296,-0.0153101
1.76004e+09,5236,-0.0541472,-0.0544454,-0.000298257,0.868142,0.852992,-0.0151507
1.76004e+09,5237,-0.0540002,-0.0542956,-0.000295418,0.875601,0.860606,-0.0149941
1.76004e+09,5238,-0.0538546,-0.0541472,-0.000292595,0.882982,0.868142,-0.0148401
1.76004e+09,5239,-0.0537104,-0.0540002,-0.000289789,0.890289,0.875601,-0.0146887
1.76004e+09,5240,-0.0535676,-0.0538546,-0.000287,0.897522,0.882982,-0.0145397
1.76004e+09,5241,-0.0534262,-0.0537104,-0.000284226,0.904682,0.890289,-0.014393
1.76004e+09,5242,-0.0532861,-0.0535676,-0.000281469,0.911771,0.897522,-0.0142485
1.76004e+09,5243,-0.0531474,-0.0532861,-0.00013868,0.918788,0.911771,-0.00701767
1.76004e+09,5244,-0.0530101,-0.0532861,-0.000276,0.925736,0.911771,-0.0139656
1.76004e+09,5245,-0.0528741,-0.0531474,-0.000273288,0.932615,0.918788,-0.013827
1.76004e+09,5246,-0.0527395,-0.0530101,-0.000270591,0.939426,0.925736,-0.0136903
1.76004e+09,5247,-0.0526062,-0.0528741,-0.000267909,0.946171,0.932615,-0.0135552
1.76004e+09,5248,-0.0524743,-0.0527395,-0.000265241,0.952848,0.939426,-0.0134218
1.76004e+09,5249,-0.0523436,-0.0526062,-0.000262587,0.959461,0.946171,-0.01329
1.76004e+09,5250,-0.0522143,-0.0524743,-0.000259947,0.966008,0.952848,-0.0131596
1.76004e+09,5251,-0.0520863,-0.0523436,-0.000257321,0.972491,0.959461,-0.0130307
1.76004e+09,5252,-0.0519596,-0.0522143,-0.000254709,0.978911,0.966008,-0.0129032
1.76004e+09,5253,-0.0518342,-0.0519596,-0.000125407,0.985268,0.978911,-0.00635707
1.76004e+09,5254,-0.0517101,-0.0518342,-0.000124117,0.991563,0.985268,-0.00629488
1.76004e+09,5255,-0.0515873,-0.0517101,-0.000122834,0.997796,0.991563,-0.00623327
1.76004e+09,5256,-0.0514657,-0.0515873,-0.000121558,1.00397,0.997796,-0.00617222
1.76004e+09,5257,-0.0513454,-0.0515873,-0.000241845,1.01008,0.997796,-0.0122839
1.76004e+09,5258,-0.0512264,-0.0514657,-0.000239311,1.01613,1.00397,-0.0121634
1.76004e+09,5259,-0.0511086,-0.0513454,-0.000236789,1.02212,1.01008,-0.0120438
1.76004e+09,5260,-0.0509921,-0.0512264,-0.00023428,1.02806,1.01613,-0.0119252
1.76004e+09,5261,-0.0508769,-0.0511086,-0.000231783,1.03393,1.02212,-0.0118076
1.76004e+09,5262,-0.0507628,-0.0509921,-0.000229298,1.03975,1.02806,-0.0116908
1.76004e+09,5263,-0.05065,-0.0508769,-0.000226825,1.04551,1.03393,-0.0115748
1.76004e+09,5264,-0.0505385,-0.0507628,-0.000224364,1.05121,1.03975,-0.0114596
1.76004e+09,5265,-0.0504281,-0.05065,-0.000221914,1.05685,1.04551,-0.0113452
1.76004e+09,5266,-0.050319,-0.0505385,-0.000219476,1.06244,1.05121,-0.0112315
1.76004e+09,5267,-0.0502111,-0.0504281,-0.000217049,1.06797,1.05685,-0.0111185
1.76004e+09,5268,-0.0501043,-0.050319,-0.000214633,1.07345,1.06244,-0.0110062
1.76004e+09,5269,-0.0499988,-0.0502111,-0.000212228,1.07886,1.06797,-0.0108945
1.76004e+09,5270,-0.0498945,-0.0501043,-0.000209834,1.08423,1.07345,-0.0107835
1.76004e+09,5271,-0.0497914,-0.0499988,-0.000207451,1.08954,1.07886,-0.010673
1.76004e+09,5272,-0.0496894,-0.0498945,-0.000205078,1.09479,1.08423,-0.010563
1.76004e+09,5273,-0.0495887,-0.0497914,-0.000202716,1.09999,1.08954,-0.0104536
1.76004e+09,5274,-0.0494891,-0.0496894,-0.000200363,1.10514,1.09479,-0.0103447
1.76004e+09,5275,-0.0493906,-0.0495887,-0.000198021,1.11023,1.09999,-0.0102363
1.76004e+09,5276,-0.0492934,-0.0494891,-0.000195689,1.11526,1.10514,-0.0101284
1.76004e+09,5277,-0.0491973,-0.0493906,-0.000193367,1.12025,1.11023,-0.0100209
1.76004e+09,5278,-0.0491023,-0.0492934,-0.000191055,1.12518,1.11526,-0.00991384
1.76004e+09,5279,-0.0490085,-0.0491973,-0.000188751,1.13006,1.12025,-0.00980717
1.76004e+09,5280,-0.0489159,-0.0491023,-0.000186458,1.13488,1.12518,-0.00970088
1.76004e+09,5281,-0.0488244,-0.0490085,-0.000184173,1.13965,1.13006,-0.00959496
1.76004e+09,5282,-0.048734,-0.0489159,-0.000181898,1.14437,1.13488,-0.0094894
1.76004e+09,5283,-0.0486447,-0.0488244,-0.000179632,1.14903,1.13965,-0.00938416
1.76004e+09,5284,-0.0485566,-0.048734,-0.000177374,1.15365,1.14437,-0.00927925
1.76004e+09,5285,-0.0484696,-0.0486447,-0.000175125,1.15821,1.14903,-0.00917463
1.76004e+09,5286,-0.0483837,-0.0485566,-0.000172885,1.16272,1.15365,-0.0090703
1.76004e+09,5287,-0.0482989,-0.0484696,-0.000170653,1.16718,1.15821,-0.00896625
1.76004e+09,5288,-0.0482153,-0.0483837,-0.000168429,1.17158,1.16272,-0.00886246
1.76004e+09,5289,-0.0481327,-0.0482989,-0.000166214,1.17593,1.16718,-0.00875891
1.76004e+09,5290,-0.0480513,-0.0482153,-0.000164007,1.18024,1.17158,-0.00865559
1.76004e+09,5291,-0.0479709,-0.0480513,-8.03546e-05,1.18449,1.18024,-0.0042505
1.76004e+09,5292,-0.0478917,-0.0479709,-7.92606e-05,1.18869,1.18449,-0.00419911
1.76004e+09,5293,-0.0478135,-0.0478917,-7.81704e-05,1.19283,1.18869,-0.00414781
1.76004e+09,5294,-0.0477364,-0.0478135,-7.70839e-05,1.19693,1.19283,-0.00409661
1.76004e+09,5295,-0.0476604,-0.0478135,-0.000153085,1.20098,1.19283,-0.0081421
1.76004e+09,5296,-0.0475855,-0.0477364,-0.000150923,1.20497,1.19693,-0.00803994
1.76004e+09,5297,-0.0475116,-0.0476604,-0.000148768,1.20891,1.20098,-0.00793794
1.76004e+09,5298,-0.0474389,-0.0475855,-0.00014662,1.21281,1.20497,-0.00783609
1.76004e+09,5299,-0.0473672,-0.0475116,-0.000144479,1.21665,1.20891,-0.00773438
1.76004e+09,5300,-0.0472965,-0.0474389,-0.000142345,1.22044,1.21281,-0.00763279
1.76004e+09,5301,-0.0472269,-0.0473672,-0.000140217,1.22418,1.21665,-0.00753133
1.76004e+09,5302,-0.0471584,-0.0472965,-0.000138096,1.22787,1.22044,-0.00742998
1.76004e+09,5303,-0.047091,-0.0472269,-0.000135982,1.23151,1.22418,-0.00732874
1.76004e+09,5304,-0.0470246,-0.0471584,-0.000133873,1.2351,1.22787,-0.00722759
1.76004e+09,5305,-0.0469592,-0.047091,-0.000131771,1.23864,1.23151,-0.00712653
1.76004e+09,5306,-0.0468949,-0.0470246,-0.000129675,1.24212,1.2351,-0.00702556
1.76004e+09,5307,-0.0468316,-0.0469592,-0.000127585,1.24556,1.23864,-0.00692467
1.76004e+09,5308,-0.0467694,-0.0468949,-0.000125501,1.24895,1.24212,-0.00682384
1.76004e+09,5309,-0.0467082,-0.0468316,-0.000123422,1.25228,1.24556,-0.00672309
1.76004e+09,5310,-0.046648,-0.0467694,-0.000121349,1.25557,1.24895,-0.00662239
1.76004e+09,5311,-0.0465889,-0.0467082,-0.000119282,1.2588,1.25228,-0.00652174
1.76004e+09,5312,-0.0465308,-0.046648,-0.00011722,1.26199,1.25557,-0.00642114
1.76004e+09,5313,-0.0464737,-0.0465889,-0.000115163,1.26513,1.2588,-0.00632058
1.76004e+09,5314,-0.0464177,-0.0465308,-0.000113112,1.26821,1.26199,-0.00622006
1.76004e+09,5315,-0.0463627,-0.0464737,-0.000111065,1.27124,1.26513,-0.00611958
1.76004e+09,5316,-0.0463087,-0.0464177,-0.000109024,1.27423,1.26821,-0.00601912
1.76004e+09,5317,-0.0462557,-0.0463627,-0.000106987,1.27716,1.27124,-0.00591869
1.76004e+09,5318,-0.0462037,-0.0463087,-0.000104956,1.28005,1.27423,-0.00581827
1.76004e+09,5319,-0.0461528,-0.0462557,-0.000102929,1.28288,1.27716,-0.00571787
1.76004e+09,5320,-0.0461028,-0.0462037,-0.000100906,1.28566,1.28005,-0.00561748
1.76004e+09,5321,-0.0460539,-0.0461528,-9.88881e-05,1.2884,1.28288,-0.0055171
1.76004e+09,5322,-0.0460059,-0.0461028,-9.68745e-05,1.29108,1.28566,-0.00541673
1.76004e+09,5323,-0.045959,-0.0460539,-9.48652e-05,1.29371,1.2884,-0.00531635
1.76004e+09,5324,-0.0459131,-0.0460059,-9.28601e-05,1.2963,1.29108,-0.00521598
1.76004e+09,5325,-0.0458681,-0.045959,-9.08591e-05,1.29883,1.29371,-0.0051156
1.76004e+09,5326,-0.0458242,-0.0459131,-8.8862e-05,1.30131,1.2963,-0.00501521
1.76004e+09,5327,-0.0457813,-0.0458681,-8.68689e-05,1.30375,1.29883,-0.0049148
1.76004e+09,5328,-0.0457393,-0.0458242,-8.48795e-05,1.30613,1.30131,-0.00481439
1.76004e+09,5329,-0.0456984,-0.0457813,-8.28939e-05,1.30846,1.30375,-0.00471396
1.76004e+09,5330,-0.0456584,-0.0457393,-8.09119e-05,1.31074,1.30613,-0.00461351
1.76004e+09,5331,-0.0456194,-0.0456984,-7.89334e-05,1.31297,1.30846,-0.00451304
1.76004e+09,5332,-0.0455815,-0.0456584,-7.69584e-05,1.31515,1.31074,-0.00441255
1.76004e+09,5333,-0.0455445,-0.0456194,-7.49867e-05,1.31728,1.31297,-0.00431203
1.76004e+09,5334,-0.0455084,-0.0455445,-3.60174e-05,1.31936,1.31728,-0.00208061
1.76004e+09,5335,-0.0454734,-0.0455084,-3.50355e-05,1.3214,1.31936,-0.00203031
1.76004e+09,5336,-0.0454394,-0.0454734,-3.40552e-05,1.32338,1.3214,-0.00198
1.76004e+09,5337,-0.0454063,-0.0454394,-3.30763e-05,1.3253,1.32338,-0.00192968
1.76004e+09,5338,-0.0453742,-0.0454063,-3.20989e-05,1.32718,1.3253,-0.00187934
1.76004e+09,5339,-0.0453431,-0.0454063,-6.32217e-05,1.32901,1.3253,-0.00370832
1.76004e+09,5340,-0.0453129,-0.0453742,-6.12709e-05,1.33079,1.32718,-0.00360759
1.76004e+09,5341,-0.0452837,-0.0453431,-5.93228e-05,1.33252,1.32901,-0.00350681
1.76004e+09,5342,-0.0452555,-0.0453129,-5.73772e-05,1.3342,1.33079,-0.00340601
1.76004e+09,5343,-0.0452283,-0.0452837,-5.54341e-05,1.33583,1.33252,-0.00330516
1.76004e+09,5344,-0.045202,-0.0452555,-5.34934e-05,1.3374,1.3342,-0.00320427
1.76004e+09,5345,-0.0451767,-0.0452283,-5.1555e-05,1.33893,1.33583,-0.00310335
1.76004e+09,5346,-0.0451524,-0.045202,-4.96188e-05,1.3404,1.3374,-0.00300238
1.76004e+09,5347,-0.0451291,-0.0451767,-4.76847e-05,1.34183,1.33893,-0.00290137
1.76004e+09,5348,-0.0451067,-0.0451524,-4.57527e-05,1.3432,1.3404,-0.00280032
1.76004e+09,5349,-0.0450852,-0.0451291,-4.38227e-05,1.34453,1.34183,-0.00269923
1.76004e+09,5350,-0.0450648,-0.0451067,-4.18946e-05,1.3458,1.3432,-0.0025981
1.76004e+09,5351,-0.0450453,-0.0450852,-3.99683e-05,1.34703,1.34453,-0.00249692
1.76004e+09,5352,-0.0450267,-0.0450648,-3.80437e-05,1.3482,1.3458,-0.0023957
1.76004e+09,5353,-0.0450091,-0.0450453,-3.61208e-05,1.34932,1.34703,-0.00229444
1.76004e+09,5354,-0.0449925,-0.0450267,-3.41994e-05,1.35039,1.3482,-0.00219313
1.76004e+09,5355,-0.0449769,-0.0450091,-3.22795e-05,1.35141,1.34932,-0.00209178
1.76004e+09,5356,-0.0449622,-0.0449925,-3.03611e-05,1.35238,1.35039,-0.00199038
1.76004e+09,5357,-0.0449484,-0.0449769,-2.84439e-05,1.3533,1.35141,-0.00188895
1.76004e+09,5358,-0.0449356,-0.0449622,-2.65281e-05,1.35417,1.35238,-0.00178747
1.76004e+09,5359,-0.0449238,-0.0449484,-2.46134e-05,1.35499,1.3533,-0.00168594
1.76004e+09,5360,-0.0449129,-0.0449356,-2.26998e-05,1.35575,1.35417,-0.00158438
1.76004e+09,5361,-0.044903,-0.0449238,-2.07872e-05,1.35647,1.35499,-0.00148277
1.76004e+09,5362,-0.0448941,-0.0449129,-1.88755e-05,1.35713,1.35575,-0.00138111
1.76004e+09,5363,-0.0448861,-0.044903,-1.69648e-05,1.35775,1.35647,-0.00127942
1.76004e+09,5364,-0.044879,-0.0448941,-1.50548e-05,1.35831,1.35713,-0.00117769
1.76004e+09,5365,-0.0448729,-0.0448861,-1.31455e-05,1.35883,1.35775,-0.00107591
1.76004e+09,5366,-0.0448678,-0.044879,-1.12368e-05,1.35929,1.35831,-0.00097409
1.76004e+09,5367,-0.0448636,-0.0448729,-9.32875e-06,1.3597,1.35883,-0.000872232
1.76004e+09,5368,-0.0448604,-0.0448678,-7.42113e-06,1.36006,1.35929,-0.000770334
1.76004e+09,5369,-0.0448581,-0.0448636,-5.51391e-06,1.36037,1.3597,-0.000668396
1.76004e+09,5370,-0.0448567,-0.0448604,-3.60702e-06,1.36062,1.36006,-0.000566419
1.76004e+09,5371,-0.0448564,-0.0448581,-1.70038e-06,1.36083,1.36037,-0.000464404
1.76004e+09,5372,-0.0448569,-0.0448567,2.061e-07,1.36099,1.36062,-0.000362352
1.76004e+09,5373,-0.0448585,-0.0448564,2.11248e-06,1.36109,1.36083,-0.000260262
1.76004e+09,5374,-0.044861,-0.0448569,4.01885e-06,1.36114,1.36099,-0.000158135
1.76004e+09,5375,-0.0448644,-0.0448585,5.92527e-06,1.36115,1.36109,-5.59727e-05
1.76004e+09,5376,-0.0448688,-0.044861,7.83184e-06,1.3611,1.36114,4.62252e-05
1.76004e+09,5377,-0.0448741,-0.0448644,9.73862e-06,1.361,1.36115,0.000148458
1.76004e+09,5378,-0.0448804,-0.0448688,1.16457e-05,1.36085,1.3611,0.000250725
1.76004e+09,5379,-0.0448877,-0.0448741,1.35531e-05,1.36064,1.361,0.000353025
1.76004e+09,5380,-0.0448959,-0.0448804,1.5461e-05,1.36039,1.36085,0.000455358
1.76004e+09,5381,-0.0449051,-0.0448959,9.16188e-06,1.36009,1.36039,0.000304457
1.76004e+09,5382,-0.0449152,-0.0449051,1.01165e-05,1.35973,1.36009,0.000355663
1.76004e+09,5383,-0.0449263,-0.0449152,1.10716e-05,1.35932,1.35973,0.000406885
1.76004e+09,5384,-0.0449383,-0.0449263,1.2027e-05,1.35887,1.35932,0.000458122
1.76004e+09,5385,-0.0449513,-0.0449263,2.50099e-05,1.35836,1.35932,0.000967495
1.76004e+09,5386,-0.0449652,-0.0449383,2.69221e-05,1.3578,1.35887,0.00107001
1.76004e+09,5387,-0.0449801,-0.0449513,2.88353e-05,1.35718,1.35836,0.00117256
1.76004e+09,5388,-0.044996,-0.0449652,3.07495e-05,1.35652,1.3578,0.00127513
1.76004e+09,5389,-0.0450128,-0.044996,1.68115e-05,1.35581,1.35652,0.000714523
1.76004e+09,5390,-0.0450305,-0.0450128,1.77701e-05,1.35504,1.35581,0.000765844
1.76004e+09,5391,-0.0450493,-0.0450128,3.64996e-05,1.35422,1.35581,0.00158302
1.76004e+09,5392,-0.045069,-0.0450305,3.84189e-05,1.35336,1.35504,0.00168571
1.76004e+09,5393,-0.0450896,-0.045069,2.06503e-05,1.35244,1.35336,0.000919889
1.76004e+09,5394,-0.0451112,-0.045069,4.22621e-05,1.35146,1.35336,0.00189115
1.76004e+09,5395,-0.0451338,-0.0450896,4.41862e-05,1.35044,1.35244,0.00199391
1.76004e+09,5396,-0.0451573,-0.0451112,4.61119e-05,1.34937,1.35146,0.0020967
1.76004e+09,5397,-0.0451818,-0.0451338,4.80395e-05,1.34824,1.35044,0.00219951
1.76004e+09,5398,-0.0452073,-0.0451573,4.99689e-05,1.34707,1.34937,0.00230235
1.76004e+09,5399,-0.0452337,-0.0451818,5.19003e-05,1.34584,1.34824,0.00240521
1.76004e+09,5400,-0.0452611,-0.0452073,5.38337e-05,1.34456,1.34707,0.0025081
1.76004e+09,5401,-0.0452895,-0.0452337,5.57693e-05,1.34323,1.34584,0.00261101
1.76004e+09,5402,-0.0453188,-0.0452611,5.77071e-05,1.34184,1.34456,0.00271394
1.76004e+09,5403,-0.0453491,-0.0452895,5.96472e-05,1.34041,1.34323,0.00281691
1.76004e+09,5404,-0.0453804,-0.0453188,6.15897e-05,1.33892,1.34184,0.00291989
1.76004e+09,5405,-0.0454127,-0.0453491,6.35347e-05,1.33739,1.34041,0.00302291
1.76004e+09,5406,-0.0454459,-0.0453804,6.54823e-05,1.3358,1.33892,0.00312595
1.76004e+09,5407,-0.0454801,-0.0454127,6.74325e-05,1.33416,1.33739,0.00322901
1.76004e+09,5408,-0.0455153,-0.0454459,6.93854e-05,1.33247,1.3358,0.00333211
1.76004e+09,5409,-0.0455515,-0.0454801,7.13412e-05,1.33072,1.33416,0.00343523
1.76004e+09,5410,-0.0455886,-0.0455153,7.32999e-05,1.32893,1.33247,0.00353838
1.76004e+09,5411,-0.0456267,-0.0455515,7.52616e-05,1.32708,1.33072,0.00364156
1.76004e+09,5412,-0.0456658,-0.0455886,7.72264e-05,1.32518,1.32893,0.00374477
1.76004e+09,5413,-0.0457059,-0.0456267,7.91944e-05,1.32323,1.32708,0.00384801
1.76004e+09,5414,-0.045747,-0.0456658,8.11657e-05,1.32123,1.32518,0.00395129
1.76004e+09,5415,-0.0457891,-0.0457059,8.31404e-05,1.31918,1.32323,0.0040546
1.76004e+09,5416,-0.0458321,-0.045747,8.51185e-05,1.31707,1.32123,0.00415794
1.76004e+09,5417,-0.0458762,-0.0457891,8.71002e-05,1.31492,1.31918,0.00426132
1.76004e+09,5418,-0.0459212,-0.0458321,8.90856e-05,1.31271,1.31707,0.00436474
1.76004e+09,5419,-0.0459672,-0.0458762,9.10747e-05,1.31045,1.31492,0.0044682
1.76004e+09,5420,-0.0460143,-0.0459212,9.30677e-05,1.30814,1.31271,0.0045717
1.76004e+09,5421,-0.0460623,-0.0460143,4.80321e-05,1.30577,1.30814,0.00236351
1.76004e+09,5422,-0.0461113,-0.0460623,4.90336e-05,1.30336,1.30577,0.00241532
1.76004e+09,5423,-0.0461614,-0.0461113,5.00372e-05,1.30089,1.30336,0.00246715
1.76004e+09,5424,-0.0462124,-0.0461614,5.1043e-05,1.29837,1.30089,0.00251901
1.76004e+09,5425,-0.0462645,-0.0461614,0.000103094,1.2958,1.30089,0.00508991
1.76004e+09,5426,-0.0463175,-0.0462124,0.000105112,1.29318,1.29837,0.00519371
1.76004e+09,5427,-0.0463716,-0.0462645,0.000107135,1.2905,1.2958,0.00529757
1.76004e+09,5428,-0.0464267,-0.0463175,0.000109162,1.28778,1.29318,0.00540149
1.76004e+09,5429,-0.0464828,-0.0463716,0.000111194,1.285,1.2905,0.00550548
1.76004e+09,5430,-0.0465399,-0.0464267,0.000113231,1.28217,1.28778,0.00560953
1.76004e+09,5431,-0.0465981,-0.0464828,0.000115273,1.27928,1.285,0.00571366
1.76004e+09,5432,-0.0466572,-0.0465981,5.91727e-05,1.27635,1.27928,0.00293499
1.76004e+09,5433,-0.0467174,-0.0465981,0.000119373,1.27336,1.27928,0.00592215
1.76004e+09,5434,-0.0467787,-0.0466572,0.00012143,1.27032,1.27635,0.00602652
1.76004e+09,5435,-0.0468409,-0.0467174,0.000123493,1.26723,1.27336,0.00613098
1.76004e+09,5436,-0.0469042,-0.0468409,6.32987e-05,1.26409,1.26723,0.00314392
1.76004e+09,5437,-0.0469686,-0.0469042,6.43372e-05,1.26089,1.26409,0.00319627
1.76004e+09,5438,-0.0470339,-0.0469686,6.53785e-05,1.25764,1.26089,0.00324867
1.76004e+09,5439,-0.0471004,-0.0469686,0.000131801,1.25434,1.26089,0.0065498
1.76004e+09,5440,-0.0471678,-0.0470339,0.000133893,1.25099,1.25764,0.00665478
1.76004e+09,5441,-0.0472364,-0.0471678,6.85206e-05,1.24758,1.25099,0.00340623
1.76004e+09,5442,-0.0473059,-0.0472364,6.95741e-05,1.24412,1.24758,0.00345888
1.76004e+09,5443,-0.0473766,-0.0473059,7.06308e-05,1.24061,1.24412,0.00351159
1.76004e+09,5444,-0.0474483,-0.0473766,7.16908e-05,1.23705,1.24061,0.00356438
1.76004e+09,5445,-0.047521,-0.0474483,7.2754e-05,1.23343,1.23705,0.00361724
1.76004e+09,5446,-0.0475948,-0.0474483,0.000146575,1.22976,1.23705,0.00728742
1.76004e+09,5447,-0.0476697,-0.047521,0.000148711,1.22604,1.23343,0.00739339
1.76004e+09,5448,-0.0477457,-0.0475948,0.000150855,1.22226,1.22976,0.00749953
1.76004e+09,5449,-0.0478227,-0.0476697,0.000153006,1.21843,1.22604,0.00760584
1.76004e+09,5450,-0.0479008,-0.0477457,0.000155163,1.21455,1.22226,0.00771235
1.76004e+09,5451,-0.04798,-0.0478227,0.000157328,1.21061,1.21843,0.00781905
1.76004e+09,5452,-0.0480603,-0.0479008,0.000159501,1.20662,1.21455,0.00792596
1.76004e+09,5453,-0.0481417,-0.0480603,8.13865e-05,1.20258,1.20662,0.00404335
1.76004e+09,5454,-0.0482242,-0.0480603,0.000163869,1.19848,1.20662,0.00814043
1.76004e+09,5455,-0.0483078,-0.0481417,0.000166064,1.19433,1.20258,0.00824802
1.76004e+09,5456,-0.0483925,-0.0482242,0.000168268,1.19012,1.19848,0.00835585
1.76004e+09,5457,-0.0484783,-0.0483925,8.57935e-05,1.18587,1.19012,0.00425903
1.76004e+09,5458,-0.0485652,-0.0484783,8.69054e-05,1.18155,1.18587,0.00431329
1.76004e+09,5459,-0.0486532,-0.0485652,8.80215e-05,1.17718,1.18155,0.00436769
1.76004e+09,5460,-0.0487423,-0.0486532,8.91419e-05,1.17276,1.17718,0.00442224
1.76004e+09,5461,-0.0488326,-0.0487423,9.02667e-05,1.16829,1.17276,0.00447695
1.76004e+09,5462,-0.048924,-0.0488326,9.13958e-05,1.16375,1.16829,0.00453183
1.76004e+09,5463,-0.0490165,-0.0488326,0.000183925,1.15917,1.16829,0.00911871
1.76004e+09,5464,-0.0491102,-0.048924,0.000186197,1.15452,1.16375,0.009229
1.76004e+09,5465,-0.049205,-0.0490165,0.000188478,1.14983,1.15917,0.00933966
1.76004e+09,5466,-0.049301,-0.049205,9.59578e-05,1.14507,1.14983,0.00475317
1.76004e+09,5467,-0.0493981,-0.049301,9.71101e-05,1.14026,1.14507,0.00480901
1.76004e+09,5468,-0.0494963,-0.0493981,9.82671e-05,1.1354,1.14026,0.00486506
1.76004e+09,5469,-0.0495958,-0.0493981,0.000197696,1.13048,1.14026,0.00978639
1.76004e+09,5470,-0.0496964,-0.0494963,0.000200025,1.1255,1.1354,0.00989919
1.76004e+09,5471,-0.0497981,-0.0495958,0.000202364,1.12047,1.13048,0.0100125
1.76004e+09,5472,-0.0499011,-0.0496964,0.000204713,1.11537,1.1255,0.0101263
1.76004e+09,5473,-0.0500052,-0.0497981,0.000207073,1.11023,1.12047,0.0102406
1.76004e+09,5474,-0.0501105,-0.0499011,0.000209443,1.10502,1.11537,0.0103554
1.76004e+09,5475,-0.050217,-0.0500052,0.000211823,1.09975,1.11023,0.0104709
1.76004e+09,5476,-0.0503247,-0.0501105,0.000214215,1.09443,1.10502,0.0105869
1.76004e+09,5477,-0.0504337,-0.050217,0.000216617,1.08905,1.09975,0.0107036
1.76004e+09,5478,-0.0505438,-0.0503247,0.000219031,1.08361,1.09443,0.010821
1.76004e+09,5479,-0.0506551,-0.0504337,0.000221455,1.07811,1.08905,0.010939
1.76004e+09,5480,-0.0507677,-0.0505438,0.000223891,1.07255,1.08361,0.0110577
1.76004e+09,5481,-0.0508814,-0.0506551,0.000226339,1.06693,1.07811,0.0111772
1.76004e+09,5482,-0.0509965,-0.0507677,0.000228798,1.06126,1.07255,0.0112975
1.76004e+09,5483,-0.0511127,-0.0508814,0.000231269,1.05552,1.06693,0.0114186
1.76004e+09,5484,-0.0512302,-0.0509965,0.000233752,1.04972,1.06126,0.0115405
1.76004e+09,5485,-0.051349,-0.0511127,0.000236248,1.04385,1.05552,0.0116633
1.76004e+09,5486,-0.051469,-0.0512302,0.000238755,1.03793,1.04972,0.0117871
1.76004e+09,5487,-0.0515902,-0.051349,0.000241275,1.03194,1.04385,0.0119118
1.76004e+09,5488,-0.0517128,-0.051469,0.000243808,1.02589,1.03793,0.0120375
1.76004e+09,5489,-0.0518366,-0.0515902,0.000246353,1.01978,1.03194,0.0121643
1.76004e+09,5490,-0.0519617,-0.0517128,0.000248911,1.0136,1.02589,0.0122922
1.76004e+09,5491,-0.0520881,-0.0518366,0.000251482,1.00736,1.01978,0.0124213
1.76004e+09,5492,-0.0522158,-0.0519617,0.000254067,1.00105,1.0136,0.0125515
1.76004e+09,5493,-0.0523447,-0.0520881,0.000256665,0.994672,1.00736,0.0126831
1.76004e+09,5494,-0.052475,-0.0522158,0.000259276,0.988231,1.00105,0.0128159
1.76004e+09,5495,-0.0526066,-0.0523447,0.000261901,0.981722,0.994672,0.0129501
1.76004e+09,5496,-0.0527396,-0.052475,0.00026454,0.975145,0.988231,0.0130858
1.76004e+09,5497,-0.0528738,-0.0527396,0.000134261,0.968499,0.975145,0.00664597
1.76004e+09,5498,-0.0530094,-0.0528738,0.000135599,0.961783,0.968499,0.00671576
1.76004e+09,5499,-0.0531464,-0.0530094,0.000136943,0.954997,0.961783,0.00678639
1.76004e+09,5500,-0.0532847,-0.0531464,0.000138295,0.948139,0.954997,0.0068579
1.76004e+09,5501,-0.0534243,-0.0531464,0.000277949,0.941209,0.954997,0.0137883
1.76004e+09,5502,-0.0535653,-0.0532847,0.000280675,0.934205,0.948139,0.0139341
1.76004e+09,5503,-0.0537077,-0.0534243,0.000283416,0.927127,0.941209,0.014082
1.76004e+09,5504,-0.0538515,-0.0535653,0.000286173,0.919973,0.934205,0.0142319
1.76004e+09,5505,-0.0539967,-0.0537077,0.000288946,0.912743,0.927127,0.0143841
1.76004e+09,5506,-0.0541433,-0.0538515,0.000291735,0.905434,0.919973,0.0145385
1.76004e+09,5507,-0.0542912,-0.0539967,0.00029454,0.898047,0.912743,0.0146954
1.76004e+09,5508,-0.0544406,-0.0542912,0.000149389,0.89058,0.898047,0.00746756
1.76004e+09,5509,-0.0545914,-0.0542912,0.000300202,0.88303,0.898047,0.0150168
1.76004e+09,5510,-0.0547437,-0.0545914,0.000152246,0.875398,0.88303,0.00763243
1.76004e+09,5511,-0.0548974,-0.0547437,0.000153689,0.867681,0.875398,0.0077171
1.76004e+09,5512,-0.0550525,-0.0548974,0.000155141,0.859878,0.867681,0.00780337
1.76004e+09,5513,-0.0552091,-0.0550525,0.000156602,0.851986,0.859878,0.00789131
1.76004e+09,5514,-0.0553672,-0.0552091,0.000158074,0.844005,0.851986,0.00798103
1.76004e+09,5515,-0.0555267,-0.0553672,0.000159556,0.835933,0.844005,0.00807262
1.76004e+09,5516,-0.0556878,-0.0553672,0.000320604,0.827766,0.844005,0.0162388
1.76004e+09,5517,-0.0558503,-0.0556878,0.000162552,0.819505,0.827766,0.00826182
1.76004e+09,5518,-0.0560144,-0.0558503,0.000164067,0.811145,0.819505,0.00835968
1.76004e+09,5519,-0.05618,-0.0560144,0.000165593,0.802685,0.811145,0.00845987
1.76004e+09,5520,-0.0563471,-0.05618,0.000167132,0.794123,0.802685,0.00856253
1.76004e+09,5521,-0.0565158,-0.0563471,0.000168682,0.785455,0.794123,0.00866782
1.76004e+09,5522,-0.0566861,-0.0565158,0.000170246,0.776679,0.785455,0.0087759
1.76004e+09,5523,-0.0568579,-0.0566861,0.000171822,0.767792,0.776679,0.00888694
1.76004e+09,5524,-0.0570313,-0.0568579,0.000173411,0.758791,0.767792,0.00900112
1.76004e+09,5525,-0.0572063,-0.0570313,0.000175014,0.749672,0.758791,0.00911867
1.76004e+09,5526,-0.0573829,-0.0570313,0.000351644,0.740432,0.758791,0.0183585
1.76004e+09,5527,-0.0575612,-0.0572063,0.000354889,0.731068,0.749672,0.0186045
1.76004e+09,5528,-0.0577411,-0.0573829,0.000358161,0.721574,0.740432,0.0188585
1.76004e+09,5529,-0.0579227,-0.0575612,0.000361459,0.711947,0.731068,0.0191209
1.76004e+09,5530,-0.0581059,-0.0577411,0.000364784,0.702181,0.721574,0.0193924
1.76004e+09,5531,-0.0582908,-0.0579227,0.000368133,0.692273,0.711947,0.0196737
1.76004e+09,5532,-0.0584774,-0.0581059,0.000371506,0.682216,0.702181,0.0199654
1.76004e+09,5533,-0.0586657,-0.0582908,0.000374902,0.672005,0.692273,0.0202684
1.76004e+09,5534,-0.0588557,-0.0584774,0.000378317,0.661632,0.682216,0.0205835
1.76004e+09,5535,-0.0590474,-0.0586657,0.00038175,0.651093,0.672005,0.0209118
1.76004e+09,5536,-0.0592409,-0.0588557,0.000385197,0.640378,0.661632,0.0212544
1.76004e+09,5537,-0.0594361,-0.0590474,0.000388654,0.62948,0.651093,0.0216125
1.76004e+09,5538,-0.059633,-0.0592409,0.000392117,0.618391,0.640378,0.0219874
1.76004e+09,5539,-0.0598317,-0.0594361,0.000395581,0.607099,0.62948,0.0223808
1.76004e+09,5540,-0.0601457,-0.059633,0.000512673,0.606911,0.618391,0.0114792
1.76004e+09,5541,-0.0604622,-0.0598317,0.000630521,0.606721,0.607099,0.000378871
1.76004e+09,5542,-0.0607812,-0.0601457,0.000635486,0.606527,0.606911,0.000384483
1.76004e+09,5543,-0.0611026,-0.0607812,0.000321444,0.60633,0.606527,0.000196488
1.76004e+09,5544,-0.0614265,-0.0611026,0.000323888,0.606131,0.60633,0.000199343
1.76004e+09,5545,-0.0617528,-0.0614265,0.000326309,0.605929,0.606131,0.000202214
1.76004e+09,5546,-0.0620815,-0.0617528,0.000328701,0.605724,0.605929,0.000205096
1.76004e+09,5547,-0.0624126,-0.0617528,0.000659761,0.605516,0.605929,0.000413084
1.76004e+09,5548,-0.062746,-0.0624126,0.000333382,0.605305,0.605516,0.000210885
1.76004e+09,5549,-0.0630816,-0.062746,0.00033566,0.605091,0.605305,0.000213783
1.76004e+09,5550,-0.0634195,-0.0630816,0.00033789,0.604874,0.605091,0.00021668
1.76004e+09,5551,-0.0637596,-0.0634195,0.000340065,0.604655,0.604874,0.000219571
1.76004e+09,5552,-0.0641018,-0.0637596,0.000342182,0.604432,0.604655,0.000222452
1.76004e+09,5553,-0.064446,-0.0637596,0.000686417,0.604207,0.604655,0.00044777
1.76004e+09,5554,-0.0647922,-0.0641018,0.000690451,0.603979,0.604432,0.000453485
1.76004e+09,5555,-0.0651403,-0.064446,0.000694341,0.603748,0.604207,0.000459159
1.76004e+09,5556,-0.0654903,-0.0647922,0.000698076,0.603514,0.603979,0.000464783
1.76004e+09,5557,-0.065842,-0.0654903,0.000351694,0.603278,0.603514,0.000236558
1.76004e+09,5558,-0.0661953,-0.065842,0.000353346,0.603038,0.603278,0.000239289
1.76004e+09,5559,-0.0665502,-0.0661953,0.000354904,0.602796,0.603038,0.000241979
1.76004e+09,5560,-0.0669066,-0.0665502,0.000356363,0.602552,0.602796,0.000244625
1.76004e+09,5561,-0.0672643,-0.0669066,0.000357719,0.602304,0.602552,0.000247222
1.76004e+09,5562,-0.0676233,-0.0669066,0.000716688,0.602055,0.602552,0.000496988
1.76004e+09,5563,-0.0679834,-0.0672643,0.000719077,0.601802,0.602304,0.000502018
1.76004e+09,5564,-0.0683445,-0.0676233,0.000721243,0.601548,0.602055,0.00050693
1.76004e+09,5565,-0.0687066,-0.0683445,0.000362044,0.601291,0.601548,0.000257037
1.76004e+09,5566,-0.0690694,-0.0687066,0.000362836,0.601031,0.601291,0.000259329
1.76004e+09,5567,-0.0694329,-0.0690694,0.000363506,0.60077,0.601031,0.000261548
1.76004e+09,5568,-0.069797,-0.0690694,0.000727559,0.600506,0.601031,0.000525239
1.76004e+09,5569,-0.0701614,-0.069797,0.000364476,0.60024,0.600506,0.000265756
1.76004e+09,5570,-0.0705262,-0.069797,0.00072925,0.599973,0.600506,0.000533495
1.76004e+09,5571,-0.0708912,-0.0701614,0.000729719,0.599703,0.60024,0.000537377
1.76004e+09,5572,-0.0712561,-0.0705262,0.000729935,0.599432,0.599973,0.000541088
1.76004e+09,5573,-0.0716211,-0.0712561,0.000364908,0.599158,0.599432,0.000273173
1.76004e+09,5574,-0.0719858,-0.0716211,0.000364699,0.598884,0.599158,0.000274805
1.76004e+09,5575,-0.0723501,-0.0719858,0.000364365,0.598607,0.598884,0.000276345
1.76004e+09,5576,-0.072714,-0.0719858,0.000728272,0.598329,0.598884,0.000554136
1.76004e+09,5577,-0.0730773,-0.0723501,0.000727231,0.59805,0.598607,0.000556933
1.76004e+09,5578,-0.07344,-0.072714,0.000725946,0.59777,0.598329,0.000559539
1.76004e+09,5579,-0.0738018,-0.0730773,0.000724421,0.597488,0.59805,0.000561954
1.76004e+09,5580,-0.0741626,-0.07344,0.00072266,0.597206,0.59777,0.000564177
1.76004e+09,5581,-0.0745224,-0.0738018,0.000720668,0.596922,0.597488,0.000566207
1.76004e+09,5582,-0.0748811,-0.0741626,0.000718452,0.596638,0.597206,0.000568046
1.76004e+09,5583,-0.0752385,-0.0745224,0.000716019,0.596352,0.596922,0.000569696
1.76004e+09,5584,-0.0755945,-0.0748811,0.000713375,0.596067,0.596638,0.000571157
1.76004e+09,5585,-0.075949,-0.0752385,0.000710529,0.59578,0.596352,0.000572434
1.76004e+09,5586,-0.0763019,-0.0755945,0.00070749,0.595493,0.596067,0.000573529
1.76004e+09,5587,-0.0766533,-0.075949,0.000704266,0.595206,0.59578,0.000574446
1.76004e+09,5588,-0.0770028,-0.0763019,0.000700867,0.594918,0.595493,0.00057519
1.76004e+09,5589,-0.0773506,-0.0770028,0.00034774,0.59463,0.594918,0.000288007
1.76004e+09,5590,-0.0776964,-0.0773506,0.000345843,0.594342,0.59463,0.000288174
1.76004e+09,5591,-0.0780403,-0.0776964,0.000343877,0.594053,0.594342,0.000288264
1.76004e+09,5592,-0.0783821,-0.0780403,0.000341846,0.593765,0.594053,0.000288282
1.76004e+09,5593,-0.0787219,-0.0783821,0.000339757,0.593477,0.593765,0.00028823
1.76004e+09,5594,-0.0790595,-0.0787219,0.000337615,0.593189,0.593477,0.000288113
1.76004e+09,5595,-0.0793949,-0.0787219,0.000673041,0.592901,0.593477,0.000576045
1.76004e+09,5596,-0.0797281,-0.0793949,0.000333194,0.592613,0.592901,0.000287694
1.76004e+09,5597,-0.080059,-0.0797281,0.000330925,0.592326,0.592613,0.000287402
1.76004e+09,5598,-0.0803877,-0.080059,0.000328624,0.592039,0.592326,0.000287058
1.76004e+09,5599,-0.080714,-0.0803877,0.000326295,0.591752,0.592039,0.000286667
1.76004e+09,5600,-0.0810276,-0.080714,0.000313628,0.591443,0.591752,0.000309153
1.76004e+09,5601,-0.0813388,-0.0810276,0.000311187,0.591134,0.591443,0.000308694
1.76004e+09,5602,-0.0816475,-0.0810276,0.000619918,0.590826,0.591443,0.000616891
1.76004e+09,5603,-0.0819538,-0.0813388,0.000614997,0.590518,0.591134,0.000615865
1.76004e+09,5604,-0.0822576,-0.0816475,0.000610058,0.590211,0.590826,0.000614773
1.76004e+09,5605,-0.0825589,-0.0822576,0.000301316,0.589905,0.590211,0.000306515
1.76004e+09,5606,-0.0828577,-0.0825589,0.000298838,0.589599,0.589905,0.000305899
1.76004e+09,5607,-0.0831541,-0.0828577,0.000296362,0.589293,0.589599,0.000305259
1.76004e+09,5608,-0.083448,-0.0831541,0.000293891,0.588989,0.589293,0.000304598
1.76004e+09,5609,-0.0837394,-0.083448,0.000291425,0.588685,0.588989,0.000303918
1.76004e+09,5610,-0.0840284,-0.0837394,0.000288967,0.588382,0.588685,0.000303221
1.76004e+09,5611,-0.0843149,-0.0840284,0.000286518,0.588079,0.588382,0.000302508
1.76004e+09,5612,-0.084599,-0.0843149,0.000284079,0.587777,0.588079,0.00030178
1.76004e+09,5613,-0.0848806,-0.084599,0.000281652,0.587476,0.587777,0.00030104
1.76004e+09,5614,-0.0851598,-0.084599,0.00056089,0.587176,0.587777,0.000601327
1.76004e+09,5615,-0.0854367,-0.0851598,0.000276836,0.586877,0.587176,0.000299524
1.76004e+09,5616,-0.0857111,-0.0854367,0.000274448,0.586578,0.586877,0.00029875
1.76004e+09,5617,-0.0859832,-0.0857111,0.000272074,0.58628,0.586578,0.000297967
1.76004e+09,5618,-0.0862529,-0.0859832,0.000269714,0.585983,0.58628,0.000297174
1.76004e+09,5619,-0.0865203,-0.0862529,0.000267367,0.585686,0.585983,0.000296373
1.76004e+09,5620,-0.0867853,-0.0865203,0.000265035,0.585391,0.585686,0.000295564
1.76004e+09,5621,-0.087048,-0.0867853,0.000262716,0.585096,0.585391,0.000294747
1.76004e+09,5622,-0.0873084,-0.087048,0.000260412,0.584802,0.585096,0.000293922
1.76004e+09,5623,-0.0875666,-0.0873084,0.000258121,0.584509,0.584802,0.000293089
1.76004e+09,5624,-0.0878224,-0.0875666,0.000255843,0.584217,0.584509,0.00029225
1.76004e+09,5625,-0.088076,-0.0878224,0.000253579,0.583925,0.584217,0.000291403
1.76004e+09,5626,-0.0883273,-0.0878224,0.000504906,0.583635,0.584217,0.000581951
1.76004e+09,5627,-0.0885764,-0.0883273,0.000249089,0.583345,0.583635,0.000289687
1.76004e+09,5628,-0.0888233,-0.0885764,0.000246862,0.583056,0.583345,0.000288819
1.76004e+09,5629,-0.0890679,-0.0888233,0.000244648,0.582768,0.583056,0.000287944
1.76004e+09,5630,-0.0893104,-0.0890679,0.000242445,0.582481,0.582768,0.000287062
1.76004e+09,5631,-0.0895506,-0.0893104,0.000240254,0.582195,0.582481,0.000286174
1.76004e+09,5632,-0.0897887,-0.0893104,0.000478329,0.58191,0.582481,0.000571452
1.76004e+09,5633,-0.0900246,-0.0897887,0.000235906,0.581625,0.58191,0.000284376
1.76004e+09,5634,-0.0902583,-0.0900246,0.000233749,0.581342,0.581625,0.000283468
1.76004e+09,5635,-0.0904899,-0.0902583,0.000231602,0.581059,0.581342,0.000282553
1.76004e+09,5636,-0.0907194,-0.0904899,0.000229465,0.580778,0.581059,0.000281631
1.76004e+09,5637,-0.0909468,-0.0904899,0.000456804,0.580497,0.581059,0.000562334
1.76004e+09,5638,-0.091172,-0.0909468,0.000225223,0.580217,0.580497,0.000279769
1.76004e+09,5639,-0.0913951,-0.0909468,0.000448339,0.579939,0.580497,0.000558598
1.76004e+09,5640,-0.0916161,-0.091172,0.000444136,0.579661,0.580217,0.000556712
1.76004e+09,5641,-0.091835,-0.0913951,0.000439953,0.579384,0.579939,0.000554814
1.76004e+09,5642,-0.0920519,-0.091835,0.000216855,0.579108,0.579384,0.000275973
1.76004e+09,5643,-0.0922667,-0.0920519,0.000214787,0.578833,0.579108,0.00027501
1.76004e+09,5644,-0.0924794,-0.0922667,0.000212728,0.578559,0.578833,0.000274042
1.76004e+09,5645,-0.0926901,-0.0924794,0.000210679,0.578286,0.578559,0.000273068
1.76004e+09,5646,-0.0928987,-0.0926901,0.000208638,0.578014,0.578286,0.000272089
1.76004e+09,5647,-0.0931053,-0.0928987,0.000206606,0.577742,0.578014,0.000271104
1.76004e+09,5648,-0.0933099,-0.0931053,0.000204583,0.577472,0.577742,0.000270116
1.76004e+09,5649,-0.0935125,-0.0933099,0.000202569,0.577203,0.577472,0.000269122
1.76004e+09,5650,-0.0937131,-0.0935125,0.000200564,0.576935,0.577203,0.000268124
1.76004e+09,5651,-0.0939116,-0.0937131,0.000198567,0.576668,0.576935,0.000267121
1.76004e+09,5652,-0.0941082,-0.0937131,0.000395146,0.576402,0.576935,0.000533236
1.76004e+09,5653,-0.0943028,-0.0939116,0.000391177,0.576137,0.576668,0.000531219
1.76004e+09,5654,-0.0944954,-0.0943028,0.000192627,0.575873,0.576137,0.000264089
1.76004e+09,5655,-0.0946861,-0.0944954,0.000190664,0.57561,0.575873,0.000263071
1.76004e+09,5656,-0.0948748,-0.0944954,0.000379372,0.575348,0.575873,0.00052512
1.76004e+09,5657,-0.0950616,-0.0946861,0.00037547,0.575086,0.57561,0.000523073
1.76004e+09,5658,-0.0952464,-0.0948748,0.000371584,0.574826,0.575348,0.000521019
1.76004e+09,5659,-0.0954293,-0.0952464,0.000182891,0.574568,0.574826,0.000258963
1.76004e+09,5660,-0.0956102,-0.0954293,0.000180968,0.57431,0.574568,0.000257928
1.76004e+09,5661,-0.0957893,-0.0956102,0.000179053,0.574053,0.57431,0.000256891
1.76004e+09,5662,-0.0959664,-0.0957893,0.000177145,0.573797,0.574053,0.00025585
1.76004e+09,5663,-0.0961417,-0.0959664,0.000175245,0.573542,0.573797,0.000254807
1.76004e+09,5664,-0.096315,-0.0961417,0.000173353,0.573288,0.573542,0.000253762
1.76004e+09,5665,-0.0964865,-0.096315,0.000171468,0.573036,0.573288,0.000252714
1.76004e+09,5666,-0.0966561,-0.096315,0.000341059,0.572784,0.573288,0.000504377
1.76004e+09,5667,-0.0968238,-0.0966561,0.000167721,0.572533,0.572784,0.000250611
1.76004e+09,5668,-0.0969897,-0.0968238,0.000165858,0.572284,0.572533,0.000249557
1.76004e+09,5669,-0.0971537,-0.0969897,0.000164002,0.572035,0.572284,0.000248501
1.76004e+09,5670,-0.0973158,-0.0971537,0.000162154,0.571788,0.572035,0.000247444
1.76004e+09,5671,-0.0974761,-0.0973158,0.000160312,0.571541,0.571788,0.000246384
1.76004e+09,5672,-0.0976346,-0.0974761,0.000158478,0.571296,0.571541,0.000245324
1.76004e+09,5673,-0.0977913,-0.0974761,0.000315128,0.571052,0.571541,0.000489586
1.76004e+09,5674,-0.0979461,-0.0977913,0.00015483,0.570809,0.571052,0.000243198
1.76004e+09,5675,-0.0980991,-0.0979461,0.000153016,0.570566,0.570809,0.000242134
1.76004e+09,5676,-0.0982503,-0.0980991,0.000151208,0.570325,0.570566,0.000241069
1.76004e+09,5677,-0.0983997,-0.0982503,0.000149407,0.570085,0.570325,0.000240002
1.76004e+09,5678,-0.0985473,-0.0983997,0.000147613,0.569846,0.570085,0.000238935
1.76004e+09,5679,-0.0986932,-0.0983997,0.000293438,0.569609,0.570085,0.000476802
1.76004e+09,5680,-0.0988372,-0.0986932,0.000144044,0.569372,0.569609,0.000236799
1.76004e+09,5681,-0.0989795,-0.0986932,0.000286312,0.569136,0.569609,0.000472528
1.76004e+09,5682,-0.09912,-0.0989795,0.000140499,0.568901,0.569136,0.00023466
1.76004e+09,5683,-0.0992587,-0.09912,0.000138736,0.568668,0.568901,0.000233591
1.76004e+09,5684,-0.0993957,-0.0992587,0.000136979,0.568435,0.568668,0.000232521
1.76004e+09,5685,-0.0995309,-0.0993957,0.000135228,0.568204,0.568435,0.000231451
1.76004e+09,5686,-0.0996644,-0.0993957,0.000268712,0.567973,0.568435,0.000461831
1.76004e+09,5687,-0.0997962,-0.0995309,0.000265227,0.567744,0.568204,0.000459691
1.76004e+09,5688,-0.0999262,-0.0997962,0.000130011,0.567516,0.567744,0.000228241
1.76004e+09,5689,-0.100054,-0.0999262,0.000128283,0.567289,0.567516,0.000227172
1.76004e+09,5690,-0.100181,-0.100054,0.00012656,0.567063,0.567289,0.000226102
1.76004e+09,5691,-0.100306,-0.100181,0.000124844,0.566838,0.567063,0.000225034
1.76004e+09,5692,-0.100429,-0.100306,0.000123132,0.566614,0.566838,0.000223966
1.76004e+09,5693,-0.10055,-0.100429,0.000121427,0.566391,0.566614,0.000222898
1.76004e+09,5694,-0.10067,-0.10055,0.000119726,0.566169,0.566391,0.000221831
1.76004e+09,5695,-0.100788,-0.10067,0.00011803,0.565948,0.566169,0.000220765
1.76004e+09,5696,-0.100905,-0.100788,0.00011634,0.565728,0.565948,0.0002197
1.76004e+09,5697,-0.101019,-0.100905,0.000114655,0.56551,0.565728,0.000218636
1.76004e+09,5698,-0.101132,-0.101019,0.000112975,0.565292,0.56551,0.000217573
1.76004e+09,5699,-0.101243,-0.101132,0.0001113,0.565076,0.565292,0.000216511
1.76004e+09,5700,-0.101353,-0.101243,0.000109629,0.56486,0.565076,0.000215451
1.76004e+09,5701,-0.101461,-0.101353,0.000107964,0.564646,0.56486,0.000214391
1.76004e+09,5702,-0.101567,-0.101461,0.000106303,0.564433,0.564646,0.000213333
1.76004e+09,5703,-0.101672,-0.101461,0.00021095,0.56422,0.564646,0.00042561
1.76004e+09,5704,-0.101775,-0.101567,0.000207642,0.564009,0.564433,0.000423498
1.76004e+09,5705,-0.101876,-0.101672,0.000204343,0.563799,0.56422,0.000421389
1.76004e+09,5706,-0.101976,-0.101876,9.97054e-05,0.56359,0.563799,0.000209116
1.76004e+09,5707,-0.102074,-0.101976,9.80671e-05,0.563382,0.56359,0.000208066
1.76004e+09,5708,-0.102171,-0.101976,0.0001945,0.563175,0.56359,0.000415084
1.76004e+09,5709,-0.102265,-0.102171,9.48033e-05,0.562969,0.563175,0.000205972
1.76004e+09,5710,-0.102359,-0.102265,9.31777e-05,0.562764,0.562969,0.000204927
1.76004e+09,5711,-0.10245,-0.102265,0.000184734,0.56256,0.562969,0.000408812
1.76004e+09,5712,-0.10254,-0.102359,0.000181495,0.562357,0.562764,0.00040673
1.76004e+09,5713,-0.102628,-0.10254,8.83251e-05,0.562155,0.562357,0.000201807
1.76004e+09,5714,-0.102715,-0.102628,8.67155e-05,0.561954,0.562155,0.000200771
1.76004e+09,5715,-0.1028,-0.102628,0.000171825,0.561755,0.562155,0.000400508
1.76004e+09,5716,-0.102884,-0.1028,8.35075e-05,0.561556,0.561755,0.000198706
1.76004e+09,5717,-0.102966,-0.102884,8.19091e-05,0.561358,0.561556,0.000197678
1.76004e+09,5718,-0.103046,-0.102966,8.03143e-05,0.561162,0.561358,0.000196652
1.76004e+09,5719,-0.103125,-0.103046,7.8723e-05,0.560966,0.561162,0.000195628
1.76004e+09,5720,-0.103202,-0.103125,7.71352e-05,0.560771,0.560966,0.000194607
1.76004e+09,5721,-0.103277,-0.103202,7.55508e-05,0.560578,0.560771,0.000193589
1.76004e+09,5722,-0.103351,-0.103277,7.39698e-05,0.560385,0.560578,0.000192574
1.76004e+09,5723,-0.103424,-0.103277,0.000146362,0.560194,0.560578,0.000384136
1.76004e+09,5724,-0.103494,-0.103424,7.08174e-05,0.560003,0.560194,0.000190552
1.76004e+09,5725,-0.103564,-0.103494,6.9246e-05,0.559814,0.560003,0.000189545
1.76004e+09,5726,-0.103631,-0.103564,6.76776e-05,0.559625,0.559814,0.000188542
1.76004e+09,5727,-0.103698,-0.103564,0.00013379,0.559438,0.559814,0.000376083
1.76004e+09,5728,-0.103762,-0.103631,0.000130662,0.559251,0.559625,0.000374085
1.76004e+09,5729,-0.103825,-0.103698,0.00012754,0.559065,0.559438,0.000372094
1.76004e+09,5730,-0.103886,-0.103825,6.14335e-05,0.558881,0.559065,0.000184559
1.76004e+09,5731,-0.103946,-0.103886,5.98795e-05,0.558697,0.558881,0.000183572
1.76004e+09,5732,-0.104005,-0.103946,5.83281e-05,0.558515,0.558697,0.000182588
1.76004e+09,5733,-0.104061,-0.103946,0.000115107,0.558333,0.558697,0.000364195
1.76004e+09,5734,-0.104117,-0.104061,5.52331e-05,0.558153,0.558333,0.00018063
1.76004e+09,5735,-0.10417,-0.104061,0.000108923,0.557973,0.558333,0.000360286
1.76004e+09,5736,-0.104223,-0.104117,0.000105837,0.557794,0.558153,0.000358343
1.76004e+09,5737,-0.104273,-0.10417,0.000102757,0.557616,0.557973,0.000356407
1.76004e+09,5738,-0.104322,-0.104223,9.96815e-05,0.55744,0.557794,0.000354478
1.76004e+09,5739,-0.10437,-0.104273,9.66103e-05,0.557264,0.557616,0.000352557
1.76004e+09,5740,-0.104416,-0.10437,4.60055e-05,0.557089,0.557264,0.000174845
1.76004e+09,5741,-0.10446,-0.10437,9.04808e-05,0.556915,0.557264,0.000348739
1.76004e+09,5742,-0.104503,-0.104416,8.74223e-05,0.556742,0.557089,0.000346841
1.76004e+09,5743,-0.104545,-0.10446,8.43677e-05,0.55657,0.556915,0.000344951
1.76004e+09,5744,-0.104585,-0.104545,3.98963e-05,0.556399,0.55657,0.000171066
1.76004e+09,5745,-0.104623,-0.104585,3.83737e-05,0.556229,0.556399,0.000170131
1.76004e+09,5746,-0.10466,-0.104585,7.52266e-05,0.55606,0.556399,0.000339332
1.76004e+09,5747,-0.104695,-0.10466,3.53337e-05,0.555892,0.55606,0.000168275
1.76004e+09,5748,-0.104729,-0.104695,3.38162e-05,0.555724,0.555892,0.000167353
1.76004e+09,5749,-0.104761,-0.104729,3.23002e-05,0.555558,0.555724,0.000166435
1.76004e+09,5750,-0.104792,-0.104761,3.07858e-05,0.555392,0.555558,0.000165522
1.76004e+09,5751,-0.104821,-0.104792,2.92727e-05,0.555228,0.555392,0.000164614
1.76004e+09,5752,-0.104849,-0.104821,2.77611e-05,0.555064,0.555228,0.00016371
1.76004e+09,5753,-0.104875,-0.104821,5.40118e-05,0.554901,0.555228,0.000326521
1.76004e+09,5754,-0.1049,-0.104849,5.09923e-05,0.554739,0.555064,0.000324727
1.76004e+09,5755,-0.104923,-0.104875,4.79753e-05,0.554578,0.554901,0.000322942
1.76004e+09,5756,-0.104945,-0.104923,2.17269e-05,0.554418,0.554578,0.000160141
1.76004e+09,5757,-0.104965,-0.104945,2.02211e-05,0.554259,0.554418,0.00015926
1.76004e+09,5758,-0.104984,-0.104965,1.87163e-05,0.5541,0.554259,0.000158385
1.76004e+09,5759,-0.105001,-0.104984,1.72124e-05,0.553943,0.5541,0.000157514
1.76004e+09,5760,-0.105017,-0.105001,1.57094e-05,0.553786,0.553943,0.000156648
1.76004e+09,5761,-0.105031,-0.105017,1.42072e-05,0.55363,0.553786,0.000155788
1.76004e+09,5762,-0.105044,-0.105031,1.27057e-05,0.553475,0.55363,0.000154932
1.76004e+09,5763,-0.105055,-0.105044,1.12049e-05,0.553321,0.553475,0.000154082
1.76004e+09,5764,-0.105065,-0.105055,9.7047e-06,0.553168,0.553321,0.000153237
1.76004e+09,5765,-0.105073,-0.105055,1.79097e-05,0.553016,0.553321,0.000305633
1.76004e+09,5766,-0.10508,-0.105073,6.70583e-06,0.552864,0.553016,0.000151562
1.76004e+09,5767,-0.105085,-0.10508,5.20704e-06,0.552713,0.552864,0.000150733
1.76004e+09,5768,-0.105088,-0.10508,8.91564e-06,0.552564,0.552864,0.000300642
1.76004e+09,5769,-0.105091,-0.105088,2.21045e-06,0.552414,0.552564,0.000149091
1.76004e+09,5770,-0.105091,-0.105091,7.12512e-07,0.552266,0.552414,0.000148278
1.76004e+09,5771,-0.105091,-0.105091,-7.85264e-07,0.552119,0.552266,0.000147471
1.76004e+09,5772,-0.105088,-0.105091,-3.06821e-06,0.551972,0.552266,0.00029414
1.76004e+09,5773,-0.105085,-0.105091,-6.06354e-06,0.551826,0.552119,0.000292542
1.76004e+09,5774,-0.105079,-0.105085,-5.27828e-06,0.551681,0.551826,0.000145083
1.76004e+09,5775,-0.105072,-0.105079,-6.77606e-06,0.551537,0.551681,0.000144299
1.76004e+09,5776,-0.105064,-0.105079,-1.50501e-05,0.551393,0.551681,0.000287819
1.76004e+09,5777,-0.105054,-0.105072,-1.80462e-05,0.551251,0.551537,0.000286269
1.76004e+09,5778,-0.105043,-0.105064,-2.10428e-05,0.551109,0.551393,0.00028473
1.76004e+09,5779,-0.10503,-0.105054,-2.404e-05,0.550967,0.551251,0.000283203
1.76004e+09,5780,-0.105016,-0.105043,-2.7038e-05,0.550827,0.551109,0.000281688
1.76004e+09,5781,-0.105,-0.10503,-3.00369e-05,0.550687,0.550967,0.000280186
1.76004e+09,5782,-0.104983,-0.105,-1.72685e-05,0.550548,0.550687,0.000138977
1.76004e+09,5783,-0.104964,-0.104983,-1.87694e-05,0.55041,0.550548,0.000138241
1.76004e+09,5784,-0.104944,-0.104983,-3.90403e-05,0.550272,0.550548,0.000275754
1.76004e+09,5785,-0.104922,-0.104944,-2.17731e-05,0.550136,0.550272,0.000136789
1.76004e+09,5786,-0.104899,-0.104922,-2.32761e-05,0.55,0.550136,0.000136073
1.76004e+09,5787,-0.104874,-0.104899,-2.478e-05,0.549864,0.55,0.000135363
1.76004e+09,5788,-0.104848,-0.104874,-2.62848e-05,0.54973,0.549864,0.00013466
1.76004e+09,5789,-0.10482,-0.104874,-5.40755e-05,0.549596,0.549864,0.000268624
1.76004e+09,5790,-0.104791,-0.104848,-5.70881e-05,0.549462,0.54973,0.000267237
1.76004e+09,5791,-0.10476,-0.10482,-6.01029e-05,0.54933,0.549596,0.000265865
1.76004e+09,5792,-0.104728,-0.104791,-6.312e-05,0.549198,0.549462,0.000264506
1.76004e+09,5793,-0.104694,-0.10476,-6.61396e-05,0.549067,0.54933,0.00026316
1.76004e+09,5794,-0.104659,-0.104728,-6.91616e-05,0.548936,0.549198,0.000261829
1.76004e+09,5795,-0.104622,-0.104694,-7.21863e-05,0.548806,0.549067,0.000260511
1.76004e+09,5796,-0.104583,-0.104659,-7.52139e-05,0.548677,0.548936,0.000259208
1.76004e+09,5797,-0.104543,-0.104622,-7.82444e-05,0.548548,0.548806,0.000257919
1.76004e+09,5798,-0.104502,-0.104583,-8.12779e-05,0.54842,0.548677,0.000256645
1.76004e+09,5799,-0.104459,-0.104543,-8.43146e-05,0.548293,0.548548,0.000255385
1.76004e+09,5800,-0.104415,-0.104502,-8.73546e-05,0.548166,0.54842,0.00025414
1.76004e+09,5801,-0.104369,-0.104459,-9.03981e-05,0.54804,0.548293,0.00025291
1.76004e+09,5802,-0.104321,-0.104415,-9.34451e-05,0.547914,0.548166,0.000251695
1.76004e+09,5803,-0.104272,-0.104369,-9.64959e-05,0.547789,0.54804,0.000250495
1.76004e+09,5804,-0.104222,-0.104321,-9.95505e-05,0.547665,0.547914,0.00024931
1.76004e+09,5805,-0.10417,-0.104272,-0.000102609,0.547541,0.547789,0.000248141
1.76004e+09,5806,-0.104116,-0.104222,-0.000105672,0.547418,0.547665,0.000246987
1.76004e+09,5807,-0.104061,-0.10417,-0.000108738,0.547295,0.547541,0.000245849
1.76004e+09,5808,-0.104004,-0.104061,-5.66732e-05,0.547173,0.547295,0.000122085
1.76004e+09,5809,-0.103946,-0.104004,-5.82122e-05,0.547052,0.547173,0.000121536
1.76004e+09,5810,-0.103886,-0.103946,-5.97535e-05,0.546931,0.547052,0.000120995
1.76004e+09,5811,-0.103825,-0.103886,-6.12972e-05,0.54681,0.546931,0.000120463
1.76004e+09,5812,-0.103762,-0.103825,-6.28434e-05,0.54669,0.54681,0.000119938
1.76004e+09,5813,-0.103698,-0.103762,-6.43921e-05,0.546571,0.54669,0.000119423
1.76004e+09,5814,-0.103632,-0.103698,-6.59434e-05,0.546452,0.546571,0.000118915
1.76004e+09,5815,-0.103564,-0.103632,-6.74974e-05,0.546334,0.546452,0.000118416
1.76004e+09,5816,-0.103495,-0.103564,-6.90541e-05,0.546216,0.546334,0.000117926
1.76004e+09,5817,-0.103425,-0.103495,-7.06136e-05,0.546098,0.546216,0.000117444
1.76004e+09,5818,-0.103352,-0.103425,-7.21759e-05,0.545981,0.546098,0.000116972
1.76004e+09,5819,-0.103279,-0.103352,-7.37412e-05,0.545865,0.545981,0.000116508
1.76004e+09,5820,-0.103203,-0.103279,-7.53095e-05,0.545749,0.545865,0.000116053
1.76004e+09,5821,-0.103127,-0.103203,-7.68809e-05,0.545633,0.545749,0.000115607
1.76004e+09,5822,-0.103048,-0.103127,-7.84553e-05,0.545518,0.545633,0.00011517
1.76004e+09,5823,-0.102968,-0.103048,-8.0033e-05,0.545403,0.545518,0.000114743
1.76004e+09,5824,-0.102886,-0.102968,-8.16139e-05,0.545289,0.545403,0.000114325
1.76004e+09,5825,-0.102803,-0.102968,-0.000164812,0.545175,0.545403,0.00022824
1.76004e+09,5826,-0.102718,-0.102886,-0.000167984,0.545061,0.545289,0.000227432
1.76004e+09,5827,-0.102632,-0.102803,-0.000171163,0.544948,0.545175,0.000226644
1.76004e+09,5828,-0.102544,-0.102632,-8.79715e-05,0.544836,0.544948,0.000112747
1.76004e+09,5829,-0.102455,-0.102544,-8.95698e-05,0.544723,0.544836,0.000112377
1.76004e+09,5830,-0.102363,-0.102455,-9.11717e-05,0.544611,0.544723,0.000112017
1.76004e+09,5831,-0.102271,-0.102455,-0.000183949,0.544499,0.544723,0.000223684
1.76004e+09,5832,-0.102176,-0.102363,-0.000187164,0.544388,0.544611,0.000222994
1.76004e+09,5833,-0.10208,-0.102271,-0.000190387,0.544277,0.544499,0.000222324
1.76004e+09,5834,-0.101983,-0.102176,-0.000193617,0.544166,0.544388,0.000221675
1.76004e+09,5835,-0.101883,-0.10208,-0.000196856,0.544056,0.544277,0.000221046
1.76004e+09,5836,-0.101782,-0.101983,-0.000200102,0.543946,0.544166,0.000220439
1.76004e+09,5837,-0.10168,-0.101782,-0.000102493,0.543836,0.543946,0.000109782
1.76004e+09,5838,-0.101576,-0.10168,-0.000104127,0.543727,0.543836,0.000109505
1.76004e+09,5839,-0.10147,-0.101576,-0.000105765,0.543617,0.543727,0.000109239
1.76004e+09,5840,-0.101363,-0.10147,-0.000107407,0.543509,0.543617,0.000108984
1.76004e+09,5841,-0.101254,-0.101363,-0.000109054,0.5434,0.543509,0.000108739
1.76004e+09,5842,-0.101143,-0.101363,-0.000219758,0.543291,0.543509,0.000217246
1.76004e+09,5843,-0.101031,-0.101254,-0.000223065,0.543183,0.5434,0.000216792
1.76004e+09,5844,-0.100917,-0.101143,-0.000226381,0.543075,0.543291,0.00021636
1.76004e+09,5845,-0.100801,-0.100917,-0.000115686,0.542967,0.543075,0.000107876
1.76004e+09,5846,-0.100683,-0.100801,-0.000117356,0.542859,0.542967,0.000107689
1.76004e+09,5847,-0.100564,-0.100683,-0.00011903,0.542752,0.542859,0.000107514
1.76004e+09,5848,-0.100444,-0.100564,-0.00012071,0.542644,0.542752,0.000107351
1.76004e+09,5849,-0.100321,-0.100564,-0.000243104,0.542537,0.542752,0.000214552
1.76004e+09,5850,-0.100197,-0.100444,-0.000246478,0.54243,0.542644,0.000214262
1.76004e+09,5851,-0.100072,-0.100321,-0.000249863,0.542323,0.542537,0.000213997
1.76004e+09,5852,-0.099944,-0.100197,-0.000253257,0.542216,0.54243,0.000213756
1.76004e+09,5853,-0.0998148,-0.100072,-0.000256662,0.54211,0.542323,0.000213541
1.76004e+09,5854,-0.0996839,-0.0998148,-0.000130894,0.542003,0.54211,0.000106631
1.76004e+09,5855,-0.0995513,-0.0998148,-0.000263505,0.541897,0.54211,0.000213187
1.76004e+09,5856,-0.099417,-0.0995513,-0.000134332,0.54179,0.541897,0.000106493
1.76004e+09,5857,-0.0992809,-0.099417,-0.000136059,0.541684,0.54179,0.000106444
1.76004e+09,5858,-0.0991432,-0.0992809,-0.000137791,0.541577,0.541684,0.000106408
1.76004e+09,5859,-0.0990036,-0.0991432,-0.000139529,0.541471,0.541577,0.000106385
1.76004e+09,5860,-0.0988624,-0.0990036,-0.000141274,0.541364,0.541471,0.000106376
1.76004e+09,5861,-0.0987193,-0.0990036,-0.000284297,0.541258,0.541471,0.000212757
1.76004e+09,5862,-0.0985745,-0.0988624,-0.000287803,0.541152,0.541364,0.00021278
1.76004e+09,5863,-0.098428,-0.0987193,-0.00029132,0.541045,0.541258,0.000212832
1.76004e+09,5864,-0.0982797,-0.098428,-0.000148309,0.540939,0.541045,0.000106479
1.76004e+09,5865,-0.0981296,-0.0982797,-0.000150083,0.540832,0.540939,0.000106541
1.76004e+09,5866,-0.0979778,-0.0981296,-0.000151863,0.540726,0.540832,0.000106617
1.76004e+09,5867,-0.0978241,-0.0981296,-0.000305513,0.540619,0.540832,0.000213325
1.76004e+09,5868,-0.0976687,-0.0979778,-0.000309093,0.540512,0.540726,0.000213522
1.76004e+09,5869,-0.0975114,-0.0978241,-0.000312685,0.540405,0.540619,0.000213748
1.76004e+09,5870,-0.0973524,-0.0976687,-0.000316291,0.540298,0.540512,0.000214006
1.76004e+09,5871,-0.0971915,-0.0973524,-0.000160861,0.540191,0.540298,0.000107222
1.76004e+09,5872,-0.0970288,-0.0971915,-0.00016268,0.540083,0.540191,0.00010739
1.76004e+09,5873,-0.0968643,-0.0970288,-0.000164506,0.539976,0.540083,0.000107573
1.76004e+09,5874,-0.096698,-0.0968643,-0.000166339,0.539868,0.539976,0.000107772
1.76004e+09,5875,-0.0965298,-0.096698,-0.000168179,0.53976,0.539868,0.000107987
1.76004e+09,5876,-0.0963598,-0.0965298,-0.000170025,0.539652,0.53976,0.000108219
1.76004e+09,5877,-0.0961879,-0.0963598,-0.000171879,0.539543,0.539652,0.000108467
1.76004e+09,5878,-0.0960142,-0.0961879,-0.00017374,0.539435,0.539543,0.000108732
1.76004e+09,5879,-0.0958386,-0.0961879,-0.000349348,0.539326,0.539543,0.000217745
1.76004e+09,5880,-0.0956611,-0.0960142,-0.000353092,0.539216,0.539435,0.000218326
1.76004e+09,5881,-0.0954817,-0.0956611,-0.000179366,0.539107,0.539216,0.000109629
1.76004e+09,5882,-0.0953004,-0.0956611,-0.000360623,0.538997,0.539216,0.000219592
1.76004e+09,5883,-0.0951173,-0.0953004,-0.000183154,0.538886,0.538997,0.000110315
1.76004e+09,5884,-0.0949322,-0.0951173,-0.000185059,0.538776,0.538886,0.000110685
1.76004e+09,5885,-0.0947453,-0.0949322,-0.000186972,0.538665,0.538776,0.000111073
1.76004e+09,5886,-0.0945564,-0.0947453,-0.000188893,0.538553,0.538665,0.000111479
1.76004e+09,5887,-0.0943655,-0.0947453,-0.000379715,0.538441,0.538665,0.000223384
1.76004e+09,5888,-0.0941728,-0.0945564,-0.000383579,0.538329,0.538553,0.000224253
1.76004e+09,5889,-0.0939781,-0.0943655,-0.00038746,0.538216,0.538441,0.00022516
1.76004e+09,5890,-0.0937814,-0.0941728,-0.000391357,0.538103,0.538329,0.000226106
1.76004e+09,5891,-0.0935828,-0.0939781,-0.000395269,0.537989,0.538216,0.000227091
1.76004e+09,5892,-0.0933822,-0.0937814,-0.000399198,0.537875,0.538103,0.000228115
1.76004e+09,5893,-0.0931797,-0.0935828,-0.000403143,0.53776,0.537989,0.000229179
1.76004e+09,5894,-0.0929751,-0.0931797,-0.000204545,0.537644,0.53776,0.000115423
1.76004e+09,5895,-0.0927686,-0.0929751,-0.000206539,0.537528,0.537644,0.000116006
1.76004e+09,5896,-0.09256,-0.0927686,-0.000208541,0.537412,0.537528,0.000116609
1.76004e+09,5897,-0.0923495,-0.09256,-0.000210551,0.537295,0.537412,0.000117234
1.76004e+09,5898,-0.0921369,-0.09256,-0.000423121,0.537177,0.537412,0.000235115
1.76004e+09,5899,-0.0919223,-0.0923495,-0.000427168,0.537058,0.537295,0.000236429
1.76004e+09,5900,-0.0917057,-0.0921369,-0.000431233,0.536939,0.537177,0.000237786
1.76004e+09,5901,-0.091487,-0.0919223,-0.000435315,0.536819,0.537058,0.000239188
1.76004e+09,5902,-0.0912663,-0.0917057,-0.000439415,0.536698,0.536939,0.000240634
1.76004e+09,5903,-0.0910435,-0.091487,-0.000443533,0.536577,0.536819,0.000242125
1.76004e+09,5904,-0.0908186,-0.0910435,-0.000224872,0.536455,0.536577,0.000122221
1.76004e+09,5905,-0.0905917,-0.0910435,-0.000451826,0.536332,0.536577,0.000245246
1.76004e+09,5906,-0.0903626,-0.0908186,-0.000456,0.536208,0.536455,0.000246876
1.76004e+09,5907,-0.0901315,-0.0903626,-0.000231148,0.536083,0.536208,0.000124703
1.76004e+09,5908,-0.0898982,-0.0901315,-0.000233259,0.535957,0.536083,0.000125578
1.76004e+09,5909,-0.0896628,-0.0901315,-0.00046864,0.535831,0.536083,0.000252055
1.76004e+09,5910,-0.0894253,-0.0896628,-0.000237513,0.535704,0.535831,0.000127402
1.76004e+09,5911,-0.0891857,-0.0894253,-0.000239655,0.535575,0.535704,0.000128352
1.76004e+09,5912,-0.0889438,-0.0891857,-0.000241809,0.535446,0.535575,0.000129327
1.76004e+09,5913,-0.0886999,-0.0889438,-0.000243973,0.535316,0.535446,0.000130329
1.76004e+09,5914,-0.0884537,-0.0886999,-0.000246148,0.535184,0.535316,0.000131356
1.76004e+09,5915,-0.0882054,-0.0886999,-0.000494484,0.535052,0.535316,0.000263767
1.76004e+09,5916,-0.0879549,-0.0884537,-0.00049887,0.534918,0.535184,0.000265902
1.76004e+09,5917,-0.0877021,-0.0882054,-0.00050328,0.534784,0.535052,0.000268093
1.76004e+09,5918,-0.0874471,-0.0879549,-0.000507715,0.534648,0.534918,0.000270338
1.76004e+09,5919,-0.0871899,-0.0877021,-0.000512175,0.534511,0.534784,0.00027264
1.76004e+09,5920,-0.0869305,-0.0871899,-0.000259456,0.534373,0.534511,0.000138096
1.76004e+09,5921,-0.0866688,-0.0871899,-0.000521174,0.534234,0.534511,0.000277415
1.76004e+09,5922,-0.0864048,-0.0869305,-0.000525714,0.534093,0.534373,0.00027989
1.76004e+09,5923,-0.0861385,-0.0866688,-0.000530282,0.533951,0.534234,0.000282425
1.76004e+09,5924,-0.0858699,-0.0861385,-0.000268592,0.533808,0.533951,0.000143167
1.76004e+09,5925,-0.085599,-0.0858699,-0.000270912,0.533664,0.533808,0.000144511
1.76004e+09,5926,-0.0853257,-0.085599,-0.000273246,0.533518,0.533664,0.000145886
1.76004e+09,5927,-0.0850501,-0.085599,-0.000548841,0.53337,0.533664,0.000293179
1.76004e+09,5928,-0.0847722,-0.0853257,-0.000553554,0.533222,0.533518,0.000296026
1.76004e+09,5929,-0.0844918,-0.0850501,-0.000558295,0.533071,0.53337,0.000298937
1.76004e+09,5930,-0.0842091,-0.0844918,-0.000282728,0.53292,0.533071,0.00015171
1.76004e+09,5931,-0.083924,-0.0842091,-0.000285133,0.532767,0.53292,0.000153249
1.76004e+09,5932,-0.0836364,-0.0842091,-0.000572685,0.532612,0.53292,0.000308071
1.76004e+09,5933,-0.0833464,-0.083924,-0.000577533,0.532455,0.532767,0.000311251
1.76004e+09,5934,-0.083054,-0.0836364,-0.000582403,0.532297,0.532612,0.0003145
1.76004e+09,5935,-0.0827591,-0.0833464,-0.000587293,0.532137,0.532455,0.000317817
1.76004e+09,5936,-0.0824618,-0.083054,-0.000592199,0.531976,0.532297,0.000321204
1.76004e+09,5937,-0.082162,-0.0827591,-0.000597118,0.531813,0.532137,0.000324661
1.76004e+09,5938,-0.0818598,-0.0824618,-0.000602045,0.531648,0.531976,0.000328186
1.76004e+09,5939,-0.0815551,-0.0818598,-0.00030472,0.531481,0.531648,0.000166798
1.76004e+09,5940,-0.0812375,-0.0815551,-0.000317553,0.531287,0.531481,0.000193899
1.76004e+09,5941,-0.0809176,-0.0815551,-0.000637491,0.531091,0.531481,0.000389702
1.76004e+09,5942,-0.0805953,-0.0812375,-0.000642247,0.530894,0.531287,0.000393544
1.76004e+09,5943,-0.0802706,-0.0805953,-0.000324667,0.530694,0.530894,0.000199711
1.76004e+09,5944,-0.0799436,-0.0802706,-0.000327004,0.530492,0.530694,0.000201713
1.76004e+09,5945,-0.0796143,-0.0799436,-0.000329316,0.530288,0.530492,0.000203745
1.76004e+09,5946,-0.0792827,-0.0796143,-0.000331599,0.530083,0.530288,0.000205807
1.76004e+09,5947,-0.0789488,-0.0792827,-0.000333849,0.529875,0.530083,0.000207897
1.76004e+09,5948,-0.0786128,-0.0789488,-0.000336059,0.529665,0.529875,0.000210013
1.76004e+09,5949,-0.0782745,-0.0786128,-0.000338225,0.529453,0.529665,0.000212155
1.76004e+09,5950,-0.0779342,-0.0786128,-0.000678567,0.529238,0.529665,0.000426477
1.76004e+09,5951,-0.0775918,-0.0782745,-0.000682745,0.529022,0.529453,0.000430829
1.76004e+09,5952,-0.0772474,-0.0779342,-0.000686809,0.528803,0.529238,0.000435224
1.76004e+09,5953,-0.076901,-0.0775918,-0.000690747,0.528582,0.529022,0.000439655
1.76004e+09,5954,-0.0765528,-0.0772474,-0.000694549,0.528359,0.528803,0.000444119
1.76004e+09,5955,-0.0762028,-0.076901,-0.000698204,0.528133,0.528582,0.000448611
1.76004e+09,5956,-0.0758511,-0.0765528,-0.000701703,0.527906,0.528359,0.000453127
1.76004e+09,5957,-0.0754978,-0.0762028,-0.000705034,0.527676,0.528133,0.000457661
1.76004e+09,5958,-0.0751429,-0.0758511,-0.000708189,0.527444,0.527906,0.000462209
1.76004e+09,5959,-0.0747866,-0.0754978,-0.000711159,0.527209,0.527676,0.000466764
1.76004e+09,5960,-0.074429,-0.0751429,-0.000713933,0.526972,0.527444,0.000471321
1.76004e+09,5961,-0.0740701,-0.0747866,-0.000716505,0.526733,0.527209,0.000475875
1.76004e+09,5962,-0.0737101,-0.074429,-0.000718866,0.526492,0.526972,0.00048042
1.76004e+09,5963,-0.0733491,-0.0740701,-0.000721009,0.526248,0.526733,0.00048495
1.76004e+09,5964,-0.0729872,-0.0737101,-0.000722928,0.526002,0.526492,0.00048946
1.76004e+09,5965,-0.0726245,-0.0733491,-0.000724617,0.525754,0.526248,0.000493944
1.76004e+09,5966,-0.0722611,-0.0726245,-0.000363368,0.525504,0.525754,0.000250307
1.76004e+09,5967,-0.0718972,-0.0722611,-0.000363913,0.525251,0.525504,0.000252504
1.76004e+09,5968,-0.0715329,-0.0718972,-0.000364336,0.524997,0.525251,0.000254678
1.76004e+09,5969,-0.0711683,-0.0718972,-0.00072897,0.52474,0.525251,0.000511504
1.76004e+09,5970,-0.0708035,-0.0715329,-0.00072944,0.524481,0.524997,0.000515772
1.76004e+09,5971,-0.0704386,-0.0711683,-0.000729658,0.52422,0.52474,0.000519981
1.76004e+09,5972,-0.0700738,-0.0704386,-0.000364772,0.523957,0.52422,0.00026309
1.76004e+09,5973,-0.0697093,-0.0704386,-0.000729336,0.523692,0.52422,0.0005282
1.76004e+09,5974,-0.069345,-0.0700738,-0.000728795,0.523425,0.523957,0.000532202
1.76004e+09,5975,-0.0689813,-0.0697093,-0.000728003,0.523156,0.523692,0.000536125
1.76004e+09,5976,-0.0686181,-0.069345,-0.000726961,0.522885,0.523425,0.000539966
1.76004e+09,5977,-0.0682556,-0.0689813,-0.000725671,0.522612,0.523156,0.000543722
1.76004e+09,5978,-0.0678939,-0.0686181,-0.000724138,0.522337,0.522885,0.000547387
1.76004e+09,5979,-0.0675332,-0.0682556,-0.000722366,0.522061,0.522612,0.000550961
1.76004e+09,5980,-0.0671736,-0.0678939,-0.000720358,0.521783,0.522337,0.000554439
1.76004e+09,5981,-0.0668151,-0.0671736,-0.000358473,0.521503,0.521783,0.000279743
1.76004e+09,5982,-0.0664579,-0.0671736,-0.000715662,0.521222,0.521783,0.000561101
1.76004e+09,5983,-0.0661021,-0.0668151,-0.000712985,0.520939,0.521503,0.000564282
1.76004e+09,5984,-0.0657478,-0.0664579,-0.0007101,0.520654,0.521222,0.00056736
1.76004e+09,5985,-0.0653951,-0.0661021,-0.000707015,0.520368,0.520939,0.000570336
1.76004e+09,5986,-0.0650441,-0.0653951,-0.000351025,0.520081,0.520368,0.00028731
1.76004e+09,5987,-0.0646948,-0.0650441,-0.00034925,0.519793,0.520081,0.00028867
1.76004e+09,5988,-0.0643474,-0.0650441,-0.000696641,0.519503,0.520081,0.000578649
1.76004e+09,5989,-0.064002,-0.0646948,-0.000692844,0.519211,0.519793,0.000581217
1.76004e+09,5990,-0.0636585,-0.0643474,-0.000688893,0.518919,0.519503,0.000583686
1.76004e+09,5991,-0.0633172,-0.064002,-0.0006848,0.518625,0.519211,0.000586058
1.76004e+09,5992,-0.062978,-0.0636585,-0.000680575,0.518331,0.518919,0.000588334
1.76004e+09,5993,-0.062641,-0.0633172,-0.00067623,0.518035,0.518625,0.000590518
1.76004e+09,5994,-0.0623062,-0.062978,-0.000671776,0.517738,0.518331,0.000592613
1.76004e+09,5995,-0.0619737,-0.062641,-0.000667222,0.51744,0.518035,0.000594621
1.76004e+09,5996,-0.0616436,-0.0623062,-0.000662581,0.517141,0.517738,0.000596545
1.76004e+09,5997,-0.0613159,-0.0619737,-0.000657863,0.516842,0.51744,0.00059839
1.76004e+09,5998,-0.0609905,-0.0616436,-0.000653078,0.516541,0.517141,0.000600159
1.76004e+09,5999,-0.0606676,-0.0613159,-0.000648235,0.51624,0.516842,0.000601855
1.76004e+09,6000,-0.0604616,-0.0609905,-0.000528897,0.528746,0.516541,-0.0122051
1.76004e+09,6001,-0.0602573,-0.0606676,-0.000410313,0.540981,0.51624,-0.0247407
1.76004e+09,6002,-0.0600547,-0.0602573,-0.000202621,0.55296,0.540981,-0.0119791
1.76004e+09,6003,-0.0598538,-0.0600547,-0.000200915,0.564699,0.55296,-0.0117393
1.76004e+09,6004,-0.0596546,-0.0600547,-0.000400116,0.576212,0.55296,-0.0232524
1.76004e+09,6005,-0.0594571,-0.0598538,-0.000396684,0.587512,0.564699,-0.0228126
1.76004e+09,6006,-0.0592613,-0.0596546,-0.000393244,0.598609,0.576212,-0.0223964
1.76004e+09,6007,-0.0590673,-0.0594571,-0.000389802,0.609513,0.587512,-0.0220015
1.76004e+09,6008,-0.058875,-0.0592613,-0.000386364,0.620235,0.598609,-0.0216261
1.76004e+09,6009,-0.0586844,-0.0590673,-0.000382933,0.630782,0.609513,-0.0212684
1.76004e+09,6010,-0.0584955,-0.058875,-0.000379513,0.641162,0.620235,-0.020927
1.76004e+09,6011,-0.0583083,-0.0586844,-0.000376107,0.651382,0.630782,-0.0206004
1.76004e+09,6012,-0.0581227,-0.0584955,-0.000372719,0.661449,0.641162,-0.0202876
1.76004e+09,6013,-0.0579389,-0.0583083,-0.000369349,0.671369,0.651382,-0.0199874
1.76004e+09,6014,-0.0577567,-0.0581227,-0.000366,0.681148,0.661449,-0.0196989
1.76004e+09,6015,-0.0575762,-0.0579389,-0.000362673,0.690791,0.671369,-0.0194211
1.76004e+09,6016,-0.0573974,-0.0577567,-0.00035937,0.700302,0.681148,-0.0191534
1.76004e+09,6017,-0.0572201,-0.0573974,-0.000177229,0.709686,0.700302,-0.00938407
1.76004e+09,6018,-0.0570445,-0.0573974,-0.000352837,0.718947,0.700302,-0.0186454
1.76004e+09,6019,-0.0568705,-0.0570445,-0.000173999,0.728089,0.718947,-0.00914247
1.76004e+09,6020,-0.0566981,-0.0570445,-0.000346403,0.737117,0.718947,-0.0181697
1.76004e+09,6021,-0.0565273,-0.0568705,-0.000343224,0.746032,0.728089,-0.0179428
1.76004e+09,6022,-0.0563581,-0.0566981,-0.00034007,0.754839,0.737117,-0.0177224
1.76004e+09,6023,-0.0561904,-0.0565273,-0.00033694,0.76354,0.746032,-0.0175083
1.76004e+09,6024,-0.0560242,-0.0563581,-0.000333834,0.772139,0.754839,-0.0173
1.76004e+09,6025,-0.0558596,-0.0561904,-0.000330752,0.780638,0.76354,-0.0170972
1.76004e+09,6026,-0.0556965,-0.0560242,-0.000327693,0.789039,0.772139,-0.0168996
1.76004e+09,6027,-0.055535,-0.0558596,-0.000324657,0.797344,0.780638,-0.0167068
1.76004e+09,6028,-0.0553749,-0.0556965,-0.000321643,0.805557,0.789039,-0.0165186
1.76004e+09,6029,-0.0552163,-0.055535,-0.00031865,0.813679,0.797344,-0.0163347
1.76004e+09,6030,-0.0550592,-0.0553749,-0.000315678,0.821712,0.805557,-0.016155
1.76004e+09,6031,-0.0549036,-0.0552163,-0.000312727,0.829658,0.813679,-0.015979
1.76004e+09,6032,-0.0547494,-0.0550592,-0.000309795,0.837519,0.821712,-0.0158068
1.76004e+09,6033,-0.0545967,-0.0549036,-0.000306883,0.845296,0.829658,-0.015638
1.76004e+09,6034,-0.0544454,-0.0547494,-0.000303989,0.852992,0.837519,-0.0154725
1.76004e+09,6035,-0.0542956,-0.0545967,-0.000301114,0.860606,0.845296,-0.0153101
1.76004e+09,6036,-0.0541472,-0.0544454,-0.000298257,0.868142,0.852992,-0.0151507
1.76004e+09,6037,-0.0540002,-0.0542956,-0.000295418,0.875601,0.860606,-0.0149941
1.76004e+09,6038,-0.0538546,-0.0540002,-0.000145594,0.882982,0.875601,-0.00738191
1.76004e+09,6039,-0.0537104,-0.0540002,-0.000289789,0.890289,0.875601,-0.0146887
1.76004e+09,6040,-0.0535676,-0.0538546,-0.000287,0.897522,0.882982,-0.0145397
1.76004e+09,6041,-0.0534262,-0.0537104,-0.000284226,0.904682,0.890289,-0.014393
1.76004e+09,6042,-0.0532861,-0.0535676,-0.000281469,0.911771,0.897522,-0.0142485
1.76004e+09,6043,-0.0531474,-0.0534262,-0.000278727,0.918788,0.904682,-0.014106
1.76004e+09,6044,-0.0530101,-0.0532861,-0.000276,0.925736,0.911771,-0.0139656
1.76004e+09,6045,-0.0528741,-0.0531474,-0.000273288,0.932615,0.918788,-0.013827
1.76004e+09,6046,-0.0527395,-0.0530101,-0.000270591,0.939426,0.925736,-0.0136903
1.76004e+09,6047,-0.0526062,-0.0528741,-0.000267909,0.946171,0.932615,-0.0135552
1.76004e+09,6048,-0.0524743,-0.0527395,-0.000265241,0.952848,0.939426,-0.0134218
1.76004e+09,6049,-0.0523436,-0.0526062,-0.000262587,0.959461,0.946171,-0.01329
1.76004e+09,6050,-0.0522143,-0.0524743,-0.000259947,0.966008,0.952848,-0.0131596
1.76004e+09,6051,-0.0520863,-0.0523436,-0.000257321,0.972491,0.959461,-0.0130307
1.76004e+09,6052,-0.0519596,-0.0522143,-0.000254709,0.978911,0.966008,-0.0129032
1.76004e+09,6053,-0.0518342,-0.0519596,-0.000125407,0.985268,0.978911,-0.00635707
1.76004e+09,6054,-0.0517101,-0.0518342,-0.000124117,0.991563,0.985268,-0.00629488
1.76004e+09,6055,-0.0515873,-0.0517101,-0.000122834,0.997796,0.991563,-0.00623327
1.76004e+09,6056,-0.0514657,-0.0515873,-0.000121558,1.00397,0.997796,-0.00617222
1.76004e+09,6057,-0.0513454,-0.0514657,-0.000120287,1.01008,1.00397,-0.00611169
1.76004e+09,6058,-0.0512264,-0.0513454,-0.000119024,1.01613,1.01008,-0.00605168
1.76004e+09,6059,-0.0511086,-0.0513454,-0.000236789,1.02212,1.01008,-0.0120438
1.76004e+09,6060,-0.0509921,-0.0512264,-0.00023428,1.02806,1.01613,-0.0119252
1.76004e+09,6061,-0.0508769,-0.0511086,-0.000231783,1.03393,1.02212,-0.0118076
1.76004e+09,6062,-0.0507628,-0.0509921,-0.000229298,1.03975,1.02806,-0.0116908
1.76004e+09,6063,-0.05065,-0.0508769,-0.000226825,1.04551,1.03393,-0.0115748
1.76004e+09,6064,-0.0505385,-0.0507628,-0.000224364,1.05121,1.03975,-0.0114596
1.76004e+09,6065,-0.0504281,-0.05065,-0.000221914,1.05685,1.04551,-0.0113452
1.76004e+09,6066,-0.050319,-0.0505385,-0.000219476,1.06244,1.05121,-0.0112315
1.76004e+09,6067,-0.0502111,-0.0504281,-0.000217049,1.06797,1.05685,-0.0111185
1.76004e+09,6068,-0.0501043,-0.050319,-0.000214633,1.07345,1.06244,-0.0110062
1.76004e+09,6069,-0.0499988,-0.0502111,-0.000212228,1.07886,1.06797,-0.0108945
1.76004e+09,6070,-0.0498945,-0.0499988,-0.00010432,1.08423,1.07886,-0.00536404
1.76004e+09,6071,-0.0497914,-0.0498945,-0.000103131,1.08954,1.08423,-0.00530893
1.76004e+09,6072,-0.0496894,-0.0497914,-0.000101947,1.09479,1.08954,-0.0052541
1.76004e+09,6073,-0.0495887,-0.0496894,-0.000100768,1.09999,1.09479,-0.00519953
1.76004e+09,6074,-0.0494891,-0.0495887,-9.9595e-05,1.10514,1.09999,-0.00514521
1.76004e+09,6075,-0.0493906,-0.0494891,-9.84265e-05,1.11023,1.10514,-0.00509113
1.76004e+09,6076,-0.0492934,-0.0493906,-9.72629e-05,1.11526,1.11023,-0.00503727
1.76004e+09,6077,-0.0491973,-0.0492934,-9.61042e-05,1.12025,1.11526,-0.00498363
1.76004e+09,6078,-0.0491023,-0.0492934,-0.000191055,1.12518,1.11526,-0.00991384
1.76004e+09,6079,-0.0490085,-0.0491023,-9.38012e-05,1.13006,1.12518,-0.00487697
1.76004e+09,6080,-0.0489159,-0.0490085,-9.26567e-05,1.13488,1.13006,-0.00482392
1.76004e+09,6081,-0.0488244,-0.0489159,-9.15167e-05,1.13965,1.13488,-0.00477105
1.76004e+09,6082,-0.048734,-0.0489159,-0.000181898,1.14437,1.13488,-0.0094894
1.76004e+09,6083,-0.0486447,-0.0488244,-0.000179632,1.14903,1.13965,-0.00938416
1.76004e+09,6084,-0.0485566,-0.048734,-0.000177374,1.15365,1.14437,-0.00927925
1.76004e+09,6085,-0.0484696,-0.0486447,-0.000175125,1.15821,1.14903,-0.00917463
1.76004e+09,6086,-0.0483837,-0.0485566,-0.000172885,1.16272,1.15365,-0.0090703
1.76004e+09,6087,-0.0482989,-0.0483837,-8.47696e-05,1.16718,1.16272,-0.00445714
1.76004e+09,6088,-0.0482153,-0.0482989,-8.36599e-05,1.17158,1.16718,-0.00440531
1.76004e+09,6089,-0.0481327,-0.0482153,-8.25541e-05,1.17593,1.17158,-0.0043536
1.76004e+09,6090,-0.0480513,-0.0481327,-8.14524e-05,1.18024,1.17593,-0.00430199
1.76004e+09,6091,-0.0479709,-0.0481327,-0.000161807,1.18449,1.17593,-0.0085525
1.76004e+09,6092,-0.0478917,-0.0480513,-0.000159615,1.18869,1.18024,-0.00844961
1.76004e+09,6093,-0.0478135,-0.0479709,-0.000157431,1.19283,1.18449,-0.00834692
1.76004e+09,6094,-0.0477364,-0.0478917,-0.000155254,1.19693,1.18869,-0.00824442
1.76004e+09,6095,-0.0476604,-0.0478135,-0.000153085,1.20098,1.19283,-0.0081421
1.76004e+09,6096,-0.0475855,-0.0477364,-0.000150923,1.20497,1.19693,-0.00803994
1.76004e+09,6097,-0.0475116,-0.0476604,-0.000148768,1.20891,1.20098,-0.00793794
1.76004e+09,6098,-0.0474389,-0.0475855,-0.00014662,1.21281,1.20497,-0.00783609
1.76004e+09,6099,-0.0473672,-0.0475116,-0.000144479,1.21665,1.20891,-0.00773438
1.76004e+09,6100,-0.0472965,-0.0474389,-0.000142345,1.22044,1.21281,-0.00763279
1.76004e+09,6101,-0.0472269,-0.0473672,-0.000140217,1.22418,1.21665,-0.00753133
1.76004e+09,6102,-0.0471584,-0.0472965,-0.000138096,1.22787,1.22044,-0.00742998
1.76004e+09,6103,-0.047091,-0.0472269,-0.000135982,1.23151,1.22418,-0.00732874
1.76004e+09,6104,-0.0470246,-0.0471584,-0.000133873,1.2351,1.22787,-0.00722759
1.76004e+09,6105,-0.0469592,-0.047091,-0.000131771,1.23864,1.23151,-0.00712653
1.76004e+09,6106,-0.0468949,-0.0470246,-0.000129675,1.24212,1.2351,-0.00702556
1.76004e+09,6107,-0.0468316,-0.0469592,-0.000127585,1.24556,1.23864,-0.00692467
1.76004e+09,6108,-0.0467694,-0.0468949,-0.000125501,1.24895,1.24212,-0.00682384
1.76004e+09,6109,-0.0467082,-0.0468316,-0.000123422,1.25228,1.24556,-0.00672309
1.76004e+09,6110,-0.046648,-0.0467694,-0.000121349,1.25557,1.24895,-0.00662239
1.76004e+09,6111,-0.0465889,-0.0467082,-0.000119282,1.2588,1.25228,-0.00652174
1.76004e+09,6112,-0.0465308,-0.046648,-0.00011722,1.26199,1.25557,-0.00642114
1.76004e+09,6113,-0.0464737,-0.0465889,-0.000115163,1.26513,1.2588,-0.00632058
1.76004e+09,6114,-0.0464177,-0.0465308,-0.000113112,1.26821,1.26199,-0.00622006
1.76004e+09,6115,-0.0463627,-0.0464737,-0.000111065,1.27124,1.26513,-0.00611958
1.76004e+09,6116,-0.0463087,-0.0464177,-0.000109024,1.27423,1.26821,-0.00601912
1.76004e+09,6117,-0.0462557,-0.0463627,-0.000106987,1.27716,1.27124,-0.00591869
1.76004e+09,6118,-0.0462037,-0.0463087,-0.000104956,1.28005,1.27423,-0.00581827
1.76004e+09,6119,-0.0461528,-0.0462557,-0.000102929,1.28288,1.27716,-0.00571787
1.76004e+09,6120,-0.0461028,-0.0462037,-0.000100906,1.28566,1.28005,-0.00561748
1.76004e+09,6121,-0.0460539,-0.0461528,-9.88881e-05,1.2884,1.28288,-0.0055171
1.76004e+09,6122,-0.0460059,-0.0461028,-9.68745e-05,1.29108,1.28566,-0.00541673
1.76004e+09,6123,-0.045959,-0.0460539,-9.48652e-05,1.29371,1.2884,-0.00531635
1.76004e+09,6124,-0.0459131,-0.0460059,-9.28601e-05,1.2963,1.29108,-0.00521598
1.76004e+09,6125,-0.0458681,-0.045959,-9.08591e-05,1.29883,1.29371,-0.0051156
1.76004e+09,6126,-0.0458242,-0.0459131,-8.8862e-05,1.30131,1.2963,-0.00501521
1.76004e+09,6127,-0.0457813,-0.0458681,-8.68689e-05,1.30375,1.29883,-0.0049148
1.76004e+09,6128,-0.0457393,-0.0458242,-8.48795e-05,1.30613,1.30131,-0.00481439
1.76004e+09,6129,-0.0456984,-0.0457813,-8.28939e-05,1.30846,1.30375,-0.00471396
1.76004e+09,6130,-0.0456584,-0.0457393,-8.09119e-05,1.31074,1.30613,-0.00461351
1.76004e+09,6131,-0.0456194,-0.0456984,-7.89334e-05,1.31297,1.30846,-0.00451304
1.76004e+09,6132,-0.0455815,-0.0456194,-3.79858e-05,1.31515,1.31297,-0.00218115
1.76004e+09,6133,-0.0455445,-0.0456194,-7.49867e-05,1.31728,1.31297,-0.00431203
1.76004e+09,6134,-0.0455084,-0.0455815,-7.30182e-05,1.31936,1.31515,-0.00421149
1.76004e+09,6135,-0.0454734,-0.0455445,-7.10529e-05,1.3214,1.31728,-0.00411092
1.76004e+09,6136,-0.0454394,-0.0454734,-3.40552e-05,1.32338,1.3214,-0.00198
1.76004e+09,6137,-0.0454063,-0.0454394,-3.30763e-05,1.3253,1.32338,-0.00192968
1.76004e+09,6138,-0.0453742,-0.0454063,-3.20989e-05,1.32718,1.3253,-0.00187934
1.76004e+09,6139,-0.0453431,-0.0453742,-3.11228e-05,1.32901,1.32718,-0.00182898
1.76004e+09,6140,-0.0453129,-0.0453431,-3.01481e-05,1.33079,1.32901,-0.0017786
1.76004e+09,6141,-0.0452837,-0.0453129,-2.91747e-05,1.33252,1.33079,-0.00172821
1.76004e+09,6142,-0.0452555,-0.0452837,-2.82025e-05,1.3342,1.33252,-0.0016778
1.76004e+09,6143,-0.0452283,-0.0452837,-5.54341e-05,1.33583,1.33252,-0.00330516
1.76004e+09,6144,-0.045202,-0.0452555,-5.34934e-05,1.3374,1.3342,-0.00320427
1.76004e+09,6145,-0.0451767,-0.0452283,-5.1555e-05,1.33893,1.33583,-0.00310335
1.76004e+09,6146,-0.0451524,-0.045202,-4.96188e-05,1.3404,1.3374,-0.00300238
1.76004e+09,6147,-0.0451291,-0.0451767,-4.76847e-05,1.34183,1.33893,-0.00290137
1.76004e+09,6148,-0.0451067,-0.0451524,-4.57527e-05,1.3432,1.3404,-0.00280032
1.76004e+09,6149,-0.0450852,-0.0451291,-4.38227e-05,1.34453,1.34183,-0.00269923
1.76004e+09,6150,-0.0450648,-0.0451067,-4.18946e-05,1.3458,1.3432,-0.0025981
1.76004e+09,6151,-0.0450453,-0.0450852,-3.99683e-05,1.34703,1.34453,-0.00249692
1.76004e+09,6152,-0.0450267,-0.0450648,-3.80437e-05,1.3482,1.3458,-0.0023957
1.76004e+09,6153,-0.0450091,-0.0450453,-3.61208e-05,1.34932,1.34703,-0.00229444
1.76004e+09,6154,-0.0449925,-0.0450267,-3.41994e-05,1.35039,1.3482,-0.00219313
1.76004e+09,6155,-0.0449769,-0.0450091,-3.22795e-05,1.35141,1.34932,-0.00209178
1.76004e+09,6156,-0.0449622,-0.0449925,-3.03611e-05,1.35238,1.35039,-0.00199038
1.76004e+09,6157,-0.0449484,-0.0449769,-2.84439e-05,1.3533,1.35141,-0.00188895
1.76004e+09,6158,-0.0449356,-0.0449622,-2.65281e-05,1.35417,1.35238,-0.00178747
1.76004e+09,6159,-0.0449238,-0.0449484,-2.46134e-05,1.35499,1.3533,-0.00168594
1.76004e+09,6160,-0.0449129,-0.0449356,-2.26998e-05,1.35575,1.35417,-0.00158438
1.76004e+09,6161,-0.044903,-0.0449238,-2.07872e-05,1.35647,1.35499,-0.00148277
1.76004e+09,6162,-0.0448941,-0.0449129,-1.88755e-05,1.35713,1.35575,-0.00138111
1.76004e+09,6163,-0.0448861,-0.044903,-1.69648e-05,1.35775,1.35647,-0.00127942
1.76004e+09,6164,-0.044879,-0.0448941,-1.50548e-05,1.35831,1.35713,-0.00117769
1.76004e+09,6165,-0.0448729,-0.0448861,-1.31455e-05,1.35883,1.35775,-0.00107591
1.76004e+09,6166,-0.0448678,-0.044879,-1.12368e-05,1.35929,1.35831,-0.00097409
1.76004e+09,6167,-0.0448636,-0.0448729,-9.32875e-06,1.3597,1.35883,-0.000872232
1.76004e+09,6168,-0.0448604,-0.0448678,-7.42113e-06,1.36006,1.35929,-0.000770334
1.76004e+09,6169,-0.0448581,-0.0448636,-5.51391e-06,1.36037,1.3597,-0.000668396
1.76004e+09,6170,-0.0448567,-0.0448604,-3.60702e-06,1.36062,1.36006,-0.000566419
1.76004e+09,6171,-0.0448564,-0.0448581,-1.70038e-06,1.36083,1.36037,-0.000464404
1.76004e+09,6172,-0.0448569,-0.0448567,2.061e-07,1.36099,1.36062,-0.000362352
1.76004e+09,6173,-0.0448585,-0.0448564,2.11248e-06,1.36109,1.36083,-0.000260262
1.76004e+09,6174,-0.044861,-0.0448569,4.01885e-06,1.36114,1.36099,-0.000158135
1.76004e+09,6175,-0.0448644,-0.0448585,5.92527e-06,1.36115,1.36109,-5.59727e-05
1.76004e+09,6176,-0.0448688,-0.044861,7.83184e-06,1.3611,1.36114,4.62252e-05
1.76004e+09,6177,-0.0448741,-0.0448644,9.73862e-06,1.361,1.36115,0.000148458
1.76004e+09,6178,-0.0448804,-0.0448741,6.29965e-06,1.36085,1.361,0.000150933
1.76004e+09,6179,-0.0448877,-0.0448804,7.25347e-06,1.36064,1.36085,0.000202092
1.76004e+09,6180,-0.0448959,-0.0448804,1.5461e-05,1.36039,1.36085,0.000455358
1.76004e+09,6181,-0.0449051,-0.0448877,1.73694e-05,1.36009,1.36064,0.000557723
1.76004e+09,6182,-0.0449152,-0.0448959,1.92784e-05,1.35973,1.36039,0.00066012
1.76004e+09,6183,-0.0449263,-0.0449051,2.11881e-05,1.35932,1.36009,0.000762548
1.76004e+09,6184,-0.0449383,-0.0449152,2.30986e-05,1.35887,1.35973,0.000865007
1.76004e+09,6185,-0.0449513,-0.0449263,2.50099e-05,1.35836,1.35932,0.000967495
1.76004e+09,6186,-0.0449652,-0.0449383,2.69221e-05,1.3578,1.35887,0.00107001
1.76004e+09,6187,-0.0449801,-0.0449513,2.88353e-05,1.35718,1.35836,0.00117256
1.76004e+09,6188,-0.044996,-0.0449652,3.07495e-05,1.35652,1.3578,0.00127513
1.76004e+09,6189,-0.0450128,-0.0449801,3.26649e-05,1.35581,1.35718,0.00137774
1.76004e+09,6190,-0.0450305,-0.044996,3.45816e-05,1.35504,1.35652,0.00148037
1.76004e+09,6191,-0.0450493,-0.0450128,3.64996e-05,1.35422,1.35581,0.00158302
1.76004e+09,6192,-0.045069,-0.0450305,3.84189e-05,1.35336,1.35504,0.00168571
1.76004e+09,6193,-0.0450896,-0.0450493,4.03398e-05,1.35244,1.35422,0.00178842
1.76004e+09,6194,-0.0451112,-0.045069,4.22621e-05,1.35146,1.35336,0.00189115
1.76004e+09,6195,-0.0451338,-0.0450896,4.41862e-05,1.35044,1.35244,0.00199391
1.76004e+09,6196,-0.0451573,-0.0451112,4.61119e-05,1.34937,1.35146,0.0020967
1.76004e+09,6197,-0.0451818,-0.0451338,4.80395e-05,1.34824,1.35044,0.00219951
1.76004e+09,6198,-0.0452073,-0.0451573,4.99689e-05,1.34707,1.34937,0.00230235
1.76004e+09,6199,-0.0452337,-0.0451818,5.19003e-05,1.34584,1.34824,0.00240521
1.76004e+09,6200,-0.0452611,-0.0452073,5.38337e-05,1.34456,1.34707,0.0025081
1.76004e+09,6201,-0.0452895,-0.0452337,5.57693e-05,1.34323,1.34584,0.00261101
1.76004e+09,6202,-0.0453188,-0.0452611,5.77071e-05,1.34184,1.34456,0.00271394
1.76004e+09,6203,-0.0453491,-0.0452895,5.96472e-05,1.34041,1.34323,0.00281691
1.76004e+09,6204,-0.0453804,-0.0453188,6.15897e-05,1.33892,1.34184,0.00291989
1.76004e+09,6205,-0.0454127,-0.0453491,6.35347e-05,1.33739,1.34041,0.00302291
1.76004e+09,6206,-0.0454459,-0.0453804,6.54823e-05,1.3358,1.33892,0.00312595
1.76004e+09,6207,-0.0454801,-0.0454127,6.74325e-05,1.33416,1.33739,0.00322901
1.76004e+09,6208,-0.0455153,-0.0454459,6.93854e-05,1.33247,1.3358,0.00333211
1.76004e+09,6209,-0.0455515,-0.0454801,7.13412e-05,1.33072,1.33416,0.00343523
1.76004e+09,6210,-0.0455886,-0.0455153,7.32999e-05,1.32893,1.33247,0.00353838
1.76004e+09,6211,-0.0456267,-0.0455515,7.52616e-05,1.32708,1.33072,0.00364156
1.76004e+09,6212,-0.0456658,-0.0456267,3.91048e-05,1.32518,1.32708,0.00189819
1.76004e+09,6213,-0.0457059,-0.0456658,4.00896e-05,1.32323,1.32518,0.00194982
1.76004e+09,6214,-0.045747,-0.0456658,8.11657e-05,1.32123,1.32518,0.00395129
1.76004e+09,6215,-0.0457891,-0.0457059,8.31404e-05,1.31918,1.32323,0.0040546
1.76004e+09,6216,-0.0458321,-0.045747,8.51185e-05,1.31707,1.32123,0.00415794
1.76004e+09,6217,-0.0458762,-0.0457891,8.71002e-05,1.31492,1.31918,0.00426132
1.76004e+09,6218,-0.0459212,-0.0458762,4.50396e-05,1.31271,1.31492,0.00220823
1.76004e+09,6219,-0.0459672,-0.0458762,9.10747e-05,1.31045,1.31492,0.0044682
1.76004e+09,6220,-0.0460143,-0.0459212,9.30677e-05,1.30814,1.31271,0.0045717
1.76004e+09,6221,-0.0460623,-0.0459672,9.50647e-05,1.30577,1.31045,0.00467524
1.76004e+09,6222,-0.0461113,-0.0460143,9.70656e-05,1.30336,1.30814,0.00477883
1.76004e+09,6223,-0.0461614,-0.0460623,9.90708e-05,1.30089,1.30577,0.00488247
1.76004e+09,6224,-0.0462124,-0.0461113,0.00010108,1.29837,1.30336,0.00498616
1.76004e+09,6225,-0.0462645,-0.0461614,0.000103094,1.2958,1.30089,0.00508991
1.76004e+09,6226,-0.0463175,-0.0462124,0.000105112,1.29318,1.29837,0.00519371
1.76004e+09,6227,-0.0463716,-0.0462645,0.000107135,1.2905,1.2958,0.00529757
1.76004e+09,6228,-0.0464267,-0.0463175,0.000109162,1.28778,1.29318,0.00540149
1.76004e+09,6229,-0.0464828,-0.0463716,0.000111194,1.285,1.2905,0.00550548
1.76004e+09,6230,-0.0465399,-0.0464267,0.000113231,1.28217,1.28778,0.00560953
1.76004e+09,6231,-0.0465981,-0.0464828,0.000115273,1.27928,1.285,0.00571366
1.76004e+09,6232,-0.0466572,-0.0465399,0.00011732,1.27635,1.28217,0.00581786
1.76004e+09,6233,-0.0467174,-0.0465981,0.000119373,1.27336,1.27928,0.00592215
1.76004e+09,6234,-0.0467787,-0.0466572,0.00012143,1.27032,1.27635,0.00602652
1.76004e+09,6235,-0.0468409,-0.0467174,0.000123493,1.26723,1.27336,0.00613098
1.76004e+09,6236,-0.0469042,-0.0467787,0.000125562,1.26409,1.27032,0.00623553
1.76004e+09,6237,-0.0469686,-0.0468409,0.000127636,1.26089,1.26723,0.00634018
1.76004e+09,6238,-0.0470339,-0.0469042,0.000129716,1.25764,1.26409,0.00644494
1.76004e+09,6239,-0.0471004,-0.0469686,0.000131801,1.25434,1.26089,0.0065498
1.76004e+09,6240,-0.0471678,-0.0470339,0.000133893,1.25099,1.25764,0.00665478
1.76004e+09,6241,-0.0472364,-0.0471004,0.000135991,1.24758,1.25434,0.00675988
1.76004e+09,6242,-0.0473059,-0.0471678,0.000138095,1.24412,1.25099,0.00686511
1.76004e+09,6243,-0.0473766,-0.0472364,0.000140205,1.24061,1.24758,0.00697047
1.76004e+09,6244,-0.0474483,-0.0473059,0.000142322,1.23705,1.24412,0.00707597
1.76004e+09,6245,-0.047521,-0.0473766,0.000144445,1.23343,1.24061,0.00718162
1.76004e+09,6246,-0.0475948,-0.0474483,0.000146575,1.22976,1.23705,0.00728742
1.76004e+09,6247,-0.0476697,-0.047521,0.000148711,1.22604,1.23343,0.00739339
1.76004e+09,6248,-0.0477457,-0.0475948,0.000150855,1.22226,1.22976,0.00749953
1.76004e+09,6249,-0.0478227,-0.0476697,0.000153006,1.21843,1.22604,0.00760584
1.76004e+09,6250,-0.0479008,-0.0477457,0.000155163,1.21455,1.22226,0.00771235
1.76004e+09,6251,-0.04798,-0.0478227,0.000157328,1.21061,1.21843,0.00781905
1.76004e+09,6252,-0.0480603,-0.0479008,0.000159501,1.20662,1.21455,0.00792596
1.76004e+09,6253,-0.0481417,-0.04798,0.000161681,1.20258,1.21061,0.00803308
1.76004e+09,6254,-0.0482242,-0.0480603,0.000163869,1.19848,1.20662,0.00814043
1.76004e+09,6255,-0.0483078,-0.0481417,0.000166064,1.19433,1.20258,0.00824802
1.76004e+09,6256,-0.0483925,-0.0482242,0.000168268,1.19012,1.19848,0.00835585
1.76004e+09,6257,-0.0484783,-0.0483078,0.000170479,1.18587,1.19433,0.00846395
1.76004e+09,6258,-0.0485652,-0.0483925,0.000172699,1.18155,1.19012,0.00857232
1.76004e+09,6259,-0.0486532,-0.0484783,0.000174927,1.17718,1.18587,0.00868097
1.76004e+09,6260,-0.0487423,-0.0485652,0.000177163,1.17276,1.18155,0.00878992
1.76004e+09,6261,-0.0488326,-0.0486532,0.000179409,1.16829,1.17718,0.00889919
1.76004e+09,6262,-0.048924,-0.0487423,0.000181662,1.16375,1.17276,0.00900878
1.76004e+09,6263,-0.0490165,-0.0488326,0.000183925,1.15917,1.16829,0.00911871
1.76004e+09,6264,-0.0491102,-0.048924,0.000186197,1.15452,1.16375,0.009229
1.76004e+09,6265,-0.049205,-0.0490165,0.000188478,1.14983,1.15917,0.00933966
1.76004e+09,6266,-0.049301,-0.0491102,0.000190768,1.14507,1.15452,0.00945072
1.76004e+09,6267,-0.0493981,-0.049205,0.000193068,1.14026,1.14983,0.00956218
1.76004e+09,6268,-0.0494963,-0.049301,0.000195377,1.1354,1.14507,0.00967406
1.76004e+09,6269,-0.0495958,-0.0493981,0.000197696,1.13048,1.14026,0.00978639
1.76004e+09,6270,-0.0496964,-0.0494963,0.000200025,1.1255,1.1354,0.00989919
1.76004e+09,6271,-0.0497981,-0.0495958,0.000202364,1.12047,1.13048,0.0100125
1.76004e+09,6272,-0.0499011,-0.0496964,0.000204713,1.11537,1.1255,0.0101263
1.76004e+09,6273,-0.0500052,-0.0497981,0.000207073,1.11023,1.12047,0.0102406
1.76004e+09,6274,-0.0501105,-0.0499011,0.000209443,1.10502,1.11537,0.0103554
1.76004e+09,6275,-0.050217,-0.0500052,0.000211823,1.09975,1.11023,0.0104709
1.76004e+09,6276,-0.0503247,-0.0501105,0.000214215,1.09443,1.10502,0.0105869
1.76004e+09,6277,-0.0504337,-0.050217,0.000216617,1.08905,1.09975,0.0107036
1.76004e+09,6278,-0.0505438,-0.0503247,0.000219031,1.08361,1.09443,0.010821
1.76004e+09,6279,-0.0506551,-0.0504337,0.000221455,1.07811,1.08905,0.010939
1.76004e+09,6280,-0.0507677,-0.0505438,0.000223891,1.07255,1.08361,0.0110577
1.76004e+09,6281,-0.0508814,-0.0506551,0.000226339,1.06693,1.07811,0.0111772
1.76004e+09,6282,-0.0509965,-0.0507677,0.000228798,1.06126,1.07255,0.0112975
1.76004e+09,6283,-0.0511127,-0.0508814,0.000231269,1.05552,1.06693,0.0114186
1.76004e+09,6284,-0.0512302,-0.0509965,0.000233752,1.04972,1.06126,0.0115405
1.76004e+09,6285,-0.051349,-0.0511127,0.000236248,1.04385,1.05552,0.0116633
1.76004e+09,6286,-0.051469,-0.0512302,0.000238755,1.03793,1.04972,0.0117871
1.76004e+09,6287,-0.0515902,-0.051349,0.000241275,1.03194,1.04385,0.0119118
1.76004e+09,6288,-0.0517128,-0.051469,0.000243808,1.02589,1.03793,0.0120375
1.76004e+09,6289,-0.0518366,-0.0515902,0.000246353,1.01978,1.03194,0.0121643
1.76004e+09,6290,-0.0519617,-0.0517128,0.000248911,1.0136,1.02589,0.0122922
1.76004e+09,6291,-0.0520881,-0.0518366,0.000251482,1.00736,1.01978,0.0124213
1.76004e+09,6292,-0.0522158,-0.0519617,0.000254067,1.00105,1.0136,0.0125515
1.76004e+09,6293,-0.0523447,-0.0520881,0.000256665,0.994672,1.00736,0.0126831
1.76004e+09,6294,-0.052475,-0.0522158,0.000259276,0.988231,1.00105,0.0128159
1.76004e+09,6295,-0.0526066,-0.0523447,0.000261901,0.981722,0.994672,0.0129501
1.76004e+09,6296,-0.0527396,-0.052475,0.00026454,0.975145,0.988231,0.0130858
1.76004e+09,6297,-0.0528738,-0.0526066,0.000267193,0.968499,0.981722,0.013223
1.76004e+09,6298,-0.0530094,-0.0527396,0.00026986,0.961783,0.975145,0.0133617
1.76004e+09,6299,-0.0531464,-0.0528738,0.000272541,0.954997,0.968499,0.0135021
1.76004e+09,6300,-0.0532847,-0.0530094,0.000275238,0.948139,0.961783,0.0136443
1.76004e+09,6301,-0.0534243,-0.0531464,0.000277949,0.941209,0.954997,0.0137883
1.76004e+09,6302,-0.0535653,-0.0532847,0.000280675,0.934205,0.948139,0.0139341
1.76004e+09,6303,-0.0537077,-0.0534243,0.000283416,0.927127,0.941209,0.014082
1.76004e+09,6304,-0.0538515,-0.0535653,0.000286173,0.919973,0.934205,0.0142319
1.76004e+09,6305,-0.0539967,-0.0537077,0.000288946,0.912743,0.927127,0.0143841
1.76004e+09,6306,-0.0541433,-0.0538515,0.000291735,0.905434,0.919973,0.0145385
1.76004e+09,6307,-0.0542912,-0.0539967,0.00029454,0.898047,0.912743,0.0146954
1.76004e+09,6308,-0.0544406,-0.0542912,0.000149389,0.89058,0.898047,0.00746756
1.76004e+09,6309,-0.0545914,-0.0542912,0.000300202,0.88303,0.898047,0.0150168
1.76004e+09,6310,-0.0547437,-0.0544406,0.00030306,0.875398,0.89058,0.0151817
1.76004e+09,6311,-0.0548974,-0.0545914,0.000305935,0.867681,0.88303,0.0153495
1.76004e+09,6312,-0.0550525,-0.0547437,0.000308829,0.859878,0.875398,0.0155205
1.76004e+09,6313,-0.0552091,-0.0548974,0.000311743,0.851986,0.867681,0.0156947
1.76004e+09,6314,-0.0553672,-0.0552091,0.000158074,0.844005,0.851986,0.00798103
1.76004e+09,6315,-0.0555267,-0.0553672,0.000159556,0.835933,0.844005,0.00807262
1.76004e+09,6316,-0.0556878,-0.0553672,0.000320604,0.827766,0.844005,0.0162388
1.76004e+09,6317,-0.0558503,-0.0555267,0.0003236,0.819505,0.835933,0.016428
1.76004e+09,6318,-0.0560144,-0.0556878,0.000326619,0.811145,0.827766,0.0166215
1.76004e+09,6319,-0.05618,-0.0558503,0.00032966,0.802685,0.819505,0.0168195
1.76004e+09,6320,-0.0563471,-0.0560144,0.000332725,0.794123,0.811145,0.0170224
1.76004e+09,6321,-0.0565158,-0.05618,0.000335814,0.785455,0.802685,0.0172304
1.76004e+09,6322,-0.0566861,-0.0563471,0.000338928,0.776679,0.794123,0.0174437
1.76004e+09,6323,-0.0568579,-0.0565158,0.000342068,0.767792,0.785455,0.0176628
1.76004e+09,6324,-0.0570313,-0.0566861,0.000345233,0.758791,0.776679,0.0178881
1.76004e+09,6325,-0.0572063,-0.0568579,0.000348425,0.749672,0.767792,0.0181198
1.76004e+09,6326,-0.0573829,-0.0570313,0.000351644,0.740432,0.758791,0.0183585
1.76004e+09,6327,-0.0575612,-0.0573829,0.000178259,0.731068,0.740432,0.00936474
1.76004e+09,6328,-0.0577411,-0.0573829,0.000358161,0.721574,0.740432,0.0188585
1.76004e+09,6329,-0.0579227,-0.0575612,0.000361459,0.711947,0.731068,0.0191209
1.76004e+09,6330,-0.0581059,-0.0577411,0.000364784,0.702181,0.721574,0.0193924
1.76004e+09,6331,-0.0582908,-0.0579227,0.000368133,0.692273,0.711947,0.0196737
1.76004e+09,6332,-0.0584774,-0.0582908,0.000186599,0.682216,0.692273,0.010057
1.76004e+09,6333,-0.0586657,-0.0582908,0.000374902,0.672005,0.692273,0.0202684
1.76004e+09,6334,-0.0588557,-0.0584774,0.000378317,0.661632,0.682216,0.0205835
1.76004e+09,6335,-0.0590474,-0.0586657,0.00038175,0.651093,0.672005,0.0209118
1.76004e+09,6336,-0.0592409,-0.0588557,0.000385197,0.640378,0.661632,0.0212544
1.76004e+09,6337,-0.0594361,-0.0590474,0.000388654,0.62948,0.651093,0.0216125
1.76004e+09,6338,-0.059633,-0.0592409,0.000392117,0.618391,0.640378,0.0219874
1.76004e+09,6339,-0.0598317,-0.0594361,0.000395581,0.607099,0.62948,0.0223808
1.76004e+09,6340,-0.0601457,-0.059633,0.000512673,0.606911,0.618391,0.0114792
1.76004e+09,6341,-0.0604622,-0.0598317,0.000630521,0.606721,0.607099,0.000378871
1.76004e+09,6342,-0.0607812,-0.0601457,0.000635486,0.606527,0.606911,0.000384483
1.76004e+09,6343,-0.0611026,-0.0604622,0.000640426,0.60633,0.606721,0.000390138
1.76004e+09,6344,-0.0614265,-0.0607812,0.000645333,0.606131,0.606527,0.000395831
1.76004e+09,6345,-0.0617528,-0.0611026,0.000650197,0.605929,0.60633,0.000401557
1.76004e+09,6346,-0.0620815,-0.0614265,0.000655009,0.605724,0.606131,0.00040731
1.76004e+09,6347,-0.0624126,-0.0617528,0.000659761,0.605516,0.605929,0.000413084
1.76004e+09,6348,-0.062746,-0.0624126,0.000333382,0.605305,0.605516,0.000210885
1.76004e+09,6349,-0.0630816,-0.0624126,0.000669041,0.605091,0.605516,0.000424668
1.76004e+09,6350,-0.0634195,-0.0630816,0.00033789,0.604874,0.605091,0.00021668
1.76004e+09,6351,-0.0637596,-0.0630816,0.000677955,0.604655,0.605091,0.000436251
1.76004e+09,6352,-0.0641018,-0.0634195,0.000682248,0.604432,0.604874,0.000442023
1.76004e+09,6353,-0.064446,-0.0637596,0.000686417,0.604207,0.604655,0.00044777
1.76004e+09,6354,-0.0647922,-0.064446,0.000346217,0.603979,0.604207,0.000228167
1.76004e+09,6355,-0.0651403,-0.0647922,0.000348124,0.603748,0.603979,0.000230992
1.76004e+09,6356,-0.0654903,-0.0647922,0.000698076,0.603514,0.603979,0.000464783
1.76004e+09,6357,-0.065842,-0.0651403,0.000701645,0.603278,0.603748,0.000470349
1.76004e+09,6358,-0.0661953,-0.0654903,0.00070504,0.603038,0.603514,0.000475847
1.76004e+09,6359,-0.0665502,-0.065842,0.00070825,0.602796,0.603278,0.000481268
1.76004e+09,6360,-0.0669066,-0.0661953,0.000711267,0.602552,0.603038,0.000486604
1.76004e+09,6361,-0.0672643,-0.0665502,0.000714082,0.602304,0.602796,0.000491847
1.76004e+09,6362,-0.0676233,-0.0669066,0.000716688,0.602055,0.602552,0.000496988
1.76004e+09,6363,-0.0679834,-0.0672643,0.000719077,0.601802,0.602304,0.000502018
1.76004e+09,6364,-0.0683445,-0.0676233,0.000721243,0.601548,0.602055,0.00050693
1.76004e+09,6365,-0.0687066,-0.0679834,0.000723179,0.601291,0.601802,0.000511715
1.76004e+09,6366,-0.0690694,-0.0683445,0.00072488,0.601031,0.601548,0.000516366
1.76004e+09,6367,-0.0694329,-0.0687066,0.000726342,0.60077,0.601291,0.000520877
1.76004e+09,6368,-0.069797,-0.0690694,0.000727559,0.600506,0.601031,0.000525239
1.76004e+09,6369,-0.0701614,-0.0694329,0.000728529,0.60024,0.60077,0.000529447
1.76004e+09,6370,-0.0705262,-0.069797,0.00072925,0.599973,0.600506,0.000533495
1.76004e+09,6371,-0.0708912,-0.0701614,0.000729719,0.599703,0.60024,0.000537377
1.76004e+09,6372,-0.0712561,-0.0705262,0.000729935,0.599432,0.599973,0.000541088
1.76004e+09,6373,-0.0716211,-0.0712561,0.000364908,0.599158,0.599432,0.000273173
1.76004e+09,6374,-0.0719858,-0.0716211,0.000364699,0.598884,0.599158,0.000274805
1.76004e+09,6375,-0.0723501,-0.0719858,0.000364365,0.598607,0.598884,0.000276345
1.76004e+09,6376,-0.072714,-0.0723501,0.000363906,0.598329,0.598607,0.000277791
1.76004e+09,6377,-0.0730773,-0.072714,0.000363325,0.59805,0.598329,0.000279142
1.76004e+09,6378,-0.07344,-0.0730773,0.000362622,0.59777,0.59805,0.000280397
1.76004e+09,6379,-0.0738018,-0.07344,0.000361799,0.597488,0.59777,0.000281557
1.76004e+09,6380,-0.0741626,-0.0738018,0.00036086,0.597206,0.597488,0.00028262
1.76004e+09,6381,-0.0745224,-0.0738018,0.000720668,0.596922,0.597488,0.000566207
1.76004e+09,6382,-0.0748811,-0.0745224,0.000358645,0.596638,0.596922,0.000284459
1.76004e+09,6383,-0.0752385,-0.0745224,0.000716019,0.596352,0.596922,0.000569696
1.76004e+09,6384,-0.0755945,-0.0748811,0.000713375,0.596067,0.596638,0.000571157
1.76004e+09,6385,-0.075949,-0.0752385,0.000710529,0.59578,0.596352,0.000572434
1.76004e+09,6386,-0.0763019,-0.0755945,0.00070749,0.595493,0.596067,0.000573529
1.76004e+09,6387,-0.0766533,-0.075949,0.000704266,0.595206,0.59578,0.000574446
1.76004e+09,6388,-0.0770028,-0.0763019,0.000700867,0.594918,0.595493,0.00057519
1.76004e+09,6389,-0.0773506,-0.0766533,0.000697302,0.59463,0.595206,0.000575766
1.76004e+09,6390,-0.0776964,-0.0770028,0.000693583,0.594342,0.594918,0.00057618
1.76004e+09,6391,-0.0780403,-0.0773506,0.00068972,0.594053,0.59463,0.000576438
1.76004e+09,6392,-0.0783821,-0.0776964,0.000685723,0.593765,0.594342,0.000576547
1.76004e+09,6393,-0.0787219,-0.0780403,0.000681604,0.593477,0.594053,0.000576512
1.76004e+09,6394,-0.0790595,-0.0783821,0.000677373,0.593189,0.593765,0.000576343
1.76004e+09,6395,-0.0793949,-0.0790595,0.000335426,0.592901,0.593189,0.000287933
1.76004e+09,6396,-0.0797281,-0.0793949,0.000333194,0.592613,0.592901,0.000287694
1.76004e+09,6397,-0.080059,-0.0797281,0.000330925,0.592326,0.592613,0.000287402
1.76004e+09,6398,-0.0803877,-0.0797281,0.000659549,0.592039,0.592613,0.00057446
1.76004e+09,6399,-0.080714,-0.0803877,0.000326295,0.591752,0.592039,0.000286667
1.76004e+09,6400,-0.0810276,-0.080714,0.000313628,0.591443,0.591752,0.000309153
1.76004e+09,6401,-0.0813388,-0.0810276,0.000311187,0.591134,0.591443,0.000308694
1.76004e+09,6402,-0.0816475,-0.0810276,0.000619918,0.590826,0.591443,0.000616891
1.76004e+09,6403,-0.0819538,-0.0813388,0.000614997,0.590518,0.591134,0.000615865
1.76004e+09,6404,-0.0822576,-0.0816475,0.000610058,0.590211,0.590826,0.000614773
1.76004e+09,6405,-0.0825589,-0.0819538,0.000605109,0.589905,0.590518,0.00061362
1.76004e+09,6406,-0.0828577,-0.0822576,0.000600154,0.589599,0.590211,0.000612414
1.76004e+09,6407,-0.0831541,-0.0825589,0.000595201,0.589293,0.589905,0.000611158
1.76004e+09,6408,-0.083448,-0.0828577,0.000590253,0.588989,0.589599,0.000609857
1.76004e+09,6409,-0.0837394,-0.0831541,0.000585315,0.588685,0.589293,0.000608516
1.76004e+09,6410,-0.0840284,-0.083448,0.000580391,0.588382,0.588989,0.000607139
1.76004e+09,6411,-0.0843149,-0.0837394,0.000575484,0.588079,0.588685,0.000605728
1.76004e+09,6412,-0.084599,-0.0843149,0.000284079,0.587777,0.588079,0.00030178
1.76004e+09,6413,-0.0848806,-0.084599,0.000281652,0.587476,0.587777,0.00030104
1.76004e+09,6414,-0.0851598,-0.0848806,0.000279238,0.587176,0.587476,0.000300287
1.76004e+09,6415,-0.0854367,-0.0848806,0.000556074,0.586877,0.587476,0.000599811
1.76004e+09,6416,-0.0857111,-0.0851598,0.000551285,0.586578,0.587176,0.000598274
1.76004e+09,6417,-0.0859832,-0.0854367,0.000546522,0.58628,0.586877,0.000596717
1.76004e+09,6418,-0.0862529,-0.0857111,0.000541788,0.585983,0.586578,0.000595141
1.76004e+09,6419,-0.0865203,-0.0859832,0.000537081,0.585686,0.58628,0.000593547
1.76004e+09,6420,-0.0867853,-0.0862529,0.000532402,0.585391,0.585983,0.000591937
1.76004e+09,6421,-0.087048,-0.0865203,0.000527751,0.585096,0.585686,0.000590311
1.76004e+09,6422,-0.0873084,-0.0867853,0.000523128,0.584802,0.585391,0.000588668
1.76004e+09,6423,-0.0875666,-0.087048,0.000518533,0.584509,0.585096,0.000587011
1.76004e+09,6424,-0.0878224,-0.0873084,0.000513964,0.584217,0.584802,0.000585339
1.76004e+09,6425,-0.088076,-0.0878224,0.000253579,0.583925,0.584217,0.000291403
1.76004e+09,6426,-0.0883273,-0.088076,0.000251327,0.583635,0.583925,0.000290549
1.76004e+09,6427,-0.0885764,-0.0883273,0.000249089,0.583345,0.583635,0.000289687
1.76004e+09,6428,-0.0888233,-0.0885764,0.000246862,0.583056,0.583345,0.000288819
1.76004e+09,6429,-0.0890679,-0.0888233,0.000244648,0.582768,0.583056,0.000287944
1.76004e+09,6430,-0.0893104,-0.0890679,0.000242445,0.582481,0.582768,0.000287062
1.76004e+09,6431,-0.0895506,-0.0893104,0.000240254,0.582195,0.582481,0.000286174
1.76004e+09,6432,-0.0897887,-0.0895506,0.000238075,0.58191,0.582195,0.000285278
1.76004e+09,6433,-0.0900246,-0.0897887,0.000235906,0.581625,0.58191,0.000284376
1.76004e+09,6434,-0.0902583,-0.0897887,0.000469655,0.581342,0.58191,0.000567844
1.76004e+09,6435,-0.0904899,-0.0900246,0.00046535,0.581059,0.581625,0.00056602
1.76004e+09,6436,-0.0907194,-0.0902583,0.000461067,0.580778,0.581342,0.000564184
1.76004e+09,6437,-0.0909468,-0.0904899,0.000456804,0.580497,0.581059,0.000562334
1.76004e+09,6438,-0.091172,-0.0909468,0.000225223,0.580217,0.580497,0.000279769
1.76004e+09,6439,-0.0913951,-0.0909468,0.000448339,0.579939,0.580497,0.000558598
1.76004e+09,6440,-0.0916161,-0.091172,0.000444136,0.579661,0.580217,0.000556712
1.76004e+09,6441,-0.091835,-0.0913951,0.000439953,0.579384,0.579939,0.000554814
1.76004e+09,6442,-0.0920519,-0.0916161,0.000435788,0.579108,0.579661,0.000552904
1.76004e+09,6443,-0.0922667,-0.091835,0.000431643,0.578833,0.579384,0.000550984
1.76004e+09,6444,-0.0924794,-0.0920519,0.000427516,0.578559,0.579108,0.000549052
1.76004e+09,6445,-0.0926901,-0.0924794,0.000210679,0.578286,0.578559,0.000273068
1.76004e+09,6446,-0.0928987,-0.0926901,0.000208638,0.578014,0.578286,0.000272089
1.76004e+09,6447,-0.0931053,-0.0928987,0.000206606,0.577742,0.578014,0.000271104
1.76004e+09,6448,-0.0933099,-0.0928987,0.00041119,0.577472,0.578014,0.00054122
1.76004e+09,6449,-0.0935125,-0.0931053,0.000407153,0.577203,0.577742,0.000539238
1.76004e+09,6450,-0.0937131,-0.0933099,0.000403133,0.576935,0.577472,0.000537246
1.76004e+09,6451,-0.0939116,-0.0935125,0.000399131,0.576668,0.577203,0.000535245
1.76004e+09,6452,-0.0941082,-0.0937131,0.000395146,0.576402,0.576935,0.000533236
1.76004e+09,6453,-0.0943028,-0.0939116,0.000391177,0.576137,0.576668,0.000531219
1.76004e+09,6454,-0.0944954,-0.0941082,0.000387226,0.575873,0.576402,0.000529194
1.76004e+09,6455,-0.0946861,-0.0943028,0.000383291,0.57561,0.576137,0.000527161
1.76004e+09,6456,-0.0948748,-0.0944954,0.000379372,0.575348,0.575873,0.00052512
1.76004e+09,6457,-0.0950616,-0.0946861,0.00037547,0.575086,0.57561,0.000523073
1.76004e+09,6458,-0.0952464,-0.0948748,0.000371584,0.574826,0.575348,0.000521019
1.76004e+09,6459,-0.0954293,-0.0950616,0.000367714,0.574568,0.575086,0.000518958
1.76004e+09,6460,-0.0956102,-0.0952464,0.00036386,0.57431,0.574826,0.000516892
1.76004e+09,6461,-0.0957893,-0.0954293,0.000360021,0.574053,0.574568,0.000514819
1.76004e+09,6462,-0.0959664,-0.0956102,0.000356198,0.573797,0.57431,0.000512741
1.76004e+09,6463,-0.0961417,-0.0957893,0.000352391,0.573542,0.574053,0.000510657
1.76004e+09,6464,-0.096315,-0.0959664,0.000348599,0.573288,0.573797,0.000508569
1.76004e+09,6465,-0.0964865,-0.0961417,0.000344821,0.573036,0.573542,0.000506475
1.76004e+09,6466,-0.0966561,-0.096315,0.000341059,0.572784,0.573288,0.000504377
1.76004e+09,6467,-0.0968238,-0.0964865,0.000337312,0.572533,0.573036,0.000502275
1.76004e+09,6468,-0.0969897,-0.0966561,0.000333579,0.572284,0.572784,0.000500169
1.76004e+09,6469,-0.0971537,-0.0968238,0.00032986,0.572035,0.572533,0.000498059
1.76004e+09,6470,-0.0973158,-0.0969897,0.000326156,0.571788,0.572284,0.000495945
1.76004e+09,6471,-0.0974761,-0.0971537,0.000322466,0.571541,0.572035,0.000493828
1.76004e+09,6472,-0.0976346,-0.0973158,0.00031879,0.571296,0.571788,0.000491708
1.76004e+09,6473,-0.0977913,-0.0974761,0.000315128,0.571052,0.571541,0.000489586
1.76004e+09,6474,-0.0979461,-0.0976346,0.00031148,0.570809,0.571296,0.00048746
1.76004e+09,6475,-0.0980991,-0.0977913,0.000307845,0.570566,0.571052,0.000485332
1.76004e+09,6476,-0.0982503,-0.0979461,0.000304224,0.570325,0.570809,0.000483203
1.76004e+09,6477,-0.0983997,-0.0980991,0.000300616,0.570085,0.570566,0.000481071
1.76004e+09,6478,-0.0985473,-0.0982503,0.00029702,0.569846,0.570325,0.000478937
1.76004e+09,6479,-0.0986932,-0.0983997,0.000293438,0.569609,0.570085,0.000476802
1.76004e+09,6480,-0.0988372,-0.0985473,0.000289869,0.569372,0.569846,0.000474666
1.76004e+09,6481,-0.0989795,-0.0986932,0.000286312,0.569136,0.569609,0.000472528
1.76004e+09,6482,-0.09912,-0.0988372,0.000282768,0.568901,0.569372,0.00047039
1.76004e+09,6483,-0.0992587,-0.0989795,0.000279236,0.568668,0.569136,0.000468251
1.76004e+09,6484,-0.0993957,-0.09912,0.000275716,0.568435,0.568901,0.000466111
1.76004e+09,6485,-0.0995309,-0.0992587,0.000272208,0.568204,0.568668,0.000463971
1.76004e+09,6486,-0.0996644,-0.0993957,0.000268712,0.567973,0.568435,0.000461831
1.76004e+09,6487,-0.0997962,-0.0995309,0.000265227,0.567744,0.568204,0.000459691
1.76004e+09,6488,-0.0999262,-0.0996644,0.000261755,0.567516,0.567973,0.000457552
1.76004e+09,6489,-0.100054,-0.0997962,0.000258293,0.567289,0.567744,0.000455413
1.76004e+09,6490,-0.100181,-0.0999262,0.000254843,0.567063,0.567516,0.000453274
1.76004e+09,6491,-0.100306,-0.100054,0.000251404,0.566838,0.567289,0.000451136
1.76004e+09,6492,-0.100429,-0.100181,0.000247976,0.566614,0.567063,0.000448999
1.76004e+09,6493,-0.10055,-0.100306,0.000244559,0.566391,0.566838,0.000446864
1.76004e+09,6494,-0.10067,-0.100429,0.000241152,0.566169,0.566614,0.00044473
1.76004e+09,6495,-0.100788,-0.10055,0.000237756,0.565948,0.566391,0.000442597
1.76004e+09,6496,-0.100905,-0.10067,0.000234371,0.565728,0.566169,0.000440466
1.76004e+09,6497,-0.101019,-0.100788,0.000230995,0.56551,0.565948,0.000438337
1.76004e+09,6498,-0.101132,-0.100905,0.00022763,0.565292,0.565728,0.00043621
1.76004e+09,6499,-0.101243,-0.101019,0.000224275,0.565076,0.56551,0.000434085
1.76004e+09,6500,-0.101353,-0.101132,0.000220929,0.56486,0.565292,0.000431962
1.76004e+09,6501,-0.101461,-0.101243,0.000217593,0.564646,0.565076,0.000429842
1.76004e+09,6502,-0.101567,-0.101353,0.000214267,0.564433,0.56486,0.000427724
1.76004e+09,6503,-0.101672,-0.101461,0.00021095,0.56422,0.564646,0.00042561
1.76004e+09,6504,-0.101775,-0.101567,0.000207642,0.564009,0.564433,0.000423498
1.76004e+09,6505,-0.101876,-0.101672,0.000204343,0.563799,0.56422,0.000421389
1.76004e+09,6506,-0.101976,-0.101775,0.000201053,0.56359,0.564009,0.000419284
1.76004e+09,6507,-0.102074,-0.101876,0.000197772,0.563382,0.563799,0.000417182
1.76004e+09,6508,-0.102171,-0.101976,0.0001945,0.563175,0.56359,0.000415084
1.76004e+09,6509,-0.102265,-0.102171,9.48033e-05,0.562969,0.563175,0.000205972
1.76004e+09,6510,-0.102359,-0.102265,9.31777e-05,0.562764,0.562969,0.000204927
1.76004e+09,6511,-0.10245,-0.102359,9.15562e-05,0.56256,0.562764,0.000203885
1.76004e+09,6512,-0.10254,-0.10245,8.99387e-05,0.562357,0.56256,0.000202845
1.76004e+09,6513,-0.102628,-0.10254,8.83251e-05,0.562155,0.562357,0.000201807
1.76004e+09,6514,-0.102715,-0.102628,8.67155e-05,0.561954,0.562155,0.000200771
1.76004e+09,6515,-0.1028,-0.102715,8.51096e-05,0.561755,0.561954,0.000199737
1.76004e+09,6516,-0.102884,-0.1028,8.35075e-05,0.561556,0.561755,0.000198706
1.76004e+09,6517,-0.102966,-0.102884,8.19091e-05,0.561358,0.561556,0.000197678
1.76004e+09,6518,-0.103046,-0.102966,8.03143e-05,0.561162,0.561358,0.000196652
1.76004e+09,6519,-0.103125,-0.103046,7.8723e-05,0.560966,0.561162,0.000195628
1.76004e+09,6520,-0.103202,-0.103125,7.71352e-05,0.560771,0.560966,0.000194607
1.76004e+09,6521,-0.103277,-0.103202,7.55508e-05,0.560578,0.560771,0.000193589
1.76004e+09,6522,-0.103351,-0.103277,7.39698e-05,0.560385,0.560578,0.000192574
1.76004e+09,6523,-0.103424,-0.103351,7.2392e-05,0.560194,0.560385,0.000191562
1.76004e+09,6524,-0.103494,-0.103424,7.08174e-05,0.560003,0.560194,0.000190552
1.76004e+09,6525,-0.103564,-0.103494,6.9246e-05,0.559814,0.560003,0.000189545
1.76004e+09,6526,-0.103631,-0.103564,6.76776e-05,0.559625,0.559814,0.000188542
1.76004e+09,6527,-0.103698,-0.103564,0.00013379,0.559438,0.559814,0.000376083
1.76004e+09,6528,-0.103762,-0.103698,6.45498e-05,0.559251,0.559438,0.000186544
1.76004e+09,6529,-0.103825,-0.103698,0.00012754,0.559065,0.559438,0.000372094
1.76004e+09,6530,-0.103886,-0.103762,0.000124424,0.558881,0.559251,0.000370109
1.76004e+09,6531,-0.103946,-0.103825,0.000121313,0.558697,0.559065,0.000368131
1.76004e+09,6532,-0.104005,-0.103886,0.000118208,0.558515,0.558881,0.000366159
1.76004e+09,6533,-0.104061,-0.103946,0.000115107,0.558333,0.558697,0.000364195
1.76004e+09,6534,-0.104117,-0.104005,0.000112013,0.558153,0.558515,0.000362237
1.76004e+09,6535,-0.10417,-0.104061,0.000108923,0.557973,0.558333,0.000360286
1.76004e+09,6536,-0.104223,-0.104117,0.000105837,0.557794,0.558153,0.000358343
1.76004e+09,6537,-0.104273,-0.10417,0.000102757,0.557616,0.557973,0.000356407
1.76004e+09,6538,-0.104322,-0.104223,9.96815e-05,0.55744,0.557794,0.000354478
1.76004e+09,6539,-0.10437,-0.104273,9.66103e-05,0.557264,0.557616,0.000352557
1.76004e+09,6540,-0.104416,-0.10437,4.60055e-05,0.557089,0.557264,0.000174845
1.76004e+09,6541,-0.10446,-0.104416,4.44753e-05,0.556915,0.557089,0.000173894
1.76004e+09,6542,-0.104503,-0.10446,4.2947e-05,0.556742,0.556915,0.000172947
1.76004e+09,6543,-0.104545,-0.104503,4.14207e-05,0.55657,0.556742,0.000172004
1.76004e+09,6544,-0.104585,-0.104545,3.98963e-05,0.556399,0.55657,0.000171066
1.76004e+09,6545,-0.104623,-0.104545,7.827e-05,0.556229,0.55657,0.000341197
1.76004e+09,6546,-0.10466,-0.104585,7.52266e-05,0.55606,0.556399,0.000339332
1.76004e+09,6547,-0.104695,-0.10466,3.53337e-05,0.555892,0.55606,0.000168275
1.76004e+09,6548,-0.104729,-0.104695,3.38162e-05,0.555724,0.555892,0.000167353
1.76004e+09,6549,-0.104761,-0.104729,3.23002e-05,0.555558,0.555724,0.000166435
1.76004e+09,6550,-0.104792,-0.104729,6.3086e-05,0.555392,0.555724,0.000331958
1.76004e+09,6551,-0.104821,-0.104761,6.00585e-05,0.555228,0.555558,0.000330136
1.76004e+09,6552,-0.104849,-0.104821,2.77611e-05,0.555064,0.555228,0.00016371
1.76004e+09,6553,-0.104875,-0.104849,2.62507e-05,0.554901,0.555064,0.000162811
1.76004e+09,6554,-0.1049,-0.104849,5.09923e-05,0.554739,0.555064,0.000324727
1.76004e+09,6555,-0.104923,-0.1049,2.32337e-05,0.554578,0.554739,0.000161026
1.76004e+09,6556,-0.104945,-0.104923,2.17269e-05,0.554418,0.554578,0.000160141
1.76004e+09,6557,-0.104965,-0.104945,2.02211e-05,0.554259,0.554418,0.00015926
1.76004e+09,6558,-0.104984,-0.104945,3.89374e-05,0.5541,0.554418,0.000317645
1.76004e+09,6559,-0.105001,-0.104984,1.72124e-05,0.553943,0.5541,0.000157514
1.76004e+09,6560,-0.105017,-0.105001,1.57094e-05,0.553786,0.553943,0.000156648
1.76004e+09,6561,-0.105031,-0.105017,1.42072e-05,0.55363,0.553786,0.000155788
1.76004e+09,6562,-0.105044,-0.105017,2.6913e-05,0.553475,0.553786,0.00031072
1.76004e+09,6563,-0.105055,-0.105044,1.12049e-05,0.553321,0.553475,0.000154082
1.76004e+09,6564,-0.105065,-0.105055,9.7047e-06,0.553168,0.553321,0.000153237
1.76004e+09,6565,-0.105073,-0.105055,1.79097e-05,0.553016,0.553321,0.000305633
1.76004e+09,6566,-0.10508,-0.105065,1.49109e-05,0.552864,0.553168,0.000303959
1.76004e+09,6567,-0.105085,-0.105073,1.19129e-05,0.552713,0.553016,0.000302295
1.76004e+09,6568,-0.105088,-0.10508,8.91564e-06,0.552564,0.552864,0.000300642
1.76004e+09,6569,-0.105091,-0.105085,5.91905e-06,0.552414,0.552713,0.000299
1.76004e+09,6570,-0.105091,-0.105088,2.92296e-06,0.552266,0.552564,0.000297369
1.76004e+09,6571,-0.105091,-0.105091,-7.85264e-07,0.552119,0.552266,0.000147471
1.76004e+09,6572,-0.105088,-0.105091,-2.28295e-06,0.551972,0.552119,0.000146669
1.76004e+09,6573,-0.105085,-0.105091,-6.06354e-06,0.551826,0.552119,0.000292542
1.76004e+09,6574,-0.105079,-0.105085,-5.27828e-06,0.551681,0.551826,0.000145083
1.76004e+09,6575,-0.105072,-0.105085,-1.20543e-05,0.551537,0.551826,0.000289382
1.76004e+09,6576,-0.105064,-0.105079,-1.50501e-05,0.551393,0.551681,0.000287819
1.76004e+09,6577,-0.105054,-0.105072,-1.80462e-05,0.551251,0.551537,0.000286269
1.76004e+09,6578,-0.105043,-0.105064,-2.10428e-05,0.551109,0.551393,0.00028473
1.76004e+09,6579,-0.10503,-0.105054,-2.404e-05,0.550967,0.551251,0.000283203
1.76004e+09,6580,-0.105016,-0.105043,-2.7038e-05,0.550827,0.551109,0.000281688
1.76004e+09,6581,-0.105,-0.105016,-1.57683e-05,0.550687,0.550827,0.000139719
1.76004e+09,6582,-0.104983,-0.105016,-3.30369e-05,0.550548,0.550827,0.000278696
1.76004e+09,6583,-0.104964,-0.105,-3.60379e-05,0.55041,0.550687,0.000277218
1.76004e+09,6584,-0.104944,-0.104983,-3.90403e-05,0.550272,0.550548,0.000275754
1.76004e+09,6585,-0.104922,-0.104964,-4.2044e-05,0.550136,0.55041,0.000274301
1.76004e+09,6586,-0.104899,-0.104922,-2.32761e-05,0.55,0.550136,0.000136073
1.76004e+09,6587,-0.104874,-0.104899,-2.478e-05,0.549864,0.55,0.000135363
1.76004e+09,6588,-0.104848,-0.104874,-2.62848e-05,0.54973,0.549864,0.00013466
1.76004e+09,6589,-0.10482,-0.104848,-2.77906e-05,0.549596,0.54973,0.000133964
1.76004e+09,6590,-0.104791,-0.10482,-2.92975e-05,0.549462,0.549596,0.000133274
1.76004e+09,6591,-0.10476,-0.104791,-3.08054e-05,0.54933,0.549462,0.000132591
1.76004e+09,6592,-0.104728,-0.10476,-3.23146e-05,0.549198,0.54933,0.000131915
1.76004e+09,6593,-0.104694,-0.10476,-6.61396e-05,0.549067,0.54933,0.00026316
1.76004e+09,6594,-0.104659,-0.104694,-3.53366e-05,0.548936,0.549067,0.000130583
1.76004e+09,6595,-0.104622,-0.104694,-7.21863e-05,0.548806,0.549067,0.000260511
1.76004e+09,6596,-0.104583,-0.104659,-7.52139e-05,0.548677,0.548936,0.000259208
1.76004e+09,6597,-0.104543,-0.104622,-7.82444e-05,0.548548,0.548806,0.000257919
1.76004e+09,6598,-0.104502,-0.104583,-8.12779e-05,0.54842,0.548677,0.000256645
1.76004e+09,6599,-0.104459,-0.104543,-8.43146e-05,0.548293,0.548548,0.000255385
1.76004e+09,6600,-0.104415,-0.104502,-8.73546e-05,0.548166,0.54842,0.00025414
1.76004e+09,6601,-0.104369,-0.104459,-9.03981e-05,0.54804,0.548293,0.00025291
1.76004e+09,6602,-0.104321,-0.104415,-9.34451e-05,0.547914,0.548166,0.000251695
1.76004e+09,6603,-0.104272,-0.104369,-9.64959e-05,0.547789,0.54804,0.000250495
1.76004e+09,6604,-0.104222,-0.104321,-9.95505e-05,0.547665,0.547914,0.00024931
1.76004e+09,6605,-0.10417,-0.104272,-0.000102609,0.547541,0.547789,0.000248141
1.76004e+09,6606,-0.104116,-0.104222,-0.000105672,0.547418,0.547665,0.000246987
1.76004e+09,6607,-0.104061,-0.10417,-0.000108738,0.547295,0.547541,0.000245849
1.76004e+09,6608,-0.104004,-0.104116,-0.00011181,0.547173,0.547418,0.000244727
1.76004e+09,6609,-0.103946,-0.104061,-0.000114885,0.547052,0.547295,0.000243621
1.76004e+09,6610,-0.103886,-0.104004,-0.000117966,0.546931,0.547173,0.000242531
1.76004e+09,6611,-0.103825,-0.103946,-0.000121051,0.54681,0.547052,0.000241458
1.76004e+09,6612,-0.103762,-0.103886,-0.000124141,0.54669,0.546931,0.000240401
1.76004e+09,6613,-0.103698,-0.103825,-0.000127235,0.546571,0.54681,0.000239361
1.76004e+09,6614,-0.103632,-0.103762,-0.000130335,0.546452,0.54669,0.000238338
1.76004e+09,6615,-0.103564,-0.103698,-0.000133441,0.546334,0.546571,0.000237331
1.76004e+09,6616,-0.103495,-0.103632,-0.000136551,0.546216,0.546452,0.000236342
1.76004e+09,6617,-0.103425,-0.103495,-7.06136e-05,0.546098,0.546216,0.000117444
1.76004e+09,6618,-0.103352,-0.103425,-7.21759e-05,0.545981,0.546098,0.000116972
1.76004e+09,6619,-0.103279,-0.103352,-7.37412e-05,0.545865,0.545981,0.000116508
1.76004e+09,6620,-0.103203,-0.103352,-0.000149051,0.545749,0.545981,0.00023256
1.76004e+09,6621,-0.103127,-0.103279,-0.00015219,0.545633,0.545865,0.00023166
1.76004e+09,6622,-0.103048,-0.103127,-7.84553e-05,0.545518,0.545633,0.00011517
1.76004e+09,6623,-0.102968,-0.103127,-0.000158488,0.545403,0.545633,0.000229913
1.76004e+09,6624,-0.102886,-0.102968,-8.16139e-05,0.545289,0.545403,0.000114325
1.76004e+09,6625,-0.102803,-0.102886,-8.31982e-05,0.545175,0.545289,0.000113916
1.76004e+09,6626,-0.102718,-0.102886,-0.000167984,0.545061,0.545289,0.000227432
1.76004e+09,6627,-0.102632,-0.102803,-0.000171163,0.544948,0.545175,0.000226644
1.76004e+09,6628,-0.102544,-0.102718,-0.000174348,0.544836,0.545061,0.000225874
1.76004e+09,6629,-0.102455,-0.102632,-0.000177541,0.544723,0.544948,0.000225124
1.76004e+09,6630,-0.102363,-0.102544,-0.000180741,0.544611,0.544836,0.000224394
1.76004e+09,6631,-0.102271,-0.102455,-0.000183949,0.544499,0.544723,0.000223684
1.76004e+09,6632,-0.102176,-0.102363,-0.000187164,0.544388,0.544611,0.000222994
1.76004e+09,6633,-0.10208,-0.102271,-0.000190387,0.544277,0.544499,0.000222324
1.76004e+09,6634,-0.101983,-0.102176,-0.000193617,0.544166,0.544388,0.000221675
1.76004e+09,6635,-0.101883,-0.10208,-0.000196856,0.544056,0.544277,0.000221046
1.76004e+09,6636,-0.101782,-0.101983,-0.000200102,0.543946,0.544166,0.000220439
1.76004e+09,6637,-0.10168,-0.101883,-0.000203357,0.543836,0.544056,0.000219852
1.76004e+09,6638,-0.101576,-0.101782,-0.00020662,0.543727,0.543946,0.000219287
1.76004e+09,6639,-0.10147,-0.10168,-0.000209891,0.543617,0.543836,0.000218744
1.76004e+09,6640,-0.101363,-0.101576,-0.000213172,0.543509,0.543727,0.000218222
1.76004e+09,6641,-0.101254,-0.10147,-0.000216461,0.5434,0.543617,0.000217723
1.76004e+09,6642,-0.101143,-0.101363,-0.000219758,0.543291,0.543509,0.000217246
1.76004e+09,6643,-0.101031,-0.101254,-0.000223065,0.543183,0.5434,0.000216792
1.76004e+09,6644,-0.100917,-0.101143,-0.000226381,0.543075,0.543291,0.00021636
1.76004e+09,6645,-0.100801,-0.101031,-0.000229707,0.542967,0.543183,0.000215951
1.76004e+09,6646,-0.100683,-0.100917,-0.000233042,0.542859,0.543075,0.000215566
1.76004e+09,6647,-0.100564,-0.100801,-0.000236386,0.542752,0.542967,0.000215204
1.76004e+09,6648,-0.100444,-0.100683,-0.00023974,0.542644,0.542859,0.000214866
1.76004e+09,6649,-0.100321,-0.100564,-0.000243104,0.542537,0.542752,0.000214552
1.76004e+09,6650,-0.100197,-0.100444,-0.000246478,0.54243,0.542644,0.000214262
1.76004e+09,6651,-0.100072,-0.100321,-0.000249863,0.542323,0.542537,0.000213997
1.76004e+09,6652,-0.099944,-0.100197,-0.000253257,0.542216,0.54243,0.000213756
1.76004e+09,6653,-0.0998148,-0.100072,-0.000256662,0.54211,0.542323,0.000213541
1.76004e+09,6654,-0.0996839,-0.099944,-0.000260078,0.542003,0.542216,0.000213351
1.76004e+09,6655,-0.0995513,-0.0998148,-0.000263505,0.541897,0.54211,0.000213187
1.76004e+09,6656,-0.099417,-0.0996839,-0.000266942,0.54179,0.542003,0.000213049
1.76004e+09,6657,-0.0992809,-0.0995513,-0.00027039,0.541684,0.541897,0.000212937
1.76004e+09,6658,-0.0991432,-0.099417,-0.00027385,0.541577,0.54179,0.000212851
1.76004e+09,6659,-0.0990036,-0.0992809,-0.000277321,0.541471,0.541684,0.000212792
1.76004e+09,6660,-0.0988624,-0.0991432,-0.000280803,0.541364,0.541577,0.000212761
1.76004e+09,6661,-0.0987193,-0.0990036,-0.000284297,0.541258,0.541471,0.000212757
1.76004e+09,6662,-0.0985745,-0.0988624,-0.000287803,0.541152,0.541364,0.00021278
1.76004e+09,6663,-0.098428,-0.0987193,-0.00029132,0.541045,0.541258,0.000212832
1.76004e+09,6664,-0.0982797,-0.0985745,-0.00029485,0.540939,0.541152,0.000212912
1.76004e+09,6665,-0.0981296,-0.098428,-0.000298392,0.540832,0.541045,0.00021302
1.76004e+09,6666,-0.0979778,-0.0982797,-0.000301946,0.540726,0.540939,0.000213158
1.76004e+09,6667,-0.0978241,-0.0981296,-0.000305513,0.540619,0.540832,0.000213325
1.76004e+09,6668,-0.0976687,-0.0979778,-0.000309093,0.540512,0.540726,0.000213522
1.76004e+09,6669,-0.0975114,-0.0978241,-0.000312685,0.540405,0.540619,0.000213748
1.76004e+09,6670,-0.0973524,-0.0976687,-0.000316291,0.540298,0.540512,0.000214006
1.76004e+09,6671,-0.0971915,-0.0975114,-0.000319909,0.540191,0.540405,0.000214293
1.76004e+09,6672,-0.0970288,-0.0973524,-0.000323541,0.540083,0.540298,0.000214612
1.76004e+09,6673,-0.0968643,-0.0971915,-0.000327186,0.539976,0.540191,0.000214962
1.76004e+09,6674,-0.096698,-0.0970288,-0.000330845,0.539868,0.540083,0.000215345
1.76004e+09,6675,-0.0965298,-0.0968643,-0.000334518,0.53976,0.539976,0.000215759
1.76004e+09,6676,-0.0963598,-0.096698,-0.000338204,0.539652,0.539868,0.000216206
1.76004e+09,6677,-0.0961879,-0.0965298,-0.000341904,0.539543,0.53976,0.000216685
1.76004e+09,6678,-0.0960142,-0.0963598,-0.000345619,0.539435,0.539652,0.000217199
1.76004e+09,6679,-0.0958386,-0.0961879,-0.000349348,0.539326,0.539543,0.000217745
1.76004e+09,6680,-0.0956611,-0.0960142,-0.000353092,0.539216,0.539435,0.000218326
1.76004e+09,6681,-0.0954817,-0.0958386,-0.00035685,0.539107,0.539326,0.000218942
1.76004e+09,6682,-0.0953004,-0.0956611,-0.000360623,0.538997,0.539216,0.000219592
1.76004e+09,6683,-0.0951173,-0.0954817,-0.000364411,0.538886,0.539107,0.000220278
1.76004e+09,6684,-0.0949322,-0.0953004,-0.000368214,0.538776,0.538997,0.000221
1.76004e+09,6685,-0.0947453,-0.0951173,-0.000372032,0.538665,0.538886,0.000221758
1.76004e+09,6686,-0.0945564,-0.0949322,-0.000375865,0.538553,0.538776,0.000222552
1.76004e+09,6687,-0.0943655,-0.0947453,-0.000379715,0.538441,0.538665,0.000223384
1.76004e+09,6688,-0.0941728,-0.0945564,-0.000383579,0.538329,0.538553,0.000224253
1.76004e+09,6689,-0.0939781,-0.0943655,-0.00038746,0.538216,0.538441,0.00022516
1.76004e+09,6690,-0.0937814,-0.0941728,-0.000391357,0.538103,0.538329,0.000226106
1.76004e+09,6691,-0.0935828,-0.0939781,-0.000395269,0.537989,0.538216,0.000227091
1.76004e+09,6692,-0.0933822,-0.0937814,-0.000399198,0.537875,0.538103,0.000228115
1.76004e+09,6693,-0.0931797,-0.0935828,-0.000403143,0.53776,0.537989,0.000229179
1.76004e+09,6694,-0.0929751,-0.0933822,-0.000407105,0.537644,0.537875,0.000230283
1.76004e+09,6695,-0.0927686,-0.0931797,-0.000411084,0.537528,0.53776,0.000231428
1.76004e+09,6696,-0.09256,-0.0929751,-0.000415079,0.537412,0.537644,0.000232615
1.76004e+09,6697,-0.0923495,-0.0927686,-0.000419092,0.537295,0.537528,0.000233844
1.76004e+09,6698,-0.0921369,-0.09256,-0.000423121,0.537177,0.537412,0.000235115
1.76004e+09,6699,-0.0919223,-0.0923495,-0.000427168,0.537058,0.537295,0.000236429
1.76004e+09,6700,-0.0917057,-0.0921369,-0.000431233,0.536939,0.537177,0.000237786
1.76004e+09,6701,-0.091487,-0.0919223,-0.000435315,0.536819,0.537058,0.000239188
1.76004e+09,6702,-0.0912663,-0.0917057,-0.000439415,0.536698,0.536939,0.000240634
1.76004e+09,6703,-0.0910435,-0.091487,-0.000443533,0.536577,0.536819,0.000242125
1.76004e+09,6704,-0.0908186,-0.0912663,-0.00044767,0.536455,0.536698,0.000243662
1.76004e+09,6705,-0.0905917,-0.0910435,-0.000451826,0.536332,0.536577,0.000245246
1.76004e+09,6706,-0.0903626,-0.0908186,-0.000456,0.536208,0.536455,0.000246876
1.76004e+09,6707,-0.0901315,-0.0905917,-0.000460194,0.536083,0.536332,0.000248554
1.76004e+09,6708,-0.0898982,-0.0903626,-0.000464407,0.535957,0.536208,0.00025028
1.76004e+09,6709,-0.0896628,-0.0901315,-0.00046864,0.535831,0.536083,0.000252055
1.76004e+09,6710,-0.0894253,-0.0898982,-0.000472894,0.535704,0.535957,0.000253879
1.76004e+09,6711,-0.0891857,-0.0896628,-0.000477168,0.535575,0.535831,0.000255754
1.76004e+09,6712,-0.0889438,-0.0894253,-0.000481464,0.535446,0.535704,0.000257679
1.76004e+09,6713,-0.0886999,-0.0891857,-0.000485782,0.535316,0.535575,0.000259656
1.76004e+09,6714,-0.0884537,-0.0889438,-0.000490121,0.535184,0.535446,0.000261685
1.76004e+09,6715,-0.0882054,-0.0886999,-0.000494484,0.535052,0.535316,0.000263767
1.76004e+09,6716,-0.0879549,-0.0884537,-0.00049887,0.534918,0.535184,0.000265902
1.76004e+09,6717,-0.0877021,-0.0882054,-0.00050328,0.534784,0.535052,0.000268093
1.76004e+09,6718,-0.0874471,-0.0879549,-0.000507715,0.534648,0.534918,0.000270338
1.76004e+09,6719,-0.0871899,-0.0877021,-0.000512175,0.534511,0.534784,0.00027264
1.76004e+09,6720,-0.0869305,-0.0874471,-0.000516661,0.534373,0.534648,0.000274999
1.76004e+09,6721,-0.0866688,-0.0871899,-0.000521174,0.534234,0.534511,0.000277415
1.76004e+09,6722,-0.0864048,-0.0869305,-0.000525714,0.534093,0.534373,0.00027989
1.76004e+09,6723,-0.0861385,-0.0866688,-0.000530282,0.533951,0.534234,0.000282425
1.76004e+09,6724,-0.0858699,-0.0864048,-0.000534879,0.533808,0.534093,0.000285021
1.76004e+09,6725,-0.085599,-0.0861385,-0.000539504,0.533664,0.533951,0.000287677
1.76004e+09,6726,-0.0853257,-0.0858699,-0.000544158,0.533518,0.533808,0.000290397
1.76004e+09,6727,-0.0850501,-0.085599,-0.000548841,0.53337,0.533664,0.000293179
1.76004e+09,6728,-0.0847722,-0.0853257,-0.000553554,0.533222,0.533518,0.000296026
1.76004e+09,6729,-0.0844918,-0.0850501,-0.000558295,0.533071,0.53337,0.000298937
1.76004e+09,6730,-0.0842091,-0.0847722,-0.000563065,0.53292,0.533222,0.000301915
1.76004e+09,6731,-0.083924,-0.0844918,-0.000567862,0.532767,0.533071,0.000304959
1.76004e+09,6732,-0.0836364,-0.0842091,-0.000572685,0.532612,0.53292,0.000308071
1.76004e+09,6733,-0.0833464,-0.083924,-0.000577533,0.532455,0.532767,0.000311251
1.76004e+09,6734,-0.083054,-0.0836364,-0.000582403,0.532297,0.532612,0.0003145
1.76004e+09,6735,-0.0827591,-0.0833464,-0.000587293,0.532137,0.532455,0.000317817
1.76004e+09,6736,-0.0824618,-0.083054,-0.000592199,0.531976,0.532297,0.000321204
1.76004e+09,6737,-0.082162,-0.0827591,-0.000597118,0.531813,0.532137,0.000324661
1.76004e+09,6738,-0.0818598,-0.0824618,-0.000602045,0.531648,0.531976,0.000328186
1.76004e+09,6739,-0.0815551,-0.082162,-0.000606975,0.531481,0.531813,0.000331781
1.76004e+09,6740,-0.0812375,-0.0818598,-0.000622273,0.531287,0.531648,0.000360697
1.76004e+09,6741,-0.0809176,-0.0815551,-0.000637491,0.531091,0.531481,0.000389702
1.76004e+09,6742,-0.0805953,-0.0812375,-0.000642247,0.530894,0.531287,0.000393544
1.76004e+09,6743,-0.0802706,-0.0809176,-0.000646977,0.530694,0.531091,0.000397452
1.76004e+09,6744,-0.0799436,-0.0805953,-0.00065167,0.530492,0.530894,0.000401423
1.76004e+09,6745,-0.0796143,-0.0802706,-0.000656319,0.530288,0.530694,0.000405457
1.76004e+09,6746,-0.0792827,-0.0799436,-0.000660915,0.530083,0.530492,0.000409551
1.76004e+09,6747,-0.0789488,-0.0796143,-0.000665448,0.529875,0.530288,0.000413703
1.76004e+09,6748,-0.0786128,-0.0792827,-0.000669907,0.529665,0.530083,0.00041791
1.76004e+09,6749,-0.0782745,-0.0789488,-0.000674284,0.529453,0.529875,0.000422169
1.76004e+09,6750,-0.0779342,-0.0786128,-0.000678567,0.529238,0.529665,0.000426477
1.76004e+09,6751,-0.0775918,-0.0782745,-0.000682745,0.529022,0.529453,0.000430829
1.76004e+09,6752,-0.0772474,-0.0779342,-0.000686809,0.528803,0.529238,0.000435224
1.76004e+09,6753,-0.076901,-0.0775918,-0.000690747,0.528582,0.529022,0.000439655
1.76004e+09,6754,-0.0765528,-0.0772474,-0.000694549,0.528359,0.528803,0.000444119
1.76004e+09,6755,-0.0762028,-0.076901,-0.000698204,0.528133,0.528582,0.000448611
1.76004e+09,6756,-0.0758511,-0.0765528,-0.000701703,0.527906,0.528359,0.000453127
1.76004e+09,6757,-0.0754978,-0.0762028,-0.000705034,0.527676,0.528133,0.000457661
1.76004e+09,6758,-0.0751429,-0.0758511,-0.000708189,0.527444,0.527906,0.000462208
1.76004e+09,6759,-0.0747866,-0.0754978,-0.000711158,0.527209,0.527676,0.000466763
1.76004e+09,6760,-0.074429,-0.0751429,-0.000713933,0.526972,0.527444,0.000471321
1.76004e+09,6761,-0.0740701,-0.0747866,-0.000716505,0.526733,0.527209,0.000475875
1.76004e+09,6762,-0.0737101,-0.074429,-0.000718866,0.526492,0.526972,0.00048042
1.76004e+09,6763,-0.0733491,-0.0740701,-0.000721009,0.526248,0.526733,0.00048495
1.76004e+09,6764,-0.0729872,-0.0737101,-0.000722928,0.526002,0.526492,0.00048946
1.76004e+09,6765,-0.0726245,-0.0733491,-0.000724616,0.525754,0.526248,0.000493944
1.76004e+09,6766,-0.0722611,-0.0729872,-0.000726068,0.525504,0.526002,0.000498396
1.76004e+09,6767,-0.0718972,-0.0726245,-0.00072728,0.525251,0.525754,0.00050281
1.76004e+09,6768,-0.0715329,-0.0722611,-0.000728248,0.524997,0.525504,0.000507181
1.76004e+09,6769,-0.0711683,-0.0718972,-0.000728968,0.52474,0.525251,0.000511503
1.76004e+09,6770,-0.0708035,-0.0715329,-0.000729438,0.524481,0.524997,0.000515771
1.76004e+09,6771,-0.0704386,-0.0711683,-0.000729656,0.52422,0.52474,0.00051998
1.76004e+09,6772,-0.0700738,-0.0708035,-0.000729622,0.523957,0.524481,0.000524124
1.76004e+09,6773,-0.0697093,-0.0704386,-0.000729333,0.523692,0.52422,0.0005282
1.76004e+09,6774,-0.069345,-0.0700738,-0.000728792,0.523425,0.523957,0.000532201
1.76004e+09,6775,-0.0689813,-0.0697093,-0.000728,0.523156,0.523692,0.000536124
1.76004e+09,6776,-0.0686181,-0.069345,-0.000726957,0.522885,0.523425,0.000539965
1.76004e+09,6777,-0.0682556,-0.0689813,-0.000725668,0.522612,0.523156,0.00054372
1.76004e+09,6778,-0.067894,-0.0686181,-0.000724134,0.522337,0.522885,0.000547386
1.76004e+09,6779,-0.0675332,-0.0682556,-0.000722361,0.522061,0.522612,0.000550959
1.76004e+09,6780,-0.0671736,-0.067894,-0.000720354,0.521783,0.522337,0.000554437
1.76004e+09,6781,-0.0668151,-0.0675332,-0.000718116,0.521503,0.522061,0.000557818
1.76004e+09,6782,-0.0664579,-0.0671736,-0.000715656,0.521222,0.521783,0.000561099
1.76004e+09,6783,-0.0661022,-0.0668151,-0.000712979,0.520939,0.521503,0.000564279
1.76004e+09,6784,-0.0657479,-0.0664579,-0.000710094,0.520654,0.521222,0.000567357
1.76004e+09,6785,-0.0653951,-0.0661022,-0.000707008,0.520369,0.520939,0.000570333
1.76004e+09,6786,-0.0650441,-0.0657479,-0.000703729,0.520081,0.520654,0.000573206
1.76004e+09,6787,-0.0646949,-0.0653951,-0.000700268,0.519793,0.520369,0.000575977
1.76004e+09,6788,-0.0643475,-0.0650441,-0.000696633,0.519503,0.520081,0.000578645
1.76004e+09,6789,-0.064002,-0.0646949,-0.000692835,0.519211,0.519793,0.000581213
1.76004e+09,6790,-0.0636586,-0.064002,-0.000343435,0.518919,0.519211,0.000292446
1.76004e+09,6791,-0.0633173,-0.0636586,-0.000341354,0.518625,0.518919,0.000293607
1.76004e+09,6792,-0.062978,-0.0633173,-0.00033921,0.518331,0.518625,0.000294722
1.76004e+09,6793,-0.062641,-0.0633173,-0.000676219,0.518035,0.518625,0.000590513
1.76004e+09,6794,-0.0623063,-0.062978,-0.000671763,0.517738,0.518331,0.000592607
1.76004e+09,6795,-0.0619738,-0.062641,-0.00066721,0.51744,0.518035,0.000594614
1.76004e+09,6796,-0.0616437,-0.0623063,-0.000662568,0.517141,0.517738,0.000596538
1.76004e+09,6797,-0.061316,-0.0619738,-0.000657849,0.516842,0.51744,0.000598383
1.76004e+09,6798,-0.0609906,-0.0616437,-0.000653063,0.516541,0.517141,0.000600151
1.76004e+09,6799,-0.0606678,-0.061316,-0.000648219,0.51624,0.516842,0.000601847
1.76004e+09,6800,-0.0604618,-0.0609906,-0.00052888,0.528746,0.516541,-0.0122052
1.76004e+09,6801,-0.0602575,-0.0606678,-0.000410295,0.540981,0.51624,-0.0247407
1.76004e+09,6802,-0.0600548,-0.0604618,-0.000406919,0.55296,0.528746,-0.0242134
1.76004e+09,6803,-0.0598539,-0.0602575,-0.000403517,0.564699,0.540981,-0.0237184
1.76004e+09,6804,-0.0596548,-0.0600548,-0.000400096,0.576212,0.55296,-0.0232525
1.76004e+09,6805,-0.0594573,-0.0598539,-0.000396663,0.587512,0.564699,-0.0228126
1.76004e+09,6806,-0.0592615,-0.0596548,-0.000393222,0.598609,0.576212,-0.0223964
1.76004e+09,6807,-0.0590675,-0.0594573,-0.00038978,0.609513,0.587512,-0.0220015
1.76004e+09,6808,-0.0588752,-0.0592615,-0.000386341,0.620235,0.598609,-0.0216261
1.76004e+09,6809,-0.0586846,-0.0590675,-0.000382909,0.630782,0.609513,-0.0212684
1.76004e+09,6810,-0.0584957,-0.0588752,-0.000379488,0.641162,0.620235,-0.020927
1.76004e+09,6811,-0.0583085,-0.0586846,-0.000376082,0.651382,0.630782,-0.0206004
1.76004e+09,6812,-0.058123,-0.0584957,-0.000372692,0.661449,0.641162,-0.0202876
1.76004e+09,6813,-0.0579392,-0.0583085,-0.000369321,0.671369,0.651382,-0.0199874
1.76004e+09,6814,-0.057757,-0.058123,-0.000365972,0.681148,0.661449,-0.0196989
1.76004e+09,6815,-0.0575765,-0.0579392,-0.000362644,0.690791,0.671369,-0.0194211
1.76004e+09,6816,-0.0573977,-0.057757,-0.00035934,0.700302,0.681148,-0.0191535
1.76004e+09,6817,-0.0572205,-0.0575765,-0.00035606,0.709686,0.690791,-0.0188951
1.76004e+09,6818,-0.0570449,-0.0573977,-0.000352805,0.718947,0.700302,-0.0186454
1.76004e+09,6819,-0.0568709,-0.0570449,-0.000173983,0.728089,0.718947,-0.00914248
1.76004e+09,6820,-0.0566985,-0.0570449,-0.00034637,0.737117,0.718947,-0.0181698
1.76004e+09,6821,-0.0565277,-0.0566985,-0.000170803,0.746032,0.737117,-0.00891551
1.76004e+09,6822,-0.0563585,-0.0565277,-0.000169231,0.754839,0.746032,-0.00880695
1.76004e+09,6823,-0.0561908,-0.0565277,-0.000336904,0.763541,0.746032,-0.0175083
1.76004e+09,6824,-0.0560247,-0.0563585,-0.000333797,0.772139,0.754839,-0.0173
1.76004e+09,6825,-0.0558601,-0.0561908,-0.000330714,0.780638,0.763541,-0.0170972
1.76004e+09,6826,-0.055697,-0.0560247,-0.000327655,0.789039,0.772139,-0.0168996
1.76004e+09,6827,-0.0555355,-0.0558601,-0.000324617,0.797345,0.780638,-0.0167068
1.76004e+09,6828,-0.0553754,-0.055697,-0.000321602,0.805557,0.789039,-0.0165186
1.76004e+09,6829,-0.0552169,-0.0555355,-0.000318609,0.813679,0.797345,-0.0163347
1.76004e+09,6830,-0.0550598,-0.0553754,-0.000315636,0.821712,0.805557,-0.016155
1.76004e+09,6831,-0.0549042,-0.0550598,-0.000155606,0.829658,0.821712,-0.00794602
1.76004e+09,6832,-0.05475,-0.0549042,-0.000154145,0.837519,0.829658,-0.00786079
1.76004e+09,6833,-0.0545974,-0.05475,-0.000152693,0.845297,0.837519,-0.00777724
1.76004e+09,6834,-0.0544461,-0.05475,-0.000303944,0.852992,0.837519,-0.0154725
1.76004e+09,6835,-0.0542963,-0.0545974,-0.000301068,0.860607,0.845297,-0.0153101
1.76004e+09,6836,-0.0541479,-0.0542963,-0.000148393,0.868143,0.860607,-0.00753586
1.76004e+09,6837,-0.0540009,-0.0541479,-0.000146977,0.875601,0.868143,-0.00745824
1.76004e+09,6838,-0.0538553,-0.0540009,-0.000145569,0.882983,0.875601,-0.00738191
1.76004e+09,6839,-0.0537112,-0.0540009,-0.000289739,0.890289,0.875601,-0.0146887
1.76004e+09,6840,-0.0535684,-0.0538553,-0.000286949,0.897522,0.882983,-0.0145397
1.76004e+09,6841,-0.053427,-0.0537112,-0.000284175,0.904683,0.890289,-0.014393
1.76004e+09,6842,-0.053287,-0.0535684,-0.000281416,0.911771,0.897522,-0.0142485
1.76004e+09,6843,-0.0531483,-0.053427,-0.000278673,0.918789,0.904683,-0.0141061
1.76004e+09,6844,-0.053011,-0.053287,-0.000275946,0.925737,0.911771,-0.0139656
1.76004e+09,6845,-0.0528751,-0.0531483,-0.000273233,0.932616,0.918789,-0.013827
1.76004e+09,6846,-0.0527405,-0.053011,-0.000270535,0.939427,0.925737,-0.0136903
1.76004e+09,6847,-0.0526072,-0.0528751,-0.000267852,0.946171,0.932616,-0.0135552
1.76004e+09,6848,-0.0524753,-0.0527405,-0.000265183,0.952849,0.939427,-0.0134218
1.76004e+09,6849,-0.0523447,-0.0526072,-0.000262528,0.959461,0.946171,-0.01329
1.76004e+09,6850,-0.0522154,-0.0524753,-0.000259887,0.966008,0.952849,-0.0131597
1.76004e+09,6851,-0.0520875,-0.0523447,-0.00025726,0.972492,0.959461,-0.0130308
1.76004e+09,6852,-0.0519608,-0.0522154,-0.000254647,0.978911,0.966008,-0.0129032
1.76004e+09,6853,-0.0518354,-0.0520875,-0.000252047,0.985269,0.972492,-0.012777
1.76004e+09,6854,-0.0517113,-0.0518354,-0.000124085,0.991563,0.985269,-0.00629489
1.76004e+09,6855,-0.0515885,-0.0517113,-0.000122802,0.997797,0.991563,-0.00623328
1.76004e+09,6856,-0.051467,-0.0517113,-0.000244327,1.00397,0.991563,-0.0124055
1.76004e+09,6857,-0.0513467,-0.0515885,-0.000241779,1.01008,0.997797,-0.0122839
1.76004e+09,6858,-0.0512278,-0.0513467,-0.00011899,1.01613,1.01008,-0.00605169
1.76004e+09,6859,-0.05111,-0.0512278,-0.000117732,1.02212,1.01613,-0.00599216
1.76004e+09,6860,-0.0509935,-0.05111,-0.00011648,1.02806,1.02212,-0.0059331
1.76004e+09,6861,-0.0508783,-0.05111,-0.000231713,1.03393,1.02212,-0.0118076
1.76004e+09,6862,-0.0507643,-0.0508783,-0.000113994,1.03975,1.03393,-0.00581629
1.76004e+09,6863,-0.0506516,-0.0507643,-0.00011276,1.04551,1.03975,-0.00575851
1.76004e+09,6864,-0.05054,-0.0506516,-0.000111532,1.05121,1.04551,-0.00570112
1.76004e+09,6865,-0.0504297,-0.05054,-0.000110309,1.05685,1.05121,-0.0056441
1.76004e+09,6866,-0.0503206,-0.05054,-0.000219401,1.06244,1.05121,-0.0112315
1.76004e+09,6867,-0.0502127,-0.0503206,-0.000107881,1.06797,1.06244,-0.00553111
1.76004e+09,6868,-0.0501061,-0.0502127,-0.000106676,1.07345,1.06797,-0.00547512
1.76004e+09,6869,-0.0500006,-0.0502127,-0.000212151,1.07887,1.06797,-0.0108945
1.76004e+09,6870,-0.0498963,-0.0500006,-0.000104281,1.08423,1.07887,-0.00536404
1.76004e+09,6871,-0.0497932,-0.0498963,-0.000103091,1.08954,1.08423,-0.00530894
1.76004e+09,6872,-0.0496913,-0.0497932,-0.000101907,1.09479,1.08954,-0.00525411
1.76004e+09,6873,-0.0495906,-0.0496913,-0.000100728,1.09999,1.09479,-0.00519954
1.76004e+09,6874,-0.049491,-0.0495906,-9.95539e-05,1.10514,1.09999,-0.00514522
1.76004e+09,6875,-0.0493926,-0.049491,-9.8385e-05,1.11023,1.10514,-0.00509114
1.76004e+09,6876,-0.0492954,-0.0493926,-9.7221e-05,1.11527,1.11023,-0.00503728
1.76004e+09,6877,-0.0491994,-0.0493926,-0.000193283,1.12025,1.11023,-0.0100209
1.76004e+09,6878,-0.0491045,-0.0491994,-9.49075e-05,1.12518,1.12025,-0.00493021
1.76004e+09,6879,-0.0490107,-0.0491045,-9.37578e-05,1.13006,1.12518,-0.00487697
1.76004e+09,6880,-0.0489181,-0.0490107,-9.26129e-05,1.13488,1.13006,-0.00482393
1.76004e+09,6881,-0.0488266,-0.0489181,-9.14725e-05,1.13965,1.13488,-0.00477106
1.76004e+09,6882,-0.0487363,-0.0488266,-9.03366e-05,1.14437,1.13965,-0.00471836
1.76004e+09,6883,-0.0486471,-0.0487363,-8.92052e-05,1.14904,1.14437,-0.00466582
1.76004e+09,6884,-0.048559,-0.0487363,-0.000177283,1.15365,1.14437,-0.00927926
1.76004e+09,6885,-0.048472,-0.0486471,-0.000175034,1.15821,1.14904,-0.00917465
1.76004e+09,6886,-0.0483862,-0.048559,-0.000172792,1.16272,1.15365,-0.00907032
1.76004e+09,6887,-0.0483015,-0.0483862,-8.47226e-05,1.16718,1.16272,-0.00445715
1.76004e+09,6888,-0.0482179,-0.0483015,-8.36124e-05,1.17158,1.16718,-0.00440532
1.76004e+09,6889,-0.0481354,-0.0482179,-8.25062e-05,1.17594,1.17158,-0.0043536
1.76004e+09,6890,-0.048054,-0.0481354,-8.1404e-05,1.18024,1.17594,-0.004302
1.76004e+09,6891,-0.0479736,-0.0481354,-0.00016171,1.18449,1.17594,-0.00855251
1.76004e+09,6892,-0.0478944,-0.048054,-0.000159517,1.18869,1.18024,-0.00844963
1.76004e+09,6893,-0.0478163,-0.0479736,-0.000157332,1.19283,1.18449,-0.00834694
1.76004e+09,6894,-0.0477393,-0.0478944,-0.000155154,1.19693,1.18869,-0.00824444
1.76004e+09,6895,-0.0476633,-0.0478163,-0.000152984,1.20098,1.19283,-0.00814212
1.76004e+09,6896,-0.0475885,-0.0477393,-0.000150821,1.20497,1.19693,-0.00803996
1.76004e+09,6897,-0.0475147,-0.0476633,-0.000148665,1.20891,1.20098,-0.00793796
1.76004e+09,6898,-0.0474419,-0.0475885,-0.000146517,1.21281,1.20497,-0.00783611
1.76004e+09,6899,-0.0473703,-0.0475147,-0.000144375,1.21665,1.20891,-0.00773439
1.76004e+09,6900,-0.0472997,-0.0474419,-0.00014224,1.22044,1.21281,-0.00763281
1.76004e+09,6901,-0.0472302,-0.0473703,-0.000140111,1.22418,1.21665,-0.00753135
1.76004e+09,6902,-0.0471617,-0.0472302,-6.84649e-05,1.22787,1.22418,-0.00368967
1.76004e+09,6903,-0.0470943,-0.0472302,-0.000135874,1.23151,1.22418,-0.00732875
1.76004e+09,6904,-0.047028,-0.0471617,-0.000133764,1.2351,1.22787,-0.0072276
1.76004e+09,6905,-0.0469626,-0.0470943,-0.000131661,1.23864,1.23151,-0.00712655
1.76004e+09,6906,-0.0468984,-0.047028,-0.000129564,1.24212,1.2351,-0.00702558
1.76004e+09,6907,-0.0468352,-0.0469626,-0.000127473,1.24556,1.23864,-0.00692468
1.76004e+09,6908,-0.046773,-0.0468984,-0.000125388,1.24895,1.24212,-0.00682386
1.76004e+09,6909,-0.0467119,-0.0468352,-0.000123309,1.25228,1.24556,-0.0067231
1.76004e+09,6910,-0.0466518,-0.046773,-0.000121235,1.25557,1.24895,-0.0066224
1.76004e+09,6911,-0.0465927,-0.0467119,-0.000119167,1.25881,1.25228,-0.00652175
1.76004e+09,6912,-0.0465347,-0.0465927,-5.80368e-05,1.26199,1.25881,-0.00318543
1.76004e+09,6913,-0.0464777,-0.0465347,-5.70093e-05,1.26513,1.26199,-0.00313516
1.76004e+09,6914,-0.0464217,-0.0464777,-5.59844e-05,1.26821,1.26513,-0.00308491
1.76004e+09,6915,-0.0463667,-0.0464217,-5.4962e-05,1.27125,1.26821,-0.00303468
1.76004e+09,6916,-0.0463128,-0.0463667,-5.39421e-05,1.27423,1.27125,-0.00298446
1.76004e+09,6917,-0.0462598,-0.0463128,-5.29246e-05,1.27716,1.27423,-0.00293424
1.76004e+09,6918,-0.0462079,-0.0462598,-5.19095e-05,1.28005,1.27716,-0.00288404
1.76004e+09,6919,-0.046157,-0.0462079,-5.08967e-05,1.28288,1.28005,-0.00283384
1.76004e+09,6920,-0.0461071,-0.0462079,-0.000100783,1.28567,1.28005,-0.0056175
1.76004e+09,6921,-0.0460583,-0.0461071,-4.88779e-05,1.2884,1.28567,-0.00273346
1.76004e+09,6922,-0.0460104,-0.0461071,-9.67496e-05,1.29108,1.28567,-0.00541674
1.76004e+09,6923,-0.0459635,-0.0460583,-9.47394e-05,1.29372,1.2884,-0.00531636
1.76004e+09,6924,-0.0459177,-0.0459635,-4.58657e-05,1.2963,1.29372,-0.0025829
1.76004e+09,6925,-0.0458728,-0.0459177,-4.48658e-05,1.29883,1.2963,-0.00253271
1.76004e+09,6926,-0.0458289,-0.0458728,-4.38678e-05,1.30131,1.29883,-0.00248251
1.76004e+09,6927,-0.0457861,-0.0458728,-8.67396e-05,1.30375,1.29883,-0.00491481
1.76004e+09,6928,-0.0457442,-0.0457861,-4.18776e-05,1.30613,1.30375,-0.00238209
1.76004e+09,6929,-0.0457033,-0.0457861,-8.2763e-05,1.30846,1.30375,-0.00471397
1.76004e+09,6930,-0.0456634,-0.0457442,-8.07801e-05,1.31074,1.30613,-0.00461352
1.76004e+09,6931,-0.0456245,-0.0456634,-3.8906e-05,1.31297,1.31074,-0.0022314
1.76004e+09,6932,-0.0455866,-0.0456245,-3.79189e-05,1.31515,1.31297,-0.00218115
1.76004e+09,6933,-0.0455496,-0.0456245,-7.48524e-05,1.31729,1.31297,-0.00431204
1.76004e+09,6934,-0.0455137,-0.0455496,-3.59496e-05,1.31937,1.31729,-0.00208061
1.76004e+09,6935,-0.0454787,-0.0455496,-7.0917e-05,1.3214,1.31729,-0.00411093
1.76004e+09,6936,-0.0454447,-0.0454787,-3.39866e-05,1.32338,1.3214,-0.00198001
1.76004e+09,6937,-0.0454117,-0.0454447,-3.30073e-05,1.32531,1.32338,-0.00192968
1.76004e+09,6938,-0.0453797,-0.0454447,-6.50368e-05,1.32719,1.32338,-0.00380903
1.76004e+09,6939,-0.0453486,-0.0454117,-6.30825e-05,1.32901,1.32531,-0.00370833
1.76004e+09,6940,-0.0453186,-0.0453797,-6.1131e-05,1.33079,1.32719,-0.00360759
1.76004e+09,6941,-0.0452895,-0.0453486,-5.9182e-05,1.33252,1.32901,-0.00350682
1.76004e+09,6942,-0.0452613,-0.0453186,-5.72357e-05,1.3342,1.33079,-0.00340601
1.76004e+09,6943,-0.0452342,-0.0452895,-5.52918e-05,1.33583,1.33252,-0.00330516
1.76004e+09,6944,-0.045208,-0.0452613,-5.33503e-05,1.3374,1.3342,-0.00320428
1.76004e+09,6945,-0.0451828,-0.0452342,-5.14111e-05,1.33893,1.33583,-0.00310335
1.76004e+09,6946,-0.0451585,-0.045208,-4.94741e-05,1.34041,1.3374,-0.00300238
1.76004e+09,6947,-0.0451352,-0.0451828,-4.75393e-05,1.34183,1.33893,-0.00290138
1.76004e+09,6948,-0.0451129,-0.0451585,-4.56066e-05,1.34321,1.34041,-0.00280033
1.76004e+09,6949,-0.0450915,-0.0451129,-2.13554e-05,1.34453,1.34321,-0.00132434
1.76004e+09,6950,-0.0450712,-0.0450915,-2.03915e-05,1.3458,1.34453,-0.00127376
1.76004e+09,6951,-0.0450517,-0.0450915,-3.98198e-05,1.34703,1.34453,-0.00249692
1.76004e+09,6952,-0.0450333,-0.0450712,-3.78945e-05,1.3482,1.3458,-0.0023957
1.76004e+09,6953,-0.0450158,-0.0450517,-3.59708e-05,1.34932,1.34703,-0.00229444
1.76004e+09,6954,-0.0449992,-0.0450158,-1.6544e-05,1.35039,1.34932,-0.00107123
1.76004e+09,6955,-0.0449836,-0.0449992,-1.55841e-05,1.35141,1.35039,-0.00102055
1.76004e+09,6956,-0.044969,-0.0449836,-1.46249e-05,1.35238,1.35141,-0.000969838
1.76004e+09,6957,-0.0449553,-0.044969,-1.36663e-05,1.3533,1.35238,-0.000919109
1.76004e+09,6958,-0.0449426,-0.044969,-2.63745e-05,1.35417,1.35238,-0.00178747
1.76004e+09,6959,-0.0449309,-0.0449553,-2.44591e-05,1.35499,1.3533,-0.00168594
1.76004e+09,6960,-0.0449201,-0.0449426,-2.25448e-05,1.35575,1.35417,-0.00158437
1.76004e+09,6961,-0.0449102,-0.0449201,-9.83757e-06,1.35647,1.35575,-0.000715975
1.76004e+09,6962,-0.0449014,-0.0449102,-8.88163e-06,1.35714,1.35647,-0.000665138
1.76004e+09,6963,-0.0448934,-0.0449102,-1.68077e-05,1.35775,1.35647,-0.00127942
1.76004e+09,6964,-0.0448865,-0.0449014,-1.48971e-05,1.35831,1.35714,-0.00117768
1.76004e+09,6965,-0.0448805,-0.0448934,-1.29871e-05,1.35883,1.35775,-0.0010759
1.76004e+09,6966,-0.0448754,-0.0448865,-1.10778e-05,1.35929,1.35831,-0.000974087
1.76004e+09,6967,-0.0448713,-0.0448754,-4.10738e-06,1.3597,1.35929,-0.000410644
1.76004e+09,6968,-0.0448681,-0.0448713,-3.15335e-06,1.36006,1.3597,-0.000359685
1.76004e+09,6969,-0.0448659,-0.0448681,-2.19951e-06,1.36037,1.36006,-0.000308706
1.76004e+09,6970,-0.0448647,-0.0448681,-3.44532e-06,1.36062,1.36006,-0.000566414
1.76004e+09,6971,-0.0448644,-0.0448659,-1.53803e-06,1.36083,1.36037,-0.000464398
1.76004e+09,6972,-0.0448651,-0.0448647,3.6909e-07,1.36099,1.36062,-0.000362345
1.76004e+09,6973,-0.0448667,-0.0448644,2.27611e-06,1.36109,1.36083,-0.000260255
1.76004e+09,6974,-0.0448692,-0.0448651,4.1831e-06,1.36114,1.36099,-0.000158128
1.76004e+09,6975,-0.0448728,-0.0448667,6.09015e-06,1.36115,1.36109,-5.59649e-05
1.76004e+09,6976,-0.0448772,-0.0448692,7.99734e-06,1.3611,1.36114,4.62335e-05
1.76004e+09,6977,-0.0448827,-0.0448728,9.90473e-06,1.361,1.36115,0.000148467
1.76004e+09,6978,-0.044889,-0.0448772,1.18124e-05,1.36085,1.3611,0.000250734
1.76004e+09,6979,-0.0448964,-0.0448827,1.37205e-05,1.36065,1.361,0.000353035
1.76004e+09,6980,-0.0449047,-0.044889,1.56289e-05,1.36039,1.36085,0.000455368
1.76004e+09,6981,-0.0449139,-0.0448964,1.75379e-05,1.36009,1.36065,0.000557734
1.76004e+09,6982,-0.0449241,-0.0449047,1.94475e-05,1.35973,1.36039,0.000660132
1.76004e+09,6983,-0.0449353,-0.0449139,2.13578e-05,1.35933,1.36009,0.00076256
1.76004e+09,6984,-0.0449474,-0.0449241,2.32688e-05,1.35887,1.35973,0.000865019
1.76004e+09,6985,-0.0449605,-0.0449353,2.51807e-05,1.35836,1.35933,0.000967508
1.76004e+09,6986,-0.0449745,-0.0449474,2.70935e-05,1.3578,1.35887,0.00107003
1.76004e+09,6987,-0.0449895,-0.0449605,2.90072e-05,1.35719,1.35836,0.00117257
1.76004e+09,6988,-0.0450054,-0.0449745,3.09221e-05,1.35652,1.3578,0.00127515
1.76004e+09,6989,-0.0450223,-0.0449895,3.2838e-05,1.35581,1.35719,0.00137775
1.76004e+09,6990,-0.0450402,-0.0450054,3.47552e-05,1.35504,1.35652,0.00148038
1.76004e+09,6991,-0.045059,-0.0450223,3.66737e-05,1.35422,1.35581,0.00158304
1.76004e+09,6992,-0.0450788,-0.0450402,3.85936e-05,1.35336,1.35504,0.00168572
1.76004e+09,6993,-0.0450995,-0.045059,4.0515e-05,1.35244,1.35422,0.00178843
1.76004e+09,6994,-0.0451212,-0.0450788,4.24379e-05,1.35147,1.35336,0.00189117
1.76004e+09,6995,-0.0451439,-0.0450995,4.43625e-05,1.35044,1.35244,0.00199393
1.76004e+09,6996,-0.0451675,-0.0451212,4.62887e-05,1.34937,1.35147,0.00209672
1.76004e+09,6997,-0.0451921,-0.0451675,2.45906e-05,1.34824,1.34937,0.00112547
1.76004e+09,6998,-0.0452176,-0.0451675,5.01467e-05,1.34707,1.34937,0.00230237
1.76004e+09,6999,-0.0452442,-0.0451921,5.20786e-05,1.34584,1.34824,0.00240523
1.76004e+09,7000,-0.0452716,-0.0452176,5.40126e-05,1.34456,1.34707,0.00250812
1.76004e+09,7001,-0.0453001,-0.0452442,5.59487e-05,1.34323,1.34584,0.00261103
1.76004e+09,7002,-0.0453295,-0.0452716,5.7887e-05,1.34184,1.34456,0.00271397
1.76004e+09,7003,-0.0453599,-0.0453001,5.98276e-05,1.34041,1.34323,0.00281693
1.76004e+09,7004,-0.0453913,-0.0453295,6.17706e-05,1.33892,1.34184,0.00291992
1.76004e+09,7005,-0.0454236,-0.0453599,6.37161e-05,1.33739,1.34041,0.00302293
1.76004e+09,7006,-0.045457,-0.0453913,6.56641e-05,1.3358,1.33892,0.00312597
1.76004e+09,7007,-0.0454913,-0.0454236,6.76148e-05,1.33416,1.33739,0.00322904
1.76004e+09,7008,-0.0455265,-0.045457,6.95682e-05,1.33247,1.3358,0.00333213
1.76004e+09,7009,-0.0455628,-0.0454913,7.15244e-05,1.33072,1.33416,0.00343525
1.76004e+09,7010,-0.0456,-0.0455265,7.34836e-05,1.32893,1.33247,0.00353841
1.76004e+09,7011,-0.0456382,-0.0455628,7.54458e-05,1.32708,1.33072,0.00364159
1.76004e+09,7012,-0.0456774,-0.0456,7.7411e-05,1.32518,1.32893,0.0037448
1.76004e+09,7013,-0.0457176,-0.0456382,7.93795e-05,1.32323,1.32708,0.00384804
1.76004e+09,7014,-0.0457588,-0.0457176,4.1169e-05,1.32123,1.32323,0.00200148
1.76004e+09,7015,-0.0458009,-0.0457176,8.33264e-05,1.31918,1.32323,0.00405462
1.76004e+09,7016,-0.0458441,-0.0458009,4.31476e-05,1.31707,1.31918,0.00210483
1.76004e+09,7017,-0.0458882,-0.0458441,4.41396e-05,1.31492,1.31707,0.00215653
1.76004e+09,7018,-0.0459334,-0.0458882,4.51334e-05,1.31271,1.31492,0.00220824
1.76004e+09,7019,-0.0459795,-0.0459334,4.61291e-05,1.31045,1.31271,0.00225998
1.76004e+09,7020,-0.0460266,-0.0459795,4.71268e-05,1.30814,1.31045,0.00231175
1.76004e+09,7021,-0.0460747,-0.0460266,4.81265e-05,1.30577,1.30814,0.00236353
1.76004e+09,7022,-0.0461239,-0.0460747,4.91282e-05,1.30336,1.30577,0.00241534
1.76004e+09,7023,-0.046174,-0.0461239,5.01321e-05,1.30089,1.30336,0.00246717
1.76004e+09,7024,-0.0462251,-0.046174,5.11381e-05,1.29837,1.30089,0.00251903
1.76004e+09,7025,-0.0462773,-0.046174,0.000103284,1.2958,1.30089,0.00508994
1.76004e+09,7026,-0.0463304,-0.0462773,5.31567e-05,1.29318,1.2958,0.00262283
1.76004e+09,7027,-0.0463846,-0.0462773,0.000107326,1.2905,1.2958,0.0052976
1.76004e+09,7028,-0.0464398,-0.0463304,0.000109354,1.28778,1.29318,0.00540153
1.76004e+09,7029,-0.046496,-0.0463846,0.000111386,1.285,1.2905,0.00550551
1.76004e+09,7030,-0.0465532,-0.046496,5.7222e-05,1.28217,1.285,0.00283081
1.76004e+09,7031,-0.0466115,-0.0465532,5.82444e-05,1.27928,1.28217,0.00288289
1.76004e+09,7032,-0.0466707,-0.0466115,5.92694e-05,1.27635,1.27928,0.00293501
1.76004e+09,7033,-0.046731,-0.0466707,6.02971e-05,1.27336,1.27635,0.00298718
1.76004e+09,7034,-0.0467924,-0.046731,6.13274e-05,1.27032,1.27336,0.00303938
1.76004e+09,7035,-0.0468547,-0.046731,0.000123688,1.26723,1.27336,0.00613102
1.76004e+09,7036,-0.0469181,-0.0467924,0.000125757,1.26409,1.27032,0.00623557
1.76004e+09,7037,-0.0469825,-0.0468547,0.000127831,1.26089,1.26723,0.00634022
1.76004e+09,7038,-0.047048,-0.0469825,6.54766e-05,1.25764,1.26089,0.00324869
1.76004e+09,7039,-0.0471145,-0.047048,6.65211e-05,1.25434,1.25764,0.00330115
1.76004e+09,7040,-0.0471821,-0.0471145,6.75687e-05,1.25099,1.25434,0.00335367
1.76004e+09,7041,-0.0472507,-0.0471821,6.86193e-05,1.24758,1.25099,0.00340625
1.76004e+09,7042,-0.0473204,-0.0472507,6.9673e-05,1.24412,1.24758,0.0034589
1.76004e+09,7043,-0.0473911,-0.0473204,7.07299e-05,1.24061,1.24412,0.00351162
1.76004e+09,7044,-0.0474629,-0.0473204,0.00014252,1.23705,1.24412,0.00707602
1.76004e+09,7045,-0.0475358,-0.0473911,0.000144644,1.23343,1.24061,0.00718167
1.76004e+09,7046,-0.0476097,-0.0475358,7.39204e-05,1.22976,1.23343,0.00367021
1.76004e+09,7047,-0.0476847,-0.0476097,7.49907e-05,1.22604,1.22976,0.00372323
1.76004e+09,7048,-0.0477608,-0.0476847,7.60644e-05,1.22226,1.22604,0.00377635
1.76004e+09,7049,-0.0478379,-0.0477608,7.71417e-05,1.21843,1.22226,0.00382955
1.76004e+09,7050,-0.0479161,-0.0478379,7.82227e-05,1.21455,1.21843,0.00388285
1.76004e+09,7051,-0.0479954,-0.0479161,7.93073e-05,1.21061,1.21455,0.00393625
1.76004e+09,7052,-0.0480758,-0.0479954,8.03956e-05,1.20662,1.21061,0.00398976
1.76004e+09,7053,-0.0481573,-0.0480758,8.14877e-05,1.20258,1.20662,0.00404337
1.76004e+09,7054,-0.0482399,-0.0481573,8.25838e-05,1.19848,1.20258,0.00409711
1.76004e+09,7055,-0.0483236,-0.0481573,0.000166267,1.19433,1.20258,0.00824807
1.76004e+09,7056,-0.0484084,-0.0482399,0.000168471,1.19012,1.19848,0.00835591
1.76004e+09,7057,-0.0484943,-0.0484084,8.58957e-05,1.18587,1.19012,0.00425906
1.76004e+09,7058,-0.0485813,-0.0484943,8.70078e-05,1.18155,1.18587,0.00431331
1.76004e+09,7059,-0.0486694,-0.0485813,8.81242e-05,1.17718,1.18155,0.00436771
1.76004e+09,7060,-0.0487586,-0.0486694,8.92448e-05,1.17276,1.17718,0.00442227
1.76004e+09,7061,-0.048849,-0.0486694,0.000179615,1.16828,1.17718,0.00889925
1.76004e+09,7062,-0.0489405,-0.0487586,0.000181869,1.16375,1.17276,0.00900884
1.76004e+09,7063,-0.0490331,-0.048849,0.000184132,1.15917,1.16828,0.00911877
1.76004e+09,7064,-0.0491269,-0.0489405,0.000186404,1.15452,1.16375,0.00922906
1.76004e+09,7065,-0.0492218,-0.0490331,0.000188686,1.14983,1.15917,0.00933973
1.76004e+09,7066,-0.0493179,-0.0492218,9.60621e-05,1.14507,1.14983,0.0047532
1.76004e+09,7067,-0.0494151,-0.0492218,0.000193277,1.14026,1.14983,0.00956224
1.76004e+09,7068,-0.0495135,-0.0494151,9.83719e-05,1.1354,1.14026,0.00486509
1.76004e+09,7069,-0.049613,-0.0494151,0.000197906,1.13048,1.14026,0.00978646
1.76004e+09,7070,-0.0497137,-0.0495135,0.000200235,1.1255,1.1354,0.00989926
1.76004e+09,7071,-0.0498156,-0.0497137,0.000101874,1.12046,1.1255,0.00503465
1.76004e+09,7072,-0.0499186,-0.0498156,0.000103051,1.11537,1.12046,0.00509168
1.76004e+09,7073,-0.0500229,-0.0499186,0.000104234,1.11022,1.11537,0.00514897
1.76004e+09,7074,-0.0501283,-0.0499186,0.000209655,1.10502,1.11537,0.0103555
1.76004e+09,7075,-0.0502349,-0.0500229,0.000212036,1.09975,1.11022,0.010471
1.76004e+09,7076,-0.0503427,-0.0501283,0.000214428,1.09443,1.10502,0.010587
1.76004e+09,7077,-0.0504517,-0.0502349,0.000216831,1.08905,1.09975,0.0107037
1.76004e+09,7078,-0.050562,-0.0503427,0.000219245,1.08361,1.09443,0.010821
1.76004e+09,7079,-0.0506734,-0.0504517,0.00022167,1.07811,1.08905,0.0109391
1.76004e+09,7080,-0.0507861,-0.050562,0.000224107,1.07255,1.08361,0.0110578
1.76004e+09,7081,-0.0509,-0.0507861,0.000113891,1.06693,1.07255,0.00561861
1.76004e+09,7082,-0.0510151,-0.0509,0.000115124,1.06125,1.06693,0.00567894
1.76004e+09,7083,-0.0511314,-0.0510151,0.000116363,1.05551,1.06125,0.00573969
1.76004e+09,7084,-0.0512491,-0.0511314,0.000117608,1.04971,1.05551,0.00580088
1.76004e+09,7085,-0.0513679,-0.0511314,0.000236466,1.04385,1.05551,0.0116634
1.76004e+09,7086,-0.051488,-0.0512491,0.000238974,1.03793,1.04971,0.0117872
1.76004e+09,7087,-0.0516094,-0.0513679,0.000241495,1.03194,1.04385,0.0119119
1.76004e+09,7088,-0.0517321,-0.051488,0.000244028,1.02589,1.03793,0.0120376
1.76004e+09,7089,-0.051856,-0.0516094,0.000246574,1.01978,1.03194,0.0121644
1.76004e+09,7090,-0.0519812,-0.0517321,0.000249133,1.0136,1.02589,0.0122923
1.76004e+09,7091,-0.0521077,-0.051856,0.000251704,1.00735,1.01978,0.0124214
1.76004e+09,7092,-0.0522355,-0.0519812,0.00025429,1.00105,1.0136,0.0125516
1.76004e+09,7093,-0.0523646,-0.0521077,0.000256888,0.994671,1.00735,0.0126831
1.76004e+09,7094,-0.052495,-0.0522355,0.0002595,0.988229,1.00105,0.012816
1.76004e+09,7095,-0.0526267,-0.0523646,0.000262126,0.98172,0.994671,0.0129502
1.76004e+09,7096,-0.0527597,-0.052495,0.000264765,0.975143,0.988229,0.0130859
1.76004e+09,7097,-0.0528941,-0.0526267,0.000267419,0.968497,0.98172,0.0132231
1.76004e+09,7098,-0.0530298,-0.0527597,0.000270087,0.961781,0.975143,0.0133618
1.76004e+09,7099,-0.0531669,-0.0530298,0.000137057,0.954995,0.961781,0.00678644
1.76004e+09,7100,-0.0533053,-0.0530298,0.000275466,0.948137,0.961781,0.0136444
1.76004e+09,7101,-0.0534451,-0.0531669,0.000278178,0.941207,0.954995,0.0137884
1.76004e+09,7102,-0.0535862,-0.0533053,0.000280904,0.934203,0.948137,0.0139342
1.76004e+09,7103,-0.0537287,-0.0534451,0.000283646,0.927125,0.941207,0.0140821
1.76004e+09,7104,-0.0538726,-0.0535862,0.000286404,0.919971,0.934203,0.014232
1.76004e+09,7105,-0.0540179,-0.0538726,0.000145284,0.91274,0.919971,0.0072304
1.76004e+09,7106,-0.0541646,-0.0538726,0.000291967,0.905432,0.919971,0.0145386
1.76004e+09,7107,-0.0543127,-0.0541646,0.000148091,0.898045,0.905432,0.00738726
1.76004e+09,7108,-0.0544622,-0.0543127,0.000149506,0.890577,0.898045,0.00746761
1.76004e+09,7109,-0.0546131,-0.0544622,0.000150931,0.883028,0.890577,0.00754933
1.76004e+09,7110,-0.0547655,-0.0544622,0.000303296,0.875395,0.890577,0.0151818
1.76004e+09,7111,-0.0549193,-0.0546131,0.000306172,0.867678,0.883028,0.0153497
1.76004e+09,7112,-0.0550745,-0.0547655,0.000309067,0.859875,0.875395,0.0155206
1.76004e+09,7113,-0.0552313,-0.0549193,0.000311981,0.851984,0.867678,0.0156948
1.76004e+09,7114,-0.0553894,-0.0550745,0.000314915,0.844002,0.859875,0.0158725
1.76004e+09,7115,-0.0555491,-0.0552313,0.00031787,0.83593,0.851984,0.0160538
1.76004e+09,7116,-0.0557103,-0.0555491,0.000161169,0.827764,0.83593,0.00816624
1.76004e+09,7117,-0.055873,-0.0557103,0.000162673,0.819502,0.827764,0.00826189
1.76004e+09,7118,-0.0560372,-0.0557103,0.000326861,0.811142,0.827764,0.0166216
1.76004e+09,7119,-0.0562029,-0.055873,0.000329904,0.802682,0.819502,0.0168197
1.76004e+09,7120,-0.0563701,-0.0560372,0.000332969,0.794119,0.811142,0.0170225
1.76004e+09,7121,-0.0565389,-0.0562029,0.00033606,0.785451,0.802682,0.0172305
1.76004e+09,7122,-0.0567093,-0.0565389,0.000170369,0.776675,0.785451,0.00877597
1.76004e+09,7123,-0.0568812,-0.0567093,0.000171946,0.767788,0.776675,0.00888701
1.76004e+09,7124,-0.0570548,-0.0567093,0.000345482,0.758787,0.776675,0.0178882
1.76004e+09,7125,-0.0572299,-0.0570548,0.000175139,0.749669,0.758787,0.00911875
1.76004e+09,7126,-0.0574067,-0.0572299,0.000176755,0.740429,0.749669,0.00923987
1.76004e+09,7127,-0.0575851,-0.0572299,0.00035514,0.731064,0.749669,0.0186047
1.76004e+09,7128,-0.0577651,-0.0574067,0.000358413,0.72157,0.740429,0.0188587
1.76004e+09,7129,-0.0579468,-0.0575851,0.000361713,0.711943,0.731064,0.0191211
1.76004e+09,7130,-0.0581301,-0.0577651,0.000365038,0.702177,0.72157,0.0193926
1.76004e+09,7131,-0.0583152,-0.0579468,0.000368389,0.692269,0.711943,0.0196739
1.76004e+09,7132,-0.0585019,-0.0581301,0.000371763,0.682212,0.702177,0.0199656
1.76004e+09,7133,-0.0586903,-0.0583152,0.000375159,0.672,0.692269,0.0202686
1.76004e+09,7134,-0.0588805,-0.0585019,0.000378576,0.661628,0.682212,0.0205837
1.76004e+09,7135,-0.0590723,-0.0588805,0.000191865,0.651088,0.661628,0.0105398
1.76004e+09,7136,-0.0592659,-0.0590723,0.000193592,0.640373,0.651088,0.0107148
1.76004e+09,7137,-0.0594612,-0.0592659,0.000195324,0.629476,0.640373,0.0108979
1.76004e+09,7138,-0.0596583,-0.0594612,0.000197057,0.618386,0.629476,0.0110898
1.76004e+09,7139,-0.0598571,-0.0594612,0.000395846,0.607094,0.629476,0.022381
1.76004e+09,7140,-0.0601713,-0.0596583,0.000512986,0.606906,0.618386,0.0114794
1.76004e+09,7141,-0.060488,-0.0598571,0.000630884,0.606715,0.607094,0.000378968
1.76004e+09,7142,-0.0608071,-0.0601713,0.000635851,0.606522,0.606906,0.000384581
1.76004e+09,7143,-0.0611288,-0.060488,0.000640793,0.606325,0.606715,0.000390237
1.76004e+09,7144,-0.0614528,-0.0608071,0.000645702,0.606126,0.606522,0.000395932
1.76004e+09,7145,-0.0617793,-0.0611288,0.000650568,0.605924,0.606325,0.000401659
1.76004e+09,7146,-0.0621082,-0.0614528,0.000655383,0.605718,0.606126,0.000407413
1.76004e+09,7147,-0.0624395,-0.0617793,0.000660137,0.60551,0.605924,0.000413189
1.76004e+09,7148,-0.062773,-0.0624395,0.000333571,0.605299,0.60551,0.000210938
1.76004e+09,7149,-0.0631089,-0.0624395,0.000669422,0.605086,0.60551,0.000424775
1.76004e+09,7150,-0.063447,-0.062773,0.000673933,0.604869,0.605299,0.000430572
1.76004e+09,7151,-0.0637872,-0.0631089,0.000678341,0.604649,0.605086,0.000436361
1.76004e+09,7152,-0.0641296,-0.063447,0.000682636,0.604427,0.604869,0.000442134
1.76004e+09,7153,-0.064474,-0.0637872,0.000686807,0.604201,0.604649,0.000447883
1.76004e+09,7154,-0.0648205,-0.0641296,0.000690844,0.603973,0.604427,0.0004536
1.76004e+09,7155,-0.0651688,-0.0648205,0.000348322,0.603742,0.603973,0.000231051
1.76004e+09,7156,-0.0655189,-0.0651688,0.000350151,0.603508,0.603742,0.00023385
1.76004e+09,7157,-0.0658708,-0.0655189,0.000351894,0.603272,0.603508,0.000236617
1.76004e+09,7158,-0.0662244,-0.0658708,0.000353548,0.603032,0.603272,0.000239349
1.76004e+09,7159,-0.0665795,-0.0658708,0.000708655,0.60279,0.603272,0.000481389
1.76004e+09,7160,-0.066936,-0.0662244,0.000711674,0.602546,0.603032,0.000486727
1.76004e+09,7161,-0.067294,-0.0665795,0.000714492,0.602298,0.60279,0.000491971
1.76004e+09,7162,-0.0676531,-0.066936,0.0007171,0.602048,0.602546,0.000497113
1.76004e+09,7163,-0.0680135,-0.067294,0.000719492,0.601796,0.602298,0.000502145
1.76004e+09,7164,-0.0683748,-0.0676531,0.00072166,0.601541,0.602048,0.000507057
1.76004e+09,7165,-0.0687371,-0.0680135,0.000723598,0.601284,0.601796,0.000511844
1.76004e+09,7166,-0.0691001,-0.0683748,0.000725302,0.601025,0.601541,0.000516497
1.76004e+09,7167,-0.0694638,-0.0687371,0.000726766,0.600763,0.601284,0.000521008
1.76004e+09,7168,-0.0698281,-0.0691001,0.000727986,0.6005,0.601025,0.000525372
1.76004e+09,7169,-0.0701928,-0.0694638,0.000728959,0.600234,0.600763,0.000529581
1.76004e+09,7170,-0.0705578,-0.0698281,0.000729682,0.599966,0.6005,0.00053363
1.76004e+09,7171,-0.0709229,-0.0701928,0.000730153,0.599696,0.600234,0.000537513
1.76004e+09,7172,-0.0712881,-0.0705578,0.000730371,0.599425,0.599966,0.000541225
1.76004e+09,7173,-0.0716533,-0.0709229,0.000730336,0.599151,0.599696,0.000544761
1.76004e+09,7174,-0.0720182,-0.0712881,0.000730048,0.598877,0.599425,0.000548118
1.76004e+09,7175,-0.0723828,-0.0716533,0.000729508,0.5986,0.599151,0.000551291
1.76004e+09,7176,-0.0727469,-0.0720182,0.000728718,0.598322,0.598877,0.000554277
1.76004e+09,7177,-0.0731105,-0.0723828,0.00072768,0.598043,0.5986,0.000557075
1.76004e+09,7178,-0.0734733,-0.0727469,0.000726397,0.597763,0.598322,0.000559683
1.76004e+09,7179,-0.0738353,-0.0731105,0.000724874,0.597481,0.598043,0.000562098
1.76004e+09,7180,-0.0741964,-0.0734733,0.000723116,0.597198,0.597763,0.000564322
1.76004e+09,7181,-0.0745565,-0.0738353,0.000721127,0.596915,0.597481,0.000566353
1.76004e+09,7182,-0.0749153,-0.0741964,0.000718913,0.59663,0.597198,0.000568193
1.76004e+09,7183,-0.0752729,-0.0745565,0.000716482,0.596345,0.596915,0.000569843
1.76004e+09,7184,-0.0756292,-0.0749153,0.000713841,0.596059,0.59663,0.000571305
1.76004e+09,7185,-0.0759839,-0.0752729,0.000710998,0.595772,0.596345,0.000572582
1.76004e+09,7186,-0.0763371,-0.0756292,0.000707961,0.595485,0.596059,0.000573678
1.76004e+09,7187,-0.0766887,-0.0759839,0.000704739,0.595198,0.595772,0.000574595
1.76004e+09,7188,-0.0770385,-0.0763371,0.000701342,0.59491,0.595485,0.00057534
1.76004e+09,7189,-0.0773865,-0.0766887,0.000697781,0.594622,0.595198,0.000575917
1.76004e+09,7190,-0.0777325,-0.0770385,0.000694064,0.594333,0.59491,0.000576331
1.76004e+09,7191,-0.0780767,-0.0773865,0.000690203,0.594045,0.594622,0.000576589
1.76004e+09,7192,-0.0784188,-0.0777325,0.000686209,0.593757,0.594333,0.000576698
1.76004e+09,7193,-0.0787588,-0.0780767,0.000682092,0.593468,0.594045,0.000576664
1.76004e+09,7194,-0.0790966,-0.0784188,0.000677863,0.59318,0.593757,0.000576495
1.76004e+09,7195,-0.0794323,-0.0787588,0.000673534,0.592892,0.593468,0.000576197
1.76004e+09,7196,-0.0797657,-0.0790966,0.000669116,0.592604,0.59318,0.000575779
1.76004e+09,7197,-0.0800969,-0.0794323,0.000664617,0.592317,0.592892,0.000575248
1.76004e+09,7198,-0.0804258,-0.0800969,0.000328875,0.59203,0.592317,0.000287134
1.76004e+09,7199,-0.0807523,-0.0800969,0.000655423,0.591743,0.592317,0.000573878
1.76004e+09,7200,-0.0810662,-0.0804258,0.000640425,0.591434,0.59203,0.000595971
1.76004e+09,7201,-0.0813776,-0.0807523,0.000625315,0.591125,0.591743,0.000617996
1.76004e+09,7202,-0.0816866,-0.0810662,0.000620421,0.590817,0.591434,0.000617041
1.76004e+09,7203,-0.0819932,-0.0816866,0.000306519,0.590509,0.590817,0.000307742
1.76004e+09,7204,-0.0822972,-0.0816866,0.000610566,0.590202,0.590817,0.000614922
1.76004e+09,7205,-0.0825988,-0.0819932,0.000605619,0.589895,0.590509,0.00061377
1.76004e+09,7206,-0.0828979,-0.0822972,0.000600667,0.589589,0.590202,0.000612563
1.76004e+09,7207,-0.0831945,-0.0825988,0.000595716,0.589284,0.589895,0.000611307
1.76004e+09,7208,-0.0834886,-0.0828979,0.00059077,0.588979,0.589589,0.000610006
1.76004e+09,7209,-0.0837803,-0.0831945,0.000585835,0.588675,0.589284,0.000608665
1.76004e+09,7210,-0.0840695,-0.0834886,0.000580914,0.588372,0.588979,0.000607288
1.76004e+09,7211,-0.0843563,-0.0837803,0.000576009,0.588069,0.588675,0.000605877
1.76004e+09,7212,-0.0846407,-0.0843563,0.000284344,0.587768,0.588069,0.000301854
1.76004e+09,7213,-0.0849226,-0.0846407,0.000281918,0.587467,0.587768,0.000301114
1.76004e+09,7214,-0.0852021,-0.0849226,0.000279505,0.587166,0.587467,0.000300361
1.76004e+09,7215,-0.0854792,-0.0852021,0.000277105,0.586867,0.587166,0.000299598
1.76004e+09,7216,-0.0857539,-0.0854792,0.000274719,0.586568,0.586867,0.000298824
1.76004e+09,7217,-0.0860263,-0.0857539,0.000272346,0.58627,0.586568,0.00029804
1.76004e+09,7218,-0.0862963,-0.0860263,0.000269987,0.585972,0.58627,0.000297248
1.76004e+09,7219,-0.0865639,-0.0860263,0.000537628,0.585676,0.58627,0.000593694
1.76004e+09,7220,-0.0868292,-0.0862963,0.000532952,0.58538,0.585972,0.000592084
1.76004e+09,7221,-0.0870922,-0.0865639,0.000528304,0.585086,0.585676,0.000590457
1.76004e+09,7222,-0.0873529,-0.0868292,0.000523684,0.584792,0.58538,0.000588815
1.76004e+09,7223,-0.0876113,-0.0870922,0.000519092,0.584498,0.585086,0.000587157
1.76004e+09,7224,-0.0878674,-0.0873529,0.000514526,0.584206,0.584792,0.000585485
1.76004e+09,7225,-0.0881213,-0.0876113,0.000509987,0.583915,0.584498,0.000583798
1.76004e+09,7226,-0.0883729,-0.0878674,0.000505474,0.583624,0.584206,0.000582096
1.76004e+09,7227,-0.0886223,-0.0881213,0.000500987,0.583334,0.583915,0.000580381
1.76004e+09,7228,-0.0888694,-0.0883729,0.000496525,0.583045,0.583624,0.000578651
1.76004e+09,7229,-0.0891144,-0.0886223,0.000492087,0.582757,0.583334,0.000576908
1.76004e+09,7230,-0.0893571,-0.0888694,0.000487674,0.58247,0.583045,0.000575151
1.76004e+09,7231,-0.0895976,-0.0891144,0.000483284,0.582184,0.582757,0.00057338
1.76004e+09,7232,-0.089836,-0.0893571,0.000478916,0.581899,0.58247,0.000571595
1.76004e+09,7233,-0.0900722,-0.0895976,0.000474572,0.581614,0.582184,0.000569798
1.76004e+09,7234,-0.0903063,-0.089836,0.000470249,0.581331,0.581899,0.000567987
1.76004e+09,7235,-0.0905382,-0.0900722,0.000465947,0.581048,0.581614,0.000566163
1.76004e+09,7236,-0.0907679,-0.0903063,0.000461667,0.580766,0.581331,0.000564326
1.76004e+09,7237,-0.0909956,-0.0905382,0.000457408,0.580485,0.581048,0.000562476
1.76004e+09,7238,-0.0912211,-0.0907679,0.000453168,0.580206,0.580766,0.000560614
1.76004e+09,7239,-0.0914445,-0.0909956,0.000448949,0.579927,0.580485,0.000558739
1.76004e+09,7240,-0.0916658,-0.0912211,0.00044475,0.579649,0.580206,0.000556852
1.76004e+09,7241,-0.0918851,-0.0914445,0.00044057,0.579372,0.579927,0.000554954
1.76004e+09,7242,-0.0921022,-0.0916658,0.000436409,0.579096,0.579649,0.000553044
1.76004e+09,7243,-0.0923173,-0.0918851,0.000432267,0.578821,0.579372,0.000551123
1.76004e+09,7244,-0.0925304,-0.0923173,0.000213043,0.578547,0.578821,0.000274111
1.76004e+09,7245,-0.0927414,-0.0925304,0.000210995,0.578273,0.578547,0.000273137
1.76004e+09,7246,-0.0929503,-0.0925304,0.000419952,0.578001,0.578547,0.000545294
1.76004e+09,7247,-0.0931573,-0.0927414,0.000415883,0.57773,0.578273,0.00054333
1.76004e+09,7248,-0.0933622,-0.0929503,0.000411832,0.57746,0.578001,0.000541357
1.76004e+09,7249,-0.0935651,-0.0931573,0.000407799,0.577191,0.57773,0.000539374
1.76004e+09,7250,-0.093766,-0.0933622,0.000403783,0.576923,0.57746,0.000537382
1.76004e+09,7251,-0.0939649,-0.0935651,0.000399785,0.576655,0.577191,0.000535381
1.76004e+09,7252,-0.0941618,-0.093766,0.000395803,0.576389,0.576923,0.000533371
1.76004e+09,7253,-0.0943567,-0.0939649,0.000391839,0.576124,0.576655,0.000531353
1.76004e+09,7254,-0.0945497,-0.0941618,0.000387891,0.57586,0.576389,0.000529327
1.76004e+09,7255,-0.0947407,-0.0943567,0.00038396,0.575597,0.576124,0.000527294
1.76004e+09,7256,-0.0949297,-0.0947407,0.000189046,0.575335,0.575597,0.000262115
1.76004e+09,7257,-0.0951168,-0.0949297,0.000187101,0.575073,0.575335,0.00026109
1.76004e+09,7258,-0.095302,-0.0951168,0.000185164,0.574813,0.575073,0.000260061
1.76004e+09,7259,-0.0954852,-0.095302,0.000183235,0.574554,0.574813,0.000259028
1.76004e+09,7260,-0.0956665,-0.0954852,0.000181314,0.574296,0.574554,0.000257993
1.76004e+09,7261,-0.0958459,-0.0954852,0.000360714,0.574039,0.574554,0.000514948
1.76004e+09,7262,-0.0960234,-0.0956665,0.000356896,0.573784,0.574296,0.00051287
1.76004e+09,7263,-0.096199,-0.0958459,0.000353092,0.573529,0.574039,0.000510785
1.76004e+09,7264,-0.0963727,-0.0960234,0.000349304,0.573275,0.573784,0.000508696
1.76004e+09,7265,-0.0965445,-0.096199,0.000345531,0.573022,0.573529,0.000506602
1.76004e+09,7266,-0.0967145,-0.0965445,0.000169949,0.57277,0.573022,0.000251726
1.76004e+09,7267,-0.0968826,-0.0965445,0.00033803,0.57252,0.573022,0.0005024
1.76004e+09,7268,-0.0970488,-0.0967145,0.000334301,0.57227,0.57277,0.000500293
1.76004e+09,7269,-0.0972132,-0.0970488,0.000164367,0.572021,0.57227,0.000248563
1.76004e+09,7270,-0.0973757,-0.0972132,0.000162521,0.571774,0.572021,0.000247505
1.76004e+09,7271,-0.0975364,-0.0972132,0.000323202,0.571528,0.572021,0.000493951
1.76004e+09,7272,-0.0976952,-0.0973757,0.000319531,0.571282,0.571774,0.00049183
1.76004e+09,7273,-0.0978522,-0.0975364,0.000315873,0.571038,0.571528,0.000489706
1.76004e+09,7274,-0.0980074,-0.0976952,0.000312229,0.570795,0.571282,0.00048758
1.76004e+09,7275,-0.0981608,-0.0978522,0.000308599,0.570552,0.571038,0.000485452
1.76004e+09,7276,-0.0983124,-0.0980074,0.000304982,0.570311,0.570795,0.000483321
1.76004e+09,7277,-0.0984622,-0.0981608,0.000301378,0.570071,0.570552,0.000481188
1.76004e+09,7278,-0.0986102,-0.0983124,0.000297788,0.569832,0.570311,0.000479054
1.76004e+09,7279,-0.0987564,-0.0984622,0.00029421,0.569594,0.570071,0.000476918
1.76004e+09,7280,-0.0989009,-0.0986102,0.000290646,0.569357,0.569832,0.00047478
1.76004e+09,7281,-0.0990435,-0.0987564,0.000287094,0.569122,0.569594,0.000472642
1.76004e+09,7282,-0.0991844,-0.0989009,0.000283554,0.568887,0.569357,0.000470502
1.76004e+09,7283,-0.0993235,-0.0991844,0.000139133,0.568653,0.568887,0.000233646
1.76004e+09,7284,-0.0994609,-0.0993235,0.000137379,0.568421,0.568653,0.000232576
1.76004e+09,7285,-0.0995965,-0.0994609,0.00013563,0.568189,0.568421,0.000231505
1.76004e+09,7286,-0.0997304,-0.0994609,0.000269518,0.567959,0.568421,0.00046194
1.76004e+09,7287,-0.0998626,-0.0995965,0.000266038,0.567729,0.568189,0.000459799
1.76004e+09,7288,-0.099993,-0.0997304,0.000262571,0.567501,0.567959,0.000457658
1.76004e+09,7289,-0.100122,-0.0998626,0.000259114,0.567274,0.567729,0.000455518
1.76004e+09,7290,-0.100249,-0.099993,0.000255669,0.567048,0.567501,0.000453378
1.76004e+09,7291,-0.100374,-0.100122,0.000252235,0.566823,0.567274,0.000451239
1.76004e+09,7292,-0.100497,-0.100374,0.000123552,0.566599,0.566823,0.000224016
1.76004e+09,7293,-0.100619,-0.100374,0.0002454,0.566376,0.566823,0.000446964
1.76004e+09,7294,-0.100739,-0.100497,0.000241999,0.566154,0.566599,0.000444829
1.76004e+09,7295,-0.100858,-0.100619,0.000238608,0.565933,0.566376,0.000442695
1.76004e+09,7296,-0.100975,-0.100739,0.000235228,0.565713,0.566154,0.000440563
1.76004e+09,7297,-0.10109,-0.100858,0.000231858,0.565495,0.565933,0.000438432
1.76004e+09,7298,-0.101203,-0.100975,0.000228498,0.565277,0.565713,0.000436304
1.76004e+09,7299,-0.101315,-0.10109,0.000225148,0.56506,0.565495,0.000434177
1.76004e+09,7300,-0.101425,-0.101203,0.000221808,0.564845,0.565277,0.000432053
1.76004e+09,7301,-0.101533,-0.101315,0.000218478,0.56463,0.56506,0.000429932
1.76004e+09,7302,-0.10164,-0.101425,0.000215157,0.564417,0.564845,0.000427813
1.76004e+09,7303,-0.101745,-0.101533,0.000211845,0.564205,0.56463,0.000425697
1.76004e+09,7304,-0.101849,-0.10164,0.000208543,0.563993,0.564417,0.000423584
1.76004e+09,7305,-0.101951,-0.101745,0.00020525,0.563783,0.564205,0.000421473
1.76004e+09,7306,-0.102051,-0.101849,0.000201966,0.563574,0.563993,0.000419367
1.76004e+09,7307,-0.102149,-0.101951,0.000198691,0.563366,0.563783,0.000417263
1.76004e+09,7308,-0.102246,-0.102051,0.000195424,0.563159,0.563574,0.000415163
1.76004e+09,7309,-0.102341,-0.102149,0.000192166,0.562953,0.563366,0.000413067
1.76004e+09,7310,-0.102435,-0.102246,0.000188917,0.562748,0.563159,0.000410975
1.76004e+09,7311,-0.102527,-0.102341,0.000185675,0.562544,0.562953,0.000408886
1.76004e+09,7312,-0.102617,-0.102435,0.000182442,0.562341,0.562748,0.000406802
1.76004e+09,7313,-0.102706,-0.102527,0.000179217,0.562139,0.562544,0.000404722
1.76004e+09,7314,-0.102793,-0.102617,0.000176,0.561938,0.562341,0.000402647
1.76004e+09,7315,-0.102879,-0.102706,0.000172791,0.561739,0.562139,0.000400576
1.76004e+09,7316,-0.102963,-0.102793,0.000169589,0.56154,0.561938,0.000398509
1.76004e+09,7317,-0.103045,-0.102879,0.000166394,0.561342,0.561739,0.000396448
1.76004e+09,7318,-0.103126,-0.102963,0.000163207,0.561146,0.56154,0.000394391
1.76004e+09,7319,-0.103205,-0.103045,0.000160027,0.56095,0.561342,0.000392339
1.76004e+09,7320,-0.103283,-0.103126,0.000156855,0.560755,0.561146,0.000390293
1.76004e+09,7321,-0.103359,-0.103283,7.60538e-05,0.560562,0.560755,0.000193617
1.76004e+09,7322,-0.103434,-0.103359,7.44759e-05,0.560369,0.560562,0.0001926
1.76004e+09,7323,-0.103507,-0.103359,0.000147377,0.560177,0.560562,0.000384187
1.76004e+09,7324,-0.103578,-0.103434,0.000144231,0.559987,0.560369,0.000382162
1.76004e+09,7325,-0.103648,-0.103507,0.000141092,0.559797,0.560177,0.000380144
1.76004e+09,7326,-0.103716,-0.103578,0.000137959,0.559609,0.559987,0.000378132
1.76004e+09,7327,-0.103782,-0.103648,0.000134831,0.559421,0.559797,0.000376125
1.76004e+09,7328,-0.103848,-0.103716,0.00013171,0.559235,0.559609,0.000374125
1.76004e+09,7329,-0.103911,-0.103782,0.000128595,0.559049,0.559421,0.000372132
1.76004e+09,7330,-0.103973,-0.103848,0.000125485,0.558865,0.559235,0.000370144
1.76004e+09,7331,-0.104033,-0.103911,0.000122381,0.558681,0.559049,0.000368164
1.76004e+09,7332,-0.104092,-0.103973,0.000119283,0.558498,0.558865,0.00036619
1.76004e+09,7333,-0.10415,-0.104033,0.00011619,0.558317,0.558681,0.000364222
1.76004e+09,7334,-0.104205,-0.104092,0.000113102,0.558136,0.558498,0.000362262
1.76004e+09,7335,-0.10426,-0.10415,0.000110019,0.557956,0.558317,0.000360309
1.76004e+09,7336,-0.104312,-0.104205,0.000106941,0.557778,0.558136,0.000358363
1.76004e+09,7337,-0.104364,-0.10426,0.000103867,0.5576,0.557956,0.000356424
1.76004e+09,7338,-0.104413,-0.104312,0.000100799,0.557423,0.557778,0.000354493
1.76004e+09,7339,-0.104461,-0.104413,4.81018e-05,0.557247,0.557423,0.000175804
1.76004e+09,7340,-0.104508,-0.104413,9.4675e-05,0.557073,0.557423,0.000350653
1.76004e+09,7341,-0.104553,-0.104461,9.16196e-05,0.556899,0.557247,0.000348744
1.76004e+09,7342,-0.104596,-0.104508,8.85684e-05,0.556726,0.557073,0.000346843
1.76004e+09,7343,-0.104638,-0.104553,8.55211e-05,0.556554,0.556899,0.000344951
1.76004e+09,7344,-0.104679,-0.104596,8.24778e-05,0.556383,0.556726,0.000343066
1.76004e+09,7345,-0.104718,-0.104638,7.94383e-05,0.556213,0.556554,0.00034119
1.76004e+09,7346,-0.104755,-0.104679,7.64023e-05,0.556043,0.556383,0.000339322
1.76004e+09,7347,-0.104791,-0.104718,7.33699e-05,0.555875,0.556213,0.000337462
1.76004e+09,7348,-0.104826,-0.104755,7.03408e-05,0.555708,0.556043,0.000335611
1.76004e+09,7349,-0.104859,-0.104791,6.7315e-05,0.555541,0.555875,0.000333768
1.76004e+09,7350,-0.10489,-0.104826,6.42923e-05,0.555376,0.555708,0.000331934
1.76004e+09,7351,-0.10492,-0.104859,6.12725e-05,0.555211,0.555541,0.000330109
1.76004e+09,7352,-0.104948,-0.10489,5.82556e-05,0.555047,0.555376,0.000328293
1.76004e+09,7353,-0.104975,-0.10492,5.52415e-05,0.554885,0.555211,0.000326487
1.76004e+09,7354,-0.105,-0.104948,5.22299e-05,0.554723,0.555047,0.000324689
1.76004e+09,7355,-0.105024,-0.104975,4.92209e-05,0.554562,0.554885,0.0003229
1.76004e+09,7356,-0.105047,-0.105,4.62141e-05,0.554402,0.554723,0.000321121
1.76004e+09,7357,-0.105067,-0.105024,4.32096e-05,0.554242,0.554562,0.000319352
1.76004e+09,7358,-0.105087,-0.105047,4.02072e-05,0.554084,0.554402,0.000317592
1.76004e+09,7359,-0.105105,-0.105067,3.72067e-05,0.553927,0.554242,0.000315842
1.76004e+09,7360,-0.105121,-0.105087,3.42081e-05,0.55377,0.554084,0.000314101
1.76004e+09,7361,-0.105136,-0.105105,3.12112e-05,0.553614,0.553927,0.000312371
1.76004e+09,7362,-0.105149,-0.105121,2.82158e-05,0.553459,0.55377,0.00031065
1.76004e+09,7363,-0.105161,-0.105136,2.52219e-05,0.553305,0.553614,0.00030894
1.76004e+09,7364,-0.105171,-0.105149,2.22294e-05,0.553152,0.553459,0.00030724
1.76004e+09,7365,-0.10518,-0.105161,1.9238e-05,0.553,0.553305,0.000305551
1.76004e+09,7366,-0.105188,-0.105171,1.62477e-05,0.552848,0.553152,0.000303872
1.76004e+09,7367,-0.105194,-0.10518,1.32583e-05,0.552698,0.553,0.000302203
1.76004e+09,7368,-0.105198,-0.105188,1.02698e-05,0.552548,0.552848,0.000300545
1.76004e+09,7369,-0.105201,-0.105194,7.28196e-06,0.552399,0.552698,0.000298898
1.76004e+09,7370,-0.105202,-0.105198,4.29468e-06,0.55225,0.552548,0.000297262
1.76004e+09,7371,-0.105202,-0.105201,1.30784e-06,0.552103,0.552399,0.000295638
1.76004e+09,7372,-0.105201,-0.105202,-1.67869e-06,0.551956,0.55225,0.000294024
1.76004e+09,7373,-0.105198,-0.105202,-4.66504e-06,0.551811,0.552103,0.000292421
1.76004e+09,7374,-0.105193,-0.105201,-7.65133e-06,0.551666,0.551956,0.00029083
1.76004e+09,7375,-0.105187,-0.105198,-1.06377e-05,0.551521,0.551811,0.000289251
1.76004e+09,7376,-0.105179,-0.105193,-1.36242e-05,0.551378,0.551666,0.000287683
1.76004e+09,7377,-0.10517,-0.105187,-1.66111e-05,0.551235,0.551521,0.000286126
1.76004e+09,7378,-0.10516,-0.105179,-1.95984e-05,0.551093,0.551378,0.000284582
1.76004e+09,7379,-0.105148,-0.10517,-2.25863e-05,0.550952,0.551235,0.000283049
1.76004e+09,7380,-0.105134,-0.10516,-2.55749e-05,0.550812,0.551093,0.000281529
1.76004e+09,7381,-0.105119,-0.105148,-2.85643e-05,0.550672,0.550952,0.000280021
1.76004e+09,7382,-0.105103,-0.105134,-3.15547e-05,0.550533,0.550812,0.000278525
1.76004e+09,7383,-0.105085,-0.105119,-3.45462e-05,0.550395,0.550672,0.000277041
1.76004e+09,7384,-0.105065,-0.105085,-1.95178e-05,0.550258,0.550395,0.000137419
1.76004e+09,7385,-0.105044,-0.105085,-4.05329e-05,0.550121,0.550395,0.000274112
1.76004e+09,7386,-0.105022,-0.105044,-2.25132e-05,0.549985,0.550121,0.000135974
1.76004e+09,7387,-0.104998,-0.105022,-2.40122e-05,0.54985,0.549985,0.000135261
1.76004e+09,7388,-0.104972,-0.105022,-4.95241e-05,0.549715,0.549985,0.000269815
1.76004e+09,7389,-0.104945,-0.104998,-5.25248e-05,0.549581,0.54985,0.000268409
1.76004e+09,7390,-0.104916,-0.104945,-2.85146e-05,0.549448,0.549581,0.000133161
1.76004e+09,7391,-0.104886,-0.104945,-5.8532e-05,0.549316,0.549581,0.000265636
1.76004e+09,7392,-0.104855,-0.104886,-3.15215e-05,0.549184,0.549316,0.000131795
1.76004e+09,7393,-0.104822,-0.104886,-6.45482e-05,0.549053,0.549316,0.000262918
1.76004e+09,7394,-0.104787,-0.104855,-6.75599e-05,0.548922,0.549184,0.000261579
1.76004e+09,7395,-0.104751,-0.104822,-7.05742e-05,0.548793,0.549053,0.000260255
1.76004e+09,7396,-0.104714,-0.104787,-7.35913e-05,0.548663,0.548922,0.000258944
1.76004e+09,7397,-0.104675,-0.104751,-7.66112e-05,0.548535,0.548793,0.000257648
1.76004e+09,7398,-0.104634,-0.104714,-7.96342e-05,0.548407,0.548663,0.000256366
1.76004e+09,7399,-0.104592,-0.104675,-8.26602e-05,0.54828,0.548535,0.000255098
1.76004e+09,7400,-0.104548,-0.104634,-8.56895e-05,0.548153,0.548407,0.000253845
1.76004e+09,7401,-0.104503,-0.104592,-8.87221e-05,0.548027,0.54828,0.000252607
1.76004e+09,7402,-0.104457,-0.104548,-9.17583e-05,0.547902,0.548153,0.000251384
1.76004e+09,7403,-0.104409,-0.104503,-9.47981e-05,0.547777,0.548027,0.000250175
1.76004e+09,7404,-0.104359,-0.104457,-9.78416e-05,0.547653,0.547902,0.000248982
1.76004e+09,7405,-0.104308,-0.104409,-0.000100889,0.547529,0.547777,0.000247804
1.76004e+09,7406,-0.104255,-0.104359,-0.000103941,0.547406,0.547653,0.000246642
1.76004e+09,7407,-0.104201,-0.104308,-0.000106996,0.547284,0.547529,0.000245495
1.76004e+09,7408,-0.104145,-0.104255,-0.000110056,0.547162,0.547406,0.000244364
1.76004e+09,7409,-0.104088,-0.104201,-0.00011312,0.54704,0.547284,0.000243249
1.76004e+09,7410,-0.104029,-0.104145,-0.000116189,0.54692,0.547162,0.00024215
1.76004e+09,7411,-0.103968,-0.104088,-0.000119263,0.546799,0.54704,0.000241068
1.76004e+09,7412,-0.103906,-0.104029,-0.000122341,0.54668,0.54692,0.000240001
1.76004e+09,7413,-0.103843,-0.103968,-0.000125424,0.54656,0.546799,0.000238951
1.76004e+09,7414,-0.103778,-0.103906,-0.000128512,0.546442,0.54668,0.000237918
1.76004e+09,7415,-0.103711,-0.103843,-0.000131606,0.546324,0.54656,0.000236902
1.76004e+09,7416,-0.103643,-0.103778,-0.000134704,0.546206,0.546442,0.000235902
1.76004e+09,7417,-0.103573,-0.103711,-0.000137809,0.546089,0.546324,0.00023492
1.76004e+09,7418,-0.103502,-0.103643,-0.000140918,0.545972,0.546206,0.000233955
1.76004e+09,7419,-0.103429,-0.103573,-0.000144034,0.545856,0.546089,0.000233008
1.76004e+09,7420,-0.103355,-0.103502,-0.000147155,0.54574,0.545972,0.000232078
1.76004e+09,7421,-0.103279,-0.103429,-0.000150282,0.545624,0.545856,0.000231167
1.76004e+09,7422,-0.103202,-0.103355,-0.000153416,0.54551,0.54574,0.000230273
1.76004e+09,7423,-0.103123,-0.103279,-0.000156555,0.545395,0.545624,0.000229397
1.76004e+09,7424,-0.103042,-0.103202,-0.000159701,0.545281,0.54551,0.00022854
1.76004e+09,7425,-0.10296,-0.103123,-0.000162854,0.545167,0.545395,0.000227702
1.76004e+09,7426,-0.102876,-0.103042,-0.000166013,0.545054,0.545281,0.000226882
1.76004e+09,7427,-0.102791,-0.10296,-0.000169179,0.544941,0.545167,0.000226081
1.76004e+09,7428,-0.102704,-0.102876,-0.000172352,0.544829,0.545054,0.0002253
1.76004e+09,7429,-0.102615,-0.102791,-0.000175532,0.544717,0.544941,0.000224537
1.76004e+09,7430,-0.102525,-0.102704,-0.000178719,0.544605,0.544829,0.000223795
1.76004e+09,7431,-0.102433,-0.102615,-0.000181913,0.544494,0.544717,0.000223072
1.76004e+09,7432,-0.10234,-0.102525,-0.000185115,0.544383,0.544605,0.000222368
1.76004e+09,7433,-0.102245,-0.102433,-0.000188324,0.544272,0.544494,0.000221685
1.76004e+09,7434,-0.102148,-0.10234,-0.000191541,0.544162,0.544383,0.000221023
1.76004e+09,7435,-0.10205,-0.102245,-0.000194766,0.544052,0.544272,0.000220381
1.76004e+09,7436,-0.10195,-0.102148,-0.000197999,0.543942,0.544162,0.000219759
1.76004e+09,7437,-0.101849,-0.10205,-0.00020124,0.543832,0.544052,0.000219159
1.76004e+09,7438,-0.101746,-0.10195,-0.000204489,0.543723,0.543942,0.00021858
1.76004e+09,7439,-0.101641,-0.101849,-0.000207747,0.543614,0.543832,0.000218022
1.76004e+09,7440,-0.101535,-0.101746,-0.000211013,0.543506,0.543723,0.000217486
1.76004e+09,7441,-0.101427,-0.101641,-0.000214288,0.543397,0.543614,0.000216971
1.76004e+09,7442,-0.101317,-0.101535,-0.000217572,0.543289,0.543506,0.000216479
1.76004e+09,7443,-0.101206,-0.101427,-0.000220864,0.543181,0.543397,0.000216009
1.76004e+09,7444,-0.101093,-0.101317,-0.000224166,0.543074,0.543289,0.000215562
1.76004e+09,7445,-0.100978,-0.101206,-0.000227477,0.542966,0.543181,0.000215138
1.76004e+09,7446,-0.100862,-0.101093,-0.000230797,0.542859,0.543074,0.000214736
1.76004e+09,7447,-0.100744,-0.100978,-0.000234127,0.542752,0.542966,0.000214358
1.76004e+09,7448,-0.100625,-0.100744,-0.000119569,0.542645,0.542752,0.000106916
1.76004e+09,7449,-0.100503,-0.100744,-0.000240816,0.542538,0.542752,0.000213672
1.76004e+09,7450,-0.100381,-0.100625,-0.000244175,0.542432,0.542645,0.000213366
1.76004e+09,7451,-0.100256,-0.100503,-0.000247544,0.542325,0.542538,0.000213083
1.76004e+09,7452,-0.10013,-0.100381,-0.000250924,0.542219,0.542432,0.000212825
1.76004e+09,7453,-0.100002,-0.100256,-0.000254314,0.542113,0.542325,0.000212592
1.76004e+09,7454,-0.0998719,-0.10013,-0.000257714,0.542006,0.542219,0.000212384
1.76004e+09,7455,-0.0997405,-0.100002,-0.000261125,0.5419,0.542113,0.000212201
1.76004e+09,7456,-0.0996073,-0.0998719,-0.000264547,0.541794,0.542006,0.000212044
1.76004e+09,7457,-0.0994725,-0.0997405,-0.000267979,0.541688,0.5419,0.000211913
1.76004e+09,7458,-0.0993359,-0.0994725,-0.000136574,0.541583,0.541688,0.000105881
1.76004e+09,7459,-0.0991976,-0.0993359,-0.000138304,0.541477,0.541583,0.000105849
1.76004e+09,7460,-0.0990576,-0.0991976,-0.00014004,0.541371,0.541477,0.00010583
1.76004e+09,7461,-0.0989158,-0.0991976,-0.000281823,0.541265,0.541477,0.000211655
1.76004e+09,7462,-0.0987723,-0.0990576,-0.000285312,0.541159,0.541371,0.000211658
1.76004e+09,7463,-0.098627,-0.0989158,-0.000288814,0.541053,0.541265,0.000211688
1.76004e+09,7464,-0.0984799,-0.0987723,-0.000292327,0.540947,0.541159,0.000211747
1.76004e+09,7465,-0.0983311,-0.098627,-0.000295853,0.540842,0.541053,0.000211835
1.76004e+09,7466,-0.0981805,-0.0984799,-0.00029939,0.540736,0.540947,0.000211951
1.76004e+09,7467,-0.0980282,-0.0983311,-0.000302941,0.540629,0.540842,0.000212096
1.76004e+09,7468,-0.097874,-0.0981805,-0.000306503,0.540523,0.540736,0.00021227
1.76004e+09,7469,-0.0977181,-0.0980282,-0.000310079,0.540417,0.540629,0.000212474
1.76004e+09,7470,-0.0975604,-0.097874,-0.000313667,0.540311,0.540523,0.000212708
1.76004e+09,7471,-0.0974008,-0.0977181,-0.000317269,0.540204,0.540417,0.000212972
1.76004e+09,7472,-0.0972395,-0.0975604,-0.000320883,0.540097,0.540311,0.000213267
1.76004e+09,7473,-0.0970763,-0.0974008,-0.000324511,0.53999,0.540204,0.000213594
1.76004e+09,7474,-0.0969113,-0.0970763,-0.000164988,0.539883,0.53999,0.000107069
1.76004e+09,7475,-0.0967445,-0.0969113,-0.000166819,0.539776,0.539883,0.000107272
1.76004e+09,7476,-0.0965759,-0.0967445,-0.000168657,0.539669,0.539776,0.000107491
1.76004e+09,7477,-0.0964054,-0.0967445,-0.000339159,0.539561,0.539776,0.000215217
1.76004e+09,7478,-0.096233,-0.0965759,-0.000342856,0.539453,0.539669,0.000215704
1.76004e+09,7479,-0.0960588,-0.0964054,-0.000346567,0.539345,0.539561,0.000216224
1.76004e+09,7480,-0.0958827,-0.096233,-0.000350292,0.539236,0.539453,0.000216779
1.76004e+09,7481,-0.0957048,-0.0960588,-0.000354032,0.539127,0.539345,0.000217367
1.76004e+09,7482,-0.0955249,-0.0958827,-0.000357786,0.539018,0.539236,0.00021799
1.76004e+09,7483,-0.0953432,-0.0957048,-0.000361556,0.538909,0.539127,0.000218648
1.76004e+09,7484,-0.0951596,-0.0955249,-0.00036534,0.538799,0.539018,0.000219341
1.76004e+09,7485,-0.0949741,-0.0953432,-0.00036914,0.538689,0.538909,0.00022007
1.76004e+09,7486,-0.0947866,-0.0951596,-0.000372954,0.538578,0.538799,0.000220836
1.76004e+09,7487,-0.0945973,-0.0949741,-0.000376784,0.538467,0.538689,0.000221638
1.76004e+09,7488,-0.094406,-0.0947866,-0.00038063,0.538355,0.538578,0.000222477
1.76004e+09,7489,-0.0942128,-0.0945973,-0.000384491,0.538244,0.538467,0.000223354
1.76004e+09,7490,-0.0940176,-0.094406,-0.000388369,0.538131,0.538355,0.000224268
1.76004e+09,7491,-0.0938205,-0.0942128,-0.000392262,0.538018,0.538244,0.000225222
1.76004e+09,7492,-0.0936215,-0.0940176,-0.000396171,0.537905,0.538131,0.000226214
1.76004e+09,7493,-0.0934204,-0.0938205,-0.000400097,0.537791,0.538018,0.000227245
1.76004e+09,7494,-0.0932174,-0.0936215,-0.000404039,0.537677,0.537905,0.000228317
1.76004e+09,7495,-0.0930124,-0.0934204,-0.000407997,0.537562,0.537791,0.000229429
1.76004e+09,7496,-0.0928054,-0.0932174,-0.000411972,0.537446,0.537677,0.000230582
1.76004e+09,7497,-0.0925965,-0.0930124,-0.000415965,0.53733,0.537562,0.000231776
1.76004e+09,7498,-0.0923855,-0.0928054,-0.000419974,0.537213,0.537446,0.000233012
1.76004e+09,7499,-0.0921725,-0.0925965,-0.000424,0.537096,0.53733,0.000234291
1.76004e+09,7500,-0.0919574,-0.0923855,-0.000428044,0.536977,0.537213,0.000235613
1.76004e+09,7501,-0.0917404,-0.0921725,-0.000432105,0.536859,0.537096,0.000236978
1.76004e+09,7502,-0.0915212,-0.0919574,-0.000436185,0.536739,0.536977,0.000238387
1.76004e+09,7503,-0.0913001,-0.0917404,-0.000440282,0.536619,0.536859,0.000239841
1.76004e+09,7504,-0.0910769,-0.0915212,-0.000444397,0.536498,0.536739,0.00024134
1.76004e+09,7505,-0.0908515,-0.0913001,-0.000448531,0.536376,0.536619,0.000242885
1.76004e+09,7506,-0.0906242,-0.0910769,-0.000452684,0.536253,0.536498,0.000244476
1.76004e+09,7507,-0.0903947,-0.0908515,-0.000456856,0.53613,0.536376,0.000246114
1.76004e+09,7508,-0.0901631,-0.0906242,-0.000461048,0.536005,0.536253,0.0002478
1.76004e+09,7509,-0.0899294,-0.0903947,-0.000465259,0.53588,0.53613,0.000249534
1.76004e+09,7510,-0.0896936,-0.0901631,-0.000469491,0.535754,0.536005,0.000251317
1.76004e+09,7511,-0.0894557,-0.0899294,-0.000473743,0.535627,0.53588,0.000253149
1.76004e+09,7512,-0.0892156,-0.0896936,-0.000478016,0.535499,0.535754,0.000255031
1.76004e+09,7513,-0.0889734,-0.0894557,-0.000482311,0.53537,0.535627,0.000256965
1.76004e+09,7514,-0.088729,-0.0892156,-0.000486628,0.53524,0.535499,0.00025895
1.76004e+09,7515,-0.0884824,-0.0889734,-0.000490968,0.535109,0.53537,0.000260987
1.76004e+09,7516,-0.0882337,-0.088729,-0.000495331,0.534977,0.53524,0.000263077
1.76004e+09,7517,-0.0879827,-0.0884824,-0.000499718,0.534844,0.535109,0.000265221
1.76004e+09,7518,-0.0877295,-0.0882337,-0.00050413,0.53471,0.534977,0.00026742
1.76004e+09,7519,-0.0874741,-0.0879827,-0.000508567,0.534574,0.534844,0.000269674
1.76004e+09,7520,-0.0872165,-0.0877295,-0.000513029,0.534438,0.53471,0.000271985
1.76004e+09,7521,-0.0869566,-0.0874741,-0.000517519,0.5343,0.534574,0.000274352
1.76004e+09,7522,-0.0866945,-0.0872165,-0.000522035,0.534161,0.534438,0.000276778
1.76004e+09,7523,-0.08643,-0.0869566,-0.000526579,0.534021,0.5343,0.000279262
1.76004e+09,7524,-0.0861633,-0.0866945,-0.000531151,0.533879,0.534161,0.000281806
1.76004e+09,7525,-0.0858943,-0.08643,-0.000535752,0.533736,0.534021,0.000284411
1.76004e+09,7526,-0.0856229,-0.0861633,-0.000540381,0.533592,0.533879,0.000287078
1.76004e+09,7527,-0.0853492,-0.0858943,-0.00054504,0.533446,0.533736,0.000289807
1.76004e+09,7528,-0.0850732,-0.0856229,-0.000549728,0.533299,0.533592,0.000292599
1.76004e+09,7529,-0.0847948,-0.0853492,-0.000554444,0.533151,0.533446,0.000295455
1.76004e+09,7530,-0.084514,-0.0850732,-0.000559189,0.533001,0.533299,0.000298377
1.76004e+09,7531,-0.0842308,-0.0847948,-0.00056396,0.53285,0.533151,0.000301364
1.76004e+09,7532,-0.0839453,-0.084514,-0.000568758,0.532697,0.533001,0.000304418
1.76004e+09,7533,-0.0836573,-0.0842308,-0.00057358,0.532542,0.53285,0.000307539
1.76004e+09,7534,-0.0833668,-0.0839453,-0.000578425,0.532386,0.532697,0.000310728
1.76004e+09,7535,-0.083074,-0.0836573,-0.000583289,0.532228,0.532542,0.000313985
1.76004e+09,7536,-0.0827787,-0.0833668,-0.000588169,0.532069,0.532386,0.000317311
1.76004e+09,7537,-0.0824809,-0.083074,-0.000593062,0.531907,0.532228,0.000320705
1.76004e+09,7538,-0.0821807,-0.0827787,-0.000597962,0.531744,0.532069,0.000324168
1.76004e+09,7539,-0.081878,-0.0824809,-0.000602865,0.53158,0.531907,0.000327699
1.76004e+09,7540,-0.0815625,-0.0821807,-0.000618173,0.531388,0.531744,0.00035654
1.76004e+09,7541,-0.0812446,-0.0815625,-0.000317886,0.531194,0.531388,0.000193671
1.76004e+09,7542,-0.0809244,-0.0815625,-0.000638132,0.530999,0.531388,0.000389245
1.76004e+09,7543,-0.0806018,-0.0812446,-0.000642835,0.530801,0.531194,0.000393085
1.76004e+09,7544,-0.0802769,-0.0809244,-0.000647502,0.530602,0.530999,0.000396989
1.76004e+09,7545,-0.0799497,-0.0806018,-0.000652125,0.5304,0.530801,0.000400954
1.76004e+09,7546,-0.0796202,-0.0802769,-0.000656694,0.530197,0.530602,0.000404979
1.76004e+09,7547,-0.0792885,-0.0799497,-0.000661199,0.529991,0.5304,0.000409061
1.76004e+09,7548,-0.0789546,-0.0796202,-0.000665632,0.529783,0.530197,0.000413197
1.76004e+09,7549,-0.0786185,-0.0792885,-0.000669981,0.529574,0.529991,0.000417384
1.76004e+09,7550,-0.0782803,-0.0789546,-0.000674236,0.529362,0.529783,0.00042162
1.76004e+09,7551,-0.0779401,-0.0786185,-0.000678387,0.529148,0.529574,0.0004259
1.76004e+09,7552,-0.0775979,-0.0782803,-0.000682423,0.528932,0.529362,0.000430222
1.76004e+09,7553,-0.0772538,-0.0779401,-0.000686333,0.528713,0.529148,0.00043458
1.76004e+09,7554,-0.0769078,-0.0775979,-0.000690107,0.528493,0.528932,0.00043897
1.76004e+09,7555,-0.07656,-0.0772538,-0.000693733,0.52827,0.528713,0.000443389
1.76004e+09,7556,-0.0762106,-0.0769078,-0.000697203,0.528045,0.528493,0.00044783
1.76004e+09,7557,-0.0758595,-0.07656,-0.000700506,0.527818,0.52827,0.00045229
1.76004e+09,7558,-0.075507,-0.0762106,-0.000703632,0.527588,0.528045,0.000456762
1.76004e+09,7559,-0.075153,-0.0758595,-0.000706572,0.527356,0.527818,0.000461242
1.76004e+09,7560,-0.0747976,-0.075507,-0.000709318,0.527122,0.527588,0.000465725
1.76004e+09,7561,-0.0744411,-0.075153,-0.00071186,0.526886,0.527356,0.000470204
1.76004e+09,7562,-0.0740835,-0.0747976,-0.000714192,0.526648,0.527122,0.000474675
1.76004e+09,7563,-0.0737248,-0.0744411,-0.000716305,0.526407,0.526886,0.00047913
1.76004e+09,7564,-0.0733653,-0.0740835,-0.000718194,0.526164,0.526648,0.000483566
1.76004e+09,7565,-0.0730049,-0.0737248,-0.000719852,0.525919,0.526407,0.000487975
1.76004e+09,7566,-0.072644,-0.0733653,-0.000721274,0.525672,0.526164,0.000492353
1.76004e+09,7567,-0.0722825,-0.0730049,-0.000722456,0.525422,0.525919,0.000496693
1.76004e+09,7568,-0.0719206,-0.0722825,-0.0003619,0.525171,0.525422,0.000251564
1.76004e+09,7569,-0.0715584,-0.0722825,-0.000724082,0.524917,0.525422,0.000505239
1.76004e+09,7570,-0.0711961,-0.0719206,-0.000724522,0.524661,0.525171,0.000509435
1.76004e+09,7571,-0.0708337,-0.0715584,-0.000724709,0.524403,0.524917,0.000513571
1.76004e+09,7572,-0.0704714,-0.0711961,-0.000724642,0.524144,0.524661,0.000517644
1.76004e+09,7573,-0.0701094,-0.0708337,-0.000724323,0.523882,0.524403,0.000521647
1.76004e+09,7574,-0.0697477,-0.0704714,-0.00072375,0.523618,0.524144,0.000525578
1.76004e+09,7575,-0.0693865,-0.0701094,-0.000722926,0.523352,0.523882,0.000529431
1.76004e+09,7576,-0.0690258,-0.0697477,-0.000721851,0.523085,0.523618,0.000533202
1.76004e+09,7577,-0.0686659,-0.0693865,-0.000720529,0.522816,0.523352,0.000536888
1.76004e+09,7578,-0.0683069,-0.0690258,-0.000718964,0.522544,0.523085,0.000540485
1.76004e+09,7579,-0.0679488,-0.0686659,-0.000717158,0.522272,0.522816,0.00054399
1.76004e+09,7580,-0.0675917,-0.0683069,-0.000715117,0.521997,0.522544,0.0005474
1.76004e+09,7581,-0.0672359,-0.0679488,-0.000712847,0.521721,0.522272,0.000550714
1.76004e+09,7582,-0.0668814,-0.0675917,-0.000710354,0.521443,0.521997,0.000553929
1.76004e+09,7583,-0.0665283,-0.0672359,-0.000707644,0.521164,0.521721,0.000557044
1.76004e+09,7584,-0.0661767,-0.0665283,-0.000351607,0.520883,0.521164,0.000280769
1.76004e+09,7585,-0.0658267,-0.0661767,-0.000349998,0.520601,0.520883,0.000282199
1.76004e+09,7586,-0.0654784,-0.0658267,-0.000348294,0.520317,0.520601,0.000283578
1.76004e+09,7587,-0.0651319,-0.0658267,-0.000694796,0.520032,0.520601,0.000568484
1.76004e+09,7588,-0.0647872,-0.0654784,-0.000691127,0.519746,0.520317,0.00057109
1.76004e+09,7589,-0.0644446,-0.0651319,-0.000687294,0.519459,0.520032,0.000573596
1.76004e+09,7590,-0.0641039,-0.0647872,-0.000683308,0.51917,0.519746,0.000576002
1.76004e+09,7591,-0.0637654,-0.0644446,-0.00067918,0.51888,0.519459,0.000578312
1.76004e+09,7592,-0.063429,-0.0641039,-0.000674919,0.51859,0.51917,0.000580527
1.76004e+09,7593,-0.0630949,-0.0637654,-0.000670538,0.518298,0.51888,0.00058265
1.76004e+09,7594,-0.062763,-0.063429,-0.000666047,0.518005,0.51859,0.000584683
1.76004e+09,7595,-0.0624334,-0.0630949,-0.000661457,0.517711,0.518298,0.000586631
1.76004e+09,7596,-0.0621062,-0.062763,-0.00065678,0.517416,0.518005,0.000588495
1.76004e+09,7597,-0.0617814,-0.0624334,-0.000652024,0.517121,0.517711,0.000590279
1.76004e+09,7598,-0.061459,-0.0621062,-0.000647202,0.516824,0.517416,0.000591988
1.76004e+09,7599,-0.0611391,-0.0617814,-0.000642321,0.516527,0.517121,0.000593624
1.76004e+09,7600,-0.0609369,-0.061459,-0.000522059,0.529031,0.516824,-0.012207
1.76004e+09,7601,-0.0607365,-0.0611391,-0.000402537,0.541264,0.516527,-0.0247365
1.76004e+09,7602,-0.0605378,-0.0609369,-0.000399094,0.553241,0.529031,-0.0242096
1.76004e+09,7603,-0.0603409,-0.0607365,-0.000395626,0.564979,0.541264,-0.0237151
1.76004e+09,7604,-0.0601457,-0.0605378,-0.000392138,0.576491,0.553241,-0.0232495
1.76004e+09,7605,-0.0599523,-0.0603409,-0.000388636,0.587789,0.564979,-0.02281
1.76004e+09,7606,-0.0597606,-0.0601457,-0.000385128,0.598885,0.576491,-0.0223941
1.76004e+09,7607,-0.0595706,-0.0599523,-0.000381617,0.609788,0.587789,-0.0219995
1.76004e+09,7608,-0.0593825,-0.0597606,-0.000378109,0.620509,0.598885,-0.0216244
1.76004e+09,7609,-0.059196,-0.0595706,-0.000374607,0.631055,0.609788,-0.0212669
1.76004e+09,7610,-0.0590113,-0.0593825,-0.000371117,0.641435,0.620509,-0.0209257
1.76004e+09,7611,-0.0588284,-0.059196,-0.00036764,0.651655,0.631055,-0.0205993
1.76004e+09,7612,-0.0586472,-0.0590113,-0.000364179,0.661721,0.641435,-0.0202867
1.76004e+09,7613,-0.0584677,-0.0588284,-0.000360737,0.671641,0.651655,-0.0199866
1.76004e+09,7614,-0.0582899,-0.0586472,-0.000357316,0.68142,0.661721,-0.0196983
1.76004e+09,7615,-0.0581137,-0.0584677,-0.000353916,0.691062,0.671641,-0.0194207
1.76004e+09,7616,-0.0579393,-0.0582899,-0.000350539,0.700573,0.68142,-0.0191531
1.76004e+09,7617,-0.0577666,-0.0581137,-0.000347187,0.709957,0.691062,-0.0188949
1.76004e+09,7618,-0.0575955,-0.0579393,-0.000343858,0.719218,0.700573,-0.0186453
1.76004e+09,7619,-0.057426,-0.0577666,-0.000340554,0.728361,0.709957,-0.0184038
1.76004e+09,7620,-0.0572582,-0.0575955,-0.000337274,0.737388,0.719218,-0.0181698
1.76004e+09,7621,-0.057092,-0.057426,-0.000334019,0.746304,0.728361,-0.017943
1.76004e+09,7622,-0.0569274,-0.0572582,-0.000330789,0.755111,0.737388,-0.0177227
1.76004e+09,7623,-0.0567644,-0.057092,-0.000327583,0.763812,0.746304,-0.0175087
1.76004e+09,7624,-0.056603,-0.0569274,-0.0003244,0.772411,0.755111,-0.0173004
1.76004e+09,7625,-0.0564432,-0.056603,-0.000159833,0.78091,0.772411,-0.00849883
1.76004e+09,7626,-0.0562849,-0.056603,-0.000318104,0.789311,0.772411,-0.0169001
1.76004e+09,7627,-0.0561282,-0.0564432,-0.000314989,0.797617,0.78091,-0.0167074
1.76004e+09,7628,-0.055973,-0.0562849,-0.000311896,0.80583,0.789311,-0.0165193
1.76004e+09,7629,-0.0558193,-0.0561282,-0.000308825,0.813953,0.797617,-0.0163354
1.76004e+09,7630,-0.0556672,-0.055973,-0.000305773,0.821986,0.80583,-0.0161557
1.76004e+09,7631,-0.0555166,-0.0558193,-0.000302742,0.829933,0.813953,-0.0159798
1.76004e+09,7632,-0.0553675,-0.0556672,-0.00029973,0.837794,0.821986,-0.0158076
1.76004e+09,7633,-0.0552199,-0.0555166,-0.000296737,0.845571,0.829933,-0.0156389
1.76004e+09,7634,-0.0550737,-0.0553675,-0.000293762,0.853267,0.837794,-0.0154734
1.76004e+09,7635,-0.0549291,-0.0552199,-0.000290806,0.860883,0.845571,-0.0153111
1.76004e+09,7636,-0.0547859,-0.0550737,-0.000287867,0.868419,0.853267,-0.0151517
1.76004e+09,7637,-0.0546441,-0.0549291,-0.000284945,0.875878,0.860883,-0.0149951
1.76004e+09,7638,-0.0545038,-0.0547859,-0.000282039,0.88326,0.868419,-0.0148412
1.76004e+09,7639,-0.054365,-0.0546441,-0.00027915,0.890567,0.875878,-0.0146898
1.76004e+09,7640,-0.0542275,-0.0545038,-0.000276277,0.897801,0.88326,-0.0145408
1.76004e+09,7641,-0.0540915,-0.054365,-0.00027342,0.904962,0.890567,-0.0143941
1.76004e+09,7642,-0.053957,-0.0542275,-0.000270578,0.912051,0.897801,-0.0142496
1.76004e+09,7643,-0.0538238,-0.053957,-0.000133171,0.919069,0.912051,-0.00701825
1.76004e+09,7644,-0.053692,-0.0538238,-0.000131769,0.926017,0.919069,-0.00694851
1.76004e+09,7645,-0.0535616,-0.0538238,-0.000262143,0.932897,0.919069,-0.0138282
1.76004e+09,7646,-0.0534327,-0.053692,-0.00025936,0.939709,0.926017,-0.0136915
1.76004e+09,7647,-0.0533051,-0.0535616,-0.000256591,0.946453,0.932897,-0.0135564
1.76004e+09,7648,-0.0531788,-0.0534327,-0.000253837,0.953132,0.939709,-0.013423
1.76004e+09,7649,-0.053054,-0.0533051,-0.000251096,0.959745,0.946453,-0.0132912
1.76004e+09,7650,-0.0529305,-0.0531788,-0.000248369,0.966293,0.953132,-0.0131609
1.76004e+09,7651,-0.0528083,-0.053054,-0.000245656,0.972777,0.959745,-0.013032
1.76004e+09,7652,-0.0526875,-0.0529305,-0.000242955,0.979197,0.966293,-0.0129045
1.76004e+09,7653,-0.052568,-0.0528083,-0.000240268,0.985555,0.972777,-0.0127782
1.76004e+09,7654,-0.0524499,-0.0526875,-0.000237594,0.99185,0.979197,-0.0126532
1.76004e+09,7655,-0.0523331,-0.052568,-0.000234933,0.998084,0.985555,-0.0125294
1.76004e+09,7656,-0.0522176,-0.0523331,-0.000115481,1.00426,0.998084,-0.00617285
1.76004e+09,7657,-0.0521035,-0.0523331,-0.000229648,1.01037,0.998084,-0.0122852
1.76004e+09,7658,-0.0519906,-0.0522176,-0.000227024,1.01642,1.00426,-0.0121647
1.76004e+09,7659,-0.051879,-0.0521035,-0.000224412,1.02241,1.01037,-0.0120451
1.76004e+09,7660,-0.0517688,-0.0519906,-0.000221813,1.02835,1.01642,-0.0119265
1.76004e+09,7661,-0.0516598,-0.051879,-0.000219225,1.03422,1.02241,-0.0118088
1.76004e+09,7662,-0.0515521,-0.0516598,-0.000107682,1.04004,1.03422,-0.00581692
1.76004e+09,7663,-0.0514457,-0.0515521,-0.000106403,1.0458,1.04004,-0.00575914
1.76004e+09,7664,-0.0513406,-0.0514457,-0.00010513,1.0515,1.0458,-0.00570174
1.76004e+09,7665,-0.0512367,-0.0514457,-0.000208992,1.05715,1.0458,-0.0113465
1.76004e+09,7666,-0.0511341,-0.0513406,-0.000206461,1.06273,1.0515,-0.0112328
1.76004e+09,7667,-0.0510328,-0.0512367,-0.000203942,1.06827,1.05715,-0.0111198
1.76004e+09,7668,-0.0509327,-0.0511341,-0.000201434,1.07374,1.06273,-0.0110075
1.76004e+09,7669,-0.0508339,-0.0510328,-0.000198937,1.07916,1.06827,-0.0108958
1.76004e+09,7670,-0.0507363,-0.0509327,-0.00019645,1.08453,1.07374,-0.0107847
1.76004e+09,7671,-0.0506399,-0.0508339,-0.000193974,1.08984,1.07916,-0.0106742
1.76004e+09,7672,-0.0505448,-0.0507363,-0.000191508,1.09509,1.08453,-0.0105642
1.76004e+09,7673,-0.0504508,-0.0506399,-0.000189052,1.10029,1.08984,-0.0104548
1.76004e+09,7674,-0.0503581,-0.0505448,-0.000186607,1.10544,1.09509,-0.0103459
1.76004e+09,7675,-0.0502667,-0.0504508,-0.000184171,1.11053,1.10029,-0.0102375
1.76004e+09,7676,-0.0501764,-0.0503581,-0.000181745,1.11557,1.10544,-0.0101296
1.76004e+09,7677,-0.0500873,-0.0502667,-0.000179329,1.12055,1.11053,-0.010022
1.76004e+09,7678,-0.0499995,-0.0501764,-0.000176922,1.12548,1.11557,-0.00991495
1.76004e+09,7679,-0.0499128,-0.0500873,-0.000174525,1.13036,1.12055,-0.00980827
1.76004e+09,7680,-0.0498273,-0.0499995,-0.000172137,1.13518,1.12548,-0.00970197
1.76004e+09,7681,-0.0497431,-0.0499128,-0.000169758,1.13995,1.13036,-0.00959603
1.76004e+09,7682,-0.04966,-0.0498273,-0.000167388,1.14467,1.13518,-0.00949045
1.76004e+09,7683,-0.049578,-0.0497431,-0.000165027,1.14934,1.13995,-0.0093852
1.76004e+09,7684,-0.0494973,-0.04966,-0.000162675,1.15395,1.14467,-0.00928026
1.76004e+09,7685,-0.0494177,-0.049578,-0.000160331,1.15852,1.14934,-0.00917562
1.76004e+09,7686,-0.0493393,-0.0494973,-0.000157996,1.16302,1.15395,-0.00907128
1.76004e+09,7687,-0.049262,-0.0494177,-0.000155669,1.16748,1.15852,-0.0089672
1.76004e+09,7688,-0.0491859,-0.0493393,-0.00015335,1.17189,1.16302,-0.00886338
1.76004e+09,7689,-0.049111,-0.0491859,-7.49431e-05,1.17624,1.17189,-0.00435404
1.76004e+09,7690,-0.0490372,-0.049111,-7.37937e-05,1.18054,1.17624,-0.00430243
1.76004e+09,7691,-0.0489645,-0.049111,-0.000146442,1.1848,1.17624,-0.00855335
1.76004e+09,7692,-0.048893,-0.0490372,-0.000144155,1.189,1.18054,-0.00845044
1.76004e+09,7693,-0.0488227,-0.0489645,-0.000141876,1.19314,1.1848,-0.00834773
1.76004e+09,7694,-0.0487534,-0.048893,-0.000139604,1.19724,1.189,-0.0082452
1.76004e+09,7695,-0.0486853,-0.0488227,-0.000137339,1.20129,1.19314,-0.00814285
1.76004e+09,7696,-0.0486184,-0.0487534,-0.000135082,1.20528,1.19724,-0.00804067
1.76004e+09,7697,-0.0485525,-0.0486853,-0.000132832,1.20922,1.20129,-0.00793864
1.76004e+09,7698,-0.0484878,-0.0486184,-0.000130589,1.21312,1.20528,-0.00783676
1.76004e+09,7699,-0.0484241,-0.0485525,-0.000128352,1.21696,1.20922,-0.00773502
1.76004e+09,7700,-0.0483616,-0.0484878,-0.000126123,1.22075,1.21312,-0.0076334
1.76004e+09,7701,-0.0483002,-0.0484241,-0.000123901,1.22449,1.21696,-0.00753191
1.76004e+09,7702,-0.04824,-0.0483616,-0.000121685,1.22818,1.22075,-0.00743052
1.76004e+09,7703,-0.0481808,-0.04824,-5.9186e-05,1.23182,1.22818,-0.00363932
1.76004e+09,7704,-0.0481227,-0.0481808,-5.8086e-05,1.23541,1.23182,-0.00358875
1.76004e+09,7705,-0.0480657,-0.0481227,-5.69892e-05,1.23895,1.23541,-0.00353823
1.76004e+09,7706,-0.0480098,-0.0481227,-0.000112885,1.24244,1.23541,-0.00702597
1.76004e+09,7707,-0.047955,-0.0480657,-0.0001107,1.24587,1.23895,-0.00692504
1.76004e+09,7708,-0.0479013,-0.0480098,-0.000108522,1.24926,1.24244,-0.00682418
1.76004e+09,7709,-0.0478486,-0.047955,-0.000106349,1.2526,1.24587,-0.00672339
1.76004e+09,7710,-0.0477971,-0.0479013,-0.000104182,1.25588,1.24926,-0.00662265
1.76004e+09,7711,-0.0477466,-0.0478486,-0.000102021,1.25912,1.2526,-0.00652197
1.76004e+09,7712,-0.0476972,-0.0477971,-9.98651e-05,1.2623,1.25588,-0.00642133
1.76004e+09,7713,-0.0476489,-0.0477466,-9.7715e-05,1.26544,1.25912,-0.00632073
1.76004e+09,7714,-0.0476017,-0.0476972,-9.55702e-05,1.26852,1.2623,-0.00622017
1.76004e+09,7715,-0.0475555,-0.0476489,-9.34308e-05,1.27156,1.26544,-0.00611965
1.76004e+09,7716,-0.0475104,-0.0476017,-9.12965e-05,1.27454,1.26852,-0.00601915
1.76004e+09,7717,-0.0474663,-0.0475555,-8.91674e-05,1.27748,1.27156,-0.00591867
1.76004e+09,7718,-0.0474233,-0.0475104,-8.70432e-05,1.28036,1.27454,-0.00581821
1.76004e+09,7719,-0.0473814,-0.0474663,-8.4924e-05,1.2832,1.27748,-0.00571777
1.76004e+09,7720,-0.0473405,-0.0474233,-8.28096e-05,1.28598,1.28036,-0.00561734
1.76004e+09,7721,-0.0473007,-0.0473814,-8.06999e-05,1.28871,1.2832,-0.00551692
1.76004e+09,7722,-0.0472619,-0.0473405,-7.85949e-05,1.2914,1.28598,-0.0054165
1.76004e+09,7723,-0.0472242,-0.0473007,-7.64945e-05,1.29403,1.28871,-0.00531607
1.76004e+09,7724,-0.0471875,-0.0472619,-7.43985e-05,1.29661,1.2914,-0.00521565
1.76004e+09,7725,-0.0471519,-0.0472242,-7.23068e-05,1.29914,1.29403,-0.00511522
1.76004e+09,7726,-0.0471173,-0.0471875,-7.02195e-05,1.30163,1.29661,-0.00501478
1.76004e+09,7727,-0.0470838,-0.0471519,-6.81364e-05,1.30406,1.29914,-0.00491434
1.76004e+09,7728,-0.0470512,-0.0471173,-6.60574e-05,1.30644,1.30163,-0.00481387
1.76004e+09,7729,-0.0470198,-0.0470838,-6.39824e-05,1.30877,1.30406,-0.00471339
1.76004e+09,7730,-0.0469893,-0.0470512,-6.19114e-05,1.31105,1.30644,-0.00461289
1.76004e+09,7731,-0.0469599,-0.0470198,-5.98442e-05,1.31328,1.30877,-0.00451237
1.76004e+09,7732,-0.0469315,-0.0469893,-5.77809e-05,1.31546,1.31105,-0.00441183
1.76004e+09,7733,-0.0469042,-0.0469315,-2.73461e-05,1.31759,1.31546,-0.00213048
1.76004e+09,7734,-0.0468779,-0.0469315,-5.36651e-05,1.31967,1.31546,-0.00421066
1.76004e+09,7735,-0.0468526,-0.0469042,-5.16126e-05,1.3217,1.31759,-0.00411004
1.76004e+09,7736,-0.0468283,-0.0468779,-4.95635e-05,1.32368,1.31967,-0.00400938
1.76004e+09,7737,-0.0468051,-0.0468283,-2.32478e-05,1.32561,1.32368,-0.00192917
1.76004e+09,7738,-0.0467828,-0.0468051,-2.22274e-05,1.32749,1.32561,-0.0018788
1.76004e+09,7739,-0.0467616,-0.0467828,-2.12086e-05,1.32932,1.32749,-0.00182842
1.76004e+09,7740,-0.0467414,-0.0467616,-2.01913e-05,1.3311,1.32932,-0.00177801
1.76004e+09,7741,-0.0467223,-0.0467414,-1.91755e-05,1.33283,1.3311,-0.00172759
1.76004e+09,7742,-0.0467041,-0.0467414,-3.73367e-05,1.3345,1.3311,-0.00340474
1.76004e+09,7743,-0.046687,-0.0467223,-3.53094e-05,1.33613,1.33283,-0.00330383
1.76004e+09,7744,-0.0466708,-0.0467041,-3.3285e-05,1.33771,1.3345,-0.00320289
1.76004e+09,7745,-0.0466557,-0.046687,-3.12633e-05,1.33923,1.33613,-0.0031019
1.76004e+09,7746,-0.0466416,-0.0466708,-2.92442e-05,1.34071,1.33771,-0.00300087
1.76004e+09,7747,-0.0466285,-0.0466557,-2.72277e-05,1.34213,1.33923,-0.00289981
1.76004e+09,7748,-0.0466164,-0.0466285,-1.21036e-05,1.34351,1.34213,-0.00137406
1.76004e+09,7749,-0.0466053,-0.0466285,-2.32021e-05,1.34483,1.34213,-0.00269754
1.76004e+09,7750,-0.0465952,-0.0466164,-2.11928e-05,1.3461,1.34351,-0.00259635
1.76004e+09,7751,-0.0465861,-0.0466053,-1.91858e-05,1.34732,1.34483,-0.00249511
1.76004e+09,7752,-0.046578,-0.0465952,-1.71809e-05,1.3485,1.3461,-0.00239382
1.76004e+09,7753,-0.0465709,-0.0465861,-1.51782e-05,1.34962,1.34732,-0.00229249
1.76004e+09,7754,-0.0465648,-0.046578,-1.31774e-05,1.35069,1.3485,-0.00219112
1.76004e+09,7755,-0.0465597,-0.0465709,-1.11787e-05,1.35171,1.34962,-0.00208971
1.76004e+09,7756,-0.0465556,-0.0465648,-9.18173e-06,1.35268,1.35069,-0.00198825
1.76004e+09,7757,-0.0465525,-0.0465597,-7.1866e-06,1.35359,1.35171,-0.00188674
1.76004e+09,7758,-0.0465504,-0.0465525,-2.09844e-06,1.35446,1.35359,-0.000867206
1.76004e+09,7759,-0.0465493,-0.0465525,-3.20138e-06,1.35528,1.35359,-0.00168361
1.76004e+09,7760,-0.0465492,-0.0465504,-1.21115e-06,1.35604,1.35446,-0.00158197
1.76004e+09,7761,-0.0465501,-0.0465493,7.77615e-07,1.35676,1.35528,-0.00148029
1.76004e+09,7762,-0.046552,-0.0465492,2.76498e-06,1.35742,1.35604,-0.00137857
1.76004e+09,7763,-0.0465549,-0.0465501,4.75102e-06,1.35803,1.35676,-0.00127681
1.76004e+09,7764,-0.0465587,-0.046552,6.73582e-06,1.3586,1.35742,-0.00117501
1.76004e+09,7765,-0.0465636,-0.0465549,8.71945e-06,1.35911,1.35803,-0.00107316
1.76004e+09,7766,-0.0465694,-0.0465587,1.0702e-05,1.35957,1.3586,-0.00097127
1.76004e+09,7767,-0.0465763,-0.0465636,1.26835e-05,1.35998,1.35911,-0.000869341
1.76004e+09,7768,-0.0465841,-0.0465694,1.46642e-05,1.36033,1.35957,-0.000767371
1.76004e+09,7769,-0.0465929,-0.0465763,1.66439e-05,1.36064,1.35998,-0.000665361
1.76004e+09,7770,-0.0466027,-0.0465841,1.86229e-05,1.3609,1.36033,-0.000563312
1.76004e+09,7771,-0.0466135,-0.0466027,1.07951e-05,1.3611,1.3609,-0.000205085
1.76004e+09,7772,-0.0466253,-0.0466135,1.17838e-05,1.36126,1.3611,-0.000154013
1.76004e+09,7773,-0.0466381,-0.0466253,1.27723e-05,1.36136,1.36126,-0.000102922
1.76004e+09,7774,-0.0466518,-0.0466253,2.65328e-05,1.36141,1.36126,-0.000154734
1.76004e+09,7775,-0.0466666,-0.0466381,2.85091e-05,1.36141,1.36136,-5.24965e-05
1.76004e+09,7776,-0.0466823,-0.0466518,3.04852e-05,1.36136,1.36141,4.97764e-05
1.76004e+09,7777,-0.046699,-0.0466666,3.2461e-05,1.36126,1.36141,0.000152085
1.76004e+09,7778,-0.0467168,-0.0466823,3.44368e-05,1.36111,1.36136,0.000254427
1.76004e+09,7779,-0.0467355,-0.046699,3.64125e-05,1.3609,1.36126,0.000356804
1.76004e+09,7780,-0.0467551,-0.0467355,1.9688e-05,1.36065,1.3609,0.000255213
1.76004e+09,7781,-0.0467758,-0.0467355,4.03641e-05,1.36034,1.3609,0.000561656
1.76004e+09,7782,-0.0467975,-0.0467551,4.23401e-05,1.35998,1.36065,0.00066413
1.76004e+09,7783,-0.0468201,-0.0467758,4.43165e-05,1.35958,1.36034,0.000766636
1.76004e+09,7784,-0.0468438,-0.0467975,4.62932e-05,1.35912,1.35998,0.000869173
1.76004e+09,7785,-0.0468684,-0.0468201,4.82704e-05,1.3586,1.35958,0.00097174
1.76004e+09,7786,-0.046894,-0.0468438,5.02482e-05,1.35804,1.35912,0.00107434
1.76004e+09,7787,-0.0469206,-0.0468684,5.22266e-05,1.35743,1.3586,0.00117696
1.76004e+09,7788,-0.0469482,-0.046894,5.42057e-05,1.35676,1.35804,0.00127962
1.76004e+09,7789,-0.0469768,-0.0469206,5.61857e-05,1.35604,1.35743,0.0013823
1.76004e+09,7790,-0.0470064,-0.0469482,5.81665e-05,1.35528,1.35676,0.00148501
1.76004e+09,7791,-0.047037,-0.0469768,6.01484e-05,1.35446,1.35604,0.00158775
1.76004e+09,7792,-0.0470685,-0.0470064,6.21313e-05,1.35359,1.35528,0.00169051
1.76004e+09,7793,-0.0471011,-0.047037,6.41154e-05,1.35266,1.35446,0.0017933
1.76004e+09,7794,-0.0471346,-0.0470685,6.61007e-05,1.35169,1.35359,0.00189612
1.76004e+09,7795,-0.0471692,-0.0471011,6.80875e-05,1.35066,1.35266,0.00199896
1.76004e+09,7796,-0.0472047,-0.0471346,7.00756e-05,1.34959,1.35169,0.00210183
1.76004e+09,7797,-0.0472412,-0.0471692,7.20653e-05,1.34846,1.35066,0.00220472
1.76004e+09,7798,-0.0472788,-0.0472047,7.40566e-05,1.34728,1.34959,0.00230764
1.76004e+09,7799,-0.0473173,-0.0472412,7.60497e-05,1.34605,1.34846,0.00241059
1.76004e+09,7800,-0.0473568,-0.0472788,7.80446e-05,1.34477,1.34728,0.00251356
1.76004e+09,7801,-0.0473973,-0.0473173,8.00414e-05,1.34343,1.34605,0.00261655
1.76004e+09,7802,-0.0474388,-0.0473568,8.20402e-05,1.34205,1.34477,0.00271957
1.76004e+09,7803,-0.0474814,-0.0473973,8.40412e-05,1.34061,1.34343,0.00282262
1.76004e+09,7804,-0.0475249,-0.0474814,4.35232e-05,1.33912,1.34061,0.00148862
1.76004e+09,7805,-0.0475694,-0.0475249,4.45266e-05,1.33758,1.33912,0.00154017
1.76004e+09,7806,-0.0476149,-0.0475249,9.00577e-05,1.33599,1.33912,0.00313191
1.76004e+09,7807,-0.0476615,-0.0476149,4.6537e-05,1.33435,1.33599,0.00164332
1.76004e+09,7808,-0.047709,-0.0476149,9.40811e-05,1.33265,1.33599,0.00333825
1.76004e+09,7809,-0.0477576,-0.0476615,9.60969e-05,1.3309,1.33435,0.00344145
1.76004e+09,7810,-0.0478071,-0.0477576,4.95627e-05,1.32911,1.3309,0.00179816
1.76004e+09,7811,-0.0478577,-0.0478071,5.05742e-05,1.32726,1.32911,0.0018498
1.76004e+09,7812,-0.0479093,-0.0478577,5.15872e-05,1.32536,1.32726,0.00190145
1.76004e+09,7813,-0.0479619,-0.0479093,5.26019e-05,1.3234,1.32536,0.00195313
1.76004e+09,7814,-0.0480155,-0.0479093,0.00010622,1.3214,1.32536,0.00395794
1.76004e+09,7815,-0.0480702,-0.0479619,0.000108254,1.31934,1.3234,0.00406134
1.76004e+09,7816,-0.0481258,-0.0480155,0.000110292,1.31723,1.3214,0.00416477
1.76004e+09,7817,-0.0481825,-0.0480702,0.000112333,1.31507,1.31934,0.00426824
1.76004e+09,7818,-0.0482402,-0.0481258,0.000114378,1.31286,1.31723,0.00437175
1.76004e+09,7819,-0.0482989,-0.0481825,0.000116427,1.3106,1.31507,0.00447529
1.76004e+09,7820,-0.0483587,-0.0482402,0.00011848,1.30828,1.31286,0.00457888
1.76004e+09,7821,-0.0484195,-0.0482989,0.000120537,1.30591,1.3106,0.00468252
1.76004e+09,7822,-0.0484813,-0.0483587,0.000122597,1.3035,1.30828,0.0047862
1.76004e+09,7823,-0.0485441,-0.0484195,0.000124663,1.30102,1.30591,0.00488993
1.76004e+09,7824,-0.048608,-0.0485441,6.38839e-05,1.2985,1.30102,0.0025228
1.76004e+09,7825,-0.0486729,-0.048608,6.4922e-05,1.29593,1.2985,0.00257473
1.76004e+09,7826,-0.0487389,-0.0486729,6.59625e-05,1.2933,1.29593,0.00262669
1.76004e+09,7827,-0.0488059,-0.0487389,6.70053e-05,1.29062,1.2933,0.00267868
1.76004e+09,7828,-0.0488739,-0.0488059,6.80506e-05,1.28789,1.29062,0.00273071
1.76004e+09,7829,-0.048943,-0.0488739,6.90984e-05,1.28511,1.28789,0.00278276
1.76004e+09,7830,-0.0490132,-0.0488739,0.000139247,1.28227,1.28789,0.00561761
1.76004e+09,7831,-0.0490844,-0.048943,0.000141351,1.27939,1.28511,0.00572183
1.76004e+09,7832,-0.0491567,-0.0490132,0.000143459,1.27645,1.28227,0.00582613
1.76004e+09,7833,-0.04923,-0.0490844,0.000145574,1.27346,1.27939,0.00593051
1.76004e+09,7834,-0.0493043,-0.0491567,0.000147693,1.27041,1.27645,0.00603497
1.76004e+09,7835,-0.0493798,-0.04923,0.000149819,1.26732,1.27346,0.00613952
1.76004e+09,7836,-0.0494563,-0.0493798,7.65087e-05,1.26417,1.26732,0.00314826
1.76004e+09,7837,-0.0495339,-0.0494563,7.75788e-05,1.26097,1.26417,0.00320065
1.76004e+09,7838,-0.0496125,-0.0495339,7.86521e-05,1.25771,1.26097,0.00325311
1.76004e+09,7839,-0.0496923,-0.0495339,0.000158381,1.25441,1.26097,0.00655872
1.76004e+09,7840,-0.0497731,-0.0496923,8.08081e-05,1.25105,1.25441,0.00335818
1.76004e+09,7841,-0.049855,-0.0497731,8.1891e-05,1.24764,1.25105,0.00341081
1.76004e+09,7842,-0.0499379,-0.049855,8.29772e-05,1.24418,1.24764,0.0034635
1.76004e+09,7843,-0.050022,-0.0499379,8.40669e-05,1.24066,1.24418,0.00351626
1.76004e+09,7844,-0.0501072,-0.050022,8.51601e-05,1.23709,1.24066,0.0035691
1.76004e+09,7845,-0.0501934,-0.0501072,8.62568e-05,1.23347,1.23709,0.00362201
1.76004e+09,7846,-0.0502808,-0.0501072,0.000173614,1.22979,1.23709,0.00729701
1.76004e+09,7847,-0.0503692,-0.0501934,0.000175818,1.22607,1.23347,0.00740307
1.76004e+09,7848,-0.0504588,-0.0502808,0.00017803,1.22228,1.22979,0.00750931
1.76004e+09,7849,-0.0505495,-0.0503692,0.00018025,1.21845,1.22607,0.00761572
1.76004e+09,7850,-0.0506413,-0.0504588,0.000182477,1.21456,1.22228,0.00772232
1.76004e+09,7851,-0.0507342,-0.0506413,9.29157e-05,1.21062,1.21456,0.00394129
1.76004e+09,7852,-0.0508282,-0.0507342,9.40393e-05,1.20663,1.21062,0.00399484
1.76004e+09,7853,-0.0509234,-0.0508282,9.5167e-05,1.20258,1.20663,0.00404851
1.76004e+09,7854,-0.0510197,-0.0509234,9.62989e-05,1.19848,1.20258,0.00410229
1.76004e+09,7855,-0.0511171,-0.0509234,0.000193734,1.19432,1.20258,0.00825849
1.76004e+09,7856,-0.0512157,-0.0510197,0.000196011,1.19011,1.19848,0.00836643
1.76004e+09,7857,-0.0513154,-0.0512157,9.97207e-05,1.18584,1.19011,0.0042644
1.76004e+09,7858,-0.0514163,-0.0513154,0.00010087,1.18153,1.18584,0.0043187
1.76004e+09,7859,-0.0515183,-0.0513154,0.000202894,1.17715,1.18584,0.00869186
1.76004e+09,7860,-0.0516215,-0.0515183,0.000103183,1.17273,1.17715,0.00442776
1.76004e+09,7861,-0.0517259,-0.0516215,0.000104347,1.16824,1.17273,0.00448252
1.76004e+09,7862,-0.0518314,-0.0517259,0.000105515,1.16371,1.16824,0.00453746
1.76004e+09,7863,-0.0519381,-0.0518314,0.000106688,1.15911,1.16371,0.00459256
1.76004e+09,7864,-0.0520459,-0.0519381,0.000107866,1.15446,1.15911,0.00464785
1.76004e+09,7865,-0.052155,-0.0520459,0.000109049,1.14976,1.15446,0.00470333
1.76004e+09,7866,-0.0522652,-0.052155,0.000110238,1.145,1.14976,0.00475902
1.76004e+09,7867,-0.0523766,-0.0522652,0.000111431,1.14019,1.145,0.0048149
1.76004e+09,7868,-0.0524893,-0.0523766,0.00011263,1.13532,1.14019,0.00487101
1.76004e+09,7869,-0.0526031,-0.0524893,0.000113835,1.13039,1.13532,0.00492735
1.76004e+09,7870,-0.0527182,-0.0526031,0.000115044,1.12541,1.13039,0.00498392
1.76004e+09,7871,-0.0528344,-0.0527182,0.00011626,1.12036,1.12541,0.00504074
1.76004e+09,7872,-0.0529519,-0.0527182,0.00023374,1.11527,1.12541,0.0101386
1.76004e+09,7873,-0.0530706,-0.0528344,0.000236188,1.11011,1.12036,0.010253
1.76004e+09,7874,-0.0531905,-0.0529519,0.000238647,1.1049,1.11527,0.010368
1.76004e+09,7875,-0.0533117,-0.0530706,0.000241118,1.09963,1.11011,0.0104836
1.76004e+09,7876,-0.0534341,-0.0533117,0.000122423,1.0943,1.09963,0.00532899
1.76004e+09,7877,-0.0535578,-0.0534341,0.000123673,1.08891,1.0943,0.00538755
1.76004e+09,7878,-0.0536827,-0.0535578,0.00012493,1.08346,1.08891,0.00544645
1.76004e+09,7879,-0.0538089,-0.0535578,0.000251122,1.07796,1.08891,0.0109521
1.76004e+09,7880,-0.0539364,-0.0538089,0.000127461,1.07239,1.07796,0.00556531
1.76004e+09,7881,-0.0540651,-0.0539364,0.000128737,1.06677,1.07239,0.00562531
1.76004e+09,7882,-0.0541952,-0.0540651,0.000130019,1.06108,1.06677,0.00568571
1.76004e+09,7883,-0.0543265,-0.0541952,0.000131307,1.05534,1.06108,0.00574653
1.76004e+09,7884,-0.0544591,-0.0543265,0.000132603,1.04953,1.05534,0.00580778
1.76004e+09,7885,-0.054593,-0.0544591,0.000133905,1.04366,1.04953,0.00586949
1.76004e+09,7886,-0.0547282,-0.054593,0.000135213,1.03773,1.04366,0.00593167
1.76004e+09,7887,-0.0548647,-0.0547282,0.000136529,1.03173,1.03773,0.00599435
1.76004e+09,7888,-0.0550026,-0.0547282,0.000274381,1.02568,1.03773,0.0120519
1.76004e+09,7889,-0.0551417,-0.0548647,0.000277033,1.01955,1.03173,0.0121788
1.76004e+09,7890,-0.0552823,-0.0551417,0.000140518,1.01337,1.01955,0.0061856
1.76004e+09,7891,-0.0554241,-0.0552823,0.000141862,1.00712,1.01337,0.0062505
1.76004e+09,7892,-0.0555673,-0.0554241,0.000143214,1.0008,1.00712,0.00631602
1.76004e+09,7893,-0.0557119,-0.0554241,0.000287786,0.99442,1.00712,0.0126982
1.76004e+09,7894,-0.0558578,-0.0557119,0.000145939,0.987971,0.99442,0.00644902
1.76004e+09,7895,-0.0560052,-0.0558578,0.000147313,0.981454,0.987971,0.00651657
1.76004e+09,7896,-0.0561539,-0.0560052,0.000148695,0.974869,0.981454,0.00658486
1.76004e+09,7897,-0.0563039,-0.0561539,0.000150084,0.968215,0.974869,0.00665392
1.76004e+09,7898,-0.0564554,-0.0563039,0.000151482,0.961492,0.968215,0.0067238
1.76004e+09,7899,-0.0566083,-0.0564554,0.000152887,0.954697,0.961492,0.00679452
1.76004e+09,7900,-0.0567626,-0.0564554,0.000307188,0.947831,0.961492,0.0136606
1.76004e+09,7901,-0.0569183,-0.0566083,0.000310023,0.940892,0.954697,0.0138048
1.76004e+09,7902,-0.0570755,-0.0569183,0.000157152,0.93388,0.940892,0.00701219
1.76004e+09,7903,-0.0572341,-0.0570755,0.000158591,0.926793,0.93388,0.00708673
1.76004e+09,7904,-0.0573941,-0.0572341,0.000160038,0.919631,0.926793,0.00716235
1.76004e+09,7905,-0.0575556,-0.0573941,0.000161495,0.912392,0.919631,0.00723909
1.76004e+09,7906,-0.0577186,-0.0575556,0.00016296,0.905075,0.912392,0.00731701
1.76004e+09,7907,-0.057883,-0.0577186,0.000164434,0.897679,0.905075,0.00739618
1.76004e+09,7908,-0.0580489,-0.057883,0.000165918,0.890202,0.897679,0.00747665
1.76004e+09,7909,-0.0582163,-0.0580489,0.000167411,0.882644,0.890202,0.00755849
1.76004e+09,7910,-0.0583852,-0.0582163,0.000168914,0.875002,0.882644,0.00764178
1.76004e+09,7911,-0.0585557,-0.0583852,0.000170427,0.867275,0.875002,0.00772659
1.76004e+09,7912,-0.0587276,-0.0585557,0.000171951,0.859462,0.867275,0.00781299
1.76004e+09,7913,-0.0589011,-0.0585557,0.000345435,0.851561,0.867275,0.0157141
1.76004e+09,7914,-0.0590761,-0.0587276,0.000348514,0.84357,0.859462,0.015892
1.76004e+09,7915,-0.0592527,-0.0589011,0.000351616,0.835488,0.851561,0.0160736
1.76004e+09,7916,-0.0594309,-0.0590761,0.00035474,0.827311,0.84357,0.0162591
1.76004e+09,7917,-0.0596106,-0.0592527,0.000357887,0.819039,0.835488,0.0164487
1.76004e+09,7918,-0.0597919,-0.0594309,0.000361059,0.810669,0.827311,0.0166425
1.76004e+09,7919,-0.0599749,-0.0596106,0.000364255,0.802198,0.819039,0.0168409
1.76004e+09,7920,-0.0601594,-0.0599749,0.000184547,0.793624,0.802198,0.00857351
1.76004e+09,7921,-0.0603456,-0.0601594,0.000186178,0.784945,0.793624,0.00867901
1.76004e+09,7922,-0.0605334,-0.0601594,0.000374,0.776158,0.793624,0.0174663
1.76004e+09,7923,-0.0607229,-0.0605334,0.00018948,0.76726,0.776158,0.00889857
1.76004e+09,7924,-0.060914,-0.0607229,0.000191152,0.758247,0.76726,0.00901301
1.76004e+09,7925,-0.0611069,-0.060914,0.000192838,0.749116,0.758247,0.00913081
1.76004e+09,7926,-0.0613014,-0.0611069,0.000194539,0.739864,0.749116,0.0092522
1.76004e+09,7927,-0.0614977,-0.0613014,0.000196254,0.730486,0.739864,0.00937744
1.76004e+09,7928,-0.0616957,-0.0614977,0.000197984,0.720979,0.730486,0.00950678
1.76004e+09,7929,-0.0618954,-0.0616957,0.000199727,0.711339,0.720979,0.00964051
1.76004e+09,7930,-0.0620969,-0.0616957,0.000401212,0.70156,0.720979,0.0194195
1.76004e+09,7931,-0.0623001,-0.0620969,0.000203255,0.691637,0.70156,0.00992248
1.76004e+09,7932,-0.0625052,-0.0623001,0.000205039,0.681566,0.691637,0.0100715
1.76004e+09,7933,-0.062712,-0.0625052,0.000206834,0.67134,0.681566,0.0102263
1.76004e+09,7934,-0.0629206,-0.062712,0.000208639,0.660952,0.67134,0.0103875
1.76004e+09,7935,-0.0631311,-0.0629206,0.000210453,0.650397,0.660952,0.0105556
1.76004e+09,7936,-0.0633434,-0.0631311,0.000212275,0.639665,0.650397,0.0107311
1.76004e+09,7937,-0.0635575,-0.0633434,0.000214102,0.628751,0.639665,0.0109148
1.76004e+09,7938,-0.0637734,-0.0635575,0.000215932,0.617643,0.628751,0.0111073
1.76004e+09,7939,-0.0639912,-0.0635575,0.000433695,0.606334,0.628751,0.0224169
1.76004e+09,7940,-0.0643322,-0.0639912,0.00034101,0.606139,0.606334,0.000194699
1.76004e+09,7941,-0.0646758,-0.0643322,0.000343671,0.605941,0.606139,0.000197584
1.76004e+09,7942,-0.0650222,-0.0646758,0.000346322,0.605741,0.605941,0.000200493
1.76004e+09,7943,-0.0653711,-0.0650222,0.00034896,0.605538,0.605741,0.000203423
1.76004e+09,7944,-0.0657227,-0.0653711,0.000351579,0.605331,0.605538,0.000206372
1.76004e+09,7945,-0.0660769,-0.0657227,0.000354177,0.605122,0.605331,0.000209336
1.76004e+09,7946,-0.0664336,-0.0657227,0.000710924,0.60491,0.605331,0.00042165
1.76004e+09,7947,-0.0667929,-0.0660769,0.000716034,0.604694,0.605122,0.000427615
1.76004e+09,7948,-0.0671547,-0.0664336,0.000721074,0.604476,0.60491,0.000433596
1.76004e+09,7949,-0.067519,-0.0671547,0.000364248,0.604255,0.604476,0.000221291
1.76004e+09,7950,-0.0678856,-0.067519,0.00036666,0.60403,0.604255,0.000224286
1.76004e+09,7951,-0.0682546,-0.067519,0.00073568,0.603803,0.604255,0.000451561
1.76004e+09,7952,-0.068626,-0.0678856,0.000740342,0.603573,0.60403,0.00045753
1.76004e+09,7953,-0.0689995,-0.0682546,0.000744883,0.60334,0.603803,0.000463476
1.76004e+09,7954,-0.0693752,-0.068626,0.000749291,0.603103,0.603573,0.00046939
1.76004e+09,7955,-0.0697531,-0.0689995,0.000753557,0.602864,0.60334,0.000475264
1.76004e+09,7956,-0.0701329,-0.0693752,0.00075767,0.602622,0.603103,0.000481089
1.76004e+09,7957,-0.0705147,-0.0701329,0.000381777,0.602377,0.602622,0.000244861
1.76004e+09,7958,-0.0708983,-0.0705147,0.000383622,0.60213,0.602377,0.000247692
1.76004e+09,7959,-0.0712837,-0.0708983,0.000385373,0.601879,0.60213,0.000250483
1.76004e+09,7960,-0.0716707,-0.0712837,0.000387027,0.601626,0.601879,0.000253229
1.76004e+09,7961,-0.0720593,-0.0716707,0.00038858,0.60137,0.601626,0.000255926
1.76004e+09,7962,-0.0724493,-0.0720593,0.000390027,0.601112,0.60137,0.00025857
1.76004e+09,7963,-0.0728407,-0.0720593,0.000781392,0.60085,0.60137,0.000519726
1.76004e+09,7964,-0.0732333,-0.0724493,0.000783957,0.600587,0.601112,0.000524836
1.76004e+09,7965,-0.073627,-0.0732333,0.000393703,0.600321,0.600587,0.000266139
1.76004e+09,7966,-0.0740217,-0.073627,0.000394697,0.600052,0.600321,0.000268528
1.76004e+09,7967,-0.0744172,-0.0740217,0.000395571,0.599781,0.600052,0.000270845
1.76004e+09,7968,-0.0748136,-0.0740217,0.000791895,0.599508,0.600052,0.00054393
1.76004e+09,7969,-0.0752105,-0.0748136,0.000396954,0.599233,0.599508,0.000275246
1.76004e+09,7970,-0.075608,-0.0752105,0.00039746,0.598956,0.599233,0.000277325
1.76004e+09,7971,-0.0760058,-0.075608,0.000397841,0.598676,0.598956,0.000279318
1.76004e+09,7972,-0.0764039,-0.0760058,0.000398097,0.598395,0.598676,0.000281224
1.76004e+09,7973,-0.0768022,-0.0764039,0.000398227,0.598112,0.598395,0.000283039
1.76004e+09,7974,-0.0772004,-0.0768022,0.000398233,0.597827,0.598112,0.000284763
1.76004e+09,7975,-0.0775985,-0.0772004,0.000398114,0.597541,0.597827,0.000286394
1.76004e+09,7976,-0.0779964,-0.0775985,0.000397873,0.597253,0.597541,0.000287929
1.76004e+09,7977,-0.0783939,-0.0779964,0.000397509,0.596964,0.597253,0.000289369
1.76004e+09,7978,-0.0787909,-0.0783939,0.000397026,0.596673,0.596964,0.000290712
1.76004e+09,7979,-0.0791873,-0.0787909,0.000396426,0.596381,0.596673,0.000291957
1.76004e+09,7980,-0.079583,-0.0791873,0.00039571,0.596088,0.596381,0.000293106
1.76004e+09,7981,-0.0799779,-0.079583,0.000394882,0.595794,0.596088,0.000294157
1.76004e+09,7982,-0.0803719,-0.0799779,0.000393945,0.595498,0.595794,0.000295112
1.76004e+09,7983,-0.0807648,-0.0803719,0.000392902,0.595203,0.595498,0.000295971
1.76004e+09,7984,-0.0811565,-0.0807648,0.000391758,0.594906,0.595203,0.000296736
1.76004e+09,7985,-0.081547,-0.0811565,0.000390516,0.594608,0.594906,0.000297408
1.76004e+09,7986,-0.0819362,-0.081547,0.000389182,0.59431,0.594608,0.000297989
1.76004e+09,7987,-0.082324,-0.0819362,0.000387759,0.594012,0.59431,0.000298481
1.76004e+09,7988,-0.0827102,-0.082324,0.000386252,0.593713,0.594012,0.000298887
1.76004e+09,7989,-0.0830949,-0.082324,0.000770919,0.593414,0.594012,0.000598096
1.76004e+09,7990,-0.0834779,-0.0827102,0.000767676,0.593114,0.593713,0.00059866
1.76004e+09,7991,-0.0838592,-0.0830949,0.000764292,0.592815,0.593414,0.000599066
1.76004e+09,7992,-0.0842387,-0.0834779,0.000760778,0.592515,0.593114,0.000599321
1.76004e+09,7993,-0.0846163,-0.0842387,0.000377649,0.592215,0.592515,0.000299726
1.76004e+09,7994,-0.0849921,-0.0846163,0.000375753,0.591916,0.592215,0.000299679
1.76004e+09,7995,-0.0853659,-0.0849921,0.00037381,0.591616,0.591916,0.00029957
1.76004e+09,7996,-0.0857377,-0.0849921,0.000745638,0.591317,0.591916,0.000598972
1.76004e+09,7997,-0.0861075,-0.0853659,0.000741636,0.591017,0.591616,0.00059858
1.76004e+09,7998,-0.0864753,-0.0857377,0.000737568,0.590719,0.591317,0.000598082
1.76004e+09,7999,-0.086841,-0.0861075,0.000733445,0.59042,0.591017,0.000597485
