timestamp,k,comando_l_hip_roll,real_l_hip_roll,erro_l_hip_roll,comando_l_knee,real_l_knee,erro_l_knee
1.76004e+09,0,-0.0703891,0,0.0703891,0.6082,0,-0.6082
1.76004e+09,1,-0.0703872,0,0.0703872,0.608201,0,-0.608201
1.76004e+09,2,-0.0703824,-0.0703891,-6.65336e-06,0.608203,0.6082,-3.03985e-06
1.76004e+09,3,-0.0703738,-0.0703872,-1.34093e-05,0.608207,0.608201,-6.12447e-06
1.76004e+09,4,-0.0703606,-0.0703824,-2.18069e-05,0.608213,0.608203,-9.95414e-06
1.76004e+09,5,-0.0703425,-0.0703738,-3.13161e-05,0.608221,0.608207,-1.42823e-05
1.76004e+09,6,-0.0703191,-0.0703606,-4.14878e-05,0.608232,0.608213,-1.88989e-05
1.76004e+09,7,-0.0702905,-0.0703425,-5.19479e-05,0.608245,0.608221,-2.36278e-05
1.76004e+09,8,-0.0702567,-0.0703191,-6.23905e-05,0.60826,0.608232,-2.83247e-05
1.76004e+09,9,-0.070218,-0.0702905,-7.2571e-05,0.608278,0.608245,-3.28741e-05
1.76004e+09,10,-0.0701744,-0.0702567,-8.22994e-05,0.608298,0.60826,-3.71868e-05
1.76004e+09,11,-0.0701265,-0.070218,-9.14337e-05,0.608319,0.608278,-4.11967e-05
1.76004e+09,12,-0.0700746,-0.0701744,-9.9873e-05,0.608342,0.608298,-4.4858e-05
1.76004e+09,13,-0.070019,-0.0701265,-0.000107552,0.608367,0.608319,-4.81423e-05
1.76004e+09,14,-0.0699601,-0.0700746,-0.000114436,0.608393,0.608342,-5.10359e-05
1.76004e+09,15,-0.0698985,-0.070019,-0.000120514,0.608421,0.608367,-5.35372e-05
1.76004e+09,16,-0.0698343,-0.0698985,-6.4119e-05,0.608449,0.608421,-2.83091e-05
1.76004e+09,17,-0.0697682,-0.0698343,-6.61847e-05,0.608478,0.608449,-2.90935e-05
1.76004e+09,18,-0.0697003,-0.0697682,-6.78939e-05,0.608508,0.608478,-2.97102e-05
1.76004e+09,19,-0.069631,-0.0697003,-6.92716e-05,0.608538,0.608508,-3.01725e-05
1.76004e+09,20,-0.0695606,-0.069631,-7.03452e-05,0.608569,0.608538,-3.04948e-05
1.76004e+09,21,-0.0694895,-0.0695606,-7.11433e-05,0.608599,0.608569,-3.0692e-05
1.76004e+09,22,-0.0694178,-0.0694895,-7.16953e-05,0.60863,0.608599,-3.07787e-05
1.76004e+09,23,-0.0693458,-0.0694178,-7.20301e-05,0.608661,0.60863,-3.07693e-05
1.76004e+09,24,-0.0692736,-0.0693458,-7.21756e-05,0.608692,0.608661,-3.06776e-05
1.76004e+09,25,-0.0692014,-0.0693458,-0.000144334,0.608722,0.608661,-6.1194e-05
1.76004e+09,26,-0.0691294,-0.0692014,-7.20042e-05,0.608752,0.608722,-3.02977e-05
1.76004e+09,27,-0.0690577,-0.0691294,-7.17357e-05,0.608782,0.608752,-3.00324e-05
1.76004e+09,28,-0.0689863,-0.0690577,-7.13744e-05,0.608812,0.608782,-2.97302e-05
1.76004e+09,29,-0.0689154,-0.0690577,-0.000142314,0.608842,0.608782,-5.913e-05
1.76004e+09,30,-0.0688449,-0.0689154,-7.04478e-05,0.608871,0.608842,-2.9049e-05
1.76004e+09,31,-0.068775,-0.0688449,-6.99147e-05,0.608899,0.608871,-2.86842e-05
1.76004e+09,32,-0.0687057,-0.068775,-6.93532e-05,0.608928,0.608899,-2.83112e-05
1.76004e+09,33,-0.0686369,-0.0687057,-6.87746e-05,0.608955,0.608928,-2.79347e-05
1.76004e+09,34,-0.0685687,-0.0687057,-0.000136963,0.608983,0.608928,-5.54933e-05
1.76004e+09,35,-0.0685011,-0.0685687,-6.7602e-05,0.60901,0.608983,-2.71862e-05
1.76004e+09,36,-0.0684341,-0.0685011,-6.70225e-05,0.609037,0.60901,-2.68199e-05
1.76004e+09,37,-0.0683676,-0.0684341,-6.64547e-05,0.609064,0.609037,-2.64618e-05
1.76004e+09,38,-0.0683017,-0.0684341,-0.000132357,0.60909,0.609037,-5.2575e-05
1.76004e+09,39,-0.0682364,-0.0683676,-0.000131272,0.609115,0.609064,-5.18884e-05
1.76004e+09,40,-0.0681715,-0.0683017,-0.000130226,0.609141,0.60909,-5.12236e-05
1.76004e+09,41,-0.0681071,-0.0682364,-0.000129222,0.609166,0.609115,-5.05815e-05
1.76004e+09,42,-0.0680432,-0.0681715,-0.000128263,0.609191,0.609141,-4.99626e-05
1.76004e+09,43,-0.0679798,-0.0681071,-0.00012735,0.609215,0.609166,-4.93667e-05
1.76004e+09,44,-0.0679168,-0.0679798,-6.30297e-05,0.60924,0.609215,-2.42561e-05
1.76004e+09,45,-0.0678541,-0.0679798,-0.000125658,0.609264,0.609215,-4.8242e-05
1.76004e+09,46,-0.0677919,-0.0679168,-0.000124878,0.609287,0.60924,-4.77115e-05
1.76004e+09,47,-0.06773,-0.0678541,-0.000124138,0.609311,0.609264,-4.7201e-05
1.76004e+09,48,-0.0676684,-0.0677919,-0.000123438,0.609334,0.609287,-4.67093e-05
1.76004e+09,49,-0.0676072,-0.06773,-0.000122773,0.609357,0.609311,-4.62351e-05
1.76004e+09,50,-0.0675463,-0.0676072,-6.0918e-05,0.60938,0.609357,-2.27761e-05
1.76004e+09,51,-0.0674857,-0.0675463,-6.06259e-05,0.609402,0.60938,-2.25582e-05
1.76004e+09,52,-0.0674253,-0.0675463,-0.000120974,0.609425,0.60938,-4.49053e-05
1.76004e+09,53,-0.0673652,-0.0674857,-0.00012043,0.609447,0.609402,-4.44892e-05
1.76004e+09,54,-0.0673054,-0.0673652,-5.98276e-05,0.609469,0.609447,-2.19426e-05
1.76004e+09,55,-0.0672458,-0.0673054,-5.95837e-05,0.609491,0.609469,-2.17483e-05
1.76004e+09,56,-0.0671865,-0.0672458,-5.93491e-05,0.609512,0.609491,-2.15587e-05
1.76004e+09,57,-0.0671274,-0.0671865,-5.9123e-05,0.609533,0.609512,-2.13733e-05
1.76004e+09,58,-0.0670685,-0.0671274,-5.89045e-05,0.609555,0.609533,-2.1192e-05
1.76004e+09,59,-0.0670098,-0.0670685,-5.8693e-05,0.609576,0.609555,-2.10142e-05
1.76004e+09,60,-0.0669513,-0.0670098,-5.84879e-05,0.609597,0.609576,-2.08398e-05
1.76004e+09,61,-0.066893,-0.0669513,-5.82886e-05,0.609617,0.609597,-2.06685e-05
1.76004e+09,62,-0.0668349,-0.0669513,-0.000116383,0.609638,0.609597,-4.11687e-05
1.76004e+09,63,-0.066777,-0.066893,-0.000116,0.609658,0.609617,-4.08347e-05
1.76004e+09,64,-0.0667193,-0.0668349,-0.000115627,0.609678,0.609638,-4.0506e-05
1.76004e+09,65,-0.0666617,-0.066777,-0.000115262,0.609698,0.609658,-4.01824e-05
1.76004e+09,66,-0.0666044,-0.0667193,-0.000114906,0.609718,0.609678,-3.98636e-05
1.76004e+09,67,-0.0665472,-0.0666617,-0.000114558,0.609738,0.609698,-3.95494e-05
1.76004e+09,68,-0.0664901,-0.0665472,-5.70249e-05,0.609757,0.609738,-1.95429e-05
1.76004e+09,69,-0.0664333,-0.0665472,-0.000113885,0.609777,0.609738,-3.89342e-05
1.76004e+09,70,-0.0663766,-0.0664333,-5.66998e-05,0.609796,0.609777,-1.92417e-05
1.76004e+09,71,-0.06632,-0.0663766,-5.65428e-05,0.609815,0.609796,-1.90942e-05
1.76004e+09,72,-0.0662637,-0.06632,-5.63894e-05,0.609834,0.609815,-1.89487e-05
1.76004e+09,73,-0.0662074,-0.0662637,-5.62397e-05,0.609853,0.609834,-1.88051e-05
1.76004e+09,74,-0.0661513,-0.0662074,-5.60936e-05,0.609871,0.609853,-1.86636e-05
1.76004e+09,75,-0.0660954,-0.0661513,-5.59511e-05,0.60989,0.609871,-1.85239e-05
1.76004e+09,76,-0.0660396,-0.0660954,-5.58124e-05,0.609908,0.60989,-1.83862e-05
1.76004e+09,77,-0.0659839,-0.0660954,-0.00011149,0.609927,0.60989,-3.66367e-05
1.76004e+09,78,-0.0659283,-0.0659839,-5.55462e-05,0.609945,0.609927,-1.81166e-05
1.76004e+09,79,-0.0658729,-0.0659283,-5.54188e-05,0.609963,0.609945,-1.79846e-05
1.76004e+09,80,-0.0658176,-0.0658729,-5.52952e-05,0.609981,0.609963,-1.78544e-05
1.76004e+09,81,-0.0657624,-0.0658176,-5.51755e-05,0.609998,0.609981,-1.77261e-05
1.76004e+09,82,-0.0657074,-0.0657624,-5.50598e-05,0.610016,0.609998,-1.75997e-05
1.76004e+09,83,-0.0656524,-0.0657624,-0.000110008,0.610033,0.609998,-3.50747e-05
1.76004e+09,84,-0.0655976,-0.0657074,-0.000109788,0.610051,0.610016,-3.48272e-05
1.76004e+09,85,-0.0655429,-0.0655976,-5.47362e-05,0.610068,0.610051,-1.72311e-05
1.76004e+09,86,-0.0654882,-0.0655429,-5.46363e-05,0.610085,0.610068,-1.71118e-05
1.76004e+09,87,-0.0654337,-0.0654882,-5.45404e-05,0.610102,0.610085,-1.69943e-05
1.76004e+09,88,-0.0653792,-0.0654337,-5.44486e-05,0.610119,0.610102,-1.68784e-05
1.76004e+09,89,-0.0653249,-0.0653792,-5.43608e-05,0.610136,0.610119,-1.67643e-05
1.76004e+09,90,-0.0652706,-0.0653249,-5.42771e-05,0.610152,0.610136,-1.66518e-05
1.76004e+09,91,-0.0652164,-0.0652706,-5.41974e-05,0.610169,0.610152,-1.65409e-05
1.76004e+09,92,-0.0651623,-0.0652164,-5.41217e-05,0.610185,0.610169,-1.64317e-05
1.76004e+09,93,-0.0651082,-0.0651623,-5.40501e-05,0.610202,0.610185,-1.63241e-05
1.76004e+09,94,-0.0650542,-0.0651082,-5.39826e-05,0.610218,0.610202,-1.6218e-05
1.76004e+09,95,-0.0650003,-0.0650542,-5.3919e-05,0.610234,0.610218,-1.61134e-05
1.76004e+09,96,-0.0649465,-0.0650542,-0.000107779,0.61025,0.610218,-3.21237e-05
1.76004e+09,97,-0.0648927,-0.0650003,-0.000107664,0.610266,0.610234,-3.1919e-05
1.76004e+09,98,-0.0648389,-0.0648927,-5.37526e-05,0.610282,0.610266,-1.58086e-05
1.76004e+09,99,-0.0647852,-0.0648389,-5.37051e-05,0.610297,0.610282,-1.57098e-05
1.76004e+09,100,-0.0647315,-0.0647852,-5.36615e-05,0.610313,0.610297,-1.56125e-05
1.76004e+09,101,-0.0646779,-0.0647315,-5.3622e-05,0.610329,0.610313,-1.55165e-05
1.76004e+09,102,-0.0646243,-0.0647315,-0.000107208,0.610344,0.610313,-3.09382e-05
1.76004e+09,103,-0.0645708,-0.0646779,-0.000107141,0.610359,0.610329,-3.07502e-05
1.76004e+09,104,-0.0645173,-0.0646243,-0.000107082,0.610375,0.610344,-3.05647e-05
1.76004e+09,105,-0.0644637,-0.0645173,-5.35031e-05,0.61039,0.610375,-1.51454e-05
1.76004e+09,106,-0.0644103,-0.0644637,-5.34831e-05,0.610405,0.61039,-1.50558e-05
1.76004e+09,107,-0.0643568,-0.0644637,-0.00010695,0.61042,0.61039,-3.0023e-05
1.76004e+09,108,-0.0643033,-0.0643568,-5.34548e-05,0.610435,0.61042,-1.488e-05
1.76004e+09,109,-0.0642499,-0.0643033,-5.34465e-05,0.610449,0.610435,-1.47938e-05
1.76004e+09,110,-0.0641965,-0.0642499,-5.3442e-05,0.610464,0.610449,-1.47087e-05
1.76004e+09,111,-0.064143,-0.0641965,-5.34413e-05,0.610479,0.610464,-1.46246e-05
1.76004e+09,112,-0.0640896,-0.064143,-5.34444e-05,0.610493,0.610479,-1.45416e-05
1.76004e+09,113,-0.0640361,-0.0640896,-5.34513e-05,0.610508,0.610493,-1.44597e-05
1.76004e+09,114,-0.0639827,-0.0640361,-5.3462e-05,0.610522,0.610508,-1.43787e-05
1.76004e+09,115,-0.0639292,-0.0639827,-5.34765e-05,0.610536,0.610522,-1.42987e-05
1.76004e+09,116,-0.0638757,-0.0639292,-5.34948e-05,0.610551,0.610536,-1.42196e-05
1.76004e+09,117,-0.0638222,-0.0638757,-5.35168e-05,0.610565,0.610551,-1.41414e-05
1.76004e+09,118,-0.0637686,-0.0638222,-5.35426e-05,0.610579,0.610565,-1.40642e-05
1.76004e+09,119,-0.0637151,-0.0638222,-0.000107115,0.610593,0.610565,-2.80519e-05
1.76004e+09,120,-0.0636614,-0.0637151,-5.36054e-05,0.610607,0.610593,-1.39121e-05
1.76004e+09,121,-0.0636078,-0.0636614,-5.36423e-05,0.610621,0.610607,-1.38374e-05
1.76004e+09,122,-0.0635541,-0.0636078,-5.3683e-05,0.610634,0.610621,-1.37633e-05
1.76004e+09,123,-0.0635004,-0.0635541,-5.37274e-05,0.610648,0.610634,-1.36901e-05
1.76004e+09,124,-0.0634466,-0.0635004,-5.37755e-05,0.610662,0.610648,-1.36176e-05
1.76004e+09,125,-0.0633928,-0.0635004,-0.000107603,0.610675,0.610648,-2.71633e-05
1.76004e+09,126,-0.0633389,-0.0634466,-0.00010771,0.610689,0.610662,-2.70203e-05
1.76004e+09,127,-0.063285,-0.0633928,-0.000107825,0.610702,0.610675,-2.68787e-05
1.76004e+09,128,-0.063231,-0.063285,-5.40047e-05,0.610715,0.610702,-1.33343e-05
1.76004e+09,129,-0.0631769,-0.063231,-5.40711e-05,0.610729,0.610715,-1.3265e-05
1.76004e+09,130,-0.0631227,-0.0631769,-5.41412e-05,0.610742,0.610729,-1.31963e-05
1.76004e+09,131,-0.0630685,-0.0631769,-0.000108356,0.610755,0.610729,-2.63245e-05
1.76004e+09,132,-0.0630142,-0.0630685,-5.42924e-05,0.610768,0.610755,-1.30606e-05
1.76004e+09,133,-0.0629599,-0.0630142,-5.43734e-05,0.610781,0.610768,-1.29935e-05
1.76004e+09,134,-0.0629054,-0.0629599,-5.44581e-05,0.610794,0.610781,-1.29269e-05
1.76004e+09,135,-0.0628509,-0.0629054,-5.45464e-05,0.610807,0.610794,-1.28607e-05
1.76004e+09,136,-0.0627962,-0.0628509,-5.46383e-05,0.61082,0.610807,-1.2795e-05
1.76004e+09,137,-0.0627415,-0.0628509,-0.000109372,0.610832,0.610807,-2.55246e-05
1.76004e+09,138,-0.0626867,-0.0627962,-0.000109567,0.610845,0.61082,-2.53943e-05
1.76004e+09,139,-0.0626317,-0.0627415,-0.000109769,0.610858,0.610832,-2.52647e-05
1.76004e+09,140,-0.0625767,-0.0626867,-0.000109978,0.61087,0.610845,-2.51359e-05
1.76004e+09,141,-0.0625215,-0.0625767,-5.51521e-05,0.610883,0.61087,-1.24718e-05
1.76004e+09,142,-0.0624663,-0.0625215,-5.52656e-05,0.610895,0.610883,-1.24081e-05
1.76004e+09,143,-0.0624109,-0.0624663,-5.53827e-05,0.610907,0.610895,-1.23447e-05
1.76004e+09,144,-0.0623554,-0.0624109,-5.55035e-05,0.61092,0.610907,-1.22815e-05
1.76004e+09,145,-0.0622997,-0.0623554,-5.56278e-05,0.610932,0.61092,-1.22184e-05
1.76004e+09,146,-0.062244,-0.0623554,-0.000111383,0.610944,0.61092,-2.4374e-05
1.76004e+09,147,-0.0621881,-0.0622997,-0.000111643,0.610956,0.610932,-2.42485e-05
1.76004e+09,148,-0.0621321,-0.0621881,-5.60222e-05,0.610968,0.610956,-1.20303e-05
1.76004e+09,149,-0.0620759,-0.0621321,-5.61608e-05,0.61098,0.610968,-1.19679e-05
1.76004e+09,150,-0.0620196,-0.0620759,-5.6303e-05,0.610992,0.61098,-1.19055e-05
1.76004e+09,151,-0.0619632,-0.0620759,-0.000112752,0.611004,0.61098,-2.37487e-05
1.76004e+09,152,-0.0619066,-0.0620196,-0.000113047,0.611016,0.610992,-2.3624e-05
1.76004e+09,153,-0.0618498,-0.0619632,-0.000113349,0.611027,0.611004,-2.34994e-05
1.76004e+09,154,-0.0617929,-0.0618498,-5.69073e-05,0.611039,0.611027,-1.16562e-05
1.76004e+09,155,-0.0617358,-0.0617929,-5.70673e-05,0.611051,0.611039,-1.15938e-05
1.76004e+09,156,-0.0616786,-0.0617358,-5.72309e-05,0.611062,0.611051,-1.15313e-05
1.76004e+09,157,-0.0616212,-0.0616786,-5.7398e-05,0.611074,0.611062,-1.14687e-05
1.76004e+09,158,-0.0615637,-0.0616786,-0.000114967,0.611085,0.611062,-2.28747e-05
1.76004e+09,159,-0.0615059,-0.0616212,-0.000115312,0.611096,0.611074,-2.27491e-05
1.76004e+09,160,-0.061448,-0.0615059,-5.79207e-05,0.611108,0.611096,-1.12801e-05
1.76004e+09,161,-0.0613899,-0.061448,-5.81021e-05,0.611119,0.611108,-1.12168e-05
1.76004e+09,162,-0.0613316,-0.0613899,-5.8287e-05,0.61113,0.611119,-1.11533e-05
1.76004e+09,163,-0.0612731,-0.0613899,-0.000116762,0.611141,0.611119,-2.22427e-05
1.76004e+09,164,-0.0612145,-0.0613316,-0.000117143,0.611152,0.61113,-2.21149e-05
1.76004e+09,165,-0.0611556,-0.0612731,-0.00011753,0.611163,0.611141,-2.19864e-05
1.76004e+09,166,-0.0610965,-0.0612145,-0.000117925,0.611174,0.611152,-2.18572e-05
1.76004e+09,167,-0.0610373,-0.0610965,-5.92648e-05,0.611185,0.611174,-1.08311e-05
1.76004e+09,168,-0.0609778,-0.0610373,-5.94711e-05,0.611196,0.611185,-1.07656e-05
1.76004e+09,169,-0.0609181,-0.0609778,-5.96809e-05,0.611206,0.611196,-1.06996e-05
1.76004e+09,170,-0.0608582,-0.0609181,-5.98943e-05,0.611217,0.611206,-1.06332e-05
1.76004e+09,171,-0.0607981,-0.0608582,-6.01112e-05,0.611227,0.611217,-1.05663e-05
1.76004e+09,172,-0.0607378,-0.0608582,-0.000120443,0.611238,0.611217,-2.10651e-05
1.76004e+09,173,-0.0606772,-0.0607378,-6.05558e-05,0.611248,0.611238,-1.04309e-05
1.76004e+09,174,-0.0606164,-0.0606772,-6.07834e-05,0.611259,0.611248,-1.03623e-05
1.76004e+09,175,-0.0605554,-0.0606164,-6.10146e-05,0.611269,0.611259,-1.02932e-05
1.76004e+09,176,-0.0604942,-0.0605554,-6.12494e-05,0.611279,0.611269,-1.02234e-05
1.76004e+09,177,-0.0604327,-0.0604942,-6.14878e-05,0.611289,0.611279,-1.01529e-05
1.76004e+09,178,-0.060371,-0.0604327,-6.17298e-05,0.6113,0.611289,-1.00817e-05
1.76004e+09,179,-0.060309,-0.0604327,-0.000123705,0.61131,0.611289,-2.00916e-05
1.76004e+09,180,-0.0602468,-0.060371,-0.0001242,0.611319,0.6113,-1.99471e-05
1.76004e+09,181,-0.0601843,-0.0602468,-6.24771e-05,0.611329,0.611319,-9.86379e-06
1.76004e+09,182,-0.0601215,-0.0601843,-6.27335e-05,0.611339,0.611329,-9.78955e-06
1.76004e+09,183,-0.0600586,-0.0601215,-6.29934e-05,0.611349,0.611339,-9.71446e-06
1.76004e+09,184,-0.0599953,-0.0600586,-6.32569e-05,0.611358,0.611349,-9.63849e-06
1.76004e+09,185,-0.0599318,-0.0599953,-6.3524e-05,0.611368,0.611358,-9.5616e-06
1.76004e+09,186,-0.059868,-0.0599953,-0.000127319,0.611378,0.611358,-1.90454e-05
1.76004e+09,187,-0.0598039,-0.0599318,-0.000127864,0.611387,0.611368,-1.88887e-05
1.76004e+09,188,-0.0597396,-0.0598039,-6.43471e-05,0.611396,0.611387,-9.32515e-06
1.76004e+09,189,-0.0596749,-0.0597396,-6.46287e-05,0.611405,0.611396,-9.2443e-06
1.76004e+09,190,-0.05961,-0.0596749,-6.49139e-05,0.611415,0.611405,-9.16236e-06
1.76004e+09,191,-0.0595448,-0.05961,-6.52028e-05,0.611424,0.611415,-9.07932e-06
1.76004e+09,192,-0.0594793,-0.0595448,-6.54953e-05,0.611433,0.611424,-8.99513e-06
1.76004e+09,193,-0.0594135,-0.0595448,-0.000131287,0.611442,0.611424,-1.79049e-05
1.76004e+09,194,-0.0593474,-0.0594135,-6.60913e-05,0.61145,0.611442,-8.82319e-06
1.76004e+09,195,-0.059281,-0.0593474,-6.63948e-05,0.611459,0.61145,-8.73537e-06
1.76004e+09,196,-0.0592143,-0.059281,-6.6702e-05,0.611468,0.611459,-8.64626e-06
1.76004e+09,197,-0.0591473,-0.0592143,-6.70128e-05,0.611476,0.611468,-8.55583e-06
1.76004e+09,198,-0.05908,-0.0591473,-6.73273e-05,0.611485,0.611476,-8.46405e-06
1.76004e+09,199,-0.0590124,-0.05908,-6.76455e-05,0.611493,0.611485,-8.37087e-06
1.76004e+09,200,-0.0589444,-0.0590124,-6.79674e-05,0.611501,0.611493,-8.27627e-06
1.76004e+09,201,-0.0588761,-0.0589444,-6.82931e-05,0.61151,0.611501,-8.18021e-06
1.76004e+09,202,-0.0588075,-0.0588761,-6.86224e-05,0.611518,0.61151,-8.08263e-06
1.76004e+09,203,-0.0587385,-0.0588075,-6.89554e-05,0.611526,0.611518,-7.98352e-06
1.76004e+09,204,-0.0586692,-0.0587385,-6.92922e-05,0.611534,0.611526,-7.88283e-06
1.76004e+09,205,-0.0585996,-0.0586692,-6.96327e-05,0.611541,0.611534,-7.78052e-06
1.76004e+09,206,-0.0585296,-0.0585996,-6.99769e-05,0.611549,0.611541,-7.67655e-06
1.76004e+09,207,-0.0584593,-0.0585296,-7.03249e-05,0.611557,0.611549,-7.57089e-06
1.76004e+09,208,-0.0583886,-0.0585296,-0.000141002,0.611564,0.611549,-1.50344e-05
1.76004e+09,209,-0.0583176,-0.0583886,-7.10322e-05,0.611571,0.611564,-7.3543e-06
1.76004e+09,210,-0.0582462,-0.0583176,-7.13915e-05,0.611579,0.611571,-7.2433e-06
1.76004e+09,211,-0.0581744,-0.0582462,-7.17546e-05,0.611586,0.611579,-7.13043e-06
1.76004e+09,212,-0.0581023,-0.0581744,-7.21215e-05,0.611593,0.611586,-7.01566e-06
1.76004e+09,213,-0.0580298,-0.0581023,-7.24921e-05,0.6116,0.611593,-6.89895e-06
1.76004e+09,214,-0.057957,-0.0580298,-7.28667e-05,0.611607,0.6116,-6.78025e-06
1.76004e+09,215,-0.0578837,-0.057957,-7.3245e-05,0.611613,0.611607,-6.65951e-06
1.76004e+09,216,-0.0578101,-0.0578837,-7.36272e-05,0.61162,0.611613,-6.5367e-06
1.76004e+09,217,-0.0577361,-0.0578101,-7.40132e-05,0.611626,0.61162,-6.41177e-06
1.76004e+09,218,-0.0576617,-0.0577361,-7.44031e-05,0.611632,0.611626,-6.28467e-06
1.76004e+09,219,-0.0575869,-0.0576617,-7.47968e-05,0.611639,0.611632,-6.15536e-06
1.76004e+09,220,-0.0575117,-0.0575869,-7.51945e-05,0.611645,0.611639,-6.02379e-06
1.76004e+09,221,-0.0574361,-0.0575117,-7.5596e-05,0.611651,0.611645,-5.88992e-06
1.76004e+09,222,-0.0573601,-0.0574361,-7.60014e-05,0.611656,0.611651,-5.7537e-06
1.76004e+09,223,-0.0572837,-0.0573601,-7.64108e-05,0.611662,0.611656,-5.61507e-06
1.76004e+09,224,-0.0572068,-0.0572837,-7.6824e-05,0.611667,0.611662,-5.474e-06
1.76004e+09,225,-0.0571296,-0.0572068,-7.72412e-05,0.611673,0.611667,-5.33043e-06
1.76004e+09,226,-0.0570519,-0.0571296,-7.76624e-05,0.611678,0.611673,-5.18431e-06
1.76004e+09,227,-0.0569739,-0.0570519,-7.80875e-05,0.611683,0.611678,-5.0356e-06
1.76004e+09,228,-0.0568953,-0.0569739,-7.85166e-05,0.611688,0.611683,-4.88424e-06
1.76004e+09,229,-0.0568164,-0.0569739,-0.000157466,0.611693,0.611683,-9.61442e-06
1.76004e+09,230,-0.056737,-0.0568953,-0.000158336,0.611697,0.611688,-9.30355e-06
1.76004e+09,231,-0.0566572,-0.0568164,-0.000159215,0.611701,0.611693,-8.98713e-06
1.76004e+09,232,-0.0565769,-0.0566572,-8.0273e-05,0.611706,0.611701,-4.25129e-06
1.76004e+09,233,-0.0564962,-0.0565769,-8.07222e-05,0.61171,0.611706,-4.0859e-06
1.76004e+09,234,-0.056415,-0.0564962,-8.11754e-05,0.611714,0.61171,-3.91755e-06
1.76004e+09,235,-0.0563334,-0.056415,-8.16327e-05,0.611717,0.611714,-3.74618e-06
1.76004e+09,236,-0.0562513,-0.056415,-0.000163727,0.611721,0.611714,-7.31792e-06
1.76004e+09,237,-0.0561687,-0.0562513,-8.25595e-05,0.611724,0.611721,-3.39415e-06
1.76004e+09,238,-0.0560857,-0.0561687,-8.30291e-05,0.611728,0.611724,-3.21338e-06
1.76004e+09,239,-0.0560022,-0.0560857,-8.35028e-05,0.611731,0.611728,-3.02936e-06
1.76004e+09,240,-0.0559182,-0.0560022,-8.39807e-05,0.611734,0.611731,-2.84202e-06
1.76004e+09,241,-0.0558337,-0.0559182,-8.44627e-05,0.611736,0.611734,-2.65132e-06
1.76004e+09,242,-0.0557488,-0.0558337,-8.49489e-05,0.611739,0.611736,-2.45719e-06
1.76004e+09,243,-0.0556633,-0.0557488,-8.54392e-05,0.611741,0.611739,-2.25957e-06
1.76004e+09,244,-0.0555774,-0.0556633,-8.59338e-05,0.611743,0.611741,-2.0584e-06
1.76004e+09,245,-0.055491,-0.0555774,-8.64326e-05,0.611745,0.611743,-1.85361e-06
1.76004e+09,246,-0.055404,-0.055491,-8.69356e-05,0.611746,0.611745,-1.64514e-06
1.76004e+09,247,-0.0553166,-0.055404,-8.74429e-05,0.611748,0.611746,-1.43293e-06
1.76004e+09,248,-0.0552287,-0.0553166,-8.79544e-05,0.611749,0.611748,-1.21691e-06
1.76004e+09,249,-0.0551402,-0.0552287,-8.84703e-05,0.61175,0.611749,-9.97017e-07
1.76004e+09,250,-0.0550512,-0.0552287,-0.000177461,0.611751,0.611749,-1.7702e-06
1.76004e+09,251,-0.0549617,-0.0551402,-0.000178505,0.611751,0.61175,-1.31851e-06
1.76004e+09,252,-0.0548716,-0.0549617,-9.00436e-05,0.611752,0.611751,-3.13407e-07
1.76004e+09,253,-0.0547811,-0.0548716,-9.05768e-05,0.611752,0.611752,-7.73337e-08
1.76004e+09,254,-0.0546899,-0.0547811,-9.11143e-05,0.611752,0.611752,1.62959e-07
1.76004e+09,255,-0.0545983,-0.0546899,-9.16562e-05,0.611751,0.611752,4.07542e-07
1.76004e+09,256,-0.0545061,-0.0546899,-0.000183859,0.611751,0.611752,1.06403e-06
1.76004e+09,257,-0.0544133,-0.0545061,-9.27533e-05,0.61175,0.611751,9.0987e-07
1.76004e+09,258,-0.05432,-0.0544133,-9.33084e-05,0.611749,0.61175,1.16776e-06
1.76004e+09,259,-0.0542262,-0.05432,-9.38681e-05,0.611747,0.611749,1.43024e-06
1.76004e+09,260,-0.0541317,-0.0542262,-9.44322e-05,0.611745,0.611747,1.69738e-06
1.76004e+09,261,-0.0540367,-0.0541317,-9.50009e-05,0.611743,0.611745,1.96926e-06
1.76004e+09,262,-0.0539411,-0.0540367,-9.5574e-05,0.611741,0.611743,2.24596e-06
1.76004e+09,263,-0.053845,-0.0539411,-9.61518e-05,0.611739,0.611741,2.52756e-06
1.76004e+09,264,-0.0537483,-0.053845,-9.6734e-05,0.611736,0.611739,2.81413e-06
1.76004e+09,265,-0.0536509,-0.0537483,-9.73209e-05,0.611733,0.611736,3.10576e-06
1.76004e+09,266,-0.053553,-0.0536509,-9.79124e-05,0.611729,0.611733,3.40254e-06
1.76004e+09,267,-0.0534545,-0.053553,-9.85084e-05,0.611726,0.611729,3.70454e-06
1.76004e+09,268,-0.0533554,-0.053553,-0.000197618,0.611722,0.611729,7.71639e-06
1.76004e+09,269,-0.0532557,-0.0534545,-0.000198824,0.611717,0.611726,8.33641e-06
1.76004e+09,270,-0.0531554,-0.0533554,-0.000200039,0.611713,0.611722,8.96731e-06
1.76004e+09,271,-0.0530544,-0.0531554,-0.000100939,0.611708,0.611713,4.96651e-06
1.76004e+09,272,-0.0529529,-0.0530544,-0.000101559,0.611702,0.611708,5.29594e-06
1.76004e+09,273,-0.0528507,-0.0529529,-0.000102183,0.611697,0.611702,5.63111e-06
1.76004e+09,274,-0.0527479,-0.0529529,-0.000204996,0.611691,0.611702,1.16032e-05
1.76004e+09,275,-0.0526444,-0.0527479,-0.000103446,0.611684,0.611691,6.31909e-06
1.76004e+09,276,-0.0525403,-0.0526444,-0.000104085,0.611678,0.611684,6.67208e-06
1.76004e+09,277,-0.0524356,-0.0525403,-0.000104728,0.611671,0.611678,7.0312e-06
1.76004e+09,278,-0.0523302,-0.0524356,-0.000105377,0.611663,0.611671,7.39654e-06
1.76004e+09,279,-0.0522242,-0.0523302,-0.00010603,0.611656,0.611663,7.7682e-06
1.76004e+09,280,-0.0521175,-0.0522242,-0.000106688,0.611647,0.611656,8.14629e-06
1.76004e+09,281,-0.0520102,-0.0521175,-0.000107351,0.611639,0.611647,8.53089e-06
1.76004e+09,282,-0.0519022,-0.0520102,-0.000108019,0.61163,0.611639,8.92213e-06
1.76004e+09,283,-0.0517935,-0.0519022,-0.000108692,0.611621,0.61163,9.32009e-06
1.76004e+09,284,-0.0516841,-0.0517935,-0.00010937,0.611611,0.611621,9.72488e-06
1.76004e+09,285,-0.051574,-0.0516841,-0.000110053,0.611601,0.611611,1.01366e-05
1.76004e+09,286,-0.0514633,-0.051574,-0.000110741,0.61159,0.611601,1.05554e-05
1.76004e+09,287,-0.0513519,-0.051574,-0.000222175,0.611579,0.611601,2.15367e-05
1.76004e+09,288,-0.0512397,-0.0514633,-0.000223566,0.611568,0.61159,2.23959e-05
1.76004e+09,289,-0.0511269,-0.0512397,-0.000112836,0.611556,0.611568,1.18551e-05
1.76004e+09,290,-0.0510133,-0.0511269,-0.000113544,0.611544,0.611556,1.23032e-05
1.76004e+09,291,-0.0508991,-0.0510133,-0.000114257,0.611531,0.611544,1.27589e-05
1.76004e+09,292,-0.0507841,-0.0508991,-0.000114976,0.611518,0.611531,1.32223e-05
1.76004e+09,293,-0.0506684,-0.0507841,-0.0001157,0.611504,0.611518,1.36935e-05
1.76004e+09,294,-0.050552,-0.0506684,-0.000116429,0.61149,0.611504,1.41727e-05
1.76004e+09,295,-0.0504348,-0.050552,-0.000117163,0.611475,0.61149,1.466e-05
1.76004e+09,296,-0.0503169,-0.0504348,-0.000117902,0.61146,0.611475,1.51555e-05
1.76004e+09,297,-0.0501983,-0.0503169,-0.000118647,0.611444,0.61146,1.56593e-05
1.76004e+09,298,-0.0500789,-0.0501983,-0.000119397,0.611428,0.611444,1.61716e-05
1.76004e+09,299,-0.0499587,-0.0500789,-0.000120152,0.611412,0.611428,1.66924e-05
1.76004e+09,300,-0.0498378,-0.0499587,-0.000120913,0.611394,0.611412,1.7222e-05
1.76004e+09,301,-0.0497161,-0.0498378,-0.000121679,0.611377,0.611394,1.77604e-05
1.76004e+09,302,-0.0495937,-0.0497161,-0.000122451,0.611358,0.611377,1.83078e-05
1.76004e+09,303,-0.0494705,-0.0495937,-0.000123228,0.611339,0.611358,1.88643e-05
1.76004e+09,304,-0.0493464,-0.0494705,-0.00012401,0.61132,0.611339,1.943e-05
1.76004e+09,305,-0.0492216,-0.0493464,-0.000124798,0.6113,0.61132,2.00051e-05
1.76004e+09,306,-0.0490961,-0.0492216,-0.000125592,0.611279,0.6113,2.05898e-05
1.76004e+09,307,-0.0489697,-0.0490961,-0.000126392,0.611258,0.611279,2.11842e-05
1.76004e+09,308,-0.0488425,-0.0489697,-0.000127197,0.611236,0.611258,2.17884e-05
1.76004e+09,309,-0.0487145,-0.0488425,-0.000128008,0.611214,0.611236,2.24025e-05
1.76004e+09,310,-0.0485856,-0.0487145,-0.000128825,0.611191,0.611214,2.30268e-05
1.76004e+09,311,-0.048456,-0.0485856,-0.000129648,0.611167,0.611191,2.36615e-05
1.76004e+09,312,-0.0483255,-0.048456,-0.000130478,0.611143,0.611167,2.43065e-05
1.76004e+09,313,-0.0481942,-0.048456,-0.000261791,0.611118,0.611167,4.92688e-05
1.76004e+09,314,-0.048062,-0.0481942,-0.000132155,0.611092,0.611118,2.56288e-05
1.76004e+09,315,-0.047929,-0.048062,-0.000133004,0.611066,0.611092,2.63063e-05
1.76004e+09,316,-0.0477952,-0.047929,-0.000133859,0.611039,0.611066,2.69949e-05
1.76004e+09,317,-0.0476605,-0.0477952,-0.000134721,0.611011,0.611039,2.76949e-05
1.76004e+09,318,-0.0475249,-0.0476605,-0.00013559,0.610983,0.611011,2.84064e-05
1.76004e+09,319,-0.0473884,-0.0475249,-0.000136466,0.610954,0.610983,2.91297e-05
1.76004e+09,320,-0.0472511,-0.0473884,-0.000137349,0.610924,0.610954,2.98649e-05
1.76004e+09,321,-0.0471128,-0.0472511,-0.000138239,0.610893,0.610924,3.06122e-05
1.76004e+09,322,-0.0469737,-0.0472511,-0.000277377,0.610862,0.610924,6.19842e-05
1.76004e+09,323,-0.0468336,-0.0471128,-0.000279181,0.61083,0.610893,6.35161e-05
1.76004e+09,324,-0.0466927,-0.0469737,-0.000281,0.610797,0.610862,6.50733e-05
1.76004e+09,325,-0.0465508,-0.0466927,-0.000141878,0.610763,0.610797,3.37271e-05
1.76004e+09,326,-0.046408,-0.0465508,-0.000142808,0.610729,0.610763,3.45383e-05
1.76004e+09,327,-0.0462642,-0.046408,-0.000143745,0.610693,0.610729,3.53628e-05
1.76004e+09,328,-0.0461196,-0.0462642,-0.00014469,0.610657,0.610693,3.6201e-05
1.76004e+09,329,-0.0459739,-0.0461196,-0.000145643,0.61062,0.610657,3.70529e-05
1.76004e+09,330,-0.0458273,-0.0461196,-0.000292245,0.610582,0.610657,7.49718e-05
1.76004e+09,331,-0.0456797,-0.0458273,-0.00014757,0.610543,0.610582,3.8799e-05
1.76004e+09,332,-0.0455312,-0.0456797,-0.000148545,0.610504,0.610543,3.96934e-05
1.76004e+09,333,-0.0453817,-0.0455312,-0.000149525,0.610463,0.610504,4.06023e-05
1.76004e+09,334,-0.0452312,-0.0453817,-0.000150512,0.610422,0.610463,4.15257e-05
1.76004e+09,335,-0.0450797,-0.0452312,-0.000151503,0.610379,0.610422,4.24638e-05
1.76004e+09,336,-0.0449272,-0.0450797,-0.000152499,0.610336,0.610379,4.34165e-05
1.76004e+09,337,-0.0447737,-0.0450797,-0.000305997,0.610291,0.610379,8.78004e-05
1.76004e+09,338,-0.0446192,-0.0449272,-0.000307996,0.610246,0.610336,8.97499e-05
1.76004e+09,339,-0.0444637,-0.0447737,-0.000309997,0.6102,0.610291,9.17285e-05
1.76004e+09,340,-0.0443072,-0.0444637,-0.000156499,0.610152,0.6102,4.73734e-05
1.76004e+09,341,-0.0441497,-0.0443072,-0.000157495,0.610104,0.610152,4.83984e-05
1.76004e+09,342,-0.0439912,-0.0441497,-0.000158487,0.610054,0.610104,4.94372e-05
1.76004e+09,343,-0.0438317,-0.0439912,-0.000159472,0.610004,0.610054,5.04895e-05
1.76004e+09,344,-0.0436713,-0.0439912,-0.000319919,0.609952,0.610054,0.000102044
1.76004e+09,345,-0.0435098,-0.0436713,-0.000161411,0.6099,0.609952,5.26329e-05
1.76004e+09,346,-0.0433475,-0.0436713,-0.000323772,0.609846,0.609952,0.000106356
1.76004e+09,347,-0.0431842,-0.0435098,-0.000325657,0.609791,0.6099,0.000108547
1.76004e+09,348,-0.04302,-0.0431842,-0.000164211,0.609735,0.609791,5.59365e-05
1.76004e+09,349,-0.0428549,-0.04302,-0.000165104,0.609678,0.609735,5.70588e-05
1.76004e+09,350,-0.0426889,-0.0428549,-0.000165974,0.60962,0.609678,5.81902e-05
1.76004e+09,351,-0.0425221,-0.0426889,-0.000166818,0.609561,0.60962,5.93299e-05
1.76004e+09,352,-0.0423545,-0.0425221,-0.000167631,0.6095,0.609561,6.04771e-05
1.76004e+09,353,-0.042186,-0.0423545,-0.000168413,0.609438,0.6095,6.16306e-05
1.76004e+09,354,-0.0420169,-0.042186,-0.00016916,0.609376,0.609438,6.27894e-05
1.76004e+09,355,-0.041847,-0.0420169,-0.00016987,0.609312,0.609376,6.39525e-05
1.76004e+09,356,-0.0416765,-0.041847,-0.00017054,0.609247,0.609312,6.51186e-05
1.76004e+09,357,-0.0415053,-0.0416765,-0.000171168,0.60918,0.609247,6.62866e-05
1.76004e+09,358,-0.0413336,-0.0415053,-0.000171751,0.609113,0.60918,6.74552e-05
1.76004e+09,359,-0.0411613,-0.0413336,-0.000172286,0.609044,0.609113,6.86232e-05
1.76004e+09,360,-0.0409885,-0.0411613,-0.000172773,0.608974,0.609044,6.97893e-05
1.76004e+09,361,-0.0408153,-0.0409885,-0.000173209,0.608903,0.608974,7.09522e-05
1.76004e+09,362,-0.0406417,-0.0408153,-0.000173591,0.608831,0.608903,7.21105e-05
1.76004e+09,363,-0.0404678,-0.0408153,-0.000347509,0.608758,0.608903,0.000145374
1.76004e+09,364,-0.0402936,-0.0404678,-0.000174189,0.608684,0.608758,7.44084e-05
1.76004e+09,365,-0.0401192,-0.0404678,-0.000348592,0.608608,0.608758,0.000149954
1.76004e+09,366,-0.0399446,-0.0402936,-0.000348959,0.608531,0.608684,0.000152217
1.76004e+09,367,-0.03977,-0.0401192,-0.000349206,0.608454,0.608608,0.00015446
1.76004e+09,368,-0.0395953,-0.0399446,-0.000349332,0.608375,0.608531,0.00015668
1.76004e+09,369,-0.0394206,-0.03977,-0.000349335,0.608295,0.608454,0.000158873
1.76004e+09,370,-0.0392461,-0.0394206,-0.00017456,0.608214,0.608295,8.10568e-05
1.76004e+09,371,-0.0390717,-0.0392461,-0.000174405,0.608132,0.608214,8.21159e-05
1.76004e+09,372,-0.0388975,-0.0390717,-0.000174187,0.608048,0.608132,8.3158e-05
1.76004e+09,373,-0.0387236,-0.0388975,-0.000173906,0.607964,0.608048,8.41819e-05
1.76004e+09,374,-0.03855,-0.0387236,-0.000173562,0.607879,0.607964,8.51867e-05
1.76004e+09,375,-0.0383769,-0.03855,-0.000173155,0.607793,0.607879,8.61714e-05
1.76004e+09,376,-0.0382042,-0.0383769,-0.000172686,0.607706,0.607793,8.71351e-05
1.76004e+09,377,-0.038032,-0.0382042,-0.000172156,0.607618,0.607706,8.80771e-05
1.76004e+09,378,-0.0378605,-0.038032,-0.000171565,0.607529,0.607618,8.89967e-05
1.76004e+09,379,-0.0376895,-0.038032,-0.00034248,0.607439,0.607618,0.00017889
1.76004e+09,380,-0.0375193,-0.0376895,-0.000170207,0.607348,0.607439,9.0766e-05
1.76004e+09,381,-0.0373499,-0.0375193,-0.000169442,0.607256,0.607348,9.16147e-05
1.76004e+09,382,-0.0371813,-0.0373499,-0.000168622,0.607164,0.607256,9.24391e-05
1.76004e+09,383,-0.0370135,-0.0371813,-0.000167749,0.607071,0.607164,9.32388e-05
1.76004e+09,384,-0.0368467,-0.0370135,-0.000166824,0.606977,0.607071,9.40137e-05
1.76004e+09,385,-0.0366809,-0.0368467,-0.00016585,0.606882,0.606977,9.47637e-05
1.76004e+09,386,-0.036516,-0.0366809,-0.000164829,0.606787,0.606882,9.54889e-05
1.76004e+09,387,-0.0363523,-0.036516,-0.000163763,0.60669,0.606787,9.61895e-05
1.76004e+09,388,-0.0361896,-0.0363523,-0.000162655,0.606593,0.60669,9.68656e-05
1.76004e+09,389,-0.0360281,-0.0361896,-0.000161507,0.606496,0.606593,9.75177e-05
1.76004e+09,390,-0.0358678,-0.0360281,-0.000160322,0.606398,0.606496,9.81462e-05
1.76004e+09,391,-0.0357087,-0.0358678,-0.000159102,0.606299,0.606398,9.87516e-05
1.76004e+09,392,-0.0355508,-0.0357087,-0.000157851,0.6062,0.606299,9.93345e-05
1.76004e+09,393,-0.0353943,-0.0355508,-0.00015657,0.6061,0.6062,9.98956e-05
1.76004e+09,394,-0.035239,-0.0353943,-0.000155263,0.605999,0.6061,0.000100436
1.76004e+09,395,-0.0350851,-0.035239,-0.000153932,0.605898,0.605999,0.000100955
1.76004e+09,396,-0.0349325,-0.0350851,-0.000152581,0.605797,0.605898,0.000101455
1.76004e+09,397,-0.0347813,-0.0349325,-0.000151211,0.605695,0.605797,0.000101937
1.76004e+09,398,-0.0346314,-0.0347813,-0.000149825,0.605593,0.605695,0.000102401
1.76004e+09,399,-0.034483,-0.0346314,-0.000148425,0.60549,0.605593,0.000102848
1.76004e+09,400,-0.0343966,-0.034483,-8.63826e-05,0.616503,0.60549,-0.011013
1.76004e+09,401,-0.0343114,-0.0343966,-8.52674e-05,0.627329,0.616503,-0.0108266
1.76004e+09,402,-0.0342272,-0.0343114,-8.41439e-05,0.637978,0.627329,-0.0106488
1.76004e+09,403,-0.0341442,-0.0342272,-8.3014e-05,0.648457,0.637978,-0.0104789
1.76004e+09,404,-0.0340623,-0.0341442,-8.18793e-05,0.658773,0.648457,-0.0103162
1.76004e+09,405,-0.0339816,-0.0340623,-8.07412e-05,0.668933,0.658773,-0.0101603
1.76004e+09,406,-0.033902,-0.0339816,-7.96011e-05,0.678944,0.668933,-0.0100105
1.76004e+09,407,-0.0338235,-0.033902,-7.84604e-05,0.68881,0.678944,-0.00986639
1.76004e+09,408,-0.0337462,-0.0338235,-7.73201e-05,0.698538,0.68881,-0.0097276
1.76004e+09,409,-0.03367,-0.0337462,-7.61812e-05,0.708132,0.698538,-0.00959373
1.76004e+09,410,-0.033595,-0.03367,-7.50446e-05,0.717596,0.708132,-0.00946442
1.76004e+09,411,-0.0335211,-0.033595,-7.3911e-05,0.726935,0.717596,-0.00933939
1.76004e+09,412,-0.0334483,-0.0335211,-7.27809e-05,0.736154,0.726935,-0.00921833
1.76004e+09,413,-0.0333766,-0.0334483,-7.1655e-05,0.745255,0.736154,-0.00910099
1.76004e+09,414,-0.0333061,-0.0333766,-7.05335e-05,0.754242,0.745255,-0.00898714
1.76004e+09,415,-0.0332367,-0.0333061,-6.94169e-05,0.763118,0.754242,-0.00887655
1.76004e+09,416,-0.0331684,-0.0332367,-6.83053e-05,0.771887,0.763118,-0.00876903
1.76004e+09,417,-0.0331012,-0.0331684,-6.71988e-05,0.780552,0.771887,-0.0086644
1.76004e+09,418,-0.0330351,-0.0331012,-6.60977e-05,0.789114,0.780552,-0.00856247
1.76004e+09,419,-0.0329701,-0.0330351,-6.50019e-05,0.797577,0.789114,-0.0084631
1.76004e+09,420,-0.0329062,-0.0329701,-6.39115e-05,0.805944,0.797577,-0.00836615
1.76004e+09,421,-0.0328433,-0.0329062,-6.28263e-05,0.814215,0.805944,-0.00827146
1.76004e+09,422,-0.0327816,-0.0328433,-6.17464e-05,0.822394,0.814215,-0.00817892
1.76004e+09,423,-0.0327209,-0.0327816,-6.06716e-05,0.830482,0.822394,-0.00808842
1.76004e+09,424,-0.0326613,-0.0327816,-0.000120273,0.838482,0.822394,-0.0160883
1.76004e+09,425,-0.0326028,-0.0327209,-0.000118139,0.846395,0.830482,-0.0159129
1.76004e+09,426,-0.0325453,-0.0326613,-0.000116014,0.854223,0.838482,-0.0157411
1.76004e+09,427,-0.0324889,-0.0325453,-5.64216e-05,0.861968,0.854223,-0.00774465
1.76004e+09,428,-0.0324335,-0.0324889,-5.53707e-05,0.869631,0.861968,-0.00766281
1.76004e+09,429,-0.0323792,-0.0324335,-5.43241e-05,0.877213,0.869631,-0.00758245
1.76004e+09,430,-0.0323259,-0.0323792,-5.32818e-05,0.884717,0.877213,-0.0075035
1.76004e+09,431,-0.0322737,-0.0323259,-5.22436e-05,0.892143,0.884717,-0.00742588
1.76004e+09,432,-0.0322225,-0.0322737,-5.12094e-05,0.899492,0.892143,-0.00734953
1.76004e+09,433,-0.0321723,-0.0322737,-0.000101388,0.906767,0.892143,-0.0146239
1.76004e+09,434,-0.0321231,-0.0321723,-4.91523e-05,0.913967,0.906767,-0.0072004
1.76004e+09,435,-0.032075,-0.0321231,-4.81293e-05,0.921094,0.913967,-0.00712751
1.76004e+09,436,-0.0320279,-0.032075,-4.71098e-05,0.92815,0.921094,-0.00705567
1.76004e+09,437,-0.0319818,-0.032075,-9.32034e-05,0.935135,0.921094,-0.0140405
1.76004e+09,438,-0.0319367,-0.0320279,-9.11746e-05,0.94205,0.92815,-0.0138998
1.76004e+09,439,-0.0318926,-0.0319818,-8.91523e-05,0.948896,0.935135,-0.0137609
1.76004e+09,440,-0.0318496,-0.0318926,-4.30651e-05,0.955674,0.948896,-0.00677788
1.76004e+09,441,-0.0318075,-0.0318496,-4.20618e-05,0.962384,0.955674,-0.00671061
1.76004e+09,442,-0.0317665,-0.0318075,-4.10617e-05,0.969029,0.962384,-0.00664413
1.76004e+09,443,-0.0317264,-0.0317665,-4.00645e-05,0.975607,0.969029,-0.00657842
1.76004e+09,444,-0.0316873,-0.0317665,-7.91347e-05,0.98212,0.969029,-0.0130918
1.76004e+09,445,-0.0316492,-0.0317264,-7.71491e-05,0.98857,0.975607,-0.0129626
1.76004e+09,446,-0.0316121,-0.0316873,-7.51693e-05,0.994955,0.98212,-0.0128347
1.76004e+09,447,-0.031576,-0.0316492,-7.3195e-05,1.00128,0.98857,-0.012708
1.76004e+09,448,-0.0315409,-0.0316121,-7.12264e-05,1.00754,0.994955,-0.0125827
1.76004e+09,449,-0.0315068,-0.031576,-6.92632e-05,1.01374,1.00128,-0.0124585
1.76004e+09,450,-0.0314736,-0.0315409,-6.73054e-05,1.01987,1.00754,-0.0123355
1.76004e+09,451,-0.0314414,-0.0314736,-3.21891e-05,1.02595,1.01987,-0.00607644
1.76004e+09,452,-0.0314102,-0.0314414,-3.12168e-05,1.03197,1.02595,-0.00601626
1.76004e+09,453,-0.03138,-0.0314102,-3.02472e-05,1.03792,1.03197,-0.00595657
1.76004e+09,454,-0.0313507,-0.03138,-2.92801e-05,1.04382,1.03792,-0.00589735
1.76004e+09,455,-0.0313224,-0.0313507,-2.83156e-05,1.04966,1.04382,-0.00583859
1.76004e+09,456,-0.031295,-0.0313507,-5.56691e-05,1.05544,1.04382,-0.0116189
1.76004e+09,457,-0.0312686,-0.0313224,-5.37476e-05,1.06116,1.04966,-0.0115026
1.76004e+09,458,-0.0312432,-0.0312686,-2.5437e-05,1.06683,1.06116,-0.00566485
1.76004e+09,459,-0.0312187,-0.0312432,-2.44825e-05,1.07243,1.06683,-0.00560772
1.76004e+09,460,-0.0311952,-0.0312187,-2.35303e-05,1.07798,1.07243,-0.00555096
1.76004e+09,461,-0.0311726,-0.0311952,-2.25806e-05,1.08348,1.07798,-0.00549456
1.76004e+09,462,-0.031151,-0.0311726,-2.16333e-05,1.08892,1.08348,-0.00543849
1.76004e+09,463,-0.0311303,-0.031151,-2.06883e-05,1.0943,1.08892,-0.00538275
1.76004e+09,464,-0.0311105,-0.0311303,-1.97457e-05,1.09963,1.0943,-0.00532732
1.76004e+09,465,-0.0310917,-0.0311105,-1.88054e-05,1.1049,1.09963,-0.00527219
1.76004e+09,466,-0.0310738,-0.0310917,-1.78675e-05,1.11012,1.1049,-0.00521734
1.76004e+09,467,-0.0310569,-0.0310738,-1.69318e-05,1.11528,1.11012,-0.00516278
1.76004e+09,468,-0.0310409,-0.0310738,-3.29302e-05,1.12039,1.11012,-0.0102712
1.76004e+09,469,-0.0310259,-0.0310409,-1.50673e-05,1.12544,1.12039,-0.00505442
1.76004e+09,470,-0.0310117,-0.0310259,-1.41384e-05,1.13044,1.12544,-0.00500061
1.76004e+09,471,-0.0309985,-0.0310117,-1.32117e-05,1.13539,1.13044,-0.00494704
1.76004e+09,472,-0.0309862,-0.0309985,-1.22873e-05,1.14028,1.13539,-0.00489368
1.76004e+09,473,-0.0309748,-0.0309862,-1.1365e-05,1.14512,1.14028,-0.00484055
1.76004e+09,474,-0.0309644,-0.0309748,-1.0445e-05,1.14991,1.14512,-0.00478761
1.76004e+09,475,-0.0309549,-0.0309748,-1.9972e-05,1.15465,1.14512,-0.00952249
1.76004e+09,476,-0.0309463,-0.0309549,-8.61131e-06,1.15933,1.15465,-0.00468233
1.76004e+09,477,-0.0309386,-0.0309463,-7.69771e-06,1.16396,1.15933,-0.00462997
1.76004e+09,478,-0.0309318,-0.0309386,-6.78624e-06,1.16854,1.16396,-0.00457778
1.76004e+09,479,-0.0309259,-0.0309318,-5.87688e-06,1.17306,1.16854,-0.00452576
1.76004e+09,480,-0.0309209,-0.0309259,-4.96963e-06,1.17754,1.17306,-0.00447389
1.76004e+09,481,-0.0309169,-0.0309209,-4.06448e-06,1.18196,1.17754,-0.00442218
1.76004e+09,482,-0.0309137,-0.0309169,-3.16142e-06,1.18633,1.18196,-0.00437062
1.76004e+09,483,-0.0309114,-0.0309137,-2.26043e-06,1.19065,1.18633,-0.00431919
1.76004e+09,484,-0.0309101,-0.0309114,-1.36151e-06,1.19492,1.19065,-0.0042679
1.76004e+09,485,-0.0309096,-0.0309101,-4.64653e-07,1.19913,1.19492,-0.00421674
1.76004e+09,486,-0.0309101,-0.0309096,4.30153e-07,1.2033,1.19913,-0.0041657
1.76004e+09,487,-0.0309114,-0.0309101,1.32291e-06,1.20741,1.2033,-0.00411478
1.76004e+09,488,-0.0309136,-0.0309114,2.21363e-06,1.21148,1.20741,-0.00406397
1.76004e+09,489,-0.0309167,-0.0309114,5.31596e-06,1.21549,1.20741,-0.00807723
1.76004e+09,490,-0.0309207,-0.0309136,7.09131e-06,1.21945,1.21148,-0.00797593
1.76004e+09,491,-0.0309256,-0.0309207,4.87362e-06,1.22337,1.21945,-0.00391216
1.76004e+09,492,-0.0309313,-0.0309256,5.75624e-06,1.22723,1.22337,-0.00386175
1.76004e+09,493,-0.0309379,-0.0309313,6.63685e-06,1.23104,1.22723,-0.00381143
1.76004e+09,494,-0.0309455,-0.0309379,7.51544e-06,1.2348,1.23104,-0.0037612
1.76004e+09,495,-0.0309539,-0.0309455,8.39203e-06,1.23851,1.2348,-0.00371105
1.76004e+09,496,-0.0309631,-0.0309539,9.26661e-06,1.24217,1.23851,-0.00366097
1.76004e+09,497,-0.0309733,-0.0309631,1.01392e-05,1.24578,1.24217,-0.00361097
1.76004e+09,498,-0.0309843,-0.0309733,1.10098e-05,1.24934,1.24578,-0.00356103
1.76004e+09,499,-0.0309961,-0.0309843,1.18784e-05,1.25286,1.24934,-0.00351117
1.76004e+09,500,-0.0310089,-0.0309961,1.27449e-05,1.25632,1.25286,-0.00346137
1.76004e+09,501,-0.0310225,-0.0310089,1.36095e-05,1.25973,1.25632,-0.00341162
1.76004e+09,502,-0.031037,-0.0310225,1.44721e-05,1.26309,1.25973,-0.00336194
1.76004e+09,503,-0.0310523,-0.031037,1.53327e-05,1.2664,1.26309,-0.00331231
1.76004e+09,504,-0.0310685,-0.0310523,1.61913e-05,1.26967,1.2664,-0.00326273
1.76004e+09,505,-0.0310855,-0.0310685,1.70479e-05,1.27288,1.26967,-0.00321319
1.76004e+09,506,-0.0311034,-0.0310855,1.79025e-05,1.27604,1.27288,-0.00316371
1.76004e+09,507,-0.0311222,-0.0311034,1.87551e-05,1.27916,1.27604,-0.00311427
1.76004e+09,508,-0.0311418,-0.0311222,1.96057e-05,1.28222,1.27916,-0.00306487
1.76004e+09,509,-0.0311623,-0.0311418,2.04543e-05,1.28524,1.28222,-0.0030155
1.76004e+09,510,-0.0311836,-0.0311623,2.13009e-05,1.2882,1.28524,-0.00296618
1.76004e+09,511,-0.0312057,-0.0311836,2.21455e-05,1.29112,1.2882,-0.00291689
1.76004e+09,512,-0.0312287,-0.0312057,2.29881e-05,1.29399,1.29112,-0.00286763
1.76004e+09,513,-0.0312525,-0.0312287,2.38287e-05,1.29681,1.29399,-0.0028184
1.76004e+09,514,-0.0312772,-0.0312525,2.46673e-05,1.29958,1.29681,-0.0027692
1.76004e+09,515,-0.0313027,-0.0312772,2.55039e-05,1.3023,1.29958,-0.00272002
1.76004e+09,516,-0.031329,-0.0313027,2.63384e-05,1.30497,1.3023,-0.00267087
1.76004e+09,517,-0.0313562,-0.0313027,5.35094e-05,1.30759,1.3023,-0.00529261
1.76004e+09,518,-0.0313842,-0.0313562,2.80015e-05,1.31016,1.30759,-0.00257264
1.76004e+09,519,-0.031413,-0.0313842,2.883e-05,1.31268,1.31016,-0.00252355
1.76004e+09,520,-0.0314427,-0.031413,2.96565e-05,1.31516,1.31268,-0.00247448
1.76004e+09,521,-0.0314732,-0.0314427,3.0481e-05,1.31758,1.31516,-0.00242543
1.76004e+09,522,-0.0315045,-0.0314732,3.13034e-05,1.31996,1.31758,-0.0023764
1.76004e+09,523,-0.0315366,-0.0315045,3.21239e-05,1.32229,1.31996,-0.00232738
1.76004e+09,524,-0.0315695,-0.0315366,3.29423e-05,1.32457,1.32229,-0.00227837
1.76004e+09,525,-0.0316033,-0.0315695,3.37587e-05,1.3268,1.32457,-0.00222937
1.76004e+09,526,-0.0316379,-0.0316033,3.4573e-05,1.32898,1.3268,-0.00218039
1.76004e+09,527,-0.0316733,-0.0316379,3.53854e-05,1.33111,1.32898,-0.00213141
1.76004e+09,528,-0.0317095,-0.0316733,3.61957e-05,1.33319,1.33111,-0.00208244
1.76004e+09,529,-0.0317465,-0.0317095,3.70039e-05,1.33522,1.33319,-0.00203348
1.76004e+09,530,-0.0317843,-0.0317465,3.78102e-05,1.33721,1.33522,-0.00198453
1.76004e+09,531,-0.0318229,-0.0317843,3.86144e-05,1.33914,1.33721,-0.00193558
1.76004e+09,532,-0.0318623,-0.0318229,3.94166e-05,1.34103,1.33914,-0.00188664
1.76004e+09,533,-0.0319025,-0.0318623,4.02168e-05,1.34287,1.34103,-0.0018377
1.76004e+09,534,-0.0319435,-0.0319025,4.10149e-05,1.34466,1.34287,-0.00178876
1.76004e+09,535,-0.0319853,-0.0319435,4.1811e-05,1.3464,1.34466,-0.00173983
1.76004e+09,536,-0.032028,-0.0319853,4.26051e-05,1.34809,1.3464,-0.0016909
1.76004e+09,537,-0.0320713,-0.032028,4.33972e-05,1.34973,1.34809,-0.00164197
1.76004e+09,538,-0.0321155,-0.032028,8.75846e-05,1.35132,1.34809,-0.003235
1.76004e+09,539,-0.0321605,-0.0321155,4.49754e-05,1.35287,1.35132,-0.0015441
1.76004e+09,540,-0.0322063,-0.0321605,4.57614e-05,1.35436,1.35287,-0.00149517
1.76004e+09,541,-0.0322528,-0.0322063,4.65455e-05,1.35581,1.35436,-0.00144624
1.76004e+09,542,-0.0323001,-0.0322528,4.73276e-05,1.35721,1.35581,-0.00139731
1.76004e+09,543,-0.0323483,-0.0323001,4.81077e-05,1.35855,1.35721,-0.00134837
1.76004e+09,544,-0.0323971,-0.0323483,4.88858e-05,1.35985,1.35855,-0.00129943
1.76004e+09,545,-0.0324468,-0.0323971,4.96619e-05,1.3611,1.35985,-0.00125049
1.76004e+09,546,-0.0324972,-0.0323971,0.000100098,1.36231,1.35985,-0.00245203
1.76004e+09,547,-0.0325484,-0.0324972,5.12082e-05,1.36346,1.36231,-0.0011526
1.76004e+09,548,-0.0326004,-0.0325484,5.19785e-05,1.36456,1.36346,-0.00110364
1.76004e+09,549,-0.0326532,-0.0326004,5.27468e-05,1.36562,1.36456,-0.00105468
1.76004e+09,550,-0.0327067,-0.0326532,5.35131e-05,1.36662,1.36562,-0.00100572
1.76004e+09,551,-0.032761,-0.0327067,5.42776e-05,1.36758,1.36662,-0.000956755
1.76004e+09,552,-0.032816,-0.032761,5.50401e-05,1.36849,1.36758,-0.000907782
1.76004e+09,553,-0.0328718,-0.032761,0.000110841,1.36935,1.36758,-0.00176659
1.76004e+09,554,-0.0329284,-0.032816,0.00011236,1.37015,1.36849,-0.00166862
1.76004e+09,555,-0.0329857,-0.0328718,0.000113876,1.37092,1.36935,-0.00157065
1.76004e+09,556,-0.0330438,-0.0329284,0.000115388,1.37163,1.37015,-0.00147267
1.76004e+09,557,-0.0331026,-0.0329857,0.000116896,1.37229,1.37092,-0.00137467
1.76004e+09,558,-0.0331622,-0.0330438,0.000118401,1.3729,1.37163,-0.00127666
1.76004e+09,559,-0.0332225,-0.0331026,0.000119902,1.37347,1.37229,-0.00117864
1.76004e+09,560,-0.0332836,-0.0331622,0.000121399,1.37398,1.3729,-0.0010806
1.76004e+09,561,-0.0333454,-0.0332225,0.000122893,1.37445,1.37347,-0.000982552
1.76004e+09,562,-0.0334079,-0.0332836,0.000124383,1.37487,1.37398,-0.000884489
1.76004e+09,563,-0.0334712,-0.0334079,6.33064e-05,1.37524,1.37487,-0.000368686
1.76004e+09,564,-0.0335353,-0.0334712,6.40473e-05,1.37556,1.37524,-0.000319637
1.76004e+09,565,-0.0336001,-0.0335353,6.47864e-05,1.37583,1.37556,-0.000270581
1.76004e+09,566,-0.0336656,-0.0336001,6.5524e-05,1.37605,1.37583,-0.000221517
1.76004e+09,567,-0.0337319,-0.0336656,6.62599e-05,1.37622,1.37605,-0.000172447
1.76004e+09,568,-0.0337989,-0.0337319,6.69942e-05,1.37635,1.37622,-0.000123369
1.76004e+09,569,-0.0338666,-0.0337989,6.77269e-05,1.37642,1.37635,-7.42837e-05
1.76004e+09,570,-0.033935,-0.0338666,6.84581e-05,1.37645,1.37642,-2.51908e-05
1.76004e+09,571,-0.0340042,-0.033935,6.91877e-05,1.37642,1.37645,2.39096e-05
1.76004e+09,572,-0.0340741,-0.0340042,6.99159e-05,1.37635,1.37642,7.30176e-05
1.76004e+09,573,-0.0341448,-0.0340741,7.06426e-05,1.37623,1.37635,0.000122133
1.76004e+09,574,-0.0342162,-0.0341448,7.13678e-05,1.37605,1.37623,0.000171257
1.76004e+09,575,-0.0342882,-0.0342162,7.20917e-05,1.37583,1.37605,0.000220388
1.76004e+09,576,-0.0343611,-0.0342882,7.28142e-05,1.37556,1.37583,0.000269527
1.76004e+09,577,-0.0344346,-0.0343611,7.35354e-05,1.37525,1.37556,0.000318675
1.76004e+09,578,-0.0345088,-0.0344346,7.42553e-05,1.37488,1.37525,0.00036783
1.76004e+09,579,-0.0345838,-0.0345088,7.49739e-05,1.37446,1.37488,0.000416993
1.76004e+09,580,-0.0346595,-0.0345838,7.56913e-05,1.374,1.37446,0.000466165
1.76004e+09,581,-0.0347359,-0.0346595,7.64075e-05,1.37348,1.374,0.000515345
1.76004e+09,582,-0.034813,-0.0347359,7.71226e-05,1.37292,1.37348,0.000564533
1.76004e+09,583,-0.0348909,-0.034813,7.78366e-05,1.3723,1.37292,0.00061373
1.76004e+09,584,-0.0349694,-0.0348909,7.85495e-05,1.37164,1.3723,0.000662936
1.76004e+09,585,-0.0350487,-0.0348909,0.000157811,1.37093,1.3723,0.00137509
1.76004e+09,586,-0.0351287,-0.0350487,7.99724e-05,1.37017,1.37093,0.000761374
1.76004e+09,587,-0.0352093,-0.0351287,8.06824e-05,1.36935,1.37017,0.000810607
1.76004e+09,588,-0.0352907,-0.0352093,8.13916e-05,1.36849,1.36935,0.00085985
1.76004e+09,589,-0.0353728,-0.0352907,8.20999e-05,1.36759,1.36849,0.000909101
1.76004e+09,590,-0.0354556,-0.0353728,8.28074e-05,1.36663,1.36759,0.000958363
1.76004e+09,591,-0.0355392,-0.0354556,8.35142e-05,1.36562,1.36663,0.00100763
1.76004e+09,592,-0.0356234,-0.0355392,8.42203e-05,1.36456,1.36562,0.00105692
1.76004e+09,593,-0.0357083,-0.0356234,8.49258e-05,1.36346,1.36456,0.00110621
1.76004e+09,594,-0.0357939,-0.0356234,0.000170557,1.3623,1.36456,0.00226172
1.76004e+09,595,-0.0358803,-0.0357083,0.000171966,1.3611,1.36346,0.00236034
1.76004e+09,596,-0.0359673,-0.0357939,0.000173374,1.35984,1.3623,0.00245898
1.76004e+09,597,-0.0360551,-0.0358803,0.000174781,1.35854,1.3611,0.00255765
1.76004e+09,598,-0.0361435,-0.0360551,8.84456e-05,1.35719,1.35854,0.00135284
1.76004e+09,599,-0.0362326,-0.0361435,8.91484e-05,1.35578,1.35719,0.00140221
1.76004e+09,600,-0.0363225,-0.0362326,8.9851e-05,1.35433,1.35578,0.00145158
1.76004e+09,601,-0.036413,-0.0362326,0.000180404,1.35283,1.35578,0.00295256
1.76004e+09,602,-0.0365043,-0.0363225,0.000181809,1.35128,1.35433,0.00305136
1.76004e+09,603,-0.0365963,-0.0365043,9.19578e-05,1.34968,1.35128,0.0015998
1.76004e+09,604,-0.0366889,-0.0365963,9.266e-05,1.34803,1.34968,0.00164924
1.76004e+09,605,-0.0367823,-0.0366889,9.33623e-05,1.34633,1.34803,0.00169869
1.76004e+09,606,-0.0368764,-0.0367823,9.40646e-05,1.34458,1.34633,0.00174816
1.76004e+09,607,-0.0369711,-0.0368764,9.47672e-05,1.34279,1.34458,0.00179764
1.76004e+09,608,-0.0370666,-0.0369711,9.547e-05,1.34094,1.34279,0.00184715
1.76004e+09,609,-0.0371628,-0.0370666,9.61732e-05,1.33904,1.34094,0.00189667
1.76004e+09,610,-0.0372596,-0.0371628,9.68767e-05,1.3371,1.33904,0.00194621
1.76004e+09,611,-0.0373572,-0.0372596,9.75807e-05,1.3351,1.3371,0.00199578
1.76004e+09,612,-0.0374555,-0.0373572,9.82852e-05,1.33306,1.3351,0.00204536
1.76004e+09,613,-0.0375545,-0.0374555,9.89903e-05,1.33096,1.33306,0.00209497
1.76004e+09,614,-0.0376542,-0.0375545,9.9696e-05,1.32882,1.33096,0.0021446
1.76004e+09,615,-0.0377546,-0.0376542,0.000100403,1.32662,1.32882,0.00219426
1.76004e+09,616,-0.0378557,-0.0376542,0.000201512,1.32438,1.32882,0.00443819
1.76004e+09,617,-0.0379575,-0.0377546,0.000202928,1.32208,1.32662,0.00453758
1.76004e+09,618,-0.03806,-0.0378557,0.000204345,1.31974,1.32438,0.00463703
1.76004e+09,619,-0.0381633,-0.0379575,0.000205765,1.31735,1.32208,0.00473653
1.76004e+09,620,-0.0382672,-0.0381633,0.000103949,1.3149,1.31735,0.00244295
1.76004e+09,621,-0.0383719,-0.0382672,0.000104661,1.31241,1.3149,0.00249278
1.76004e+09,622,-0.0384773,-0.0383719,0.000105375,1.30987,1.31241,0.00254264
1.76004e+09,623,-0.0385834,-0.0384773,0.00010609,1.30728,1.30987,0.00259254
1.76004e+09,624,-0.0386902,-0.0385834,0.000106807,1.30463,1.30728,0.00264248
1.76004e+09,625,-0.0387977,-0.0386902,0.000107525,1.30194,1.30463,0.00269245
1.76004e+09,626,-0.0389059,-0.0387977,0.000108244,1.2992,1.30194,0.00274247
1.76004e+09,627,-0.0390149,-0.0389059,0.000108965,1.29641,1.2992,0.00279253
1.76004e+09,628,-0.0391246,-0.0390149,0.000109688,1.29356,1.29641,0.00284263
1.76004e+09,629,-0.039235,-0.0391246,0.000110413,1.29067,1.29356,0.00289278
1.76004e+09,630,-0.0393461,-0.039235,0.00011114,1.28773,1.29067,0.00294297
1.76004e+09,631,-0.039458,-0.0393461,0.000111869,1.28474,1.28773,0.00299322
1.76004e+09,632,-0.0395706,-0.039458,0.000112599,1.28169,1.28474,0.00304352
1.76004e+09,633,-0.0396839,-0.039458,0.000225932,1.2786,1.28474,0.0061374
1.76004e+09,634,-0.039798,-0.0396839,0.000114068,1.27545,1.2786,0.00314429
1.76004e+09,635,-0.0399128,-0.039798,0.000114805,1.27226,1.27545,0.00319477
1.76004e+09,636,-0.0400284,-0.0399128,0.000115545,1.26901,1.27226,0.0032453
1.76004e+09,637,-0.0401446,-0.0400284,0.000116287,1.26572,1.26901,0.0032959
1.76004e+09,638,-0.0402617,-0.0401446,0.000117032,1.26237,1.26572,0.00334658
1.76004e+09,639,-0.0403795,-0.0402617,0.00011778,1.25897,1.26237,0.00339732
1.76004e+09,640,-0.040498,-0.0403795,0.00011853,1.25553,1.25897,0.00344814
1.76004e+09,641,-0.0406173,-0.040498,0.000119284,1.25203,1.25553,0.00349903
1.76004e+09,642,-0.0407373,-0.0406173,0.00012004,1.24848,1.25203,0.00355001
1.76004e+09,643,-0.0408581,-0.0407373,0.000120799,1.24488,1.24848,0.00360107
1.76004e+09,644,-0.0409797,-0.0408581,0.000121561,1.24122,1.24488,0.00365223
1.76004e+09,645,-0.041102,-0.0409797,0.000122327,1.23752,1.24122,0.00370347
1.76004e+09,646,-0.0412251,-0.041102,0.000123096,1.23377,1.23752,0.00375481
1.76004e+09,647,-0.041349,-0.0412251,0.000123868,1.22996,1.23377,0.00380625
1.76004e+09,648,-0.0414736,-0.041349,0.000124644,1.2261,1.22996,0.0038578
1.76004e+09,649,-0.041599,-0.0414736,0.000125423,1.22219,1.2261,0.00390946
1.76004e+09,650,-0.0417252,-0.041599,0.000126206,1.21823,1.22219,0.00396123
1.76004e+09,651,-0.0418522,-0.0417252,0.000126993,1.21422,1.21823,0.00401312
1.76004e+09,652,-0.04198,-0.0418522,0.000127783,1.21015,1.21422,0.00406513
1.76004e+09,653,-0.0421086,-0.0418522,0.000256361,1.20603,1.21422,0.0081824
1.76004e+09,654,-0.042238,-0.0421086,0.000129377,1.20187,1.20603,0.00416955
1.76004e+09,655,-0.0423681,-0.042238,0.000130179,1.19764,1.20187,0.00422196
1.76004e+09,656,-0.0424991,-0.0423681,0.000130986,1.19337,1.19764,0.00427453
1.76004e+09,657,-0.0426309,-0.0424991,0.000131797,1.18904,1.19337,0.00432724
1.76004e+09,658,-0.0427635,-0.0426309,0.000132613,1.18466,1.18904,0.00438011
1.76004e+09,659,-0.042897,-0.0427635,0.000133433,1.18023,1.18466,0.00443315
1.76004e+09,660,-0.0430312,-0.042897,0.000134258,1.17574,1.18023,0.00448636
1.76004e+09,661,-0.0431663,-0.0430312,0.000135088,1.1712,1.17574,0.00453975
1.76004e+09,662,-0.0433022,-0.0430312,0.00027101,1.16661,1.17574,0.00913307
1.76004e+09,663,-0.043439,-0.0433022,0.000136761,1.16196,1.16661,0.00464709
1.76004e+09,664,-0.0435766,-0.043439,0.000137606,1.15726,1.16196,0.00470106
1.76004e+09,665,-0.0437151,-0.0435766,0.000138455,1.15251,1.15726,0.00475524
1.76004e+09,666,-0.0438544,-0.0437151,0.000139309,1.1477,1.15251,0.00480963
1.76004e+09,667,-0.0439945,-0.0438544,0.000140169,1.14283,1.1477,0.00486426
1.76004e+09,668,-0.0441356,-0.0439945,0.000141034,1.13791,1.14283,0.00491912
1.76004e+09,669,-0.0442775,-0.0441356,0.000141905,1.13294,1.13791,0.00497423
1.76004e+09,670,-0.0444203,-0.0442775,0.000142782,1.12791,1.13294,0.00502959
1.76004e+09,671,-0.0445639,-0.0444203,0.000143664,1.12282,1.12791,0.00508522
1.76004e+09,672,-0.0447085,-0.0445639,0.000144551,1.11768,1.12282,0.00514113
1.76004e+09,673,-0.0448539,-0.0447085,0.000145445,1.11248,1.11768,0.00519733
1.76004e+09,674,-0.0450003,-0.0448539,0.000146345,1.10723,1.11248,0.00525382
1.76004e+09,675,-0.0451475,-0.0450003,0.00014725,1.10192,1.10723,0.00531064
1.76004e+09,676,-0.0452957,-0.0451475,0.000148162,1.09655,1.10192,0.00536777
1.76004e+09,677,-0.0454448,-0.0452957,0.000149081,1.09113,1.09655,0.00542525
1.76004e+09,678,-0.0455948,-0.0452957,0.000299086,1.08564,1.09655,0.0109083
1.76004e+09,679,-0.0457457,-0.0454448,0.000300941,1.0801,1.09113,0.0110244
1.76004e+09,680,-0.0458976,-0.0455948,0.00030281,1.0745,1.08564,0.0111411
1.76004e+09,681,-0.0460504,-0.0457457,0.000304692,1.06884,1.0801,0.0112587
1.76004e+09,682,-0.0462042,-0.0460504,0.000153769,1.06313,1.06884,0.00571824
1.76004e+09,683,-0.0463589,-0.0462042,0.000154727,1.05735,1.06313,0.00577807
1.76004e+09,684,-0.0465146,-0.0463589,0.000155692,1.05151,1.05735,0.00583835
1.76004e+09,685,-0.0466713,-0.0465146,0.000156664,1.04561,1.05151,0.0058991
1.76004e+09,686,-0.0468289,-0.0466713,0.000157643,1.03965,1.04561,0.00596034
1.76004e+09,687,-0.0469875,-0.0466713,0.000316273,1.03363,1.04561,0.0119824
1.76004e+09,688,-0.0471471,-0.0468289,0.000318253,1.02754,1.03965,0.0121065
1.76004e+09,689,-0.0473078,-0.0469875,0.000320247,1.0214,1.03363,0.0122316
1.76004e+09,690,-0.0474694,-0.0471471,0.000322257,1.01519,1.02754,0.0123579
1.76004e+09,691,-0.0476321,-0.0473078,0.000324282,1.00891,1.0214,0.0124853
1.76004e+09,692,-0.0477957,-0.0474694,0.000326322,1.00257,1.01519,0.012614
1.76004e+09,693,-0.0479604,-0.0476321,0.000328378,0.996167,1.00891,0.012744
1.76004e+09,694,-0.0481262,-0.0477957,0.000330449,0.989697,1.00257,0.0128753
1.76004e+09,695,-0.048293,-0.0479604,0.000332536,0.983159,0.996167,0.013008
1.76004e+09,696,-0.0484608,-0.0481262,0.000334639,0.976554,0.989697,0.0131422
1.76004e+09,697,-0.0486297,-0.048293,0.000336759,0.969881,0.983159,0.0132779
1.76004e+09,698,-0.0487997,-0.0484608,0.000338895,0.963139,0.976554,0.0134152
1.76004e+09,699,-0.0489708,-0.0486297,0.000341048,0.956327,0.969881,0.0135542
1.76004e+09,700,-0.0491429,-0.0487997,0.000343218,0.949444,0.963139,0.0136949
1.76004e+09,701,-0.0493162,-0.0489708,0.000345405,0.94249,0.956327,0.0138375
1.76004e+09,702,-0.0494905,-0.0491429,0.00034761,0.935462,0.949444,0.013982
1.76004e+09,703,-0.049666,-0.0493162,0.000349832,0.928361,0.94249,0.0141285
1.76004e+09,704,-0.0498426,-0.0494905,0.000352072,0.921185,0.935462,0.0142771
1.76004e+09,705,-0.0500203,-0.049666,0.000354331,0.913933,0.928361,0.0144279
1.76004e+09,706,-0.0501992,-0.0498426,0.000356608,0.906604,0.921185,0.014581
1.76004e+09,707,-0.0503792,-0.0500203,0.000358905,0.899197,0.913933,0.0147366
1.76004e+09,708,-0.0505604,-0.0501992,0.000361221,0.891709,0.906604,0.0148947
1.76004e+09,709,-0.0507428,-0.0503792,0.000363556,0.884141,0.899197,0.0150554
1.76004e+09,710,-0.0509264,-0.0505604,0.000365912,0.876491,0.891709,0.015219
1.76004e+09,711,-0.0511111,-0.0507428,0.000368289,0.868756,0.884141,0.0153855
1.76004e+09,712,-0.051297,-0.0509264,0.000370687,0.860935,0.876491,0.0155551
1.76004e+09,713,-0.0514842,-0.0511111,0.000373107,0.853028,0.868756,0.015728
1.76004e+09,714,-0.0516726,-0.051297,0.00037555,0.845031,0.860935,0.0159043
1.76004e+09,715,-0.0518622,-0.0514842,0.000378015,0.836944,0.853028,0.0160842
1.76004e+09,716,-0.0520531,-0.0516726,0.000380504,0.828763,0.845031,0.016268
1.76004e+09,717,-0.0522452,-0.0518622,0.000383017,0.820488,0.836944,0.0164558
1.76004e+09,718,-0.0524386,-0.0520531,0.000385555,0.812115,0.828763,0.0166479
1.76004e+09,719,-0.0526334,-0.0522452,0.000388119,0.803643,0.820488,0.0168445
1.76004e+09,720,-0.0528294,-0.0524386,0.00039071,0.795069,0.812115,0.0170458
1.76004e+09,721,-0.0530267,-0.0526334,0.000393327,0.786391,0.803643,0.0172522
1.76004e+09,722,-0.0532253,-0.0528294,0.000395972,0.777605,0.795069,0.017464
1.76004e+09,723,-0.0534253,-0.0530267,0.000398645,0.76871,0.786391,0.0176815
1.76004e+09,724,-0.0536267,-0.0532253,0.000401347,0.7597,0.777605,0.017905
1.76004e+09,725,-0.0538294,-0.0534253,0.000404078,0.750575,0.76871,0.018135
1.76004e+09,726,-0.0540335,-0.0536267,0.000406839,0.741329,0.7597,0.0183718
1.76004e+09,727,-0.054239,-0.0538294,0.000409629,0.731959,0.750575,0.0186159
1.76004e+09,728,-0.054446,-0.0540335,0.000412449,0.722461,0.741329,0.0188679
1.76004e+09,729,-0.0546543,-0.054239,0.000415298,0.71283,0.731959,0.0191282
1.76004e+09,730,-0.0548641,-0.054446,0.000418176,0.703063,0.722461,0.0193975
1.76004e+09,731,-0.0550754,-0.0546543,0.000421081,0.693154,0.71283,0.0196764
1.76004e+09,732,-0.0552882,-0.0548641,0.000424013,0.683098,0.703063,0.0199656
1.76004e+09,733,-0.0555024,-0.0550754,0.00042697,0.672888,0.693154,0.0202659
1.76004e+09,734,-0.0557181,-0.0555024,0.000215723,0.662519,0.672888,0.0103687
1.76004e+09,735,-0.0559353,-0.0557181,0.000217228,0.651985,0.662519,0.0105348
1.76004e+09,736,-0.0561541,-0.0559353,0.00021874,0.641276,0.651985,0.0107081
1.76004e+09,737,-0.0563743,-0.0561541,0.000220258,0.630387,0.641276,0.0108893
1.76004e+09,738,-0.0565961,-0.0561541,0.000442038,0.619308,0.641276,0.0219686
1.76004e+09,739,-0.0568194,-0.0563743,0.000445081,0.608029,0.630387,0.0223579
1.76004e+09,740,-0.0571446,-0.0565961,0.000548528,0.607818,0.619308,0.0114903
1.76004e+09,741,-0.0574722,-0.0568194,0.000652751,0.607603,0.608029,0.000426134
1.76004e+09,742,-0.057802,-0.0571446,0.000657333,0.607386,0.607818,0.000431747
1.76004e+09,743,-0.0581341,-0.0574722,0.00066189,0.607166,0.607603,0.000437403
1.76004e+09,744,-0.0584684,-0.057802,0.000666413,0.606943,0.607386,0.0004431
1.76004e+09,745,-0.0588049,-0.0581341,0.000670894,0.606717,0.607166,0.00044883
1.76004e+09,746,-0.0591437,-0.0584684,0.000675323,0.606488,0.606943,0.00045459
1.76004e+09,747,-0.0594846,-0.0588049,0.000679691,0.606257,0.606717,0.000460371
1.76004e+09,748,-0.0598277,-0.0591437,0.000683988,0.606022,0.606488,0.000466169
1.76004e+09,749,-0.0601728,-0.0594846,0.000688204,0.605785,0.606257,0.000471976
1.76004e+09,750,-0.06052,-0.0598277,0.000692328,0.605544,0.606022,0.000477785
1.76004e+09,751,-0.0608692,-0.0601728,0.00069635,0.605301,0.605785,0.000483588
1.76004e+09,752,-0.0612203,-0.06052,0.000700259,0.605055,0.605544,0.000489378
1.76004e+09,753,-0.0615732,-0.0608692,0.000704045,0.604806,0.605301,0.000495145
1.76004e+09,754,-0.061928,-0.0615732,0.000354743,0.604554,0.604806,0.000251872
1.76004e+09,755,-0.0622844,-0.061928,0.000356459,0.604299,0.604554,0.00025471
1.76004e+09,756,-0.0626425,-0.0622844,0.000358095,0.604042,0.604299,0.000257523
1.76004e+09,757,-0.0630022,-0.0626425,0.000359647,0.603781,0.604042,0.000260306
1.76004e+09,758,-0.0633633,-0.0626425,0.000720755,0.603518,0.604042,0.000523359
1.76004e+09,759,-0.0637258,-0.0630022,0.000723584,0.603253,0.603781,0.000528816
1.76004e+09,760,-0.0640895,-0.0637258,0.000363745,0.602984,0.603253,0.000268429
1.76004e+09,761,-0.0644544,-0.0640895,0.000364911,0.602713,0.602984,0.000271047
1.76004e+09,762,-0.0648204,-0.0644544,0.000365972,0.602439,0.602713,0.000273613
1.76004e+09,763,-0.0651873,-0.0648204,0.000366923,0.602163,0.602439,0.000276124
1.76004e+09,764,-0.0655551,-0.0651873,0.000367761,0.601885,0.602163,0.000278575
1.76004e+09,765,-0.0659236,-0.0655551,0.000368483,0.601604,0.601885,0.000280962
1.76004e+09,766,-0.0662926,-0.0659236,0.000369088,0.601321,0.601604,0.000283282
1.76004e+09,767,-0.0666622,-0.0662926,0.000369572,0.601035,0.601321,0.000285531
1.76004e+09,768,-0.0670322,-0.0662926,0.000739506,0.600747,0.601321,0.000573238
1.76004e+09,769,-0.0674023,-0.0666622,0.000740107,0.600457,0.601035,0.00057751
1.76004e+09,770,-0.0677726,-0.0670322,0.00074046,0.600166,0.600747,0.000581625
1.76004e+09,771,-0.0681429,-0.0674023,0.000740563,0.599872,0.600457,0.000585577
1.76004e+09,772,-0.068513,-0.0677726,0.000740415,0.599576,0.600166,0.00058936
1.76004e+09,773,-0.0688829,-0.0681429,0.000740016,0.599279,0.599872,0.00059297
1.76004e+09,774,-0.0692524,-0.068513,0.000739366,0.59898,0.599576,0.000596403
1.76004e+09,775,-0.0696214,-0.0688829,0.000738467,0.598679,0.599279,0.000599654
1.76004e+09,776,-0.0699897,-0.0692524,0.000737319,0.598377,0.59898,0.000602722
1.76004e+09,777,-0.0703573,-0.0696214,0.000735926,0.598074,0.598679,0.000605603
1.76004e+09,778,-0.070724,-0.0699897,0.000734292,0.597769,0.598377,0.000608296
1.76004e+09,779,-0.0710897,-0.0703573,0.000732419,0.597463,0.598074,0.000610799
1.76004e+09,780,-0.0714543,-0.070724,0.000730314,0.597156,0.597769,0.000613111
1.76004e+09,781,-0.0718177,-0.0710897,0.000727981,0.596848,0.597463,0.000615233
1.76004e+09,782,-0.0721797,-0.0714543,0.000725427,0.596539,0.597156,0.000617166
1.76004e+09,783,-0.0725404,-0.0718177,0.000722658,0.596229,0.596848,0.00061891
1.76004e+09,784,-0.0728994,-0.0721797,0.000719682,0.595918,0.596539,0.000620467
1.76004e+09,785,-0.0732569,-0.0725404,0.000716507,0.595607,0.596229,0.00062184
1.76004e+09,786,-0.0736126,-0.0728994,0.000713142,0.595295,0.595918,0.000623033
1.76004e+09,787,-0.0739665,-0.0732569,0.000709594,0.594983,0.595607,0.000624049
1.76004e+09,788,-0.0743184,-0.0736126,0.000705876,0.59467,0.595295,0.000624892
1.76004e+09,789,-0.0746685,-0.0739665,0.000701995,0.594357,0.594983,0.000625568
1.76004e+09,790,-0.0750164,-0.0743184,0.000697962,0.594044,0.59467,0.000626082
1.76004e+09,791,-0.0753622,-0.0746685,0.000693789,0.593731,0.594357,0.00062644
1.76004e+09,792,-0.0757059,-0.0750164,0.000689485,0.593417,0.594044,0.000626648
1.76004e+09,793,-0.0760473,-0.0753622,0.000685062,0.593104,0.593731,0.000626714
1.76004e+09,794,-0.0763864,-0.0757059,0.000680531,0.592791,0.593417,0.000626644
1.76004e+09,795,-0.0767232,-0.0760473,0.000675902,0.592478,0.593104,0.000626445
1.76004e+09,796,-0.0770576,-0.0763864,0.000671187,0.592165,0.592791,0.000626126
1.76004e+09,797,-0.0773896,-0.0767232,0.000666395,0.591852,0.592478,0.000625693
1.76004e+09,798,-0.0777191,-0.0770576,0.000661537,0.59154,0.592165,0.000625154
1.76004e+09,799,-0.0780462,-0.0773896,0.000656623,0.591227,0.591852,0.000624516
1.76004e+09,800,-0.0783708,-0.0777191,0.000651661,0.590916,0.59154,0.000623786
1.76004e+09,801,-0.0786929,-0.0780462,0.000646661,0.590605,0.591227,0.000622971
1.76004e+09,802,-0.0790124,-0.0783708,0.00064163,0.590294,0.590916,0.000622077
1.76004e+09,803,-0.0793295,-0.0786929,0.000636575,0.589983,0.590605,0.00062111
1.76004e+09,804,-0.0796439,-0.0790124,0.000631504,0.589674,0.590294,0.000620077
1.76004e+09,805,-0.0799559,-0.0793295,0.000626424,0.589364,0.589983,0.000618983
1.76004e+09,806,-0.0802653,-0.0799559,0.000309398,0.589056,0.589364,0.000308623
1.76004e+09,807,-0.0805721,-0.0802653,0.000306858,0.588748,0.589056,0.000308011
1.76004e+09,808,-0.0808765,-0.0805721,0.000304323,0.58844,0.588748,0.000307377
1.76004e+09,809,-0.0811783,-0.0808765,0.000301794,0.588134,0.58844,0.000306724
1.76004e+09,810,-0.0814775,-0.0811783,0.000299273,0.587828,0.588134,0.000306052
1.76004e+09,811,-0.0817743,-0.0814775,0.000296761,0.587522,0.587828,0.000305364
1.76004e+09,812,-0.0820686,-0.0817743,0.000294261,0.587218,0.587522,0.000304662
1.76004e+09,813,-0.0823603,-0.0820686,0.000291773,0.586914,0.587218,0.000303945
1.76004e+09,814,-0.0826496,-0.0823603,0.000289297,0.58661,0.586914,0.000303216
1.76004e+09,815,-0.0829365,-0.0826496,0.000286835,0.586308,0.58661,0.000302476
1.76004e+09,816,-0.0832208,-0.0829365,0.000284387,0.586006,0.586308,0.000301724
1.76004e+09,817,-0.0835028,-0.0832208,0.000281953,0.585705,0.586006,0.000300962
1.76004e+09,818,-0.0837823,-0.0835028,0.000279533,0.585405,0.585705,0.000300191
1.76004e+09,819,-0.0840595,-0.0837823,0.000277127,0.585106,0.585405,0.000299411
1.76004e+09,820,-0.0843342,-0.0840595,0.000274736,0.584807,0.585106,0.000298621
1.76004e+09,821,-0.0846066,-0.0843342,0.00027236,0.584509,0.584807,0.000297823
1.76004e+09,822,-0.0848766,-0.0846066,0.000269997,0.584212,0.584509,0.000297017
1.76004e+09,823,-0.0851442,-0.0848766,0.000267649,0.583916,0.584212,0.000296203
1.76004e+09,824,-0.0854095,-0.0851442,0.000265314,0.583621,0.583916,0.000295381
1.76004e+09,825,-0.0856725,-0.0854095,0.000262993,0.583326,0.583621,0.000294551
1.76004e+09,826,-0.0859332,-0.0854095,0.000523678,0.583032,0.583621,0.000588265
1.76004e+09,827,-0.0861916,-0.0856725,0.000519075,0.58274,0.583326,0.000586582
1.76004e+09,828,-0.0864477,-0.0859332,0.000514499,0.582447,0.583032,0.000584885
1.76004e+09,829,-0.0867015,-0.0861916,0.000509947,0.582156,0.58274,0.000583172
1.76004e+09,830,-0.0869531,-0.0864477,0.00050542,0.581866,0.582447,0.000581445
1.76004e+09,831,-0.0872024,-0.0869531,0.000249336,0.581577,0.581866,0.000289414
1.76004e+09,832,-0.0874495,-0.0869531,0.000496438,0.581288,0.581866,0.000577947
1.76004e+09,833,-0.0876944,-0.0872024,0.000491982,0.581,0.581577,0.000576176
1.76004e+09,834,-0.0879371,-0.0876944,0.000242669,0.580714,0.581,0.000286748
1.76004e+09,835,-0.0881776,-0.0876944,0.000483138,0.580428,0.581,0.000572593
1.76004e+09,836,-0.0884158,-0.0881776,0.00023828,0.580143,0.580428,0.000284936
1.76004e+09,837,-0.0886519,-0.0884158,0.000236101,0.579859,0.580143,0.000284019
1.76004e+09,838,-0.0888859,-0.0886519,0.000233933,0.579576,0.579859,0.000283096
1.76004e+09,839,-0.0891177,-0.0888859,0.000231775,0.579294,0.579576,0.000282167
1.76004e+09,840,-0.0893473,-0.0888859,0.000461403,0.579012,0.579576,0.000563397
1.76004e+09,841,-0.0895748,-0.0891177,0.000457117,0.578732,0.579294,0.000561519
1.76004e+09,842,-0.0898001,-0.0895748,0.000225362,0.578453,0.578732,0.00027934
1.76004e+09,843,-0.0900234,-0.0898001,0.000223244,0.578174,0.578453,0.000278386
1.76004e+09,844,-0.0902445,-0.0900234,0.000221135,0.577897,0.578174,0.000277426
1.76004e+09,845,-0.0904635,-0.0902445,0.000219036,0.577621,0.577897,0.000276461
1.76004e+09,846,-0.0906805,-0.0904635,0.000216946,0.577345,0.577621,0.00027549
1.76004e+09,847,-0.0908954,-0.0904635,0.000431812,0.577071,0.577621,0.000550003
1.76004e+09,848,-0.0911082,-0.0908954,0.000212794,0.576797,0.577071,0.000273531
1.76004e+09,849,-0.0913189,-0.0911082,0.000210732,0.576524,0.576797,0.000272545
1.76004e+09,850,-0.0915276,-0.0913189,0.000208679,0.576253,0.576524,0.000271553
1.76004e+09,851,-0.0917342,-0.0915276,0.000206635,0.575982,0.576253,0.000270557
1.76004e+09,852,-0.0919388,-0.0917342,0.000204599,0.575713,0.575982,0.000269556
1.76004e+09,853,-0.0921414,-0.0919388,0.000202573,0.575444,0.575713,0.000268551
1.76004e+09,854,-0.0923419,-0.0919388,0.000403127,0.575177,0.575713,0.000536093
1.76004e+09,855,-0.0925405,-0.0921414,0.0003991,0.57491,0.575444,0.00053407
1.76004e+09,856,-0.092737,-0.0925405,0.000196544,0.574645,0.57491,0.000265511
1.76004e+09,857,-0.0929316,-0.092737,0.000194552,0.57438,0.574645,0.00026449
1.76004e+09,858,-0.0931241,-0.0929316,0.000192568,0.574117,0.57438,0.000263465
1.76004e+09,859,-0.0933147,-0.0931241,0.000190592,0.573854,0.574117,0.000262437
1.76004e+09,860,-0.0935034,-0.0933147,0.000188625,0.573593,0.573854,0.000261406
1.76004e+09,861,-0.09369,-0.0933147,0.00037529,0.573332,0.573854,0.000521777
1.76004e+09,862,-0.0938747,-0.0935034,0.000371379,0.573073,0.573593,0.000519705
1.76004e+09,863,-0.0940575,-0.0938747,0.000182771,0.572815,0.573073,0.000258293
1.76004e+09,864,-0.0942383,-0.0940575,0.000180835,0.572558,0.572815,0.00025725
1.76004e+09,865,-0.0944172,-0.0942383,0.000178907,0.572301,0.572558,0.000256204
1.76004e+09,866,-0.0945942,-0.0944172,0.000176987,0.572046,0.572301,0.000255156
1.76004e+09,867,-0.0947693,-0.0945942,0.000175075,0.571792,0.572046,0.000254105
1.76004e+09,868,-0.0949425,-0.0945942,0.000348246,0.571539,0.572046,0.000507158
1.76004e+09,869,-0.0951138,-0.0947693,0.000344444,0.571287,0.571792,0.00050505
1.76004e+09,870,-0.0952831,-0.0951138,0.000169383,0.571036,0.571287,0.000250941
1.76004e+09,871,-0.0954506,-0.0952831,0.000167501,0.570786,0.571036,0.000249882
1.76004e+09,872,-0.0956163,-0.0954506,0.000165626,0.570537,0.570786,0.000248822
1.76004e+09,873,-0.09578,-0.0956163,0.000163758,0.57029,0.570537,0.00024776
1.76004e+09,874,-0.0959419,-0.09578,0.000161897,0.570043,0.57029,0.000246696
1.76004e+09,875,-0.096102,-0.09578,0.00032194,0.569797,0.57029,0.000492328
1.76004e+09,876,-0.0962602,-0.0959419,0.000318239,0.569553,0.570043,0.000490197
1.76004e+09,877,-0.0964165,-0.0962602,0.000156356,0.569309,0.569553,0.000243499
1.76004e+09,878,-0.096571,-0.0964165,0.000154523,0.569067,0.569309,0.00024243
1.76004e+09,879,-0.0967237,-0.096571,0.000152696,0.568825,0.569067,0.000241361
1.76004e+09,880,-0.0968746,-0.0967237,0.000150877,0.568585,0.568825,0.000240292
1.76004e+09,881,-0.0970237,-0.0968746,0.000149063,0.568346,0.568585,0.000239221
1.76004e+09,882,-0.0971709,-0.0968746,0.000296319,0.568108,0.568585,0.000477371
1.76004e+09,883,-0.0973164,-0.0970237,0.000292712,0.567871,0.568346,0.000475228
1.76004e+09,884,-0.09746,-0.0973164,0.000143662,0.567635,0.567871,0.000236006
1.76004e+09,885,-0.0976019,-0.0973164,0.000285535,0.5674,0.567871,0.00047094
1.76004e+09,886,-0.097742,-0.09746,0.000281966,0.567166,0.567635,0.000468795
1.76004e+09,887,-0.0978803,-0.097742,0.000138316,0.566933,0.567166,0.000232789
1.76004e+09,888,-0.0980169,-0.0978803,0.000136547,0.566701,0.566933,0.000231716
1.76004e+09,889,-0.0981517,-0.0980169,0.000134783,0.566471,0.566701,0.000230644
1.76004e+09,890,-0.0982847,-0.0981517,0.000133025,0.566241,0.566471,0.000229572
1.76004e+09,891,-0.098416,-0.0982847,0.000131273,0.566013,0.566241,0.0002285
1.76004e+09,892,-0.0985455,-0.098416,0.000129527,0.565785,0.566013,0.000227428
1.76004e+09,893,-0.0986733,-0.0985455,0.000127786,0.565559,0.565785,0.000226357
1.76004e+09,894,-0.0987993,-0.0986733,0.000126051,0.565334,0.565559,0.000225286
1.76004e+09,895,-0.0989236,-0.0987993,0.000124321,0.565109,0.565334,0.000224217
1.76004e+09,896,-0.0990462,-0.0989236,0.000122597,0.564886,0.565109,0.000223147
1.76004e+09,897,-0.0991671,-0.0990462,0.000120878,0.564664,0.564886,0.000222079
1.76004e+09,898,-0.0992863,-0.0991671,0.000119164,0.564443,0.564664,0.000221012
1.76004e+09,899,-0.0994037,-0.0992863,0.000117456,0.564223,0.564443,0.000219945
1.76004e+09,900,-0.0995195,-0.0994037,0.000115753,0.564004,0.564223,0.00021888
1.76004e+09,901,-0.0996335,-0.0995195,0.000114054,0.563787,0.564004,0.000217816
1.76004e+09,902,-0.0997459,-0.0995195,0.000226416,0.56357,0.564004,0.000434568
1.76004e+09,903,-0.0998566,-0.0997459,0.000110673,0.563354,0.56357,0.000215691
1.76004e+09,904,-0.0999656,-0.0998566,0.000108989,0.563139,0.563354,0.000214631
1.76004e+09,905,-0.100073,-0.0999656,0.00010731,0.562926,0.563139,0.000213572
1.76004e+09,906,-0.100179,-0.100073,0.000105636,0.562713,0.562926,0.000212515
1.76004e+09,907,-0.100282,-0.100179,0.000103967,0.562502,0.562713,0.000211459
1.76004e+09,908,-0.100385,-0.100282,0.000102302,0.562292,0.562502,0.000210406
1.76004e+09,909,-0.100485,-0.100385,0.000100641,0.562082,0.562292,0.000209354
1.76004e+09,910,-0.100584,-0.100485,9.89853e-05,0.561874,0.562082,0.000208303
1.76004e+09,911,-0.100682,-0.100584,9.73335e-05,0.561667,0.561874,0.000207255
1.76004e+09,912,-0.100777,-0.100682,9.5686e-05,0.56146,0.561667,0.000206209
1.76004e+09,913,-0.100871,-0.100777,9.40427e-05,0.561255,0.56146,0.000205165
1.76004e+09,914,-0.100964,-0.100871,9.24035e-05,0.561051,0.561255,0.000204123
1.76004e+09,915,-0.101055,-0.100964,9.07684e-05,0.560848,0.561051,0.000203083
1.76004e+09,916,-0.101144,-0.101055,8.91373e-05,0.560646,0.560848,0.000202046
1.76004e+09,917,-0.101231,-0.101144,8.751e-05,0.560445,0.560646,0.00020101
1.76004e+09,918,-0.101317,-0.101231,8.58866e-05,0.560245,0.560445,0.000199978
1.76004e+09,919,-0.101401,-0.101317,8.4267e-05,0.560046,0.560245,0.000198948
1.76004e+09,920,-0.101484,-0.101401,8.26511e-05,0.559848,0.560046,0.00019792
1.76004e+09,921,-0.101565,-0.101401,0.00016369,0.559651,0.560046,0.000394815
1.76004e+09,922,-0.101645,-0.101484,0.000160469,0.559455,0.559848,0.000392768
1.76004e+09,923,-0.101722,-0.101565,0.000157255,0.559261,0.559651,0.000390726
1.76004e+09,924,-0.101799,-0.101645,0.000154048,0.559067,0.559455,0.00038869
1.76004e+09,925,-0.101873,-0.101799,7.46246e-05,0.558874,0.559067,0.000192823
1.76004e+09,926,-0.101946,-0.101873,7.30295e-05,0.558682,0.558874,0.000191812
1.76004e+09,927,-0.102018,-0.101873,0.000144467,0.558491,0.558874,0.000382617
1.76004e+09,928,-0.102088,-0.101946,0.000141286,0.558301,0.558682,0.000380604
1.76004e+09,929,-0.102156,-0.102088,6.82632e-05,0.558113,0.558301,0.000188798
1.76004e+09,930,-0.102222,-0.102156,6.66805e-05,0.557925,0.558113,0.0001878
1.76004e+09,931,-0.102288,-0.102222,6.51008e-05,0.557738,0.557925,0.000186805
1.76004e+09,932,-0.102351,-0.102288,6.3524e-05,0.557552,0.557738,0.000185813
1.76004e+09,933,-0.102413,-0.102351,6.195e-05,0.557367,0.557552,0.000184825
1.76004e+09,934,-0.102473,-0.102351,0.000122329,0.557184,0.557552,0.000368665
1.76004e+09,935,-0.102532,-0.102413,0.000119189,0.557001,0.557367,0.000366699
1.76004e+09,936,-0.10259,-0.102473,0.000116055,0.556819,0.557184,0.00036474
1.76004e+09,937,-0.102645,-0.102532,0.000112925,0.556638,0.557001,0.000362789
1.76004e+09,938,-0.102699,-0.10259,0.000109801,0.556458,0.556819,0.000360844
1.76004e+09,939,-0.102752,-0.102699,5.25616e-05,0.556279,0.556458,0.00017897
1.76004e+09,940,-0.102803,-0.102752,5.10055e-05,0.556101,0.556279,0.000178008
1.76004e+09,941,-0.102852,-0.102803,4.94517e-05,0.555924,0.556101,0.000177049
1.76004e+09,942,-0.1029,-0.102852,4.79001e-05,0.555748,0.555924,0.000176094
1.76004e+09,943,-0.102947,-0.1029,4.63507e-05,0.555573,0.555748,0.000175143
1.76004e+09,944,-0.102991,-0.102947,4.48033e-05,0.555399,0.555573,0.000174196
1.76004e+09,945,-0.103035,-0.102947,8.80613e-05,0.555225,0.555573,0.000347449
1.76004e+09,946,-0.103076,-0.103035,4.17146e-05,0.555053,0.555225,0.000172315
1.76004e+09,947,-0.103117,-0.103076,4.01731e-05,0.554882,0.555053,0.00017138
1.76004e+09,948,-0.103155,-0.103117,3.86335e-05,0.554711,0.554882,0.00017045
1.76004e+09,949,-0.103192,-0.103155,3.70956e-05,0.554542,0.554711,0.000169524
1.76004e+09,950,-0.103228,-0.103192,3.55594e-05,0.554373,0.554542,0.000168603
1.76004e+09,951,-0.103262,-0.103228,3.40248e-05,0.554205,0.554373,0.000167686
1.76004e+09,952,-0.103294,-0.103228,6.65167e-05,0.554039,0.554373,0.00033446
1.76004e+09,953,-0.103325,-0.103262,6.34522e-05,0.553873,0.554205,0.00033264
1.76004e+09,954,-0.103355,-0.103294,6.03906e-05,0.553708,0.554039,0.000330829
1.76004e+09,955,-0.103383,-0.103325,5.73319e-05,0.553544,0.553873,0.000329027
1.76004e+09,956,-0.103409,-0.103355,5.42758e-05,0.55338,0.553708,0.000327235
1.76004e+09,957,-0.103434,-0.103383,5.12223e-05,0.553218,0.553544,0.000325452
1.76004e+09,958,-0.103457,-0.103409,4.81712e-05,0.553057,0.55338,0.000323679
1.76004e+09,959,-0.103479,-0.103434,4.51224e-05,0.552896,0.553218,0.000321916
1.76004e+09,960,-0.103499,-0.103479,2.02765e-05,0.552737,0.552896,0.000159644
1.76004e+09,961,-0.103518,-0.103499,1.87546e-05,0.552578,0.552737,0.000158775
1.76004e+09,962,-0.103535,-0.103518,1.72337e-05,0.55242,0.552578,0.00015791
1.76004e+09,963,-0.103551,-0.103535,1.57137e-05,0.552263,0.55242,0.000157051
1.76004e+09,964,-0.103565,-0.103551,1.41944e-05,0.552107,0.552263,0.000156198
1.76004e+09,965,-0.103578,-0.103565,1.26759e-05,0.551951,0.552107,0.000155349
1.76004e+09,966,-0.103589,-0.103578,1.1158e-05,0.551797,0.551951,0.000154506
1.76004e+09,967,-0.103599,-0.103578,2.07987e-05,0.551643,0.551951,0.000308173
1.76004e+09,968,-0.103607,-0.103589,1.77647e-05,0.55149,0.551797,0.000306503
1.76004e+09,969,-0.103613,-0.103607,6.60768e-06,0.551338,0.55149,0.000152008
1.76004e+09,970,-0.103618,-0.103613,5.0918e-06,0.551187,0.551338,0.000151187
1.76004e+09,971,-0.103622,-0.103618,3.57625e-06,0.551037,0.551187,0.000150371
1.76004e+09,972,-0.103624,-0.103618,5.63723e-06,0.550887,0.551187,0.000299931
1.76004e+09,973,-0.103625,-0.103622,2.60691e-06,0.550738,0.551037,0.000298316
1.76004e+09,974,-0.103624,-0.103624,-4.23068e-07,0.55059,0.550887,0.000296713
1.76004e+09,975,-0.103621,-0.103625,-3.45281e-06,0.550443,0.550738,0.000295121
1.76004e+09,976,-0.103617,-0.103624,-6.48246e-06,0.550297,0.55059,0.000293541
1.76004e+09,977,-0.103612,-0.103621,-9.51214e-06,0.550151,0.550443,0.000291972
1.76004e+09,978,-0.103605,-0.103617,-1.2542e-05,0.550007,0.550297,0.000290416
1.76004e+09,979,-0.103596,-0.103605,-8.54362e-06,0.549862,0.550007,0.000144051
1.76004e+09,980,-0.103586,-0.103596,-1.0059e-05,0.549719,0.549862,0.000143288
1.76004e+09,981,-0.103574,-0.103586,-1.15747e-05,0.549577,0.549719,0.000142531
1.76004e+09,982,-0.103561,-0.103586,-2.46655e-05,0.549435,0.549719,0.000284312
1.76004e+09,983,-0.103547,-0.103574,-2.7698e-05,0.549294,0.549577,0.000282817
1.76004e+09,984,-0.103531,-0.103561,-3.07315e-05,0.549154,0.549435,0.000281335
1.76004e+09,985,-0.103513,-0.103531,-1.76418e-05,0.549014,0.549154,0.000139567
1.76004e+09,986,-0.103494,-0.103513,-1.916e-05,0.548875,0.549014,0.000138842
1.76004e+09,987,-0.103473,-0.103494,-2.06788e-05,0.548737,0.548875,0.000138123
1.76004e+09,988,-0.103451,-0.103494,-4.28773e-05,0.5486,0.548875,0.000275535
1.76004e+09,989,-0.103427,-0.103473,-4.59173e-05,0.548463,0.548737,0.000274118
1.76004e+09,990,-0.103402,-0.103451,-4.89591e-05,0.548327,0.5486,0.000272714
1.76004e+09,991,-0.103375,-0.103427,-5.20026e-05,0.548192,0.548463,0.000271324
1.76004e+09,992,-0.103347,-0.103402,-5.50482e-05,0.548057,0.548327,0.000269948
1.76004e+09,993,-0.103317,-0.103375,-5.80958e-05,0.547923,0.548192,0.000268585
1.76004e+09,994,-0.103286,-0.103347,-6.11456e-05,0.54779,0.548057,0.000267237
1.76004e+09,995,-0.103253,-0.103317,-6.41978e-05,0.547657,0.547923,0.000265902
1.76004e+09,996,-0.103219,-0.103286,-6.72525e-05,0.547525,0.54779,0.000264582
1.76004e+09,997,-0.103183,-0.103253,-7.03097e-05,0.547394,0.547657,0.000263276
1.76004e+09,998,-0.103145,-0.103219,-7.33697e-05,0.547263,0.547525,0.000261984
1.76004e+09,999,-0.103106,-0.103183,-7.64326e-05,0.547133,0.547394,0.000260708
1.76004e+09,1000,-0.103066,-0.103145,-7.94984e-05,0.547004,0.547263,0.000259445
1.76004e+09,1001,-0.103024,-0.103106,-8.25674e-05,0.546875,0.547133,0.000258198
1.76004e+09,1002,-0.10298,-0.103066,-8.56396e-05,0.546747,0.547004,0.000256966
1.76004e+09,1003,-0.102935,-0.103024,-8.87152e-05,0.546619,0.546875,0.000255749
1.76004e+09,1004,-0.102888,-0.10298,-9.17943e-05,0.546492,0.546747,0.000254548
1.76004e+09,1005,-0.10284,-0.102935,-9.4877e-05,0.546366,0.546619,0.000253361
1.76004e+09,1006,-0.10279,-0.102888,-9.79636e-05,0.54624,0.546492,0.000252191
1.76004e+09,1007,-0.102739,-0.10284,-0.000101054,0.546115,0.546366,0.000251036
1.76004e+09,1008,-0.102686,-0.10279,-0.000104148,0.54599,0.54624,0.000249897
1.76004e+09,1009,-0.102632,-0.102739,-0.000107247,0.545866,0.546115,0.000248775
1.76004e+09,1010,-0.102576,-0.102686,-0.00011035,0.545742,0.54599,0.000247668
1.76004e+09,1011,-0.102518,-0.102632,-0.000113457,0.545619,0.545866,0.000246578
1.76004e+09,1012,-0.102459,-0.102576,-0.000116569,0.545497,0.545742,0.000245505
1.76004e+09,1013,-0.102399,-0.102518,-0.000119686,0.545375,0.545619,0.000244448
1.76004e+09,1014,-0.102336,-0.102459,-0.000122807,0.545254,0.545497,0.000243408
1.76004e+09,1015,-0.102273,-0.102399,-0.000125934,0.545133,0.545375,0.000242386
1.76004e+09,1016,-0.102207,-0.102336,-0.000129065,0.545012,0.545254,0.00024138
1.76004e+09,1017,-0.10214,-0.102273,-0.000132202,0.544892,0.545133,0.000240392
1.76004e+09,1018,-0.102072,-0.102207,-0.000135344,0.544773,0.545012,0.000239421
1.76004e+09,1019,-0.102002,-0.10214,-0.000138491,0.544654,0.544892,0.000238468
1.76004e+09,1020,-0.10193,-0.102072,-0.000141644,0.544535,0.544773,0.000237533
1.76004e+09,1021,-0.101857,-0.102002,-0.000144803,0.544417,0.544654,0.000236617
1.76004e+09,1022,-0.101782,-0.10193,-0.000147968,0.544299,0.544535,0.000235718
1.76004e+09,1023,-0.101706,-0.101857,-0.000151139,0.544182,0.544417,0.000234838
1.76004e+09,1024,-0.101628,-0.101706,-7.79528e-05,0.544065,0.544182,0.000116775
1.76004e+09,1025,-0.101549,-0.101628,-7.9546e-05,0.543949,0.544065,0.000116358
1.76004e+09,1026,-0.101467,-0.101549,-8.11424e-05,0.543833,0.543949,0.000115951
1.76004e+09,1027,-0.101385,-0.101549,-0.000163885,0.543718,0.543949,0.000231505
1.76004e+09,1028,-0.1013,-0.101385,-8.43453e-05,0.543602,0.543718,0.000115166
1.76004e+09,1029,-0.101214,-0.1013,-8.59518e-05,0.543488,0.543602,0.000114788
1.76004e+09,1030,-0.101127,-0.101214,-8.75619e-05,0.543373,0.543488,0.00011442
1.76004e+09,1031,-0.101038,-0.101127,-8.91756e-05,0.543259,0.543373,0.000114063
1.76004e+09,1032,-0.100947,-0.101038,-9.07929e-05,0.543145,0.543259,0.000113715
1.76004e+09,1033,-0.100854,-0.100947,-9.24139e-05,0.543032,0.543145,0.000113377
1.76004e+09,1034,-0.10076,-0.100854,-9.40387e-05,0.542919,0.543032,0.00011305
1.76004e+09,1035,-0.100665,-0.10076,-9.56674e-05,0.542806,0.542919,0.000112734
1.76004e+09,1036,-0.100567,-0.100665,-9.73e-05,0.542694,0.542806,0.000112428
1.76004e+09,1037,-0.100468,-0.100567,-9.89366e-05,0.542582,0.542694,0.000112132
1.76004e+09,1038,-0.100368,-0.100468,-0.000100577,0.54247,0.542582,0.000111848
1.76004e+09,1039,-0.100266,-0.100368,-0.000102222,0.542358,0.54247,0.000111574
1.76004e+09,1040,-0.100162,-0.100266,-0.000103871,0.542247,0.542358,0.000111311
1.76004e+09,1041,-0.100056,-0.100162,-0.000105524,0.542136,0.542247,0.00011106
1.76004e+09,1042,-0.0999491,-0.100056,-0.000107182,0.542025,0.542136,0.000110819
1.76004e+09,1043,-0.0998402,-0.100056,-0.000216026,0.541915,0.542136,0.00022141
1.76004e+09,1044,-0.0997297,-0.0999491,-0.000219354,0.541804,0.542025,0.000220963
1.76004e+09,1045,-0.0996175,-0.0997297,-0.000112181,0.541694,0.541804,0.000110167
1.76004e+09,1046,-0.0995037,-0.0996175,-0.000113857,0.541584,0.541694,0.000109973
1.76004e+09,1047,-0.0993881,-0.0995037,-0.000115537,0.541474,0.541584,0.000109791
1.76004e+09,1048,-0.0992709,-0.0993881,-0.000117223,0.541365,0.541474,0.00010962
1.76004e+09,1049,-0.099152,-0.0992709,-0.000118913,0.541255,0.541365,0.000109462
1.76004e+09,1050,-0.0990314,-0.099152,-0.000120607,0.541146,0.541255,0.000109316
1.76004e+09,1051,-0.0989091,-0.0990314,-0.000122307,0.541037,0.541146,0.000109183
1.76004e+09,1052,-0.0987851,-0.0989091,-0.000124012,0.540928,0.541037,0.000109062
1.76004e+09,1053,-0.0986594,-0.0987851,-0.000125722,0.540819,0.540928,0.000108954
1.76004e+09,1054,-0.0985319,-0.0986594,-0.000127437,0.54071,0.540819,0.000108858
1.76004e+09,1055,-0.0984028,-0.0985319,-0.000129158,0.540601,0.54071,0.000108776
1.76004e+09,1056,-0.0982719,-0.0984028,-0.000130884,0.540492,0.540601,0.000108706
1.76004e+09,1057,-0.0981393,-0.0984028,-0.000263499,0.540384,0.540601,0.000217356
1.76004e+09,1058,-0.0980049,-0.0981393,-0.000134352,0.540275,0.540384,0.000108607
1.76004e+09,1059,-0.0978688,-0.0981393,-0.000270446,0.540166,0.540384,0.000217184
1.76004e+09,1060,-0.097731,-0.0978688,-0.000137842,0.540058,0.540166,0.000108562
1.76004e+09,1061,-0.0975914,-0.097731,-0.000139596,0.539949,0.540058,0.00010856
1.76004e+09,1062,-0.09745,-0.0975914,-0.000141355,0.539841,0.539949,0.000108572
1.76004e+09,1063,-0.0973069,-0.0975914,-0.000284475,0.539732,0.539949,0.00021717
1.76004e+09,1064,-0.097162,-0.0973069,-0.000144891,0.539624,0.539732,0.000108639
1.76004e+09,1065,-0.0970153,-0.097162,-0.000146669,0.539515,0.539624,0.000108694
1.76004e+09,1066,-0.0968669,-0.0970153,-0.000148452,0.539406,0.539515,0.000108763
1.76004e+09,1067,-0.0967167,-0.0968669,-0.000150241,0.539297,0.539406,0.000108847
1.76004e+09,1068,-0.0965646,-0.0967167,-0.000152037,0.539188,0.539297,0.000108947
1.76004e+09,1069,-0.0964108,-0.0965646,-0.000153839,0.539079,0.539188,0.000109061
1.76004e+09,1070,-0.0962551,-0.0965646,-0.000309487,0.53897,0.539188,0.000218252
1.76004e+09,1071,-0.0960977,-0.0962551,-0.000157463,0.538861,0.53897,0.000109336
1.76004e+09,1072,-0.0959384,-0.0960977,-0.000159284,0.538751,0.538861,0.000109497
1.76004e+09,1073,-0.0957773,-0.0959384,-0.000161112,0.538642,0.538751,0.000109674
1.76004e+09,1074,-0.0956143,-0.0957773,-0.000162947,0.538532,0.538642,0.000109867
1.76004e+09,1075,-0.0954495,-0.0956143,-0.000164788,0.538422,0.538532,0.000110076
1.76004e+09,1076,-0.0952829,-0.0954495,-0.000166637,0.538311,0.538422,0.000110301
1.76004e+09,1077,-0.0951144,-0.0952829,-0.000168492,0.538201,0.538311,0.000110543
1.76004e+09,1078,-0.0949441,-0.0951144,-0.000170354,0.53809,0.538201,0.000110802
1.76004e+09,1079,-0.0947718,-0.0949441,-0.000172223,0.537979,0.53809,0.000111078
1.76004e+09,1080,-0.0945977,-0.0949441,-0.000346323,0.537867,0.53809,0.000222449
1.76004e+09,1081,-0.0944217,-0.0945977,-0.000175984,0.537756,0.537867,0.000111681
1.76004e+09,1082,-0.0942439,-0.0944217,-0.000177875,0.537644,0.537756,0.00011201
1.76004e+09,1083,-0.0940641,-0.0942439,-0.000179773,0.537531,0.537644,0.000112355
1.76004e+09,1084,-0.0938824,-0.0940641,-0.000181679,0.537419,0.537531,0.000112719
1.76004e+09,1085,-0.0936988,-0.0938824,-0.000183592,0.537306,0.537419,0.000113102
1.76004e+09,1086,-0.0935133,-0.0938824,-0.000369105,0.537192,0.537419,0.000226604
1.76004e+09,1087,-0.0933259,-0.0936988,-0.000372955,0.537078,0.537306,0.000227424
1.76004e+09,1088,-0.0931365,-0.0933259,-0.000189378,0.536964,0.537078,0.00011436
1.76004e+09,1089,-0.0929452,-0.0931365,-0.000191322,0.536849,0.536964,0.000114817
1.76004e+09,1090,-0.0927519,-0.0929452,-0.000193274,0.536734,0.536849,0.000115294
1.76004e+09,1091,-0.0925567,-0.0927519,-0.000195234,0.536618,0.536734,0.000115791
1.76004e+09,1092,-0.0923595,-0.0925567,-0.000197202,0.536502,0.536618,0.000116307
1.76004e+09,1093,-0.0921603,-0.0923595,-0.000199178,0.536385,0.536502,0.000116843
1.76004e+09,1094,-0.0919591,-0.0921603,-0.000201162,0.536267,0.536385,0.0001174
1.76004e+09,1095,-0.091756,-0.0919591,-0.000203155,0.536149,0.536267,0.000117978
1.76004e+09,1096,-0.0915508,-0.091756,-0.000205155,0.536031,0.536149,0.000118576
1.76004e+09,1097,-0.0913437,-0.0915508,-0.000207165,0.535912,0.536031,0.000119195
1.76004e+09,1098,-0.0911345,-0.0913437,-0.000209182,0.535792,0.535912,0.000119836
1.76004e+09,1099,-0.0909233,-0.0911345,-0.000211209,0.535671,0.535792,0.000120499
1.76004e+09,1100,-0.09071,-0.0909233,-0.000213244,0.53555,0.535671,0.000121183
1.76004e+09,1101,-0.0904947,-0.09071,-0.000215287,0.535428,0.53555,0.000121889
1.76004e+09,1102,-0.0902774,-0.0904947,-0.00021734,0.535306,0.535428,0.000122618
1.76004e+09,1103,-0.090058,-0.0902774,-0.000219402,0.535182,0.535306,0.00012337
1.76004e+09,1104,-0.0898365,-0.090058,-0.000221472,0.535058,0.535182,0.000124145
1.76004e+09,1105,-0.089613,-0.0898365,-0.000223552,0.534933,0.535058,0.000124943
1.76004e+09,1106,-0.0893873,-0.089613,-0.000225642,0.534807,0.534933,0.000125765
1.76004e+09,1107,-0.0891596,-0.0893873,-0.000227741,0.534681,0.534807,0.000126611
1.76004e+09,1108,-0.0889297,-0.0891596,-0.00022985,0.534553,0.534681,0.000127481
1.76004e+09,1109,-0.0886978,-0.0889297,-0.000231968,0.534425,0.534553,0.000128376
1.76004e+09,1110,-0.0884637,-0.0886978,-0.000234097,0.534296,0.534425,0.000129295
1.76004e+09,1111,-0.0882274,-0.0884637,-0.000236236,0.534165,0.534296,0.00013024
1.76004e+09,1112,-0.087989,-0.0882274,-0.000238386,0.534034,0.534165,0.00013121
1.76004e+09,1113,-0.0877485,-0.087989,-0.000240547,0.533902,0.534034,0.000132207
1.76004e+09,1114,-0.0875058,-0.0877485,-0.000242719,0.533769,0.533902,0.00013323
1.76004e+09,1115,-0.0872609,-0.0875058,-0.000244902,0.533634,0.533769,0.000134279
1.76004e+09,1116,-0.0870138,-0.0875058,-0.000491999,0.533499,0.533769,0.000269635
1.76004e+09,1117,-0.0867645,-0.0872609,-0.000496401,0.533363,0.533634,0.000271815
1.76004e+09,1118,-0.086513,-0.0867645,-0.000251524,0.533225,0.533363,0.000137592
1.76004e+09,1119,-0.0862592,-0.086513,-0.000253756,0.533086,0.533225,0.000138752
1.76004e+09,1120,-0.0860032,-0.0862592,-0.000256001,0.532946,0.533086,0.000139941
1.76004e+09,1121,-0.0857449,-0.0860032,-0.000258259,0.532805,0.532946,0.000141159
1.76004e+09,1122,-0.0854844,-0.0857449,-0.000260531,0.532663,0.532805,0.000142407
1.76004e+09,1123,-0.0852216,-0.0854844,-0.000262817,0.532519,0.532663,0.000143685
1.76004e+09,1124,-0.0849565,-0.0852216,-0.000265117,0.532374,0.532519,0.000144993
1.76004e+09,1125,-0.084689,-0.0849565,-0.000267432,0.532228,0.532374,0.000146333
1.76004e+09,1126,-0.0844193,-0.0849565,-0.000537192,0.53208,0.532374,0.000294037
1.76004e+09,1127,-0.0841472,-0.0844193,-0.000272104,0.531931,0.53208,0.000149106
1.76004e+09,1128,-0.0838727,-0.0841472,-0.000274461,0.53178,0.531931,0.000150542
1.76004e+09,1129,-0.0835959,-0.0841472,-0.000551294,0.531628,0.531931,0.000302551
1.76004e+09,1130,-0.0833167,-0.0835959,-0.000279218,0.531475,0.531628,0.000153511
1.76004e+09,1131,-0.083035,-0.0833167,-0.000281617,0.53132,0.531475,0.000155045
1.76004e+09,1132,-0.082751,-0.083035,-0.000284029,0.531163,0.53132,0.000156614
1.76004e+09,1133,-0.0824646,-0.082751,-0.000286452,0.531005,0.531163,0.000158217
1.76004e+09,1134,-0.0821757,-0.0824646,-0.000288885,0.530845,0.531005,0.000159854
1.76004e+09,1135,-0.0818844,-0.0821757,-0.000291328,0.530684,0.530845,0.000161526
1.76004e+09,1136,-0.0815906,-0.0818844,-0.000293778,0.53052,0.530684,0.000163233
1.76004e+09,1137,-0.0812943,-0.0815906,-0.000296233,0.530355,0.53052,0.000164974
1.76004e+09,1138,-0.0809957,-0.0812943,-0.00029869,0.530189,0.530355,0.00016675
1.76004e+09,1139,-0.0806945,-0.0809957,-0.000301148,0.53002,0.530189,0.00016856
1.76004e+09,1140,-0.0803909,-0.0806945,-0.000303602,0.52985,0.53002,0.000170405
1.76004e+09,1141,-0.0800849,-0.0803909,-0.000306049,0.529677,0.52985,0.000172283
1.76004e+09,1142,-0.0797764,-0.0800849,-0.000308485,0.529503,0.529677,0.000174195
1.76004e+09,1143,-0.0794655,-0.0797764,-0.000310907,0.529327,0.529503,0.000176138
1.76004e+09,1144,-0.0791522,-0.0794655,-0.000313309,0.529149,0.529327,0.000178113
1.76004e+09,1145,-0.0788365,-0.0791522,-0.000315688,0.528969,0.529149,0.000180119
1.76004e+09,1146,-0.0785184,-0.0788365,-0.000318039,0.528787,0.528969,0.000182153
1.76004e+09,1147,-0.0781981,-0.0785184,-0.000320357,0.528603,0.528787,0.000184216
1.76004e+09,1148,-0.0778754,-0.0781981,-0.000322637,0.528416,0.528603,0.000186306
1.76004e+09,1149,-0.0775506,-0.0778754,-0.000324873,0.528228,0.528416,0.00018842
1.76004e+09,1150,-0.0772235,-0.0775506,-0.000327061,0.528037,0.528228,0.000190558
1.76004e+09,1151,-0.0768943,-0.0772235,-0.000329195,0.527845,0.528037,0.000192717
1.76004e+09,1152,-0.076563,-0.0768943,-0.00033127,0.52765,0.527845,0.000194895
1.76004e+09,1153,-0.0762297,-0.076563,-0.000333281,0.527453,0.52765,0.000197091
1.76004e+09,1154,-0.0758945,-0.0762297,-0.000335222,0.527253,0.527453,0.000199302
1.76004e+09,1155,-0.0755574,-0.0758945,-0.000337088,0.527052,0.527253,0.000201526
1.76004e+09,1156,-0.0752186,-0.0755574,-0.000338874,0.526848,0.527052,0.000203759
1.76004e+09,1157,-0.074878,-0.0752186,-0.000340575,0.526642,0.526848,0.000206001
1.76004e+09,1158,-0.0745358,-0.074878,-0.000342186,0.526434,0.526642,0.000208247
1.76004e+09,1159,-0.0741921,-0.0745358,-0.000343703,0.526223,0.526434,0.000210496
1.76004e+09,1160,-0.073847,-0.0741921,-0.000345122,0.52601,0.526223,0.000212744
1.76004e+09,1161,-0.0735005,-0.073847,-0.000346438,0.525795,0.52601,0.000214989
1.76004e+09,1162,-0.0731529,-0.0735005,-0.000347647,0.525578,0.525795,0.000217227
1.76004e+09,1163,-0.0728041,-0.0731529,-0.000348747,0.525359,0.525578,0.000219457
1.76004e+09,1164,-0.0724544,-0.0728041,-0.000349734,0.525137,0.525359,0.000221675
1.76004e+09,1165,-0.0721038,-0.0724544,-0.000350605,0.524913,0.525137,0.000223878
1.76004e+09,1166,-0.0717524,-0.0721038,-0.000351357,0.524687,0.524913,0.000226064
1.76004e+09,1167,-0.0714005,-0.0717524,-0.000351989,0.524459,0.524687,0.000228229
1.76004e+09,1168,-0.071048,-0.0714005,-0.000352498,0.524229,0.524459,0.000230371
1.76004e+09,1169,-0.0706951,-0.071048,-0.000352884,0.523996,0.524229,0.000232487
1.76004e+09,1170,-0.0703419,-0.0706951,-0.000353144,0.523761,0.523996,0.000234575
1.76004e+09,1171,-0.0699887,-0.0703419,-0.000353278,0.523525,0.523761,0.000236631
1.76004e+09,1172,-0.0696354,-0.0699887,-0.000353286,0.523286,0.523525,0.000238654
1.76004e+09,1173,-0.0692822,-0.0696354,-0.000353168,0.523046,0.523286,0.000240642
1.76004e+09,1174,-0.0689293,-0.0692822,-0.000352924,0.522803,0.523046,0.000242591
1.76004e+09,1175,-0.0685767,-0.0689293,-0.000352555,0.522558,0.522803,0.0002445
1.76004e+09,1176,-0.0682247,-0.0689293,-0.000704616,0.522312,0.522803,0.000490867
1.76004e+09,1177,-0.0678732,-0.0685767,-0.000703506,0.522064,0.522558,0.000494556
1.76004e+09,1178,-0.0675225,-0.0678732,-0.000350708,0.521814,0.522064,0.000249967
1.76004e+09,1179,-0.0671727,-0.0675225,-0.000349852,0.521562,0.521814,0.000251698
1.76004e+09,1180,-0.0668238,-0.0671727,-0.00034888,0.521309,0.521562,0.00025338
1.76004e+09,1181,-0.066476,-0.0668238,-0.000347794,0.521054,0.521309,0.000255014
1.76004e+09,1182,-0.0661294,-0.066476,-0.000346599,0.520797,0.521054,0.000256597
1.76004e+09,1183,-0.0657841,-0.0661294,-0.000345296,0.520539,0.520797,0.00025813
1.76004e+09,1184,-0.0654402,-0.0657841,-0.000343891,0.52028,0.520539,0.000259612
1.76004e+09,1185,-0.0650978,-0.0654402,-0.000342388,0.520018,0.52028,0.000261042
1.76004e+09,1186,-0.064757,-0.0650978,-0.00034079,0.519756,0.520018,0.000262421
1.76004e+09,1187,-0.0644179,-0.064757,-0.000339102,0.519492,0.519756,0.00026375
1.76004e+09,1188,-0.0640806,-0.0644179,-0.00033733,0.519227,0.519492,0.000265028
1.76004e+09,1189,-0.0637451,-0.0640806,-0.000335478,0.518961,0.519227,0.000266256
1.76004e+09,1190,-0.0634116,-0.0637451,-0.000333551,0.518694,0.518961,0.000267435
1.76004e+09,1191,-0.06308,-0.0634116,-0.000331555,0.518425,0.518694,0.000268566
1.76004e+09,1192,-0.0627505,-0.06308,-0.000329496,0.518155,0.518425,0.000269651
1.76004e+09,1193,-0.0624231,-0.06308,-0.000656875,0.517885,0.518425,0.000540341
1.76004e+09,1194,-0.0620979,-0.0624231,-0.000325208,0.517613,0.517885,0.000271686
1.76004e+09,1195,-0.0617749,-0.0620979,-0.000322991,0.51734,0.517613,0.000272639
1.76004e+09,1196,-0.0614542,-0.0617749,-0.000320731,0.517067,0.51734,0.000273552
1.76004e+09,1197,-0.0611358,-0.0614542,-0.000318434,0.516792,0.517067,0.000274427
1.76004e+09,1198,-0.0608197,-0.0611358,-0.000316106,0.516517,0.516792,0.000275264
1.76004e+09,1199,-0.0605059,-0.0608197,-0.00031375,0.516241,0.516517,0.000276067
1.76004e+09,1200,-0.0603006,-0.0605059,-0.00020526,0.528747,0.516241,-0.0125059
1.76004e+09,1201,-0.0600971,-0.0603006,-0.000203583,0.540981,0.528747,-0.0122337
1.76004e+09,1202,-0.0598952,-0.0600971,-0.000201892,0.552959,0.540981,-0.0119786
1.76004e+09,1203,-0.059695,-0.0598952,-0.00020019,0.564698,0.552959,-0.0117388
1.76004e+09,1204,-0.0594965,-0.059695,-0.000198479,0.576211,0.564698,-0.0115127
1.76004e+09,1205,-0.0592997,-0.0594965,-0.000196764,0.58751,0.576211,-0.011299
1.76004e+09,1206,-0.0591047,-0.0592997,-0.000195047,0.598606,0.58751,-0.0110965
1.76004e+09,1207,-0.0589114,-0.0591047,-0.00019333,0.609511,0.598606,-0.0109042
1.76004e+09,1208,-0.0587197,-0.0589114,-0.000191616,0.620232,0.609511,-0.0107212
1.76004e+09,1209,-0.0585298,-0.0587197,-0.000189906,0.630778,0.620232,-0.0105466
1.76004e+09,1210,-0.0583416,-0.0585298,-0.000188202,0.641158,0.630778,-0.0103798
1.76004e+09,1211,-0.0581551,-0.0583416,-0.000186507,0.651378,0.641158,-0.0102201
1.76004e+09,1212,-0.0579703,-0.0581551,-0.00018482,0.661445,0.651378,-0.010067
1.76004e+09,1213,-0.0577872,-0.0579703,-0.000183144,0.671365,0.661445,-0.0099199
1.76004e+09,1214,-0.0576057,-0.0577872,-0.000181478,0.681143,0.671365,-0.00977845
1.76004e+09,1215,-0.0574259,-0.0576057,-0.000179823,0.690786,0.681143,-0.00964221
1.76004e+09,1216,-0.0572477,-0.0574259,-0.000178181,0.700296,0.690786,-0.00951079
1.76004e+09,1217,-0.0570711,-0.0572477,-0.000176551,0.70968,0.700296,-0.00938386
1.76004e+09,1218,-0.0568962,-0.0570711,-0.000174933,0.718941,0.70968,-0.00926112
1.76004e+09,1219,-0.0567229,-0.0568962,-0.000173328,0.728084,0.718941,-0.00914229
1.76004e+09,1220,-0.0565511,-0.0567229,-0.000171735,0.737111,0.728084,-0.00902711
1.76004e+09,1221,-0.056381,-0.0565511,-0.000170154,0.746026,0.737111,-0.00891535
1.76004e+09,1222,-0.0562124,-0.056381,-0.000168586,0.754833,0.746026,-0.00880679
1.76004e+09,1223,-0.0560454,-0.0562124,-0.000167031,0.763534,0.754833,-0.00870124
1.76004e+09,1224,-0.0558799,-0.0560454,-0.000165487,0.772133,0.763534,-0.00859852
1.76004e+09,1225,-0.0557159,-0.0558799,-0.000163954,0.780631,0.772133,-0.00849845
1.76004e+09,1226,-0.0555535,-0.0557159,-0.000162433,0.789032,0.780631,-0.00840089
1.76004e+09,1227,-0.0553926,-0.0555535,-0.000160924,0.797338,0.789032,-0.00830568
1.76004e+09,1228,-0.0552331,-0.0553926,-0.000159425,0.80555,0.797338,-0.00821271
1.76004e+09,1229,-0.0550752,-0.0552331,-0.000157936,0.813672,0.80555,-0.00812183
1.76004e+09,1230,-0.0549188,-0.0550752,-0.000156458,0.821705,0.813672,-0.00803294
1.76004e+09,1231,-0.0547638,-0.0549188,-0.00015499,0.829651,0.821705,-0.00794593
1.76004e+09,1232,-0.0546102,-0.0547638,-0.000153532,0.837512,0.829651,-0.0078607
1.76004e+09,1233,-0.0544581,-0.0546102,-0.000152083,0.845289,0.837512,-0.00777716
1.76004e+09,1234,-0.0543075,-0.0544581,-0.000150644,0.852984,0.845289,-0.00769522
1.76004e+09,1235,-0.0541583,-0.0543075,-0.000149213,0.860599,0.852984,-0.00761479
1.76004e+09,1236,-0.0540105,-0.0541583,-0.000147791,0.868135,0.860599,-0.0075358
1.76004e+09,1237,-0.0538641,-0.0540105,-0.000146378,0.875593,0.868135,-0.00745818
1.76004e+09,1238,-0.0537191,-0.0538641,-0.000144974,0.882975,0.875593,-0.00738186
1.76004e+09,1239,-0.0535756,-0.0537191,-0.000143577,0.890282,0.882975,-0.00730678
1.76004e+09,1240,-0.0534334,-0.0535756,-0.000142189,0.897515,0.890282,-0.00723287
1.76004e+09,1241,-0.0532926,-0.0534334,-0.000140809,0.904675,0.897515,-0.00716008
1.76004e+09,1242,-0.0531531,-0.0532926,-0.000139436,0.911763,0.904675,-0.00708835
1.76004e+09,1243,-0.0530151,-0.0532926,-0.000277507,0.918781,0.904675,-0.014106
1.76004e+09,1244,-0.0528784,-0.0531531,-0.000274785,0.925729,0.911763,-0.0139655
1.76004e+09,1245,-0.052743,-0.0528784,-0.000135364,0.932608,0.925729,-0.00687909
1.76004e+09,1246,-0.052609,-0.052743,-0.000134021,0.939419,0.932608,-0.00681115
1.76004e+09,1247,-0.0524763,-0.052609,-0.000132686,0.946163,0.939419,-0.00674405
1.76004e+09,1248,-0.0523449,-0.0524763,-0.000131358,0.952841,0.946163,-0.00667775
1.76004e+09,1249,-0.0522149,-0.0523449,-0.000130036,0.959453,0.952841,-0.00661222
1.76004e+09,1250,-0.0520862,-0.0522149,-0.000128722,0.966,0.959453,-0.00654742
1.76004e+09,1251,-0.0519588,-0.0520862,-0.000127414,0.972483,0.966,-0.00648332
1.76004e+09,1252,-0.0518326,-0.0519588,-0.000126114,0.978903,0.972483,-0.00641988
1.76004e+09,1253,-0.0517078,-0.0518326,-0.000124819,0.98526,0.978903,-0.00635708
1.76004e+09,1254,-0.0515843,-0.0517078,-0.000123532,0.991555,0.98526,-0.00629489
1.76004e+09,1255,-0.051462,-0.0515843,-0.000122251,0.997789,0.991555,-0.00623328
1.76004e+09,1256,-0.0513411,-0.051462,-0.000120976,1.00396,0.997789,-0.00617223
1.76004e+09,1257,-0.0512214,-0.051462,-0.000240684,1.01007,0.997789,-0.0122839
1.76004e+09,1258,-0.0511029,-0.0513411,-0.000238154,1.01612,1.00396,-0.0121634
1.76004e+09,1259,-0.0509857,-0.0512214,-0.000235636,1.02212,1.01007,-0.0120439
1.76004e+09,1260,-0.0508698,-0.0511029,-0.00023313,1.02805,1.01612,-0.0119253
1.76004e+09,1261,-0.0507551,-0.0509857,-0.000230637,1.03392,1.02212,-0.0118076
1.76004e+09,1262,-0.0506416,-0.0507551,-0.000113459,1.03974,1.03392,-0.00581631
1.76004e+09,1263,-0.0505294,-0.0506416,-0.000112227,1.0455,1.03974,-0.00575853
1.76004e+09,1264,-0.0504184,-0.0505294,-0.000111001,1.0512,1.0455,-0.00570114
1.76004e+09,1265,-0.0503086,-0.0504184,-0.000109781,1.05684,1.0512,-0.00564412
1.76004e+09,1266,-0.0502,-0.0503086,-0.000108566,1.06243,1.05684,-0.00558746
1.76004e+09,1267,-0.0500927,-0.0502,-0.000107357,1.06796,1.06243,-0.00553114
1.76004e+09,1268,-0.0499865,-0.0500927,-0.000106154,1.07344,1.06796,-0.00547515
1.76004e+09,1269,-0.0498816,-0.0499865,-0.000104956,1.07886,1.07344,-0.00541946
1.76004e+09,1270,-0.0497778,-0.0499865,-0.000208719,1.08422,1.07344,-0.0107835
1.76004e+09,1271,-0.0496752,-0.0497778,-0.000102576,1.08953,1.08422,-0.00530898
1.76004e+09,1272,-0.0495738,-0.0496752,-0.000101393,1.09478,1.08953,-0.00525415
1.76004e+09,1273,-0.0494736,-0.0495738,-0.000100216,1.09998,1.09478,-0.00519958
1.76004e+09,1274,-0.0493746,-0.0494736,-9.90445e-05,1.10513,1.09998,-0.00514526
1.76004e+09,1275,-0.0492767,-0.0493746,-9.78775e-05,1.11022,1.10513,-0.00509118
1.76004e+09,1276,-0.04918,-0.0493746,-0.000194593,1.11526,1.10513,-0.0101285
1.76004e+09,1277,-0.0490844,-0.04918,-9.55583e-05,1.12024,1.11526,-0.00498368
1.76004e+09,1278,-0.04899,-0.0490844,-9.44059e-05,1.12517,1.12024,-0.00493025
1.76004e+09,1279,-0.0488968,-0.04899,-9.32582e-05,1.13005,1.12517,-0.00487702
1.76004e+09,1280,-0.0488047,-0.0488968,-9.21152e-05,1.13487,1.13005,-0.00482397
1.76004e+09,1281,-0.0487137,-0.0488047,-9.09767e-05,1.13964,1.13487,-0.0047711
1.76004e+09,1282,-0.0486238,-0.0487137,-8.98427e-05,1.14436,1.13964,-0.0047184
1.76004e+09,1283,-0.0485351,-0.0486238,-8.87132e-05,1.14903,1.14436,-0.00466587
1.76004e+09,1284,-0.0484475,-0.0485351,-8.7588e-05,1.15364,1.14903,-0.00461349
1.76004e+09,1285,-0.0483611,-0.0484475,-8.64671e-05,1.1582,1.15364,-0.00456126
1.76004e+09,1286,-0.0482757,-0.0483611,-8.53504e-05,1.16271,1.1582,-0.00450916
1.76004e+09,1287,-0.0481915,-0.0482757,-8.42379e-05,1.16717,1.16271,-0.0044572
1.76004e+09,1288,-0.0481083,-0.0481915,-8.31295e-05,1.17157,1.16717,-0.00440537
1.76004e+09,1289,-0.0480263,-0.0481083,-8.20251e-05,1.17593,1.17157,-0.00435366
1.76004e+09,1290,-0.0479454,-0.0480263,-8.09247e-05,1.18023,1.17593,-0.00430206
1.76004e+09,1291,-0.0478656,-0.0479454,-7.98282e-05,1.18448,1.18023,-0.00425056
1.76004e+09,1292,-0.0477868,-0.0478656,-7.87355e-05,1.18868,1.18448,-0.00419917
1.76004e+09,1293,-0.0477092,-0.0478656,-0.000156382,1.19283,1.18448,-0.00834705
1.76004e+09,1294,-0.0476326,-0.0477092,-7.65614e-05,1.19692,1.19283,-0.00409667
1.76004e+09,1295,-0.0475571,-0.0476326,-7.54799e-05,1.20097,1.19692,-0.00404556
1.76004e+09,1296,-0.0474827,-0.0475571,-7.44019e-05,1.20496,1.20097,-0.00399452
1.76004e+09,1297,-0.0474094,-0.0474827,-7.33275e-05,1.20891,1.20496,-0.00394356
1.76004e+09,1298,-0.0473372,-0.0474094,-7.22565e-05,1.2128,1.20891,-0.00389267
1.76004e+09,1299,-0.047266,-0.0473372,-7.11889e-05,1.21664,1.2128,-0.00384184
1.76004e+09,1300,-0.0471958,-0.047266,-7.01247e-05,1.22043,1.21664,-0.00379108
1.76004e+09,1301,-0.0471268,-0.0471958,-6.90638e-05,1.22417,1.22043,-0.00374038
1.76004e+09,1302,-0.0470588,-0.0471268,-6.80061e-05,1.22786,1.22417,-0.00368973
1.76004e+09,1303,-0.0469918,-0.0470588,-6.69515e-05,1.2315,1.22786,-0.00363914
1.76004e+09,1304,-0.0469259,-0.0469918,-6.59001e-05,1.23509,1.2315,-0.00358859
1.76004e+09,1305,-0.0468611,-0.0469259,-6.48517e-05,1.23863,1.23509,-0.00353808
1.76004e+09,1306,-0.0467973,-0.0468611,-6.38064e-05,1.24212,1.23863,-0.00348762
1.76004e+09,1307,-0.0467345,-0.0467973,-6.2764e-05,1.24555,1.24212,-0.00343719
1.76004e+09,1308,-0.0466728,-0.0467345,-6.17245e-05,1.24894,1.24555,-0.00338679
1.76004e+09,1309,-0.0466121,-0.0466728,-6.06878e-05,1.25228,1.24894,-0.00333643
1.76004e+09,1310,-0.0465524,-0.0466121,-5.96539e-05,1.25556,1.25228,-0.00328609
1.76004e+09,1311,-0.0464938,-0.0465524,-5.86227e-05,1.2588,1.25556,-0.00323578
1.76004e+09,1312,-0.0464362,-0.0464938,-5.75942e-05,1.26199,1.2588,-0.0031855
1.76004e+09,1313,-0.0463797,-0.0464362,-5.65683e-05,1.26512,1.26199,-0.00313523
1.76004e+09,1314,-0.0463241,-0.0463797,-5.5545e-05,1.26821,1.26512,-0.00308498
1.76004e+09,1315,-0.0462696,-0.0463241,-5.45242e-05,1.27124,1.26821,-0.00303474
1.76004e+09,1316,-0.0462161,-0.0462696,-5.35059e-05,1.27422,1.27124,-0.00298452
1.76004e+09,1317,-0.0461636,-0.0462161,-5.249e-05,1.27716,1.27422,-0.00293431
1.76004e+09,1318,-0.0461121,-0.0462161,-0.000103966,1.28004,1.27422,-0.00581841
1.76004e+09,1319,-0.0460616,-0.0461636,-0.000101942,1.28288,1.27716,-0.00571801
1.76004e+09,1320,-0.0460122,-0.0460616,-4.94562e-05,1.28566,1.28288,-0.00278372
1.76004e+09,1321,-0.0459637,-0.0460122,-4.84494e-05,1.28839,1.28566,-0.00273353
1.76004e+09,1322,-0.0459163,-0.0459637,-4.74449e-05,1.29108,1.28839,-0.00268334
1.76004e+09,1323,-0.0458699,-0.0459163,-4.64424e-05,1.29371,1.29108,-0.00263315
1.76004e+09,1324,-0.0458244,-0.0458699,-4.5442e-05,1.29629,1.29371,-0.00258296
1.76004e+09,1325,-0.04578,-0.0458699,-8.98856e-05,1.29883,1.29371,-0.00511574
1.76004e+09,1326,-0.0457365,-0.0458244,-8.78908e-05,1.30131,1.29629,-0.00501535
1.76004e+09,1327,-0.0456941,-0.04578,-8.58999e-05,1.30374,1.29883,-0.00491494
1.76004e+09,1328,-0.0456526,-0.0457365,-8.39128e-05,1.30612,1.30131,-0.00481453
1.76004e+09,1329,-0.0456121,-0.0456941,-8.19294e-05,1.30846,1.30374,-0.0047141
1.76004e+09,1330,-0.0455727,-0.0456526,-7.99497e-05,1.31074,1.30612,-0.00461365
1.76004e+09,1331,-0.0455342,-0.0456121,-7.79735e-05,1.31297,1.30846,-0.00451318
1.76004e+09,1332,-0.0454967,-0.0455727,-7.60007e-05,1.31515,1.31074,-0.00441269
1.76004e+09,1333,-0.0454601,-0.0455342,-7.40313e-05,1.31728,1.31297,-0.00431217
1.76004e+09,1334,-0.0454246,-0.0454967,-7.20651e-05,1.31936,1.31515,-0.00421163
1.76004e+09,1335,-0.04539,-0.0454601,-7.01021e-05,1.32139,1.31728,-0.00411106
1.76004e+09,1336,-0.0453565,-0.0454246,-6.81422e-05,1.32337,1.31936,-0.00401046
1.76004e+09,1337,-0.0453238,-0.04539,-6.61853e-05,1.3253,1.32139,-0.00390982
1.76004e+09,1338,-0.0452922,-0.0453565,-6.42313e-05,1.32718,1.32337,-0.00380916
1.76004e+09,1339,-0.0452616,-0.0453238,-6.22801e-05,1.32901,1.3253,-0.00370846
1.76004e+09,1340,-0.0452319,-0.0452922,-6.03316e-05,1.33079,1.32718,-0.00360772
1.76004e+09,1341,-0.0452032,-0.0452616,-5.83858e-05,1.33252,1.32901,-0.00350695
1.76004e+09,1342,-0.0451754,-0.0452319,-5.64426e-05,1.3342,1.33079,-0.00340614
1.76004e+09,1343,-0.0451487,-0.0452032,-5.45018e-05,1.33582,1.33252,-0.0033053
1.76004e+09,1344,-0.0451229,-0.0451754,-5.25635e-05,1.3374,1.3342,-0.00320441
1.76004e+09,1345,-0.0450981,-0.0451229,-2.483e-05,1.33893,1.3374,-0.0015265
1.76004e+09,1346,-0.0450742,-0.0450981,-2.38636e-05,1.3404,1.33893,-0.00147601
1.76004e+09,1347,-0.0450513,-0.0450742,-2.28983e-05,1.34183,1.3404,-0.0014255
1.76004e+09,1348,-0.0450294,-0.0450513,-2.1934e-05,1.3432,1.34183,-0.00137496
1.76004e+09,1349,-0.0450084,-0.0450294,-2.09707e-05,1.34453,1.3432,-0.0013244
1.76004e+09,1350,-0.0449884,-0.0450084,-2.00083e-05,1.3458,1.34453,-0.00127383
1.76004e+09,1351,-0.0449693,-0.0449884,-1.90468e-05,1.34702,1.3458,-0.00122323
1.76004e+09,1352,-0.0449512,-0.0449884,-3.7133e-05,1.3482,1.3458,-0.00239583
1.76004e+09,1353,-0.0449341,-0.0449693,-3.52126e-05,1.34932,1.34702,-0.00229457
1.76004e+09,1354,-0.044918,-0.0449341,-1.61673e-05,1.35039,1.34932,-0.0010713
1.76004e+09,1355,-0.0449027,-0.044918,-1.5209e-05,1.35141,1.35039,-0.00102061
1.76004e+09,1356,-0.0448885,-0.0449027,-1.42514e-05,1.35238,1.35141,-0.000969903
1.76004e+09,1357,-0.0448752,-0.0448885,-1.32944e-05,1.3533,1.35238,-0.000919173
1.76004e+09,1358,-0.0448629,-0.0448752,-1.2338e-05,1.35417,1.3533,-0.000868422
1.76004e+09,1359,-0.0448515,-0.0448752,-2.37203e-05,1.35499,1.3533,-0.00168607
1.76004e+09,1360,-0.044841,-0.0448515,-1.0427e-05,1.35575,1.35499,-0.000766855
1.76004e+09,1361,-0.0448316,-0.044841,-9.47224e-06,1.35647,1.35575,-0.000716039
1.76004e+09,1362,-0.0448231,-0.0448316,-8.51795e-06,1.35713,1.35647,-0.000665202
1.76004e+09,1363,-0.0448155,-0.0448231,-7.56408e-06,1.35775,1.35713,-0.000614344
1.76004e+09,1364,-0.0448089,-0.0448155,-6.61059e-06,1.35831,1.35775,-0.000563466
1.76004e+09,1365,-0.0448032,-0.0448089,-5.65745e-06,1.35882,1.35831,-0.000512567
1.76004e+09,1366,-0.0447985,-0.0448032,-4.70461e-06,1.35929,1.35882,-0.000461647
1.76004e+09,1367,-0.0447948,-0.0447985,-3.75203e-06,1.3597,1.35929,-0.000410708
1.76004e+09,1368,-0.044792,-0.0447948,-2.79969e-06,1.36006,1.3597,-0.000359748
1.76004e+09,1369,-0.0447901,-0.044792,-1.84753e-06,1.36036,1.36006,-0.000308769
1.76004e+09,1370,-0.0447892,-0.0447901,-8.95529e-07,1.36062,1.36036,-0.000257771
1.76004e+09,1371,-0.0447893,-0.0447892,5.63612e-08,1.36083,1.36062,-0.000206753
1.76004e+09,1372,-0.0447903,-0.0447893,1.00818e-06,1.36099,1.36083,-0.000155717
1.76004e+09,1373,-0.0447923,-0.0447903,1.95996e-06,1.36109,1.36099,-0.000104663
1.76004e+09,1374,-0.0447952,-0.0447923,2.91174e-06,1.36114,1.36109,-5.35901e-05
1.76004e+09,1375,-0.044799,-0.0447952,3.86356e-06,1.36115,1.36114,-2.49949e-06
1.76004e+09,1376,-0.0448038,-0.044799,4.81546e-06,1.3611,1.36115,4.86086e-05
1.76004e+09,1377,-0.0448096,-0.0448038,5.76748e-06,1.361,1.3611,9.97339e-05
1.76004e+09,1378,-0.0448163,-0.0448096,6.71966e-06,1.36085,1.361,0.000150876
1.76004e+09,1379,-0.044824,-0.0448163,7.67203e-06,1.36064,1.36085,0.000202035
1.76004e+09,1380,-0.0448326,-0.044824,8.62463e-06,1.36039,1.36064,0.00025321
1.76004e+09,1381,-0.0448422,-0.0448326,9.57751e-06,1.36009,1.36039,0.000304401
1.76004e+09,1382,-0.0448527,-0.0448422,1.05307e-05,1.35973,1.36009,0.000355608
1.76004e+09,1383,-0.0448642,-0.0448527,1.14842e-05,1.35932,1.35973,0.00040683
1.76004e+09,1384,-0.0448767,-0.0448642,1.24382e-05,1.35887,1.35932,0.000458067
1.76004e+09,1385,-0.04489,-0.0448767,1.33925e-05,1.35836,1.35887,0.000509319
1.76004e+09,1386,-0.0449044,-0.04489,1.43473e-05,1.3578,1.35836,0.000560586
1.76004e+09,1387,-0.0449197,-0.0449044,1.53027e-05,1.35718,1.3578,0.000611867
1.76004e+09,1388,-0.044936,-0.0449197,1.62585e-05,1.35652,1.35718,0.000663162
1.76004e+09,1389,-0.0449532,-0.044936,1.7215e-05,1.35581,1.35652,0.00071447
1.76004e+09,1390,-0.0449713,-0.0449532,1.81721e-05,1.35504,1.35581,0.000765792
1.76004e+09,1391,-0.0449905,-0.0449713,1.91299e-05,1.35422,1.35504,0.000817128
1.76004e+09,1392,-0.0450106,-0.0449905,2.00883e-05,1.35336,1.35422,0.000868477
1.76004e+09,1393,-0.0450316,-0.0450106,2.10476e-05,1.35244,1.35336,0.000919838
1.76004e+09,1394,-0.0450536,-0.0450316,2.20076e-05,1.35146,1.35244,0.000971213
1.76004e+09,1395,-0.0450766,-0.0450536,2.29684e-05,1.35044,1.35146,0.0010226
1.76004e+09,1396,-0.0451005,-0.0450766,2.39301e-05,1.34937,1.35044,0.001074
1.76004e+09,1397,-0.0451254,-0.0451005,2.48927e-05,1.34824,1.34937,0.00112541
1.76004e+09,1398,-0.0451513,-0.0451254,2.58563e-05,1.34707,1.34824,0.00117684
1.76004e+09,1399,-0.0451781,-0.0451513,2.68209e-05,1.34584,1.34707,0.00122828
1.76004e+09,1400,-0.0452059,-0.0451781,2.77865e-05,1.34456,1.34584,0.00127972
1.76004e+09,1401,-0.0452346,-0.0452059,2.87532e-05,1.34323,1.34456,0.00133119
1.76004e+09,1402,-0.0452643,-0.0452059,5.84742e-05,1.34184,1.34456,0.00271385
1.76004e+09,1403,-0.045295,-0.0452643,3.069e-05,1.34041,1.34184,0.00143415
1.76004e+09,1404,-0.0453267,-0.0452643,6.23502e-05,1.33892,1.34184,0.0029198
1.76004e+09,1405,-0.0453593,-0.045295,6.42918e-05,1.33739,1.34041,0.00302282
1.76004e+09,1406,-0.0453929,-0.0453267,6.6236e-05,1.3358,1.33892,0.00312586
1.76004e+09,1407,-0.0454275,-0.0453929,3.45785e-05,1.33416,1.3358,0.00164023
1.76004e+09,1408,-0.0454631,-0.0454275,3.5554e-05,1.33247,1.33416,0.00169179
1.76004e+09,1409,-0.0454996,-0.0454631,3.65309e-05,1.33072,1.33247,0.00174335
1.76004e+09,1410,-0.0455371,-0.0454996,3.75092e-05,1.32893,1.33072,0.00179494
1.76004e+09,1411,-0.0455756,-0.0455371,3.84891e-05,1.32708,1.32893,0.00184654
1.76004e+09,1412,-0.0456151,-0.0455756,3.94706e-05,1.32518,1.32708,0.00189815
1.76004e+09,1413,-0.0456555,-0.0456151,4.04537e-05,1.32323,1.32518,0.00194978
1.76004e+09,1414,-0.045697,-0.0456555,4.14384e-05,1.32123,1.32323,0.00200142
1.76004e+09,1415,-0.0457394,-0.045697,4.24249e-05,1.31918,1.32123,0.00205309
1.76004e+09,1416,-0.0457828,-0.0457394,4.34131e-05,1.31707,1.31918,0.00210477
1.76004e+09,1417,-0.0458272,-0.0457828,4.44031e-05,1.31492,1.31707,0.00215647
1.76004e+09,1418,-0.0458726,-0.0458272,4.5395e-05,1.31271,1.31492,0.00220819
1.76004e+09,1419,-0.045919,-0.0458726,4.63887e-05,1.31045,1.31271,0.00225993
1.76004e+09,1420,-0.0459664,-0.0458726,9.37731e-05,1.30814,1.31271,0.00457162
1.76004e+09,1421,-0.0460147,-0.0459664,4.83821e-05,1.30577,1.30814,0.00236347
1.76004e+09,1422,-0.0460641,-0.0460147,4.93819e-05,1.30336,1.30577,0.00241528
1.76004e+09,1423,-0.0461145,-0.0460147,9.97656e-05,1.30089,1.30577,0.0048824
1.76004e+09,1424,-0.0461659,-0.0461145,5.13877e-05,1.29837,1.30089,0.00251897
1.76004e+09,1425,-0.0462183,-0.0461659,5.23939e-05,1.2958,1.29837,0.00257086
1.76004e+09,1426,-0.0462717,-0.0462183,5.34023e-05,1.29318,1.2958,0.00262277
1.76004e+09,1427,-0.0463261,-0.0462717,5.4413e-05,1.2905,1.29318,0.00267472
1.76004e+09,1428,-0.0463815,-0.0463261,5.54261e-05,1.28778,1.2905,0.0027267
1.76004e+09,1429,-0.046438,-0.0463815,5.64416e-05,1.285,1.28778,0.00277871
1.76004e+09,1430,-0.0464954,-0.046438,5.74595e-05,1.28217,1.285,0.00283075
1.76004e+09,1431,-0.0465539,-0.0464954,5.84799e-05,1.27929,1.28217,0.00288284
1.76004e+09,1432,-0.0466134,-0.0465539,5.95029e-05,1.27635,1.27929,0.00293496
1.76004e+09,1433,-0.0466739,-0.0466134,6.05285e-05,1.27336,1.27635,0.00298712
1.76004e+09,1434,-0.0467355,-0.0466739,6.15568e-05,1.27032,1.27336,0.00303933
1.76004e+09,1435,-0.0467981,-0.0467355,6.25879e-05,1.26723,1.27032,0.00309158
1.76004e+09,1436,-0.0468617,-0.0467981,6.36217e-05,1.26409,1.26723,0.00314388
1.76004e+09,1437,-0.0469264,-0.0468617,6.46583e-05,1.26089,1.26409,0.00319623
1.76004e+09,1438,-0.0469921,-0.0469264,6.56978e-05,1.25764,1.26089,0.00324864
1.76004e+09,1439,-0.0470588,-0.0469921,6.67403e-05,1.25434,1.25764,0.0033011
1.76004e+09,1440,-0.0471266,-0.0470588,6.77858e-05,1.25099,1.25434,0.00335362
1.76004e+09,1441,-0.0471954,-0.0471266,6.88344e-05,1.24758,1.25099,0.0034062
1.76004e+09,1442,-0.0472653,-0.0471954,6.98861e-05,1.24412,1.24758,0.00345885
1.76004e+09,1443,-0.0473363,-0.0472653,7.09409e-05,1.24061,1.24412,0.00351156
1.76004e+09,1444,-0.0474083,-0.0473363,7.19991e-05,1.23705,1.24061,0.00356435
1.76004e+09,1445,-0.0474813,-0.0474083,7.30605e-05,1.23343,1.23705,0.00361721
1.76004e+09,1446,-0.0475554,-0.0474813,7.41253e-05,1.22976,1.23343,0.00367015
1.76004e+09,1447,-0.0476306,-0.0475554,7.51935e-05,1.22604,1.22976,0.00372318
1.76004e+09,1448,-0.0477069,-0.0476306,7.62652e-05,1.22226,1.22604,0.00377629
1.76004e+09,1449,-0.0477842,-0.0477069,7.73404e-05,1.21843,1.22226,0.0038295
1.76004e+09,1450,-0.0478627,-0.0477842,7.84193e-05,1.21455,1.21843,0.0038828
1.76004e+09,1451,-0.0479422,-0.0478627,7.95019e-05,1.21061,1.21455,0.0039362
1.76004e+09,1452,-0.0480228,-0.0479422,8.05881e-05,1.20662,1.21061,0.0039897
1.76004e+09,1453,-0.0481044,-0.0480228,8.16782e-05,1.20258,1.20662,0.00404332
1.76004e+09,1454,-0.0481872,-0.0481044,8.27722e-05,1.19848,1.20258,0.00409705
1.76004e+09,1455,-0.0482711,-0.0481872,8.38701e-05,1.19433,1.19848,0.00415091
1.76004e+09,1456,-0.048356,-0.0482711,8.49719e-05,1.19013,1.19433,0.00420489
1.76004e+09,1457,-0.0484421,-0.048356,8.60779e-05,1.18587,1.19013,0.00425901
1.76004e+09,1458,-0.0485293,-0.0484421,8.7188e-05,1.18155,1.18587,0.00431326
1.76004e+09,1459,-0.0486176,-0.0485293,8.83023e-05,1.17719,1.18155,0.00436766
1.76004e+09,1460,-0.048707,-0.0486176,8.94209e-05,1.17277,1.17719,0.00442221
1.76004e+09,1461,-0.0487976,-0.048707,9.05438e-05,1.16829,1.17277,0.00447692
1.76004e+09,1462,-0.0488892,-0.0487976,9.16711e-05,1.16376,1.16829,0.0045318
1.76004e+09,1463,-0.0489821,-0.0488892,9.28029e-05,1.15917,1.16376,0.00458686
1.76004e+09,1464,-0.049076,-0.0489821,9.39392e-05,1.15453,1.15917,0.00464209
1.76004e+09,1465,-0.0491711,-0.049076,9.50802e-05,1.14983,1.15453,0.00469752
1.76004e+09,1466,-0.0492673,-0.0491711,9.62258e-05,1.14508,1.14983,0.00475315
1.76004e+09,1467,-0.0493647,-0.0492673,9.73763e-05,1.14027,1.14508,0.00480898
1.76004e+09,1468,-0.0494632,-0.0493647,9.85315e-05,1.1354,1.14027,0.00486503
1.76004e+09,1469,-0.0495629,-0.0494632,9.96917e-05,1.13048,1.1354,0.00492131
1.76004e+09,1470,-0.0496638,-0.0495629,0.000100857,1.1255,1.13048,0.00497783
1.76004e+09,1471,-0.0497658,-0.0496638,0.000102027,1.12047,1.1255,0.00503459
1.76004e+09,1472,-0.049869,-0.0497658,0.000103202,1.11538,1.12047,0.00509162
1.76004e+09,1473,-0.0499734,-0.049869,0.000104383,1.11023,1.11538,0.00514891
1.76004e+09,1474,-0.0500789,-0.0499734,0.000105569,1.10502,1.11023,0.00520649
1.76004e+09,1475,-0.0501857,-0.0500789,0.00010676,1.09976,1.10502,0.00526436
1.76004e+09,1476,-0.0502937,-0.0501857,0.000107957,1.09443,1.09976,0.00532254
1.76004e+09,1477,-0.0504028,-0.0502937,0.000109159,1.08905,1.09443,0.00538104
1.76004e+09,1478,-0.0505132,-0.0504028,0.000110367,1.08361,1.08905,0.00543988
1.76004e+09,1479,-0.0506248,-0.0505132,0.00011158,1.07812,1.08361,0.00549906
1.76004e+09,1480,-0.0507376,-0.0506248,0.000112799,1.07256,1.07812,0.00555862
1.76004e+09,1481,-0.0508516,-0.0507376,0.000114024,1.06694,1.07256,0.00561855
1.76004e+09,1482,-0.0509668,-0.0508516,0.000115255,1.06126,1.06694,0.00567888
1.76004e+09,1483,-0.0510833,-0.0509668,0.000116492,1.05552,1.06126,0.00573963
1.76004e+09,1484,-0.0512011,-0.0510833,0.000117735,1.04972,1.05552,0.00580082
1.76004e+09,1485,-0.05132,-0.0512011,0.000118983,1.04386,1.04972,0.00586246
1.76004e+09,1486,-0.0514403,-0.05132,0.000120239,1.03793,1.04386,0.00592457
1.76004e+09,1487,-0.0515618,-0.05132,0.000241739,1.03194,1.04386,0.0119117
1.76004e+09,1488,-0.0516846,-0.0515618,0.000122768,1.02589,1.03194,0.00605031
1.76004e+09,1489,-0.0518086,-0.0516846,0.000124042,1.01978,1.02589,0.00611397
1.76004e+09,1490,-0.0519339,-0.0518086,0.000125323,1.0136,1.01978,0.0061782
1.76004e+09,1491,-0.0520605,-0.0519339,0.00012661,1.00736,1.0136,0.00624303
1.76004e+09,1492,-0.0521884,-0.0520605,0.000127904,1.00105,1.00736,0.00630847
1.76004e+09,1493,-0.0523176,-0.0521884,0.000129204,0.994676,1.00105,0.00637455
1.76004e+09,1494,-0.0524481,-0.0523176,0.000130512,0.988234,0.994676,0.00644131
1.76004e+09,1495,-0.05258,-0.0524481,0.000131826,0.981726,0.988234,0.00650877
1.76004e+09,1496,-0.0527131,-0.05258,0.000133147,0.975149,0.981726,0.00657698
1.76004e+09,1497,-0.0528476,-0.0527131,0.000134476,0.968503,0.975149,0.00664595
1.76004e+09,1498,-0.0529834,-0.0528476,0.000135811,0.961787,0.968503,0.00671573
1.76004e+09,1499,-0.0531206,-0.0529834,0.000137154,0.955001,0.961787,0.00678636
1.76004e+09,1500,-0.0532591,-0.0531206,0.000138504,0.948143,0.955001,0.00685788
1.76004e+09,1501,-0.0533989,-0.0532591,0.000139862,0.941212,0.948143,0.00693033
1.76004e+09,1502,-0.0535402,-0.0533989,0.000141227,0.934209,0.941212,0.00700374
1.76004e+09,1503,-0.0536828,-0.0535402,0.0001426,0.927131,0.934209,0.00707818
1.76004e+09,1504,-0.0538267,-0.0536828,0.000143981,0.919977,0.927131,0.00715369
1.76004e+09,1505,-0.0539721,-0.0538267,0.000145369,0.912747,0.919977,0.00723032
1.76004e+09,1506,-0.0541189,-0.0539721,0.000146766,0.905438,0.912747,0.00730813
1.76004e+09,1507,-0.054267,-0.0541189,0.000148172,0.898051,0.905438,0.00738718
1.76004e+09,1508,-0.0544166,-0.054267,0.000149586,0.890584,0.898051,0.00746753
1.76004e+09,1509,-0.0545676,-0.0544166,0.000151008,0.883034,0.890584,0.00754925
1.76004e+09,1510,-0.0547201,-0.0545676,0.00015244,0.875402,0.883034,0.00763241
1.76004e+09,1511,-0.054874,-0.0547201,0.000153881,0.867685,0.875402,0.00771708
1.76004e+09,1512,-0.0550293,-0.054874,0.000155331,0.859882,0.867685,0.00780334
1.76004e+09,1513,-0.0551861,-0.0550293,0.000156791,0.85199,0.859882,0.00789129
1.76004e+09,1514,-0.0553443,-0.0551861,0.000158261,0.844009,0.85199,0.007981
1.76004e+09,1515,-0.0555041,-0.0553443,0.000159742,0.835937,0.844009,0.00807259
1.76004e+09,1516,-0.0556653,-0.0555041,0.000161233,0.827771,0.835937,0.00816615
1.76004e+09,1517,-0.055828,-0.0556653,0.000162735,0.819509,0.827771,0.00826179
1.76004e+09,1518,-0.0559923,-0.055828,0.000164248,0.811149,0.819509,0.00835965
1.76004e+09,1519,-0.0561581,-0.0559923,0.000165773,0.802689,0.811149,0.00845984
1.76004e+09,1520,-0.0563254,-0.0561581,0.00016731,0.794127,0.802689,0.0085625
1.76004e+09,1521,-0.0564942,-0.0563254,0.000168859,0.785459,0.794127,0.00866779
1.76004e+09,1522,-0.0566647,-0.0564942,0.000170421,0.776683,0.785459,0.00877587
1.76004e+09,1523,-0.0568367,-0.0566647,0.000171996,0.767796,0.776683,0.0088869
1.76004e+09,1524,-0.0570102,-0.0568367,0.000173584,0.758795,0.767796,0.00900109
1.76004e+09,1525,-0.0571854,-0.0568367,0.000348769,0.749677,0.767796,0.0181197
1.76004e+09,1526,-0.0573622,-0.0570102,0.000351985,0.740437,0.758795,0.0183584
1.76004e+09,1527,-0.0575407,-0.0573622,0.000178428,0.731072,0.740437,0.0093647
1.76004e+09,1528,-0.0577207,-0.0575407,0.000180069,0.721578,0.731072,0.00949372
1.76004e+09,1529,-0.0579024,-0.0577207,0.000181723,0.711951,0.721578,0.00962713
1.76004e+09,1530,-0.0580858,-0.0579024,0.000183391,0.702186,0.711951,0.00976523
1.76004e+09,1531,-0.0582709,-0.0580858,0.00018507,0.692278,0.702186,0.00990837
1.76004e+09,1532,-0.0584577,-0.0582709,0.000186761,0.682221,0.692278,0.0100569
1.76004e+09,1533,-0.0586461,-0.0584577,0.000188463,0.672009,0.682221,0.0102113
1.76004e+09,1534,-0.0588363,-0.0586461,0.000190174,0.661637,0.672009,0.0103721
1.76004e+09,1535,-0.0590282,-0.0586461,0.000382066,0.651098,0.672009,0.0209117
1.76004e+09,1536,-0.0592218,-0.0588363,0.000385511,0.640383,0.661637,0.0212543
1.76004e+09,1537,-0.0594172,-0.0592218,0.000195347,0.629485,0.640383,0.0108977
1.76004e+09,1538,-0.0596142,-0.0594172,0.000197079,0.618396,0.629485,0.0110896
1.76004e+09,1539,-0.059813,-0.0596142,0.000198809,0.607105,0.618396,0.0112911
1.76004e+09,1540,-0.0601192,-0.0596142,0.000504952,0.606894,0.618396,0.0115015
1.76004e+09,1541,-0.0604277,-0.0601192,0.000308559,0.606681,0.606894,0.000213203
1.76004e+09,1542,-0.0607387,-0.0604277,0.000310964,0.606465,0.606681,0.000216041
1.76004e+09,1543,-0.0610521,-0.0607387,0.000313354,0.606246,0.606465,0.000218899
1.76004e+09,1544,-0.0613678,-0.0610521,0.000315724,0.606024,0.606246,0.000221775
1.76004e+09,1545,-0.0616859,-0.0610521,0.000633794,0.6058,0.606246,0.000446442
1.76004e+09,1546,-0.0620062,-0.0616859,0.000320387,0.605572,0.6058,0.00022757
1.76004e+09,1547,-0.0623289,-0.0620062,0.00032267,0.605342,0.605572,0.000230482
1.76004e+09,1548,-0.0626538,-0.0623289,0.000324915,0.605108,0.605342,0.000233399
1.76004e+09,1549,-0.062981,-0.0626538,0.000327115,0.604872,0.605108,0.000236319
1.76004e+09,1550,-0.0633102,-0.062981,0.000329267,0.604633,0.604872,0.000239236
1.76004e+09,1551,-0.0636416,-0.0633102,0.000331364,0.60439,0.604633,0.000242148
1.76004e+09,1552,-0.063975,-0.0636416,0.000333401,0.604145,0.60439,0.000245049
1.76004e+09,1553,-0.0643104,-0.063975,0.000335373,0.603897,0.604145,0.000247936
1.76004e+09,1554,-0.0646476,-0.0643104,0.000337275,0.603647,0.603897,0.000250805
1.76004e+09,1555,-0.0649867,-0.0646476,0.000339101,0.603393,0.603647,0.000253651
1.76004e+09,1556,-0.0653276,-0.0649867,0.000340847,0.603137,0.603393,0.00025647
1.76004e+09,1557,-0.0656701,-0.0653276,0.000342507,0.602877,0.603137,0.000259258
1.76004e+09,1558,-0.0660142,-0.0656701,0.000344076,0.602615,0.602877,0.000262009
1.76004e+09,1559,-0.0663597,-0.0660142,0.000345551,0.602351,0.602615,0.00026472
1.76004e+09,1560,-0.0667066,-0.0663597,0.000346927,0.602083,0.602351,0.000267386
1.76004e+09,1561,-0.0670548,-0.0667066,0.0003482,0.601813,0.602083,0.000270003
1.76004e+09,1562,-0.0674042,-0.0670548,0.000349366,0.601541,0.601813,0.000272566
1.76004e+09,1563,-0.0677546,-0.0674042,0.000350422,0.601266,0.601541,0.000275073
1.76004e+09,1564,-0.068106,-0.0677546,0.000351365,0.600988,0.601266,0.000277518
1.76004e+09,1565,-0.0684582,-0.0677546,0.000703556,0.600708,0.601266,0.000557415
1.76004e+09,1566,-0.0688111,-0.0684582,0.000352899,0.600426,0.600708,0.000282208
1.76004e+09,1567,-0.0691646,-0.0688111,0.000353485,0.600141,0.600426,0.000284447
1.76004e+09,1568,-0.0695185,-0.0691646,0.000353949,0.599855,0.600141,0.000286609
1.76004e+09,1569,-0.0698728,-0.0695185,0.000354289,0.599566,0.599855,0.000288693
1.76004e+09,1570,-0.0702273,-0.0698728,0.000354504,0.599275,0.599566,0.000290695
1.76004e+09,1571,-0.0705819,-0.0702273,0.000354593,0.598983,0.599275,0.000292612
1.76004e+09,1572,-0.0709365,-0.0705819,0.000354556,0.598688,0.598983,0.000294443
1.76004e+09,1573,-0.0712909,-0.0705819,0.000708949,0.598392,0.598983,0.000590627
1.76004e+09,1574,-0.071645,-0.0712909,0.000354103,0.598094,0.598392,0.000297835
1.76004e+09,1575,-0.0719986,-0.071645,0.000353689,0.597795,0.598094,0.000299392
1.76004e+09,1576,-0.0723518,-0.0719986,0.000353151,0.597494,0.597795,0.000300856
1.76004e+09,1577,-0.0727043,-0.0723518,0.00035249,0.597192,0.597494,0.000302224
1.76004e+09,1578,-0.073056,-0.0727043,0.000351709,0.596888,0.597192,0.000303497
1.76004e+09,1579,-0.0734068,-0.073056,0.00035081,0.596584,0.596888,0.000304673
1.76004e+09,1580,-0.0737566,-0.0734068,0.000349794,0.596278,0.596584,0.000305753
1.76004e+09,1581,-0.0741053,-0.0737566,0.000348666,0.595971,0.596278,0.000306737
1.76004e+09,1582,-0.0744527,-0.0741053,0.000347428,0.595664,0.595971,0.000307625
1.76004e+09,1583,-0.0747988,-0.0744527,0.000346085,0.595355,0.595664,0.000308419
1.76004e+09,1584,-0.0751434,-0.0747988,0.000344639,0.595046,0.595355,0.000309119
1.76004e+09,1585,-0.0754865,-0.0751434,0.000343095,0.594736,0.595046,0.000309727
1.76004e+09,1586,-0.075828,-0.0754865,0.000341457,0.594426,0.594736,0.000310245
1.76004e+09,1587,-0.0761677,-0.075828,0.00033973,0.594115,0.594426,0.000310675
1.76004e+09,1588,-0.0765056,-0.0761677,0.00033792,0.593804,0.594115,0.000311019
1.76004e+09,1589,-0.0768416,-0.0765056,0.00033603,0.593493,0.593804,0.000311281
1.76004e+09,1590,-0.0771757,-0.0765056,0.000670097,0.593182,0.593804,0.000622743
1.76004e+09,1591,-0.0775078,-0.0771757,0.000332035,0.59287,0.593182,0.000311567
1.76004e+09,1592,-0.0778377,-0.0771757,0.000661975,0.592558,0.593182,0.000623166
1.76004e+09,1593,-0.0781655,-0.0775078,0.000657729,0.592247,0.59287,0.00062316
1.76004e+09,1594,-0.0784911,-0.0781655,0.000325584,0.591935,0.592247,0.000311457
1.76004e+09,1595,-0.0788144,-0.0784911,0.000323334,0.591624,0.591935,0.00031129
1.76004e+09,1596,-0.0791354,-0.0788144,0.000321042,0.591313,0.591624,0.000311065
1.76004e+09,1597,-0.0794542,-0.0791354,0.000318714,0.591002,0.591313,0.000310786
1.76004e+09,1598,-0.0797705,-0.0794542,0.000316355,0.590692,0.591002,0.000310455
1.76004e+09,1599,-0.0800845,-0.0794542,0.000630325,0.590382,0.591002,0.000620532
1.76004e+09,1600,-0.080396,-0.0800845,0.000311562,0.590072,0.590382,0.000309655
1.76004e+09,1601,-0.0807052,-0.080396,0.000309137,0.589763,0.590072,0.000309192
1.76004e+09,1602,-0.0810119,-0.0807052,0.000306698,0.589454,0.589763,0.000308692
1.76004e+09,1603,-0.0813161,-0.0810119,0.000304248,0.589146,0.589454,0.000308158
1.76004e+09,1604,-0.0816179,-0.0813161,0.000301791,0.588839,0.589146,0.000307593
1.76004e+09,1605,-0.0819172,-0.0816179,0.000299331,0.588532,0.588839,0.000306999
1.76004e+09,1606,-0.0822141,-0.0819172,0.000296869,0.588225,0.588532,0.000306379
1.76004e+09,1607,-0.0825085,-0.0822141,0.00029441,0.587919,0.588225,0.000305736
1.76004e+09,1608,-0.0828005,-0.0825085,0.000291954,0.587614,0.587919,0.000305071
1.76004e+09,1609,-0.08309,-0.0828005,0.000289504,0.58731,0.587614,0.000304388
1.76004e+09,1610,-0.083377,-0.08309,0.000287062,0.587006,0.58731,0.000303687
1.76004e+09,1611,-0.0836617,-0.083377,0.00028463,0.586703,0.587006,0.00030297
1.76004e+09,1612,-0.0839439,-0.0836617,0.000282207,0.586401,0.586703,0.00030224
1.76004e+09,1613,-0.0842237,-0.0839439,0.000279797,0.5861,0.586401,0.000301496
1.76004e+09,1614,-0.0845011,-0.0842237,0.000277398,0.585799,0.5861,0.00030074
1.76004e+09,1615,-0.0847761,-0.0842237,0.00055241,0.585499,0.5861,0.000600714
1.76004e+09,1616,-0.0850487,-0.0845011,0.000547652,0.5852,0.585799,0.00059917
1.76004e+09,1617,-0.085319,-0.0850487,0.000270281,0.584901,0.5852,0.00029841
1.76004e+09,1618,-0.0855869,-0.085319,0.000267936,0.584604,0.584901,0.000297615
1.76004e+09,1619,-0.0858526,-0.0855869,0.000265605,0.584307,0.584604,0.000296811
1.76004e+09,1620,-0.0861158,-0.0858526,0.000263288,0.584011,0.584307,0.000295998
1.76004e+09,1621,-0.0863768,-0.0861158,0.000260985,0.583716,0.584011,0.000295178
1.76004e+09,1622,-0.0866355,-0.0863768,0.000258696,0.583421,0.583716,0.000294351
1.76004e+09,1623,-0.0868919,-0.0863768,0.000515116,0.583128,0.583716,0.000587866
1.76004e+09,1624,-0.0871461,-0.0868919,0.000254158,0.582835,0.583128,0.000292673
1.76004e+09,1625,-0.087398,-0.0871461,0.000251908,0.582543,0.582835,0.000291823
1.76004e+09,1626,-0.0876477,-0.087398,0.000249672,0.582252,0.582543,0.000290966
1.76004e+09,1627,-0.0878951,-0.0876477,0.000247447,0.581962,0.582252,0.000290103
1.76004e+09,1628,-0.0881404,-0.0878951,0.000245236,0.581673,0.581962,0.000289232
1.76004e+09,1629,-0.0883834,-0.0881404,0.000243036,0.581385,0.581673,0.000288355
1.76004e+09,1630,-0.0886242,-0.0883834,0.000240848,0.581097,0.581385,0.00028747
1.76004e+09,1631,-0.0888629,-0.0886242,0.000238672,0.580811,0.581097,0.000286579
1.76004e+09,1632,-0.0890994,-0.0888629,0.000236506,0.580525,0.580811,0.000285681
1.76004e+09,1633,-0.0893338,-0.0890994,0.000234352,0.58024,0.580525,0.000284777
1.76004e+09,1634,-0.089566,-0.0893338,0.000232209,0.579956,0.58024,0.000283866
1.76004e+09,1635,-0.0897961,-0.089566,0.000230076,0.579673,0.579956,0.000282949
1.76004e+09,1636,-0.090024,-0.0897961,0.000227954,0.579391,0.579673,0.000282025
1.76004e+09,1637,-0.0902499,-0.090024,0.000225841,0.57911,0.579391,0.000281095
1.76004e+09,1638,-0.0904736,-0.0902499,0.000223739,0.57883,0.57911,0.000280159
1.76004e+09,1639,-0.0906952,-0.0904736,0.000221647,0.578551,0.57883,0.000279216
1.76004e+09,1640,-0.0909148,-0.0904736,0.000441211,0.578273,0.57883,0.000557485
1.76004e+09,1641,-0.0911323,-0.0909148,0.000217491,0.577995,0.578273,0.000277314
1.76004e+09,1642,-0.0913477,-0.0911323,0.000215427,0.577719,0.577995,0.000276355
1.76004e+09,1643,-0.0915611,-0.0913477,0.000213373,0.577443,0.577719,0.00027539
1.76004e+09,1644,-0.0917724,-0.0915611,0.000211328,0.577169,0.577443,0.000274419
1.76004e+09,1645,-0.0919817,-0.0917724,0.000209292,0.576896,0.577169,0.000273443
1.76004e+09,1646,-0.092189,-0.0919817,0.000207264,0.576623,0.576896,0.000272462
1.76004e+09,1647,-0.0923942,-0.092189,0.000205246,0.576352,0.576623,0.000271476
1.76004e+09,1648,-0.0925975,-0.0923942,0.000203237,0.576081,0.576352,0.000270486
1.76004e+09,1649,-0.0927987,-0.0925975,0.000201236,0.575812,0.576081,0.00026949
1.76004e+09,1650,-0.0929979,-0.0927987,0.000199244,0.575543,0.575812,0.000268491
1.76004e+09,1651,-0.0931952,-0.0929979,0.00019726,0.575276,0.575543,0.000267487
1.76004e+09,1652,-0.0933905,-0.0931952,0.000195285,0.575009,0.575276,0.000266478
1.76004e+09,1653,-0.0935838,-0.0933905,0.000193318,0.574744,0.575009,0.000265466
1.76004e+09,1654,-0.0937752,-0.0935838,0.00019136,0.574479,0.574744,0.00026445
1.76004e+09,1655,-0.0939646,-0.0937752,0.000189409,0.574216,0.574479,0.00026343
1.76004e+09,1656,-0.094152,-0.0939646,0.000187467,0.573953,0.574216,0.000262406
1.76004e+09,1657,-0.0943376,-0.094152,0.000185533,0.573692,0.573953,0.00026138
1.76004e+09,1658,-0.0945212,-0.094152,0.00036914,0.573432,0.573953,0.000521729
1.76004e+09,1659,-0.0947029,-0.0945212,0.000181689,0.573172,0.573432,0.000259316
1.76004e+09,1660,-0.0948827,-0.0947029,0.000179778,0.572914,0.573172,0.00025828
1.76004e+09,1661,-0.0950605,-0.0948827,0.000177876,0.572657,0.572914,0.000257241
1.76004e+09,1662,-0.0952365,-0.0950605,0.000175981,0.572401,0.572657,0.000256199
1.76004e+09,1663,-0.0954106,-0.0952365,0.000174093,0.572146,0.572401,0.000255155
1.76004e+09,1664,-0.0955828,-0.0954106,0.000172214,0.571891,0.572146,0.000254108
1.76004e+09,1665,-0.0957532,-0.0955828,0.000170341,0.571638,0.571891,0.000253059
1.76004e+09,1666,-0.0959216,-0.0957532,0.000168476,0.571386,0.571638,0.000252008
1.76004e+09,1667,-0.0960882,-0.0959216,0.000166619,0.571135,0.571386,0.000250954
1.76004e+09,1668,-0.096253,-0.0960882,0.000164768,0.570886,0.571135,0.000249899
1.76004e+09,1669,-0.0964159,-0.096253,0.000162925,0.570637,0.570886,0.000248842
1.76004e+09,1670,-0.096577,-0.0964159,0.000161089,0.570389,0.570637,0.000247783
1.76004e+09,1671,-0.0967363,-0.096577,0.00015926,0.570142,0.570389,0.000246723
1.76004e+09,1672,-0.0968937,-0.0967363,0.000157437,0.569897,0.570142,0.000245662
1.76004e+09,1673,-0.0970493,-0.0968937,0.000155622,0.569652,0.569897,0.000244598
1.76004e+09,1674,-0.0972032,-0.0970493,0.000153813,0.569408,0.569652,0.000243534
1.76004e+09,1675,-0.0973552,-0.0972032,0.000152011,0.569166,0.569408,0.000242469
1.76004e+09,1676,-0.0975054,-0.0973552,0.000150216,0.568925,0.569166,0.000241403
1.76004e+09,1677,-0.0976538,-0.0975054,0.000148427,0.568684,0.568925,0.000240335
1.76004e+09,1678,-0.0978005,-0.0976538,0.000146645,0.568445,0.568684,0.000239267
1.76004e+09,1679,-0.0979453,-0.0978005,0.000144869,0.568207,0.568445,0.000238199
1.76004e+09,1680,-0.0980884,-0.0979453,0.000143099,0.56797,0.568207,0.000237129
1.76004e+09,1681,-0.0982298,-0.0980884,0.000141336,0.567734,0.56797,0.00023606
1.76004e+09,1682,-0.0983693,-0.0982298,0.000139578,0.567499,0.567734,0.000234989
1.76004e+09,1683,-0.0985072,-0.0983693,0.000137827,0.567265,0.567499,0.000233919
1.76004e+09,1684,-0.0986433,-0.0985072,0.000136082,0.567032,0.567265,0.000232849
1.76004e+09,1685,-0.0987776,-0.0986433,0.000134343,0.5668,0.567032,0.000231778
1.76004e+09,1686,-0.0989102,-0.0987776,0.000132609,0.566569,0.5668,0.000230707
1.76004e+09,1687,-0.0990411,-0.0989102,0.000130881,0.56634,0.566569,0.000229637
1.76004e+09,1688,-0.0991702,-0.0990411,0.00012916,0.566111,0.56634,0.000228567
1.76004e+09,1689,-0.0992977,-0.0991702,0.000127443,0.565884,0.566111,0.000227497
1.76004e+09,1690,-0.0994234,-0.0991702,0.000253176,0.565657,0.566111,0.000453923
1.76004e+09,1691,-0.0995474,-0.0994234,0.000124027,0.565432,0.565657,0.000225358
1.76004e+09,1692,-0.0996698,-0.0995474,0.000122327,0.565208,0.565432,0.000224289
1.76004e+09,1693,-0.0997904,-0.0995474,0.00024296,0.564984,0.565432,0.00044751
1.76004e+09,1694,-0.0999094,-0.0997904,0.000118943,0.564762,0.564984,0.000222154
1.76004e+09,1695,-0.100027,-0.0999094,0.000117259,0.564541,0.564762,0.000221088
1.76004e+09,1696,-0.100142,-0.100027,0.00011558,0.564321,0.564541,0.000220022
1.76004e+09,1697,-0.100256,-0.100142,0.000113907,0.564102,0.564321,0.000218958
1.76004e+09,1698,-0.100368,-0.100256,0.000112238,0.563884,0.564102,0.000217894
1.76004e+09,1699,-0.100479,-0.100368,0.000110574,0.563667,0.563884,0.000216832
1.76004e+09,1700,-0.100588,-0.100479,0.000108914,0.563452,0.563667,0.000215771
1.76004e+09,1701,-0.100695,-0.100588,0.00010726,0.563237,0.563452,0.000214712
1.76004e+09,1702,-0.100801,-0.100695,0.00010561,0.563023,0.563237,0.000213653
1.76004e+09,1703,-0.100905,-0.100801,0.000103965,0.562811,0.563023,0.000212596
1.76004e+09,1704,-0.101007,-0.100905,0.000102325,0.562599,0.562811,0.000211541
1.76004e+09,1705,-0.101108,-0.101007,0.000100688,0.562389,0.562599,0.000210488
1.76004e+09,1706,-0.101207,-0.101108,9.90567e-05,0.562179,0.562389,0.000209436
1.76004e+09,1707,-0.101304,-0.101207,9.74294e-05,0.561971,0.562179,0.000208385
1.76004e+09,1708,-0.1014,-0.101304,9.58063e-05,0.561763,0.561971,0.000207337
1.76004e+09,1709,-0.101494,-0.1014,9.41875e-05,0.561557,0.561763,0.000206291
1.76004e+09,1710,-0.101587,-0.101494,9.25728e-05,0.561352,0.561557,0.000205246
1.76004e+09,1711,-0.101678,-0.101587,9.09621e-05,0.561148,0.561352,0.000204204
1.76004e+09,1712,-0.101767,-0.101678,8.93554e-05,0.560945,0.561148,0.000203164
1.76004e+09,1713,-0.101855,-0.101767,8.77527e-05,0.560742,0.560945,0.000202126
1.76004e+09,1714,-0.101941,-0.101855,8.61538e-05,0.560541,0.560742,0.00020109
1.76004e+09,1715,-0.102026,-0.101941,8.45587e-05,0.560341,0.560541,0.000200057
1.76004e+09,1716,-0.102108,-0.102026,8.29673e-05,0.560142,0.560341,0.000199026
1.76004e+09,1717,-0.10219,-0.102108,8.13796e-05,0.559944,0.560142,0.000197997
1.76004e+09,1718,-0.10227,-0.10219,7.97955e-05,0.559747,0.559944,0.000196971
1.76004e+09,1719,-0.102348,-0.10227,7.82149e-05,0.559551,0.559747,0.000195948
1.76004e+09,1720,-0.102425,-0.102348,7.66377e-05,0.559356,0.559551,0.000194927
1.76004e+09,1721,-0.1025,-0.102425,7.5064e-05,0.559162,0.559356,0.000193909
1.76004e+09,1722,-0.102573,-0.1025,7.34935e-05,0.55897,0.559162,0.000192894
1.76004e+09,1723,-0.102645,-0.1025,0.00014542,0.558778,0.559162,0.000384776
1.76004e+09,1724,-0.102715,-0.102645,7.03623e-05,0.558587,0.558778,0.000190873
1.76004e+09,1725,-0.102784,-0.102715,6.88014e-05,0.558397,0.558587,0.000189866
1.76004e+09,1726,-0.102851,-0.102784,6.72435e-05,0.558208,0.558397,0.000188863
1.76004e+09,1727,-0.102917,-0.102784,0.000132932,0.55802,0.558397,0.000376726
1.76004e+09,1728,-0.102981,-0.102917,6.41367e-05,0.557833,0.55802,0.000186866
1.76004e+09,1729,-0.103044,-0.102981,6.25876e-05,0.557647,0.557833,0.000185872
1.76004e+09,1730,-0.103105,-0.103044,6.10413e-05,0.557463,0.557647,0.000184881
1.76004e+09,1731,-0.103164,-0.103105,5.94977e-05,0.557279,0.557463,0.000183894
1.76004e+09,1732,-0.103222,-0.103164,5.79568e-05,0.557096,0.557279,0.000182911
1.76004e+09,1733,-0.103279,-0.103222,5.64184e-05,0.556914,0.557096,0.000181931
1.76004e+09,1734,-0.103334,-0.103222,0.000111301,0.556733,0.557096,0.000362884
1.76004e+09,1735,-0.103387,-0.103334,5.33493e-05,0.556553,0.556733,0.000179981
1.76004e+09,1736,-0.103439,-0.103387,5.18183e-05,0.556374,0.556553,0.000179011
1.76004e+09,1737,-0.103489,-0.103387,0.000102108,0.556196,0.556553,0.000357057
1.76004e+09,1738,-0.103538,-0.103489,4.87633e-05,0.556019,0.556196,0.000177084
1.76004e+09,1739,-0.103585,-0.103538,4.72391e-05,0.555843,0.556019,0.000176126
1.76004e+09,1740,-0.103631,-0.103585,4.5717e-05,0.555667,0.555843,0.000175171
1.76004e+09,1741,-0.103675,-0.103585,8.9914e-05,0.555493,0.555843,0.000349393
1.76004e+09,1742,-0.103718,-0.103631,8.68761e-05,0.55532,0.555667,0.000347496
1.76004e+09,1743,-0.103759,-0.103675,8.38421e-05,0.555148,0.555493,0.000345608
1.76004e+09,1744,-0.103798,-0.103759,3.96488e-05,0.554976,0.555148,0.000171395
1.76004e+09,1745,-0.103837,-0.103798,3.81365e-05,0.554806,0.554976,0.000170461
1.76004e+09,1746,-0.103873,-0.103798,7.47624e-05,0.554636,0.554976,0.000339992
1.76004e+09,1747,-0.103908,-0.103837,7.17428e-05,0.554468,0.554806,0.000338136
1.76004e+09,1748,-0.103942,-0.103873,6.87266e-05,0.5543,0.554636,0.00033629
1.76004e+09,1749,-0.103974,-0.103942,3.21039e-05,0.554133,0.5543,0.000166768
1.76004e+09,1750,-0.104005,-0.103974,3.05996e-05,0.553967,0.554133,0.000165855
1.76004e+09,1751,-0.104034,-0.103974,5.96964e-05,0.553802,0.554133,0.000330803
1.76004e+09,1752,-0.104061,-0.104034,2.75953e-05,0.553638,0.553802,0.000164044
1.76004e+09,1753,-0.104087,-0.104061,2.60951e-05,0.553475,0.553638,0.000163146
1.76004e+09,1754,-0.104112,-0.104087,2.45961e-05,0.553313,0.553475,0.000162252
1.76004e+09,1755,-0.104135,-0.104112,2.30984e-05,0.553152,0.553313,0.000161363
1.76004e+09,1756,-0.104157,-0.104112,4.47e-05,0.552991,0.553313,0.000321841
1.76004e+09,1757,-0.104177,-0.104157,2.01061e-05,0.552832,0.552991,0.000159599
1.76004e+09,1758,-0.104195,-0.104157,3.87175e-05,0.552673,0.552991,0.000318322
1.76004e+09,1759,-0.104213,-0.104177,3.57291e-05,0.552515,0.552832,0.000316578
1.76004e+09,1760,-0.104228,-0.104213,1.56248e-05,0.552358,0.552515,0.000156989
1.76004e+09,1761,-0.104242,-0.104228,1.41327e-05,0.552202,0.552358,0.000156129
1.76004e+09,1762,-0.104255,-0.104242,1.26413e-05,0.552047,0.552202,0.000155275
1.76004e+09,1763,-0.104266,-0.104255,1.11506e-05,0.551892,0.552047,0.000154425
1.76004e+09,1764,-0.104276,-0.104266,9.66053e-06,0.551739,0.551892,0.000153581
1.76004e+09,1765,-0.104284,-0.104276,8.17097e-06,0.551586,0.551739,0.000152742
1.76004e+09,1766,-0.104291,-0.104284,6.68188e-06,0.551434,0.551586,0.000151908
1.76004e+09,1767,-0.104296,-0.104291,5.19319e-06,0.551283,0.551434,0.00015108
1.76004e+09,1768,-0.1043,-0.104296,3.70486e-06,0.551133,0.551283,0.000150257
1.76004e+09,1769,-0.104302,-0.1043,2.21681e-06,0.550983,0.551133,0.00014944
1.76004e+09,1770,-0.104302,-0.104302,7.28979e-07,0.550835,0.550983,0.000148628
1.76004e+09,1771,-0.104302,-0.104302,-7.58693e-07,0.550687,0.550835,0.000147822
1.76004e+09,1772,-0.104299,-0.104302,-2.24627e-06,0.55054,0.550687,0.000147021
1.76004e+09,1773,-0.104296,-0.104302,-5.98009e-06,0.550393,0.550687,0.000293248
1.76004e+09,1774,-0.104291,-0.104299,-8.95521e-06,0.550248,0.55054,0.000291664
1.76004e+09,1775,-0.104284,-0.104296,-1.19305e-05,0.550103,0.550393,0.000290092
1.76004e+09,1776,-0.104276,-0.104284,-8.1969e-06,0.549959,0.550103,0.000143877
1.76004e+09,1777,-0.104266,-0.104276,-9.68495e-06,0.549816,0.549959,0.000143106
1.76004e+09,1778,-0.104255,-0.104266,-1.11733e-05,0.549674,0.549816,0.00014234
1.76004e+09,1779,-0.104242,-0.104255,-1.2662e-05,0.549532,0.549674,0.000141581
1.76004e+09,1780,-0.104228,-0.104242,-1.4151e-05,0.549392,0.549532,0.000140828
1.76004e+09,1781,-0.104212,-0.104242,-2.97917e-05,0.549252,0.549532,0.000280909
1.76004e+09,1782,-0.104195,-0.104228,-3.27713e-05,0.549112,0.549392,0.000279421
1.76004e+09,1783,-0.104177,-0.104195,-1.86214e-05,0.548974,0.549112,0.000138606
1.76004e+09,1784,-0.104156,-0.104177,-2.01128e-05,0.548836,0.548974,0.000137878
1.76004e+09,1785,-0.104135,-0.104156,-2.16049e-05,0.548699,0.548836,0.000137156
1.76004e+09,1786,-0.104112,-0.104135,-2.30977e-05,0.548562,0.548699,0.000136441
1.76004e+09,1787,-0.104087,-0.104112,-2.45915e-05,0.548426,0.548562,0.000135733
1.76004e+09,1788,-0.104061,-0.104087,-2.60861e-05,0.548291,0.548426,0.000135031
1.76004e+09,1789,-0.104033,-0.104061,-2.75817e-05,0.548157,0.548291,0.000134336
1.76004e+09,1790,-0.104004,-0.104061,-5.66601e-05,0.548023,0.548291,0.000267983
1.76004e+09,1791,-0.103974,-0.104004,-3.05761e-05,0.54789,0.548023,0.000132965
1.76004e+09,1792,-0.103942,-0.103974,-3.20751e-05,0.547758,0.54789,0.000132291
1.76004e+09,1793,-0.103908,-0.103942,-3.35753e-05,0.547626,0.547758,0.000131623
1.76004e+09,1794,-0.103873,-0.103908,-3.50767e-05,0.547496,0.547626,0.000130962
1.76004e+09,1795,-0.103837,-0.103873,-3.65795e-05,0.547365,0.547496,0.000130308
1.76004e+09,1796,-0.103798,-0.103837,-3.80838e-05,0.547236,0.547365,0.000129661
1.76004e+09,1797,-0.103759,-0.103798,-3.95895e-05,0.547107,0.547236,0.000129022
1.76004e+09,1798,-0.103718,-0.103759,-4.10968e-05,0.546978,0.547107,0.00012839
1.76004e+09,1799,-0.103675,-0.103718,-4.26057e-05,0.54685,0.546978,0.000127765
1.76004e+09,1800,-0.103631,-0.103675,-4.41163e-05,0.546723,0.54685,0.000127148
1.76004e+09,1801,-0.103585,-0.103631,-4.56286e-05,0.546597,0.546723,0.000126538
1.76004e+09,1802,-0.103538,-0.103585,-4.71427e-05,0.546471,0.546597,0.000125935
1.76004e+09,1803,-0.10349,-0.103538,-4.86587e-05,0.546345,0.546471,0.00012534
1.76004e+09,1804,-0.103439,-0.10349,-5.01766e-05,0.546221,0.546345,0.000124753
1.76004e+09,1805,-0.103388,-0.103439,-5.16965e-05,0.546096,0.546221,0.000124174
1.76004e+09,1806,-0.103335,-0.103388,-5.32185e-05,0.545973,0.546096,0.000123603
1.76004e+09,1807,-0.10328,-0.103335,-5.47426e-05,0.54585,0.545973,0.000123039
1.76004e+09,1808,-0.103223,-0.10328,-5.62689e-05,0.545727,0.54585,0.000122484
1.76004e+09,1809,-0.103166,-0.103223,-5.77975e-05,0.545605,0.545727,0.000121936
1.76004e+09,1810,-0.103106,-0.103166,-5.93284e-05,0.545484,0.545605,0.000121397
1.76004e+09,1811,-0.103046,-0.103106,-6.08616e-05,0.545363,0.545484,0.000120866
1.76004e+09,1812,-0.102983,-0.103046,-6.23973e-05,0.545243,0.545363,0.000120343
1.76004e+09,1813,-0.102919,-0.102983,-6.39356e-05,0.545123,0.545243,0.000119829
1.76004e+09,1814,-0.102854,-0.102919,-6.54764e-05,0.545004,0.545123,0.000119323
1.76004e+09,1815,-0.102787,-0.102919,-0.000132496,0.544885,0.545123,0.000238148
1.76004e+09,1816,-0.102718,-0.102854,-0.000135586,0.544767,0.545004,0.000237162
1.76004e+09,1817,-0.102648,-0.102787,-0.000138681,0.544649,0.544885,0.000236194
1.76004e+09,1818,-0.102576,-0.102718,-0.000141782,0.544531,0.544767,0.000235243
1.76004e+09,1819,-0.102503,-0.102648,-0.000144888,0.544414,0.544649,0.000234309
1.76004e+09,1820,-0.102428,-0.102503,-7.4779e-05,0.544298,0.544414,0.00011647
1.76004e+09,1821,-0.102352,-0.102428,-7.63397e-05,0.544182,0.544298,0.000116026
1.76004e+09,1822,-0.102274,-0.102352,-7.79035e-05,0.544066,0.544182,0.000115591
1.76004e+09,1823,-0.102195,-0.102274,-7.94705e-05,0.543951,0.544066,0.000115165
1.76004e+09,1824,-0.102114,-0.102195,-8.10407e-05,0.543836,0.543951,0.000114749
1.76004e+09,1825,-0.102031,-0.102114,-8.26142e-05,0.543722,0.543836,0.000114342
1.76004e+09,1826,-0.101947,-0.102031,-8.41911e-05,0.543608,0.543722,0.000113944
1.76004e+09,1827,-0.101861,-0.101947,-8.57714e-05,0.543494,0.543608,0.000113556
1.76004e+09,1828,-0.101774,-0.101861,-8.73553e-05,0.543381,0.543494,0.000113178
1.76004e+09,1829,-0.101685,-0.101774,-8.89427e-05,0.543269,0.543381,0.00011281
1.76004e+09,1830,-0.101594,-0.101685,-9.05337e-05,0.543156,0.543269,0.000112452
1.76004e+09,1831,-0.101502,-0.101594,-9.21284e-05,0.543044,0.543156,0.000112103
1.76004e+09,1832,-0.101408,-0.101502,-9.37269e-05,0.542932,0.543044,0.000111765
1.76004e+09,1833,-0.101313,-0.101408,-9.53293e-05,0.542821,0.542932,0.000111437
1.76004e+09,1834,-0.101216,-0.101313,-9.69355e-05,0.54271,0.542821,0.000111119
1.76004e+09,1835,-0.101118,-0.101216,-9.85458e-05,0.542599,0.54271,0.000110812
1.76004e+09,1836,-0.101017,-0.101118,-0.00010016,0.542488,0.542599,0.000110515
1.76004e+09,1837,-0.100916,-0.101017,-0.000101778,0.542378,0.542488,0.000110229
1.76004e+09,1838,-0.100812,-0.100916,-0.000103401,0.542268,0.542378,0.000109954
1.76004e+09,1839,-0.100707,-0.100812,-0.000105028,0.542158,0.542268,0.00010969
1.76004e+09,1840,-0.1006,-0.100707,-0.000106659,0.542049,0.542158,0.000109436
1.76004e+09,1841,-0.100492,-0.1006,-0.000108294,0.54194,0.542049,0.000109194
1.76004e+09,1842,-0.100382,-0.100492,-0.000109934,0.541831,0.54194,0.000108963
1.76004e+09,1843,-0.100271,-0.100382,-0.000111579,0.541722,0.541831,0.000108743
1.76004e+09,1844,-0.100157,-0.100271,-0.000113228,0.541614,0.541722,0.000108535
1.76004e+09,1845,-0.100043,-0.100157,-0.000114882,0.541505,0.541614,0.000108338
1.76004e+09,1846,-0.099926,-0.100043,-0.00011654,0.541397,0.541505,0.000108153
1.76004e+09,1847,-0.0998078,-0.099926,-0.000118204,0.541289,0.541397,0.00010798
1.76004e+09,1848,-0.0996879,-0.0998078,-0.000119872,0.541181,0.541289,0.000107819
1.76004e+09,1849,-0.0995664,-0.0996879,-0.000121545,0.541074,0.541181,0.00010767
1.76004e+09,1850,-0.0994432,-0.0995664,-0.000123223,0.540966,0.541074,0.000107533
1.76004e+09,1851,-0.0993183,-0.0994432,-0.000124906,0.540859,0.540966,0.000107409
1.76004e+09,1852,-0.0991917,-0.0993183,-0.000126594,0.540751,0.540859,0.000107297
1.76004e+09,1853,-0.0990634,-0.0993183,-0.000254883,0.540644,0.540859,0.000214494
1.76004e+09,1854,-0.0989334,-0.0991917,-0.000258275,0.540537,0.540751,0.000214308
1.76004e+09,1855,-0.0988017,-0.0989334,-0.000131691,0.54043,0.540537,0.000107037
1.76004e+09,1856,-0.0986683,-0.0988017,-0.000133401,0.540323,0.54043,0.000106976
1.76004e+09,1857,-0.0985332,-0.0986683,-0.000135116,0.540216,0.540323,0.000106929
1.76004e+09,1858,-0.0983964,-0.0986683,-0.000271953,0.540109,0.540323,0.000213824
1.76004e+09,1859,-0.0982578,-0.0983964,-0.000138564,0.540002,0.540109,0.000106874
1.76004e+09,1860,-0.0981175,-0.0982578,-0.000140296,0.539895,0.540002,0.000106867
1.76004e+09,1861,-0.0979755,-0.0981175,-0.000142034,0.539789,0.539895,0.000106874
1.76004e+09,1862,-0.0978317,-0.0979755,-0.000143778,0.539682,0.539789,0.000106895
1.76004e+09,1863,-0.0976862,-0.0978317,-0.000145528,0.539575,0.539682,0.00010693
1.76004e+09,1864,-0.0975389,-0.0976862,-0.000147283,0.539468,0.539575,0.000106979
1.76004e+09,1865,-0.0973898,-0.0975389,-0.000149046,0.539361,0.539468,0.000107042
1.76004e+09,1866,-0.097239,-0.0973898,-0.000150814,0.539254,0.539361,0.00010712
1.76004e+09,1867,-0.0970864,-0.097239,-0.000152588,0.539146,0.539254,0.000107213
1.76004e+09,1868,-0.0969321,-0.0970864,-0.000154369,0.539039,0.539146,0.000107321
1.76004e+09,1869,-0.0967759,-0.0969321,-0.000156156,0.538932,0.539039,0.000107444
1.76004e+09,1870,-0.0966179,-0.0967759,-0.00015795,0.538824,0.538932,0.000107582
1.76004e+09,1871,-0.0964582,-0.0966179,-0.00015975,0.538716,0.538824,0.000107736
1.76004e+09,1872,-0.0962966,-0.0964582,-0.000161557,0.538608,0.538716,0.000107905
1.76004e+09,1873,-0.0961333,-0.0962966,-0.000163371,0.5385,0.538608,0.000108091
1.76004e+09,1874,-0.0959681,-0.0961333,-0.000165191,0.538392,0.5385,0.000108292
1.76004e+09,1875,-0.0958011,-0.0959681,-0.000167018,0.538284,0.538392,0.000108509
1.76004e+09,1876,-0.0956322,-0.0958011,-0.000168852,0.538175,0.538284,0.000108743
1.76004e+09,1877,-0.0954615,-0.0956322,-0.000170694,0.538066,0.538175,0.000108993
1.76004e+09,1878,-0.095289,-0.0954615,-0.000172542,0.537957,0.538066,0.00010926
1.76004e+09,1879,-0.0951146,-0.095289,-0.000174397,0.537847,0.537957,0.000109544
1.76004e+09,1880,-0.0949383,-0.0951146,-0.00017626,0.537737,0.537847,0.000109845
1.76004e+09,1881,-0.0947602,-0.0949383,-0.00017813,0.537627,0.537737,0.000110164
1.76004e+09,1882,-0.0945802,-0.0947602,-0.000180007,0.537516,0.537627,0.0001105
1.76004e+09,1883,-0.0943983,-0.0945802,-0.000181892,0.537406,0.537516,0.000110854
1.76004e+09,1884,-0.0942145,-0.0943983,-0.000183784,0.537294,0.537406,0.000111226
1.76004e+09,1885,-0.0940288,-0.0943983,-0.000369469,0.537183,0.537406,0.000222842
1.76004e+09,1886,-0.0938412,-0.0942145,-0.000373277,0.537071,0.537294,0.00022364
1.76004e+09,1887,-0.0936517,-0.0940288,-0.0003771,0.536958,0.537183,0.000224476
1.76004e+09,1888,-0.0934603,-0.0938412,-0.000380938,0.536845,0.537071,0.00022535
1.76004e+09,1889,-0.0932669,-0.0934603,-0.000193362,0.536732,0.536845,0.000113363
1.76004e+09,1890,-0.0930716,-0.0932669,-0.000195301,0.536618,0.536732,0.000113848
1.76004e+09,1891,-0.0928744,-0.0930716,-0.000197248,0.536504,0.536618,0.000114352
1.76004e+09,1892,-0.0926752,-0.0928744,-0.000199203,0.536389,0.536504,0.000114876
1.76004e+09,1893,-0.092474,-0.0926752,-0.000201166,0.536274,0.536389,0.00011542
1.76004e+09,1894,-0.0922709,-0.092474,-0.000203138,0.536158,0.536274,0.000115985
1.76004e+09,1895,-0.0920658,-0.092474,-0.000408256,0.536041,0.536274,0.000232555
1.76004e+09,1896,-0.0918586,-0.0920658,-0.000207106,0.535924,0.536041,0.000117176
1.76004e+09,1897,-0.0916495,-0.0918586,-0.000209103,0.535806,0.535924,0.000117803
1.76004e+09,1898,-0.0914384,-0.0916495,-0.000211108,0.535688,0.535806,0.000118451
1.76004e+09,1899,-0.0912253,-0.0914384,-0.000213123,0.535568,0.535688,0.000119121
1.76004e+09,1900,-0.0910102,-0.0912253,-0.000215145,0.535449,0.535568,0.000119813
1.76004e+09,1901,-0.090793,-0.0910102,-0.000217177,0.535328,0.535449,0.000120527
1.76004e+09,1902,-0.0905738,-0.0910102,-0.000436395,0.535207,0.535449,0.00024179
1.76004e+09,1903,-0.0903525,-0.090793,-0.000440485,0.535085,0.535328,0.000243286
1.76004e+09,1904,-0.0901292,-0.0903525,-0.000223326,0.534962,0.535085,0.000122805
1.76004e+09,1905,-0.0899038,-0.0901292,-0.000225395,0.534838,0.534962,0.00012361
1.76004e+09,1906,-0.0896763,-0.0901292,-0.000452867,0.534714,0.534962,0.00024805
1.76004e+09,1907,-0.0894468,-0.0896763,-0.00022956,0.534589,0.534714,0.000125292
1.76004e+09,1908,-0.0892151,-0.0894468,-0.000231657,0.534463,0.534589,0.00012617
1.76004e+09,1909,-0.0889813,-0.0892151,-0.000233764,0.534335,0.534463,0.000127071
1.76004e+09,1910,-0.0887454,-0.0892151,-0.000469646,0.534207,0.534463,0.00025507
1.76004e+09,1911,-0.0885074,-0.0887454,-0.00023801,0.534078,0.534207,0.00012895
1.76004e+09,1912,-0.0882673,-0.0885074,-0.000240148,0.533949,0.534078,0.000129928
1.76004e+09,1913,-0.088025,-0.0882673,-0.000242298,0.533818,0.533949,0.000130931
1.76004e+09,1914,-0.0877805,-0.088025,-0.000244459,0.533686,0.533818,0.000131961
1.76004e+09,1915,-0.0875339,-0.0877805,-0.000246631,0.533553,0.533686,0.000133017
1.76004e+09,1916,-0.0872851,-0.0875339,-0.000248815,0.533419,0.533553,0.000134101
1.76004e+09,1917,-0.0870341,-0.0875339,-0.000499826,0.533283,0.533553,0.000269312
1.76004e+09,1918,-0.0867809,-0.0872851,-0.000504231,0.533147,0.533419,0.000271562
1.76004e+09,1919,-0.0865254,-0.0870341,-0.000508661,0.533009,0.533283,0.000273868
1.76004e+09,1920,-0.0862677,-0.0867809,-0.000513117,0.532871,0.533147,0.000276231
1.76004e+09,1921,-0.0860078,-0.0862677,-0.000259923,0.532731,0.532871,0.000139938
1.76004e+09,1922,-0.0857456,-0.0860078,-0.000262185,0.53259,0.532731,0.000141193
1.76004e+09,1923,-0.0854812,-0.0860078,-0.000526645,0.532447,0.532731,0.00028367
1.76004e+09,1924,-0.0852144,-0.0857456,-0.00053121,0.532303,0.53259,0.00028627
1.76004e+09,1925,-0.0849454,-0.0854812,-0.000535804,0.532158,0.532447,0.000288931
1.76004e+09,1926,-0.084674,-0.0849454,-0.000271372,0.532012,0.532158,0.000146516
1.76004e+09,1927,-0.0844003,-0.084674,-0.000273705,0.531864,0.532012,0.000147925
1.76004e+09,1928,-0.0841242,-0.0844003,-0.000276053,0.531714,0.531864,0.000149366
1.76004e+09,1929,-0.0838458,-0.0844003,-0.000554467,0.531564,0.531864,0.000300207
1.76004e+09,1930,-0.083565,-0.0841242,-0.000559205,0.531411,0.531714,0.000303189
1.76004e+09,1931,-0.0832819,-0.083565,-0.000283179,0.531257,0.531411,0.000153889
1.76004e+09,1932,-0.0829963,-0.0832819,-0.000285581,0.531102,0.531257,0.000155464
1.76004e+09,1933,-0.0827083,-0.0829963,-0.000287994,0.530945,0.531102,0.000157073
1.76004e+09,1934,-0.0824179,-0.0829963,-0.000578412,0.530786,0.531102,0.00031579
1.76004e+09,1935,-0.082125,-0.0827083,-0.000583268,0.530626,0.530945,0.000319111
1.76004e+09,1936,-0.0818297,-0.082125,-0.000295291,0.530464,0.530626,0.000162107
1.76004e+09,1937,-0.081532,-0.0818297,-0.000297736,0.5303,0.530464,0.000163855
1.76004e+09,1938,-0.0812318,-0.0818297,-0.00059792,0.530134,0.530464,0.000329492
1.76004e+09,1939,-0.0809292,-0.081532,-0.000602817,0.529967,0.5303,0.000333091
1.76004e+09,1940,-0.0806241,-0.0809292,-0.000305077,0.529797,0.529967,0.000169304
1.76004e+09,1941,-0.0803166,-0.0806241,-0.000307515,0.529626,0.529797,0.000171189
1.76004e+09,1942,-0.0800066,-0.0803166,-0.000309942,0.529453,0.529626,0.000173106
1.76004e+09,1943,-0.0796943,-0.0800066,-0.000312354,0.529278,0.529453,0.000175056
1.76004e+09,1944,-0.0793795,-0.0796943,-0.000314748,0.529101,0.529278,0.000177037
1.76004e+09,1945,-0.0790624,-0.0796943,-0.000631865,0.528922,0.529278,0.000356086
1.76004e+09,1946,-0.078743,-0.0793795,-0.000636577,0.528741,0.529101,0.000360138
1.76004e+09,1947,-0.0784212,-0.0790624,-0.000641227,0.528558,0.528922,0.000364249
1.76004e+09,1948,-0.0780971,-0.078743,-0.000645807,0.528372,0.528741,0.000368413
1.76004e+09,1949,-0.0777709,-0.0780971,-0.000326266,0.528185,0.528372,0.000187375
1.76004e+09,1950,-0.0774424,-0.0777709,-0.000328446,0.527996,0.528185,0.00018952
1.76004e+09,1951,-0.0771119,-0.0777709,-0.000659017,0.527804,0.528185,0.000381205
1.76004e+09,1952,-0.0767792,-0.0774424,-0.000663209,0.52761,0.527996,0.000385556
1.76004e+09,1953,-0.0764446,-0.0767792,-0.00033464,0.527414,0.52761,0.000196073
1.76004e+09,1954,-0.076108,-0.0764446,-0.000336572,0.527216,0.527414,0.000198291
1.76004e+09,1955,-0.0757696,-0.076108,-0.000338429,0.527015,0.527216,0.000200522
1.76004e+09,1956,-0.0754294,-0.0757696,-0.000340207,0.526812,0.527015,0.000202762
1.76004e+09,1957,-0.0750875,-0.0754294,-0.0003419,0.526607,0.526812,0.000205011
1.76004e+09,1958,-0.074744,-0.0754294,-0.000685402,0.5264,0.526812,0.000412276
1.76004e+09,1959,-0.074399,-0.0750875,-0.000688514,0.52619,0.526607,0.000416786
1.76004e+09,1960,-0.0740525,-0.074399,-0.000346422,0.525979,0.52619,0.000211777
1.76004e+09,1961,-0.0737048,-0.0740525,-0.00034773,0.525765,0.525979,0.00021403
1.76004e+09,1962,-0.0733559,-0.0737048,-0.000348931,0.525548,0.525765,0.000216276
1.76004e+09,1963,-0.0730059,-0.0733559,-0.000350023,0.52533,0.525548,0.000218514
1.76004e+09,1964,-0.0726549,-0.0730059,-0.000351002,0.525109,0.52533,0.00022074
1.76004e+09,1965,-0.072303,-0.0730059,-0.000702866,0.524886,0.52533,0.000443692
1.76004e+09,1966,-0.0719504,-0.0726549,-0.000704473,0.524661,0.525109,0.000448098
1.76004e+09,1967,-0.0715972,-0.0719504,-0.000353233,0.524434,0.524661,0.00022732
1.76004e+09,1968,-0.0712434,-0.0715972,-0.000353734,0.524204,0.524434,0.000229471
1.76004e+09,1969,-0.0708893,-0.0712434,-0.000354112,0.523973,0.524204,0.000231596
1.76004e+09,1970,-0.0705349,-0.0708893,-0.000354365,0.523739,0.523973,0.000233693
1.76004e+09,1971,-0.0701804,-0.0705349,-0.000354491,0.523503,0.523739,0.000235759
1.76004e+09,1972,-0.069826,-0.0705349,-0.000708983,0.523265,0.523739,0.00047355
1.76004e+09,1973,-0.0694716,-0.0701804,-0.000708858,0.523026,0.523503,0.00047758
1.76004e+09,1974,-0.0691175,-0.069826,-0.000708481,0.522784,0.523265,0.000481535
1.76004e+09,1975,-0.0687637,-0.0694716,-0.000707853,0.52254,0.523026,0.000485413
1.76004e+09,1976,-0.0684105,-0.0687637,-0.000353237,0.522295,0.52254,0.000245543
1.76004e+09,1977,-0.0680579,-0.0684105,-0.000352613,0.522047,0.522295,0.000247376
1.76004e+09,1978,-0.067706,-0.0680579,-0.000351869,0.521798,0.522047,0.000249164
1.76004e+09,1979,-0.067355,-0.0680579,-0.000702875,0.521547,0.522047,0.000500068
1.76004e+09,1980,-0.067005,-0.067706,-0.000701032,0.521295,0.521798,0.000503502
1.76004e+09,1981,-0.0666561,-0.067005,-0.000348934,0.52104,0.521295,0.000254241
1.76004e+09,1982,-0.0663083,-0.0666561,-0.000347731,0.520785,0.52104,0.000255835
1.76004e+09,1983,-0.0659619,-0.0663083,-0.000346422,0.520527,0.520785,0.000257378
1.76004e+09,1984,-0.0656169,-0.0659619,-0.00034501,0.520268,0.520527,0.000258871
1.76004e+09,1985,-0.0652734,-0.0656169,-0.000343499,0.520008,0.520268,0.000260312
1.76004e+09,1986,-0.0649315,-0.0656169,-0.000685393,0.519746,0.520268,0.000522014
1.76004e+09,1987,-0.0645913,-0.0649315,-0.0003402,0.519483,0.519746,0.000263041
1.76004e+09,1988,-0.0642529,-0.0645913,-0.000338421,0.519219,0.519483,0.00026433
1.76004e+09,1989,-0.0639163,-0.0642529,-0.000336562,0.518953,0.519219,0.000265569
1.76004e+09,1990,-0.0635817,-0.0642529,-0.00067119,0.518687,0.519219,0.000532327
1.76004e+09,1991,-0.0632491,-0.0639163,-0.000667255,0.518419,0.518953,0.000534659
1.76004e+09,1992,-0.0629185,-0.0632491,-0.00033056,0.51815,0.518419,0.000268996
1.76004e+09,1993,-0.0625901,-0.0629185,-0.000328436,0.51788,0.51815,0.000270046
1.76004e+09,1994,-0.0622638,-0.0629185,-0.000654695,0.517609,0.51815,0.000541098
1.76004e+09,1995,-0.0619398,-0.0625901,-0.000650294,0.517337,0.51788,0.000543068
1.76004e+09,1996,-0.061618,-0.0622638,-0.000645803,0.517064,0.517609,0.000544956
1.76004e+09,1997,-0.0612985,-0.061618,-0.000319466,0.51679,0.517064,0.000273825
1.76004e+09,1998,-0.0609814,-0.0612985,-0.000317131,0.516515,0.51679,0.000274673
1.76004e+09,1999,-0.0606666,-0.0609814,-0.000314769,0.51624,0.516515,0.000275486
1.76004e+09,2000,-0.0604606,-0.0606666,-0.000205992,0.528746,0.51624,-0.0125065
1.76004e+09,2001,-0.0602563,-0.0604606,-0.000204312,0.54098,0.528746,-0.0122342
1.76004e+09,2002,-0.0600537,-0.0602563,-0.000202617,0.55296,0.54098,-0.0119791
1.76004e+09,2003,-0.0598528,-0.0600537,-0.000200911,0.564699,0.55296,-0.0117393
1.76004e+09,2004,-0.0596536,-0.0598528,-0.000199197,0.576212,0.564699,-0.0115132
1.76004e+09,2005,-0.0594561,-0.0596536,-0.000197478,0.587511,0.576212,-0.0112994
1.76004e+09,2006,-0.0592604,-0.0594561,-0.000195757,0.598608,0.587511,-0.0110969
1.76004e+09,2007,-0.0590663,-0.0592604,-0.000194037,0.609513,0.598608,-0.0109046
1.76004e+09,2008,-0.058874,-0.0590663,-0.000192319,0.620234,0.609513,-0.0107215
1.76004e+09,2009,-0.0586834,-0.058874,-0.000190606,0.630781,0.620234,-0.0105469
1.76004e+09,2010,-0.0584945,-0.0586834,-0.000188899,0.641161,0.630781,-0.0103801
1.76004e+09,2011,-0.0583073,-0.0584945,-0.0001872,0.651382,0.641161,-0.0102204
1.76004e+09,2012,-0.0581218,-0.0583073,-0.00018551,0.661449,0.651382,-0.0100672
1.76004e+09,2013,-0.057938,-0.0581218,-0.00018383,0.671369,0.661449,-0.00992016
1.76004e+09,2014,-0.0577558,-0.057938,-0.000182161,0.681148,0.671369,-0.0097787
1.76004e+09,2015,-0.0575753,-0.0577558,-0.000180504,0.69079,0.681148,-0.00964244
1.76004e+09,2016,-0.0573965,-0.0575753,-0.000178858,0.700301,0.69079,-0.00951101
1.76004e+09,2017,-0.0572192,-0.0573965,-0.000177225,0.709685,0.700301,-0.00938407
1.76004e+09,2018,-0.0570436,-0.0572192,-0.000175604,0.718947,0.709685,-0.00926131
1.76004e+09,2019,-0.0568696,-0.0570436,-0.000173995,0.728089,0.718947,-0.00914247
1.76004e+09,2020,-0.0566972,-0.0570436,-0.000346395,0.737116,0.718947,-0.0181698
1.76004e+09,2021,-0.0565264,-0.0568696,-0.000343216,0.746032,0.728089,-0.0179428
1.76004e+09,2022,-0.0563572,-0.0565264,-0.000169245,0.754839,0.746032,-0.00880694
1.76004e+09,2023,-0.0561895,-0.0563572,-0.000167686,0.76354,0.754839,-0.00870138
1.76004e+09,2024,-0.0560233,-0.0561895,-0.00016614,0.772139,0.76354,-0.00859865
1.76004e+09,2025,-0.0558587,-0.0560233,-0.000164604,0.780638,0.772139,-0.00849858
1.76004e+09,2026,-0.0556957,-0.0558587,-0.000163081,0.789039,0.780638,-0.008401
1.76004e+09,2027,-0.0555341,-0.0556957,-0.000161568,0.797344,0.789039,-0.00830579
1.76004e+09,2028,-0.055374,-0.0555341,-0.000160067,0.805557,0.797344,-0.00821281
1.76004e+09,2029,-0.0552154,-0.055374,-0.000158575,0.813679,0.805557,-0.00812193
1.76004e+09,2030,-0.0550584,-0.055374,-0.00031567,0.821712,0.805557,-0.016155
1.76004e+09,2031,-0.0549027,-0.0552154,-0.000312719,0.829658,0.813679,-0.015979
1.76004e+09,2032,-0.0547486,-0.0549027,-0.000154163,0.837519,0.829658,-0.00786078
1.76004e+09,2033,-0.0545959,-0.0547486,-0.000152712,0.845296,0.837519,-0.00777723
1.76004e+09,2034,-0.0544446,-0.0545959,-0.00015127,0.852991,0.845296,-0.00769528
1.76004e+09,2035,-0.0542947,-0.0544446,-0.000149837,0.860606,0.852991,-0.00761485
1.76004e+09,2036,-0.0541463,-0.0542947,-0.000148413,0.868142,0.860606,-0.00753586
1.76004e+09,2037,-0.0539993,-0.0542947,-0.00029541,0.8756,0.860606,-0.0149941
1.76004e+09,2038,-0.0538537,-0.0539993,-0.00014559,0.882982,0.8756,-0.00738191
1.76004e+09,2039,-0.0537096,-0.0538537,-0.000144191,0.890289,0.882982,-0.00730682
1.76004e+09,2040,-0.0535668,-0.0538537,-0.000286992,0.897522,0.882982,-0.0145397
1.76004e+09,2041,-0.0534253,-0.0537096,-0.000284219,0.904682,0.890289,-0.014393
1.76004e+09,2042,-0.0532853,-0.0534253,-0.000140043,0.91177,0.904682,-0.00708838
1.76004e+09,2043,-0.0531466,-0.0532853,-0.000138676,0.918788,0.91177,-0.00701767
1.76004e+09,2044,-0.0530093,-0.0531466,-0.000137317,0.925736,0.918788,-0.00694793
1.76004e+09,2045,-0.0528733,-0.0530093,-0.000135964,0.932615,0.925736,-0.0068791
1.76004e+09,2046,-0.0527387,-0.0528733,-0.00013462,0.939426,0.932615,-0.00681116
1.76004e+09,2047,-0.0526054,-0.0527387,-0.000133282,0.94617,0.939426,-0.00674406
1.76004e+09,2048,-0.0524735,-0.0526054,-0.000131952,0.952848,0.94617,-0.00667776
1.76004e+09,2049,-0.0523429,-0.0524735,-0.000130628,0.95946,0.952848,-0.00661223
1.76004e+09,2050,-0.0522135,-0.0523429,-0.000129312,0.966008,0.95946,-0.00654742
1.76004e+09,2051,-0.0520855,-0.0522135,-0.000128002,0.972491,0.966008,-0.00648332
1.76004e+09,2052,-0.0519588,-0.0522135,-0.000254701,0.978911,0.966008,-0.0129032
1.76004e+09,2053,-0.0518334,-0.0520855,-0.000252102,0.985268,0.972491,-0.012777
1.76004e+09,2054,-0.0517093,-0.0518334,-0.000124114,0.991563,0.985268,-0.00629488
1.76004e+09,2055,-0.0515865,-0.0517093,-0.000122831,0.997796,0.991563,-0.00623327
1.76004e+09,2056,-0.0514649,-0.0517093,-0.000244385,1.00397,0.991563,-0.0124055
1.76004e+09,2057,-0.0513447,-0.0514649,-0.000120284,1.01008,1.00397,-0.00611169
1.76004e+09,2058,-0.0512256,-0.0513447,-0.00011902,1.01613,1.01008,-0.00605168
1.76004e+09,2059,-0.0511079,-0.0513447,-0.000236782,1.02212,1.01008,-0.0120438
1.76004e+09,2060,-0.0509914,-0.0512256,-0.000234273,1.02806,1.01613,-0.0119252
1.76004e+09,2061,-0.0508761,-0.0509914,-0.000115265,1.03393,1.02806,-0.00587448
1.76004e+09,2062,-0.0507621,-0.0508761,-0.000114026,1.03975,1.03393,-0.00581629
1.76004e+09,2063,-0.0506493,-0.0507621,-0.000112792,1.04551,1.03975,-0.0057585
1.76004e+09,2064,-0.0505377,-0.0506493,-0.000111564,1.05121,1.04551,-0.00570111
1.76004e+09,2065,-0.0504274,-0.0506493,-0.000221907,1.05685,1.04551,-0.0113452
1.76004e+09,2066,-0.0503182,-0.0505377,-0.000219469,1.06244,1.05121,-0.0112315
1.76004e+09,2067,-0.0502103,-0.0504274,-0.000217042,1.06797,1.05685,-0.0111185
1.76004e+09,2068,-0.0501036,-0.0502103,-0.00010671,1.07345,1.06797,-0.00547511
1.76004e+09,2069,-0.0499981,-0.0501036,-0.000105511,1.07886,1.07345,-0.00541942
1.76004e+09,2070,-0.0498938,-0.0499981,-0.000104316,1.08423,1.07886,-0.00536404
1.76004e+09,2071,-0.0497907,-0.0498938,-0.000103127,1.08954,1.08423,-0.00530893
1.76004e+09,2072,-0.0496887,-0.0498938,-0.000205071,1.09479,1.08423,-0.010563
1.76004e+09,2073,-0.049588,-0.0497907,-0.000202709,1.09999,1.08954,-0.0104536
1.76004e+09,2074,-0.0494884,-0.0496887,-0.000200357,1.10514,1.09479,-0.0103448
1.76004e+09,2075,-0.0493899,-0.0494884,-9.84231e-05,1.11023,1.10514,-0.00509113
1.76004e+09,2076,-0.0492927,-0.0493899,-9.72595e-05,1.11526,1.11023,-0.00503728
1.76004e+09,2077,-0.0491966,-0.0492927,-9.61008e-05,1.12025,1.11526,-0.00498364
1.76004e+09,2078,-0.0491016,-0.0491966,-9.4947e-05,1.12518,1.12025,-0.0049302
1.76004e+09,2079,-0.0490078,-0.0491966,-0.000188745,1.13006,1.12025,-0.00980717
1.76004e+09,2080,-0.0489152,-0.0490078,-9.26533e-05,1.13488,1.13006,-0.00482392
1.76004e+09,2081,-0.0488237,-0.0489152,-9.15134e-05,1.13965,1.13488,-0.00477105
1.76004e+09,2082,-0.0487333,-0.0488237,-9.0378e-05,1.14437,1.13965,-0.00471835
1.76004e+09,2083,-0.048644,-0.0487333,-8.9247e-05,1.14903,1.14437,-0.00466581
1.76004e+09,2084,-0.0485559,-0.048644,-8.81205e-05,1.15365,1.14903,-0.00461343
1.76004e+09,2085,-0.0484689,-0.0485559,-8.69982e-05,1.15821,1.15365,-0.0045612
1.76004e+09,2086,-0.048383,-0.0485559,-0.000172878,1.16272,1.15365,-0.00907031
1.76004e+09,2087,-0.0482983,-0.0484689,-0.000170646,1.16718,1.15821,-0.00896625
1.76004e+09,2088,-0.0482146,-0.048383,-0.000168423,1.17158,1.16272,-0.00886246
1.76004e+09,2089,-0.0481321,-0.0482146,-8.25509e-05,1.17593,1.17158,-0.0043536
1.76004e+09,2090,-0.0480506,-0.0481321,-8.14491e-05,1.18024,1.17593,-0.004302
1.76004e+09,2091,-0.0479703,-0.0481321,-0.0001618,1.18449,1.17593,-0.0085525
1.76004e+09,2092,-0.047891,-0.0479703,-7.92574e-05,1.18869,1.18449,-0.00419911
1.76004e+09,2093,-0.0478128,-0.047891,-7.81672e-05,1.19283,1.18869,-0.00414782
1.76004e+09,2094,-0.0477358,-0.047891,-0.000155248,1.19693,1.18869,-0.00824443
1.76004e+09,2095,-0.0476598,-0.0478128,-0.000153079,1.20098,1.19283,-0.0081421
1.76004e+09,2096,-0.0475849,-0.0476598,-7.49187e-05,1.20497,1.20098,-0.00399445
1.76004e+09,2097,-0.047511,-0.0475849,-7.3843e-05,1.20891,1.20497,-0.00394349
1.76004e+09,2098,-0.0474382,-0.047511,-7.27708e-05,1.21281,1.20891,-0.0038926
1.76004e+09,2099,-0.0473665,-0.0474382,-7.1702e-05,1.21665,1.21281,-0.00384178
1.76004e+09,2100,-0.0472959,-0.0473665,-7.06366e-05,1.22044,1.21665,-0.00379102
1.76004e+09,2101,-0.0472263,-0.0473665,-0.000140211,1.22418,1.21665,-0.00753133
1.76004e+09,2102,-0.0471578,-0.0472263,-6.85155e-05,1.22787,1.22418,-0.00368967
1.76004e+09,2103,-0.0470903,-0.0471578,-6.74598e-05,1.23151,1.22787,-0.00363907
1.76004e+09,2104,-0.0470239,-0.0470903,-6.64072e-05,1.2351,1.23151,-0.00358852
1.76004e+09,2105,-0.0469586,-0.0470239,-6.53577e-05,1.23864,1.2351,-0.00353802
1.76004e+09,2106,-0.0468943,-0.0469586,-6.43111e-05,1.24212,1.23864,-0.00348755
1.76004e+09,2107,-0.046831,-0.0469586,-0.000127579,1.24556,1.23864,-0.00692467
1.76004e+09,2108,-0.0467688,-0.046831,-6.22269e-05,1.24895,1.24556,-0.00338673
1.76004e+09,2109,-0.0467076,-0.0467688,-6.1189e-05,1.25228,1.24895,-0.00333636
1.76004e+09,2110,-0.0466474,-0.0467076,-6.0154e-05,1.25557,1.25228,-0.00328603
1.76004e+09,2111,-0.0465883,-0.0466474,-5.91216e-05,1.2588,1.25557,-0.00323572
1.76004e+09,2112,-0.0465302,-0.0465883,-5.8092e-05,1.26199,1.2588,-0.00318543
1.76004e+09,2113,-0.0464732,-0.0465302,-5.7065e-05,1.26513,1.26199,-0.00313516
1.76004e+09,2114,-0.0464171,-0.0465302,-0.000113106,1.26821,1.26199,-0.00622007
1.76004e+09,2115,-0.0463621,-0.0464732,-0.000111059,1.27124,1.26513,-0.00611958
1.76004e+09,2116,-0.0463081,-0.0463621,-5.39991e-05,1.27423,1.27124,-0.00298445
1.76004e+09,2117,-0.0462551,-0.0463081,-5.29821e-05,1.27716,1.27423,-0.00293424
1.76004e+09,2118,-0.0462031,-0.0462551,-5.19674e-05,1.28005,1.27716,-0.00288403
1.76004e+09,2119,-0.0461522,-0.0462031,-5.09551e-05,1.28288,1.28005,-0.00283384
1.76004e+09,2120,-0.0461022,-0.0461522,-4.9945e-05,1.28566,1.28288,-0.00278365
1.76004e+09,2121,-0.0460533,-0.0461522,-9.88821e-05,1.2884,1.28288,-0.00551711
1.76004e+09,2122,-0.0460054,-0.0460533,-4.79314e-05,1.29108,1.2884,-0.00268327
1.76004e+09,2123,-0.0459585,-0.0460054,-4.69278e-05,1.29371,1.29108,-0.00263308
1.76004e+09,2124,-0.0459125,-0.0459585,-4.59263e-05,1.2963,1.29371,-0.00258289
1.76004e+09,2125,-0.0458676,-0.0459125,-4.49268e-05,1.29883,1.2963,-0.0025327
1.76004e+09,2126,-0.0458237,-0.0458676,-4.39292e-05,1.30131,1.29883,-0.0024825
1.76004e+09,2127,-0.0457807,-0.0458237,-4.29336e-05,1.30375,1.30131,-0.0024323
1.76004e+09,2128,-0.0457388,-0.0457807,-4.19399e-05,1.30613,1.30375,-0.00238209
1.76004e+09,2129,-0.0456978,-0.0457807,-8.28879e-05,1.30846,1.30375,-0.00471396
1.76004e+09,2130,-0.0456579,-0.0456978,-3.99579e-05,1.31074,1.30846,-0.00228164
1.76004e+09,2131,-0.0456189,-0.0456579,-3.89696e-05,1.31297,1.31074,-0.0022314
1.76004e+09,2132,-0.0455809,-0.0456189,-3.79829e-05,1.31515,1.31297,-0.00218115
1.76004e+09,2133,-0.0455439,-0.0455809,-3.69979e-05,1.31728,1.31515,-0.00213088
1.76004e+09,2134,-0.0455079,-0.0455439,-3.60145e-05,1.31936,1.31728,-0.00208061
1.76004e+09,2135,-0.0454729,-0.0455079,-3.50326e-05,1.3214,1.31936,-0.00203031
1.76004e+09,2136,-0.0454388,-0.0455079,-6.90849e-05,1.32338,1.31936,-0.00401032
1.76004e+09,2137,-0.0454058,-0.0454729,-6.71257e-05,1.3253,1.3214,-0.00390969
1.76004e+09,2138,-0.0453737,-0.0454058,-3.2096e-05,1.32718,1.3253,-0.00187934
1.76004e+09,2139,-0.0453426,-0.0453737,-3.11199e-05,1.32901,1.32718,-0.00182898
1.76004e+09,2140,-0.0453124,-0.0453737,-6.12651e-05,1.33079,1.32718,-0.00360759
1.76004e+09,2141,-0.0452832,-0.0453124,-2.91718e-05,1.33252,1.33079,-0.00172821
1.76004e+09,2142,-0.045255,-0.0452832,-2.81996e-05,1.3342,1.33252,-0.0016778
1.76004e+09,2143,-0.0452278,-0.045255,-2.72287e-05,1.33583,1.3342,-0.00162736
1.76004e+09,2144,-0.0452015,-0.0452278,-2.62589e-05,1.3374,1.33583,-0.00157691
1.76004e+09,2145,-0.0451763,-0.0452015,-2.52903e-05,1.33893,1.3374,-0.00152644
1.76004e+09,2146,-0.0451519,-0.0452015,-4.96131e-05,1.3404,1.3374,-0.00300238
1.76004e+09,2147,-0.0451286,-0.0451519,-2.33563e-05,1.34183,1.3404,-0.00142543
1.76004e+09,2148,-0.0451062,-0.0451286,-2.23908e-05,1.3432,1.34183,-0.00137489
1.76004e+09,2149,-0.0450848,-0.0451062,-2.14263e-05,1.34453,1.3432,-0.00132434
1.76004e+09,2150,-0.0450643,-0.0450848,-2.04627e-05,1.3458,1.34453,-0.00127376
1.76004e+09,2151,-0.0450448,-0.0450643,-1.95e-05,1.34703,1.3458,-0.00122316
1.76004e+09,2152,-0.0450263,-0.0450448,-1.85381e-05,1.3482,1.34703,-0.00117254
1.76004e+09,2153,-0.0450087,-0.0450263,-1.7577e-05,1.34932,1.3482,-0.0011219
1.76004e+09,2154,-0.0449921,-0.0450087,-1.66168e-05,1.35039,1.34932,-0.00107123
1.76004e+09,2155,-0.0449764,-0.0449921,-1.56572e-05,1.35141,1.35039,-0.00102055
1.76004e+09,2156,-0.0449617,-0.0449764,-1.46983e-05,1.35238,1.35141,-0.000969839
1.76004e+09,2157,-0.044948,-0.0449617,-1.37401e-05,1.3533,1.35238,-0.00091911
1.76004e+09,2158,-0.0449352,-0.044948,-1.27824e-05,1.35417,1.3533,-0.000868358
1.76004e+09,2159,-0.0449234,-0.0449352,-1.18254e-05,1.35499,1.35417,-0.000817586
1.76004e+09,2160,-0.0449125,-0.0449234,-1.08689e-05,1.35575,1.35499,-0.000766792
1.76004e+09,2161,-0.0449026,-0.0449125,-9.91283e-06,1.35647,1.35575,-0.000715976
1.76004e+09,2162,-0.0448936,-0.0449026,-8.95724e-06,1.35713,1.35647,-0.00066514
1.76004e+09,2163,-0.0448856,-0.0448936,-8.00207e-06,1.35775,1.35713,-0.000614282
1.76004e+09,2164,-0.0448786,-0.0448856,-7.04727e-06,1.35831,1.35775,-0.000563404
1.76004e+09,2165,-0.0448725,-0.0448786,-6.0928e-06,1.35883,1.35831,-0.000512505
1.76004e+09,2166,-0.0448673,-0.0448725,-5.13863e-06,1.35929,1.35883,-0.000461586
1.76004e+09,2167,-0.0448632,-0.0448673,-4.18472e-06,1.3597,1.35929,-0.000410647
1.76004e+09,2168,-0.0448599,-0.0448632,-3.23103e-06,1.36006,1.3597,-0.000359688
1.76004e+09,2169,-0.0448577,-0.0448599,-2.27752e-06,1.36037,1.36006,-0.000308709
1.76004e+09,2170,-0.0448563,-0.0448599,-3.60168e-06,1.36062,1.36006,-0.000566421
1.76004e+09,2171,-0.044856,-0.0448577,-1.69505e-06,1.36083,1.36037,-0.000464406
1.76004e+09,2172,-0.0448565,-0.0448563,2.11406e-07,1.36099,1.36062,-0.000362353
1.76004e+09,2173,-0.0448581,-0.044856,2.11777e-06,1.36109,1.36083,-0.000260263
1.76004e+09,2174,-0.0448606,-0.0448565,4.02412e-06,1.36114,1.36099,-0.000158136
1.76004e+09,2175,-0.044864,-0.0448606,3.44188e-06,1.36115,1.36114,-2.44186e-06
1.76004e+09,2176,-0.0448684,-0.0448606,7.83707e-06,1.3611,1.36114,4.6224e-05
1.76004e+09,2177,-0.0448737,-0.0448684,5.34864e-06,1.361,1.3611,9.97908e-05
1.76004e+09,2178,-0.0448801,-0.0448737,6.30225e-06,1.36085,1.361,0.000150933
1.76004e+09,2179,-0.0448873,-0.0448801,7.25606e-06,1.36064,1.36085,0.000202091
1.76004e+09,2180,-0.0448955,-0.0448873,8.21012e-06,1.36039,1.36064,0.000253266
1.76004e+09,2181,-0.0449047,-0.0448955,9.16445e-06,1.36009,1.36039,0.000304456
1.76004e+09,2182,-0.0449148,-0.0449047,1.01191e-05,1.35973,1.36009,0.000355663
1.76004e+09,2183,-0.0449259,-0.0449148,1.10741e-05,1.35932,1.35973,0.000406885
1.76004e+09,2184,-0.0449379,-0.0449259,1.20295e-05,1.35887,1.35932,0.000458121
1.76004e+09,2185,-0.0449509,-0.0449379,1.29854e-05,1.35836,1.35887,0.000509373
1.76004e+09,2186,-0.0449648,-0.0449509,1.39417e-05,1.3578,1.35836,0.000560639
1.76004e+09,2187,-0.0449797,-0.0449648,1.48986e-05,1.35718,1.3578,0.000611919
1.76004e+09,2188,-0.0449956,-0.0449648,3.07545e-05,1.35652,1.3578,0.00127513
1.76004e+09,2189,-0.0450124,-0.0449797,3.26699e-05,1.35581,1.35718,0.00137774
1.76004e+09,2190,-0.0450302,-0.0449956,3.45866e-05,1.35504,1.35652,0.00148037
1.76004e+09,2191,-0.0450489,-0.0450124,3.65045e-05,1.35422,1.35581,0.00158302
1.76004e+09,2192,-0.0450686,-0.0450302,3.84239e-05,1.35336,1.35504,0.00168571
1.76004e+09,2193,-0.0450892,-0.0450489,4.03447e-05,1.35244,1.35422,0.00178842
1.76004e+09,2194,-0.0451109,-0.0450686,4.2267e-05,1.35146,1.35336,0.00189115
1.76004e+09,2195,-0.0451334,-0.0450892,4.4191e-05,1.35044,1.35244,0.00199391
1.76004e+09,2196,-0.045157,-0.0451334,2.354e-05,1.34937,1.35044,0.00107405
1.76004e+09,2197,-0.0451815,-0.045157,2.45043e-05,1.34824,1.34937,0.00112546
1.76004e+09,2198,-0.045207,-0.0451815,2.54694e-05,1.34707,1.34824,0.00117689
1.76004e+09,2199,-0.0452334,-0.045207,2.64356e-05,1.34584,1.34707,0.00122832
1.76004e+09,2200,-0.0452608,-0.0452334,2.74029e-05,1.34456,1.34584,0.00127977
1.76004e+09,2201,-0.0452892,-0.0452334,5.57741e-05,1.34323,1.34584,0.00261101
1.76004e+09,2202,-0.0453185,-0.0452892,2.93407e-05,1.34184,1.34323,0.00138271
1.76004e+09,2203,-0.0453488,-0.0453185,3.03113e-05,1.34041,1.34184,0.0014342
1.76004e+09,2204,-0.0453801,-0.0453488,3.12831e-05,1.33892,1.34041,0.0014857
1.76004e+09,2205,-0.0454124,-0.0453801,3.22563e-05,1.33739,1.33892,0.00153721
1.76004e+09,2206,-0.0454456,-0.0453801,6.54869e-05,1.3358,1.33892,0.00312595
1.76004e+09,2207,-0.0454798,-0.0454124,6.74371e-05,1.33416,1.33739,0.00322901
1.76004e+09,2208,-0.045515,-0.0454456,6.939e-05,1.33247,1.3358,0.00333211
1.76004e+09,2209,-0.0455511,-0.0454798,7.13458e-05,1.33072,1.33416,0.00343523
1.76004e+09,2210,-0.0455883,-0.0455511,3.71423e-05,1.32893,1.33072,0.00179498
1.76004e+09,2211,-0.0456264,-0.0455883,3.81239e-05,1.32708,1.32893,0.00184658
1.76004e+09,2212,-0.0456655,-0.0456264,3.91071e-05,1.32518,1.32708,0.00189819
1.76004e+09,2213,-0.0457056,-0.0456655,4.00919e-05,1.32323,1.32518,0.00194982
1.76004e+09,2214,-0.0457467,-0.0457056,4.10783e-05,1.32123,1.32323,0.00200147
1.76004e+09,2215,-0.0457887,-0.0457467,4.20665e-05,1.31918,1.32123,0.00205313
1.76004e+09,2216,-0.0458318,-0.0457467,8.5123e-05,1.31707,1.32123,0.00415794
1.76004e+09,2217,-0.0458759,-0.0458318,4.40482e-05,1.31492,1.31707,0.00215651
1.76004e+09,2218,-0.0459209,-0.0458759,4.50418e-05,1.31271,1.31492,0.00220823
1.76004e+09,2219,-0.0459669,-0.0459209,4.60373e-05,1.31045,1.31271,0.00225997
1.76004e+09,2220,-0.046014,-0.0459209,9.30721e-05,1.30814,1.31271,0.0045717
1.76004e+09,2221,-0.046062,-0.0459669,9.5069e-05,1.30577,1.31045,0.00467524
1.76004e+09,2222,-0.046111,-0.046062,4.90357e-05,1.30336,1.30577,0.00241532
1.76004e+09,2223,-0.0461611,-0.046062,9.90751e-05,1.30089,1.30577,0.00488247
1.76004e+09,2224,-0.0462121,-0.046111,0.000101084,1.29837,1.30336,0.00498616
1.76004e+09,2225,-0.0462642,-0.0461611,0.000103098,1.2958,1.30089,0.00508991
1.76004e+09,2226,-0.0463172,-0.0462121,0.000105116,1.29318,1.29837,0.00519371
1.76004e+09,2227,-0.0463713,-0.0462642,0.000107139,1.2905,1.2958,0.00529757
1.76004e+09,2228,-0.0464264,-0.0463172,0.000109166,1.28778,1.29318,0.00540149
1.76004e+09,2229,-0.0464825,-0.0463713,0.000111199,1.285,1.2905,0.00550547
1.76004e+09,2230,-0.0465396,-0.0464264,0.000113236,1.28217,1.28778,0.00560953
1.76004e+09,2231,-0.0465978,-0.0464825,0.000115278,1.27928,1.285,0.00571366
1.76004e+09,2232,-0.046657,-0.0465396,0.000117325,1.27635,1.28217,0.00581786
1.76004e+09,2233,-0.0467172,-0.0465978,0.000119377,1.27336,1.27928,0.00592215
1.76004e+09,2234,-0.0467784,-0.046657,0.000121434,1.27032,1.27635,0.00602652
1.76004e+09,2235,-0.0468407,-0.0467172,0.000123497,1.26723,1.27336,0.00613098
1.76004e+09,2236,-0.046904,-0.0467784,0.000125566,1.26409,1.27032,0.00623553
1.76004e+09,2237,-0.0469683,-0.0468407,0.00012764,1.26089,1.26723,0.00634018
1.76004e+09,2238,-0.0470337,-0.046904,0.00012972,1.25764,1.26409,0.00644494
1.76004e+09,2239,-0.0471001,-0.0469683,0.000131805,1.25434,1.26089,0.0065498
1.76004e+09,2240,-0.0471676,-0.0470337,0.000133897,1.25099,1.25764,0.00665478
1.76004e+09,2241,-0.0472361,-0.0471001,0.000135995,1.24758,1.25434,0.00675988
1.76004e+09,2242,-0.0473057,-0.0471676,0.000138099,1.24412,1.25099,0.00686511
1.76004e+09,2243,-0.0473763,-0.0472361,0.000140209,1.24061,1.24758,0.00697047
1.76004e+09,2244,-0.047448,-0.0473057,0.000142325,1.23705,1.24412,0.00707597
1.76004e+09,2245,-0.0475208,-0.0473763,0.000144449,1.23343,1.24061,0.00718162
1.76004e+09,2246,-0.0475946,-0.047448,0.000146578,1.22976,1.23705,0.00728742
1.76004e+09,2247,-0.0476695,-0.0475208,0.000148715,1.22604,1.23343,0.00739339
1.76004e+09,2248,-0.0477454,-0.0475946,0.000150859,1.22226,1.22976,0.00749953
1.76004e+09,2249,-0.0478225,-0.0476695,0.000153009,1.21843,1.22604,0.00760584
1.76004e+09,2250,-0.0479006,-0.0477454,0.000155167,1.21455,1.22226,0.00771235
1.76004e+09,2251,-0.0479798,-0.0478225,0.000157332,1.21061,1.21843,0.00781905
1.76004e+09,2252,-0.0480601,-0.0479006,0.000159505,1.20662,1.21455,0.00792595
1.76004e+09,2253,-0.0481415,-0.0479798,0.000161685,1.20258,1.21061,0.00803308
1.76004e+09,2254,-0.048224,-0.0480601,0.000163872,1.19848,1.20662,0.00814043
1.76004e+09,2255,-0.0483076,-0.0481415,0.000166068,1.19433,1.20258,0.00824802
1.76004e+09,2256,-0.0483923,-0.048224,0.000168271,1.19012,1.19848,0.00835585
1.76004e+09,2257,-0.0484781,-0.0483076,0.000170483,1.18587,1.19433,0.00846395
1.76004e+09,2258,-0.048565,-0.0483923,0.000172702,1.18155,1.19012,0.00857232
1.76004e+09,2259,-0.048653,-0.0484781,0.00017493,1.17718,1.18587,0.00868097
1.76004e+09,2260,-0.0487421,-0.048565,0.000177167,1.17276,1.18155,0.00878992
1.76004e+09,2261,-0.0488324,-0.048653,0.000179412,1.16829,1.17718,0.00889919
1.76004e+09,2262,-0.0489238,-0.0487421,0.000181666,1.16375,1.17276,0.00900878
1.76004e+09,2263,-0.0490163,-0.0489238,9.25311e-05,1.15917,1.16375,0.00458688
1.76004e+09,2264,-0.04911,-0.0490163,9.36693e-05,1.15452,1.15917,0.00464212
1.76004e+09,2265,-0.0492048,-0.0490163,0.000188481,1.14983,1.15917,0.00933966
1.76004e+09,2266,-0.0493008,-0.04911,0.000190772,1.14507,1.15452,0.00945072
1.76004e+09,2267,-0.0493979,-0.0493008,9.71117e-05,1.14026,1.14507,0.00480901
1.76004e+09,2268,-0.0494961,-0.0493979,9.82688e-05,1.1354,1.14026,0.00486506
1.76004e+09,2269,-0.0495956,-0.0494961,9.94307e-05,1.13048,1.1354,0.00492134
1.76004e+09,2270,-0.0496962,-0.0495956,0.000100598,1.1255,1.13048,0.00497785
1.76004e+09,2271,-0.0497979,-0.0496962,0.00010177,1.12047,1.1255,0.00503462
1.76004e+09,2272,-0.0499009,-0.0497979,0.000102947,1.11537,1.12047,0.00509164
1.76004e+09,2273,-0.050005,-0.0499009,0.000104129,1.11023,1.11537,0.00514893
1.76004e+09,2274,-0.0501103,-0.050005,0.000105317,1.10502,1.11023,0.00520651
1.76004e+09,2275,-0.0502168,-0.0501103,0.00010651,1.09975,1.10502,0.00526438
1.76004e+09,2276,-0.0503246,-0.0502168,0.000107708,1.09443,1.09975,0.00532256
1.76004e+09,2277,-0.0504335,-0.0503246,0.000108912,1.08905,1.09443,0.00538106
1.76004e+09,2278,-0.0505436,-0.0504335,0.000110122,1.08361,1.08905,0.0054399
1.76004e+09,2279,-0.0506549,-0.0505436,0.000111337,1.07811,1.08361,0.00549908
1.76004e+09,2280,-0.0507675,-0.0506549,0.000112558,1.07255,1.07811,0.00555864
1.76004e+09,2281,-0.0508813,-0.0507675,0.000113784,1.06693,1.07255,0.00561857
1.76004e+09,2282,-0.0509963,-0.0508813,0.000115017,1.06126,1.06693,0.0056789
1.76004e+09,2283,-0.0511125,-0.0509963,0.000116255,1.05552,1.06126,0.00573965
1.76004e+09,2284,-0.05123,-0.0509963,0.000233755,1.04972,1.06126,0.0115405
1.76004e+09,2285,-0.0513488,-0.05123,0.000118751,1.04385,1.04972,0.00586248
1.76004e+09,2286,-0.0514688,-0.0513488,0.000120007,1.03793,1.04385,0.00592459
1.76004e+09,2287,-0.0515901,-0.0514688,0.00012127,1.03194,1.03793,0.0059872
1.76004e+09,2288,-0.0517126,-0.0515901,0.00012254,1.02589,1.03194,0.00605033
1.76004e+09,2289,-0.0518364,-0.0517126,0.000123816,1.01978,1.02589,0.00611399
1.76004e+09,2290,-0.0519615,-0.0518364,0.000125098,1.0136,1.01978,0.00617822
1.76004e+09,2291,-0.0520879,-0.0519615,0.000126387,1.00736,1.0136,0.00624305
1.76004e+09,2292,-0.0522156,-0.0520879,0.000127683,1.00105,1.00736,0.00630849
1.76004e+09,2293,-0.0523446,-0.0522156,0.000128985,0.994672,1.00105,0.00637457
1.76004e+09,2294,-0.0524749,-0.0523446,0.000130294,0.988231,0.994672,0.00644133
1.76004e+09,2295,-0.0526065,-0.0524749,0.00013161,0.981722,0.988231,0.00650879
1.76004e+09,2296,-0.0527394,-0.0524749,0.000264543,0.975145,0.988231,0.0130858
1.76004e+09,2297,-0.0528737,-0.0527394,0.000134263,0.968499,0.975145,0.00664597
1.76004e+09,2298,-0.0530093,-0.0528737,0.0001356,0.961783,0.968499,0.00671576
1.76004e+09,2299,-0.0531462,-0.0530093,0.000136944,0.954997,0.961783,0.00678639
1.76004e+09,2300,-0.0532845,-0.0531462,0.000138296,0.948139,0.954997,0.0068579
1.76004e+09,2301,-0.0534242,-0.0532845,0.000139655,0.941209,0.948139,0.00693035
1.76004e+09,2302,-0.0535652,-0.0534242,0.000141022,0.934205,0.941209,0.00700377
1.76004e+09,2303,-0.0537076,-0.0535652,0.000142397,0.927127,0.934205,0.00707821
1.76004e+09,2304,-0.0538514,-0.0537076,0.000143779,0.919973,0.927127,0.00715371
1.76004e+09,2305,-0.0539965,-0.0538514,0.000145169,0.912743,0.919973,0.00723035
1.76004e+09,2306,-0.0541431,-0.0539965,0.000146568,0.905435,0.912743,0.00730816
1.76004e+09,2307,-0.0542911,-0.0541431,0.000147975,0.898047,0.905435,0.00738721
1.76004e+09,2308,-0.0544405,-0.0542911,0.00014939,0.89058,0.898047,0.00746756
1.76004e+09,2309,-0.0545913,-0.0544405,0.000150814,0.88303,0.89058,0.00754928
1.76004e+09,2310,-0.0547435,-0.0545913,0.000152248,0.875398,0.88303,0.00763243
1.76004e+09,2311,-0.0548972,-0.0547435,0.00015369,0.867681,0.875398,0.0077171
1.76004e+09,2312,-0.0550524,-0.0548972,0.000155142,0.859878,0.867681,0.00780337
1.76004e+09,2313,-0.055209,-0.0550524,0.000156603,0.851986,0.859878,0.00789131
1.76004e+09,2314,-0.055367,-0.055209,0.000158075,0.844005,0.851986,0.00798103
1.76004e+09,2315,-0.0555266,-0.055367,0.000159557,0.835933,0.844005,0.00807262
1.76004e+09,2316,-0.0556876,-0.0555266,0.000161049,0.827766,0.835933,0.00816618
1.76004e+09,2317,-0.0558502,-0.0556876,0.000162553,0.819505,0.827766,0.00826182
1.76004e+09,2318,-0.0560143,-0.0558502,0.000164068,0.811145,0.819505,0.00835968
1.76004e+09,2319,-0.0561799,-0.0560143,0.000165594,0.802685,0.811145,0.00845987
1.76004e+09,2320,-0.056347,-0.0561799,0.000167133,0.794123,0.802685,0.00856253
1.76004e+09,2321,-0.0565157,-0.056347,0.000168684,0.785455,0.794123,0.00866782
1.76004e+09,2322,-0.0566859,-0.0565157,0.000170247,0.776679,0.785455,0.0087759
1.76004e+09,2323,-0.0568577,-0.0566859,0.000171823,0.767792,0.776679,0.00888694
1.76004e+09,2324,-0.0570312,-0.0568577,0.000173412,0.758791,0.767792,0.00900112
1.76004e+09,2325,-0.0572062,-0.0570312,0.000175015,0.749672,0.758791,0.00911867
1.76004e+09,2326,-0.0573828,-0.0572062,0.000176631,0.740432,0.749672,0.00923979
1.76004e+09,2327,-0.0575611,-0.0573828,0.00017826,0.731068,0.740432,0.00936473
1.76004e+09,2328,-0.057741,-0.0575611,0.000179903,0.721574,0.731068,0.00949377
1.76004e+09,2329,-0.0579225,-0.0575611,0.000361461,0.711947,0.731068,0.0191209
1.76004e+09,2330,-0.0581058,-0.057741,0.000364786,0.702181,0.721574,0.0193924
1.76004e+09,2331,-0.0582907,-0.0579225,0.000368135,0.692273,0.711947,0.0196737
1.76004e+09,2332,-0.0584773,-0.0581058,0.000371508,0.682216,0.702181,0.0199654
1.76004e+09,2333,-0.0586656,-0.0582907,0.000374904,0.672005,0.692273,0.0202684
1.76004e+09,2334,-0.0588556,-0.0584773,0.000378319,0.661632,0.682216,0.0205835
1.76004e+09,2335,-0.0590473,-0.0586656,0.000381752,0.651093,0.672005,0.0209118
1.76004e+09,2336,-0.0592408,-0.0588556,0.000385199,0.640378,0.661632,0.0212544
1.76004e+09,2337,-0.059436,-0.0590473,0.000388656,0.62948,0.651093,0.0216125
1.76004e+09,2338,-0.0596329,-0.0592408,0.000392119,0.618391,0.640378,0.0219874
1.76004e+09,2339,-0.0598316,-0.059436,0.000395583,0.607099,0.62948,0.0223808
1.76004e+09,2340,-0.0601376,-0.0596329,0.000504682,0.606889,0.618391,0.0115015
1.76004e+09,2341,-0.060446,-0.0598316,0.000614467,0.606676,0.607099,0.000423568
1.76004e+09,2342,-0.0607569,-0.0601376,0.00061929,0.60646,0.606889,0.000429221
1.76004e+09,2343,-0.0610701,-0.060446,0.000624086,0.606241,0.606676,0.000434918
1.76004e+09,2344,-0.0613857,-0.0607569,0.000628848,0.606019,0.60646,0.000440652
1.76004e+09,2345,-0.0617037,-0.0610701,0.000633565,0.605795,0.606241,0.00044642
1.76004e+09,2346,-0.0620239,-0.0613857,0.000638229,0.605567,0.606019,0.000452215
1.76004e+09,2347,-0.0623465,-0.0617037,0.000642831,0.605336,0.605795,0.00045803
1.76004e+09,2348,-0.0626713,-0.0620239,0.00064736,0.605103,0.605567,0.00046386
1.76004e+09,2349,-0.0629983,-0.0623465,0.000651807,0.604867,0.605336,0.000469697
1.76004e+09,2350,-0.0633275,-0.0626713,0.00065616,0.604628,0.605103,0.000475534
1.76004e+09,2351,-0.0636587,-0.0629983,0.00066041,0.604385,0.604867,0.000481363
1.76004e+09,2352,-0.063992,-0.0633275,0.000664546,0.60414,0.604628,0.000487176
1.76004e+09,2353,-0.0643273,-0.0636587,0.000668556,0.603892,0.604385,0.000492966
1.76004e+09,2354,-0.0646644,-0.0643273,0.000337167,0.603642,0.603892,0.000250795
1.76004e+09,2355,-0.0650034,-0.0646644,0.000338994,0.603388,0.603642,0.000253642
1.76004e+09,2356,-0.0653442,-0.0650034,0.00034074,0.603132,0.603388,0.000256461
1.76004e+09,2357,-0.0656866,-0.0653442,0.000342401,0.602872,0.603132,0.000259248
1.76004e+09,2358,-0.0660306,-0.0656866,0.000343971,0.60261,0.602872,0.000261999
1.76004e+09,2359,-0.066376,-0.0660306,0.000345447,0.602346,0.60261,0.00026471
1.76004e+09,2360,-0.0667228,-0.0660306,0.00069227,0.602078,0.60261,0.000532087
1.76004e+09,2361,-0.0670709,-0.066376,0.00069492,0.601808,0.602346,0.00053737
1.76004e+09,2362,-0.0674202,-0.0667228,0.00069736,0.601536,0.602078,0.00054255
1.76004e+09,2363,-0.0677705,-0.0674202,0.00035032,0.601261,0.601536,0.000275063
1.76004e+09,2364,-0.0681218,-0.0677705,0.000351263,0.600983,0.601261,0.000277508
1.76004e+09,2365,-0.0684739,-0.0681218,0.00035209,0.600703,0.600983,0.000279888
1.76004e+09,2366,-0.0688267,-0.0684739,0.000352798,0.600421,0.600703,0.000282199
1.76004e+09,2367,-0.06918,-0.0688267,0.000353386,0.600137,0.600421,0.000284437
1.76004e+09,2368,-0.0695339,-0.06918,0.000353851,0.59985,0.600137,0.0002866
1.76004e+09,2369,-0.0698881,-0.0695339,0.000354191,0.599561,0.59985,0.000288684
1.76004e+09,2370,-0.0702425,-0.0698881,0.000354407,0.599271,0.599561,0.000290685
1.76004e+09,2371,-0.070597,-0.0702425,0.000354496,0.598978,0.599271,0.000292603
1.76004e+09,2372,-0.0709514,-0.070597,0.00035446,0.598684,0.598978,0.000294433
1.76004e+09,2373,-0.0713057,-0.0709514,0.000354297,0.598387,0.598684,0.000296175
1.76004e+09,2374,-0.0716597,-0.0713057,0.000354008,0.59809,0.598387,0.000297825
1.76004e+09,2375,-0.0720133,-0.0716597,0.000353595,0.59779,0.59809,0.000299382
1.76004e+09,2376,-0.0723664,-0.0720133,0.000353057,0.597489,0.59779,0.000300846
1.76004e+09,2377,-0.0727188,-0.0723664,0.000352397,0.597187,0.597489,0.000302214
1.76004e+09,2378,-0.0730704,-0.0727188,0.000351616,0.596884,0.597187,0.000303487
1.76004e+09,2379,-0.0734211,-0.0730704,0.000350718,0.596579,0.596884,0.000304663
1.76004e+09,2380,-0.0737708,-0.0734211,0.000349703,0.596273,0.596579,0.000305743
1.76004e+09,2381,-0.0741194,-0.0737708,0.000348575,0.595967,0.596273,0.000306727
1.76004e+09,2382,-0.0744667,-0.0741194,0.000347338,0.595659,0.595967,0.000307615
1.76004e+09,2383,-0.0748127,-0.0744667,0.000345995,0.59535,0.595659,0.000308408
1.76004e+09,2384,-0.0751573,-0.0748127,0.000344549,0.595041,0.59535,0.000309108
1.76004e+09,2385,-0.0755003,-0.0751573,0.000343006,0.594732,0.595041,0.000309716
1.76004e+09,2386,-0.0758417,-0.0755003,0.000341369,0.594421,0.594732,0.000310234
1.76004e+09,2387,-0.0761813,-0.0758417,0.000339643,0.594111,0.594421,0.000310664
1.76004e+09,2388,-0.0765191,-0.0761813,0.000337833,0.5938,0.594111,0.000311008
1.76004e+09,2389,-0.0768551,-0.0765191,0.000335944,0.593488,0.5938,0.000311269
1.76004e+09,2390,-0.0771891,-0.0768551,0.000333981,0.593177,0.593488,0.000311451
1.76004e+09,2391,-0.077521,-0.0771891,0.00033195,0.592865,0.593177,0.000311555
1.76004e+09,2392,-0.0778509,-0.077521,0.000329856,0.592554,0.592865,0.000311587
1.76004e+09,2393,-0.0781786,-0.0778509,0.000327704,0.592242,0.592554,0.000311549
1.76004e+09,2394,-0.0785041,-0.0781786,0.000325501,0.591931,0.592242,0.000311445
1.76004e+09,2395,-0.0788273,-0.0785041,0.000323251,0.59162,0.591931,0.000311278
1.76004e+09,2396,-0.0791483,-0.0788273,0.000320959,0.591309,0.59162,0.000311053
1.76004e+09,2397,-0.0794669,-0.0791483,0.000318632,0.590998,0.591309,0.000310773
1.76004e+09,2398,-0.0797832,-0.0794669,0.000316273,0.590687,0.590998,0.000310442
1.76004e+09,2399,-0.0800971,-0.0797832,0.000313889,0.590377,0.590687,0.000310064
1.76004e+09,2400,-0.0804086,-0.0800971,0.000311482,0.590068,0.590377,0.000309642
1.76004e+09,2401,-0.0807176,-0.0804086,0.000309057,0.589758,0.590068,0.000309179
1.76004e+09,2402,-0.0810242,-0.0807176,0.000306618,0.58945,0.589758,0.000308679
1.76004e+09,2403,-0.0813284,-0.0810242,0.000304169,0.589142,0.58945,0.000308145
1.76004e+09,2404,-0.0816301,-0.0813284,0.000301713,0.588834,0.589142,0.000307579
1.76004e+09,2405,-0.0819294,-0.0813284,0.000600966,0.588527,0.589142,0.000614564
1.76004e+09,2406,-0.0822262,-0.0819294,0.000296792,0.588221,0.588527,0.000306365
1.76004e+09,2407,-0.0825205,-0.0822262,0.000294333,0.587915,0.588221,0.000305721
1.76004e+09,2408,-0.0828124,-0.0825205,0.000291878,0.58761,0.587915,0.000305057
1.76004e+09,2409,-0.0831018,-0.0828124,0.000289428,0.587306,0.58761,0.000304373
1.76004e+09,2410,-0.0833888,-0.0831018,0.000286987,0.587002,0.587306,0.000303672
1.76004e+09,2411,-0.0836733,-0.0831018,0.000571542,0.586699,0.587306,0.000606628
1.76004e+09,2412,-0.0839555,-0.0833888,0.000566688,0.586397,0.587002,0.00060518
1.76004e+09,2413,-0.0842352,-0.0839555,0.000279723,0.586095,0.586397,0.000301481
1.76004e+09,2414,-0.0845125,-0.0842352,0.000277324,0.585795,0.586095,0.000300725
1.76004e+09,2415,-0.0847875,-0.0845125,0.000274939,0.585495,0.585795,0.000299958
1.76004e+09,2416,-0.08506,-0.0847875,0.000272567,0.585195,0.585495,0.000299181
1.76004e+09,2417,-0.0853302,-0.08506,0.000270209,0.584897,0.585195,0.000298394
1.76004e+09,2418,-0.0855981,-0.0853302,0.000267865,0.584599,0.584897,0.000297599
1.76004e+09,2419,-0.0858636,-0.0855981,0.000265534,0.584303,0.584599,0.000296795
1.76004e+09,2420,-0.0861269,-0.0858636,0.000263218,0.584007,0.584303,0.000295983
1.76004e+09,2421,-0.0863878,-0.0861269,0.000260915,0.583711,0.584007,0.000295162
1.76004e+09,2422,-0.0866464,-0.0863878,0.000258626,0.583417,0.583711,0.000294335
1.76004e+09,2423,-0.0869027,-0.0866464,0.000256351,0.583124,0.583417,0.000293499
1.76004e+09,2424,-0.0871568,-0.0869027,0.000254089,0.582831,0.583124,0.000292657
1.76004e+09,2425,-0.0874087,-0.0871568,0.00025184,0.582539,0.582831,0.000291807
1.76004e+09,2426,-0.0876583,-0.0874087,0.000249603,0.582248,0.582539,0.00029095
1.76004e+09,2427,-0.0879057,-0.0876583,0.00024738,0.581958,0.582248,0.000290086
1.76004e+09,2428,-0.0881508,-0.0879057,0.000245169,0.581669,0.581958,0.000289216
1.76004e+09,2429,-0.0883938,-0.0881508,0.000242969,0.581381,0.581669,0.000288338
1.76004e+09,2430,-0.0886346,-0.0883938,0.000240782,0.581093,0.581381,0.000287453
1.76004e+09,2431,-0.0888732,-0.0886346,0.000238606,0.580807,0.581093,0.000286562
1.76004e+09,2432,-0.0891096,-0.0888732,0.000236441,0.580521,0.580807,0.000285664
1.76004e+09,2433,-0.0893439,-0.0891096,0.000234287,0.580236,0.580521,0.00028476
1.76004e+09,2434,-0.0895761,-0.0893439,0.000232144,0.579952,0.580236,0.000283849
1.76004e+09,2435,-0.0898061,-0.0895761,0.000230012,0.579669,0.579952,0.000282932
1.76004e+09,2436,-0.090034,-0.0898061,0.00022789,0.579387,0.579669,0.000282008
1.76004e+09,2437,-0.0902597,-0.090034,0.000225778,0.579106,0.579387,0.000281078
1.76004e+09,2438,-0.0904834,-0.0902597,0.000223676,0.578826,0.579106,0.000280142
1.76004e+09,2439,-0.090705,-0.0904834,0.000221584,0.578547,0.578826,0.000279199
1.76004e+09,2440,-0.0909245,-0.090705,0.000219502,0.578269,0.578547,0.000278251
1.76004e+09,2441,-0.0911419,-0.0909245,0.000217429,0.577991,0.578269,0.000277297
1.76004e+09,2442,-0.0913573,-0.0911419,0.000215366,0.577715,0.577991,0.000276337
1.76004e+09,2443,-0.0915706,-0.0913573,0.000213312,0.57744,0.577715,0.000275372
1.76004e+09,2444,-0.0917819,-0.0915706,0.000211267,0.577165,0.57744,0.000274402
1.76004e+09,2445,-0.0919911,-0.0917819,0.000209231,0.576892,0.577165,0.000273426
1.76004e+09,2446,-0.0921983,-0.0917819,0.000416436,0.576619,0.577165,0.00054587
1.76004e+09,2447,-0.0924035,-0.0921983,0.000205187,0.576348,0.576619,0.000271459
1.76004e+09,2448,-0.0926067,-0.0924035,0.000203178,0.576077,0.576348,0.000270468
1.76004e+09,2449,-0.0928078,-0.0926067,0.000201177,0.575808,0.576077,0.000269473
1.76004e+09,2450,-0.093007,-0.0928078,0.000199185,0.575539,0.575808,0.000268473
1.76004e+09,2451,-0.0932042,-0.093007,0.000197202,0.575272,0.575539,0.000267469
1.76004e+09,2452,-0.0933995,-0.0932042,0.000195227,0.575006,0.575272,0.000266461
1.76004e+09,2453,-0.0935927,-0.0933995,0.000193261,0.57474,0.575006,0.000265448
1.76004e+09,2454,-0.093784,-0.0935927,0.000191303,0.574476,0.57474,0.000264432
1.76004e+09,2455,-0.0939734,-0.093784,0.000189353,0.574212,0.574476,0.000263412
1.76004e+09,2456,-0.0941608,-0.0939734,0.000187411,0.57395,0.574212,0.000262389
1.76004e+09,2457,-0.0943463,-0.0941608,0.000185477,0.573689,0.57395,0.000261362
1.76004e+09,2458,-0.0945298,-0.0943463,0.000183551,0.573428,0.573689,0.000260332
1.76004e+09,2459,-0.0947115,-0.0945298,0.000181633,0.573169,0.573428,0.000259298
1.76004e+09,2460,-0.0948912,-0.0947115,0.000179723,0.572911,0.573169,0.000258262
1.76004e+09,2461,-0.095069,-0.0948912,0.000177821,0.572653,0.572911,0.000257223
1.76004e+09,2462,-0.0952449,-0.095069,0.000175927,0.572397,0.572653,0.000256181
1.76004e+09,2463,-0.095419,-0.0952449,0.00017404,0.572142,0.572397,0.000255137
1.76004e+09,2464,-0.0955911,-0.095419,0.00017216,0.571888,0.572142,0.00025409
1.76004e+09,2465,-0.0957614,-0.0955911,0.000170288,0.571635,0.571888,0.000253041
1.76004e+09,2466,-0.0959298,-0.0957614,0.000168424,0.571383,0.571635,0.00025199
1.76004e+09,2467,-0.0960964,-0.0959298,0.000166566,0.571132,0.571383,0.000250937
1.76004e+09,2468,-0.0962611,-0.0960964,0.000164716,0.570882,0.571132,0.000249881
1.76004e+09,2469,-0.096424,-0.0962611,0.000162873,0.570633,0.570882,0.000248824
1.76004e+09,2470,-0.096585,-0.096424,0.000161037,0.570386,0.570633,0.000247766
1.76004e+09,2471,-0.0967442,-0.096585,0.000159209,0.570139,0.570386,0.000246705
1.76004e+09,2472,-0.0969016,-0.0967442,0.000157387,0.569893,0.570139,0.000245644
1.76004e+09,2473,-0.0970572,-0.0969016,0.000155572,0.569649,0.569893,0.000244581
1.76004e+09,2474,-0.097211,-0.0970572,0.000153763,0.569405,0.569649,0.000243516
1.76004e+09,2475,-0.0973629,-0.097211,0.000151962,0.569163,0.569405,0.000242451
1.76004e+09,2476,-0.0975131,-0.0973629,0.000150167,0.568921,0.569163,0.000241385
1.76004e+09,2477,-0.0976615,-0.0975131,0.000148378,0.568681,0.568921,0.000240318
1.76004e+09,2478,-0.0978081,-0.0975131,0.000294974,0.568442,0.568921,0.000479567
1.76004e+09,2479,-0.0979529,-0.0978081,0.00014482,0.568204,0.568442,0.000238181
1.76004e+09,2480,-0.0980959,-0.0979529,0.000143051,0.567966,0.568204,0.000237112
1.76004e+09,2481,-0.0982372,-0.0980959,0.000141288,0.56773,0.567966,0.000236042
1.76004e+09,2482,-0.0983768,-0.0982372,0.000139531,0.567495,0.56773,0.000234972
1.76004e+09,2483,-0.0985145,-0.0983768,0.00013778,0.567262,0.567495,0.000233901
1.76004e+09,2484,-0.0986506,-0.0985145,0.000136035,0.567029,0.567262,0.000232831
1.76004e+09,2485,-0.0987849,-0.0986506,0.000134296,0.566797,0.567029,0.00023176
1.76004e+09,2486,-0.0989174,-0.0987849,0.000132563,0.566566,0.566797,0.00023069
1.76004e+09,2487,-0.0990483,-0.0989174,0.000130835,0.566337,0.566566,0.000229619
1.76004e+09,2488,-0.0991774,-0.0990483,0.000129114,0.566108,0.566337,0.000228549
1.76004e+09,2489,-0.0993048,-0.0991774,0.000127398,0.565881,0.566108,0.000227479
1.76004e+09,2490,-0.0994305,-0.0993048,0.000125687,0.565654,0.565881,0.000226409
1.76004e+09,2491,-0.0995544,-0.0994305,0.000123982,0.565429,0.565654,0.00022534
1.76004e+09,2492,-0.0996767,-0.0995544,0.000122283,0.565205,0.565429,0.000224272
1.76004e+09,2493,-0.0997973,-0.0996767,0.000120589,0.564981,0.565205,0.000223204
1.76004e+09,2494,-0.0999162,-0.0997973,0.0001189,0.564759,0.564981,0.000222137
1.76004e+09,2495,-0.100033,-0.0999162,0.000117216,0.564538,0.564759,0.00022107
1.76004e+09,2496,-0.100149,-0.100033,0.000115537,0.564318,0.564538,0.000220005
1.76004e+09,2497,-0.100263,-0.100149,0.000113863,0.564099,0.564318,0.00021894
1.76004e+09,2498,-0.100375,-0.100263,0.000112195,0.563881,0.564099,0.000217877
1.76004e+09,2499,-0.100486,-0.100375,0.000110531,0.563665,0.563881,0.000216815
1.76004e+09,2500,-0.100594,-0.100486,0.000108872,0.563449,0.563665,0.000215754
1.76004e+09,2501,-0.100702,-0.100594,0.000107218,0.563234,0.563449,0.000214694
1.76004e+09,2502,-0.100807,-0.100702,0.000105568,0.56302,0.563234,0.000213636
1.76004e+09,2503,-0.100911,-0.100807,0.000103924,0.562808,0.56302,0.000212579
1.76004e+09,2504,-0.101013,-0.100911,0.000102283,0.562596,0.562808,0.000211524
1.76004e+09,2505,-0.101114,-0.101013,0.000100647,0.562386,0.562596,0.00021047
1.76004e+09,2506,-0.101213,-0.101114,9.90161e-05,0.562176,0.562386,0.000209419
1.76004e+09,2507,-0.10131,-0.101213,9.7389e-05,0.561968,0.562176,0.000208368
1.76004e+09,2508,-0.101406,-0.10131,9.57662e-05,0.561761,0.561968,0.00020732
1.76004e+09,2509,-0.1015,-0.101406,9.41476e-05,0.561554,0.561761,0.000206274
1.76004e+09,2510,-0.101593,-0.1015,9.25331e-05,0.561349,0.561554,0.000205229
1.76004e+09,2511,-0.101684,-0.101593,9.09227e-05,0.561145,0.561349,0.000204187
1.76004e+09,2512,-0.101773,-0.101684,8.93163e-05,0.560942,0.561145,0.000203147
1.76004e+09,2513,-0.101861,-0.101773,8.77138e-05,0.56074,0.560942,0.000202109
1.76004e+09,2514,-0.101947,-0.101861,8.61152e-05,0.560539,0.56074,0.000201073
1.76004e+09,2515,-0.102032,-0.101947,8.45203e-05,0.560339,0.560539,0.00020004
1.76004e+09,2516,-0.102114,-0.102032,8.29292e-05,0.56014,0.560339,0.000199009
1.76004e+09,2517,-0.102196,-0.102114,8.13417e-05,0.559942,0.56014,0.000197981
1.76004e+09,2518,-0.102276,-0.102196,7.97578e-05,0.559745,0.559942,0.000196955
1.76004e+09,2519,-0.102354,-0.102276,7.81775e-05,0.559549,0.559745,0.000195931
1.76004e+09,2520,-0.10243,-0.102354,7.66006e-05,0.559354,0.559549,0.000194911
1.76004e+09,2521,-0.102505,-0.10243,7.5027e-05,0.55916,0.559354,0.000193893
1.76004e+09,2522,-0.102579,-0.102505,7.34568e-05,0.558967,0.55916,0.000192878
1.76004e+09,2523,-0.102651,-0.102579,7.18898e-05,0.558775,0.558967,0.000191865
1.76004e+09,2524,-0.102721,-0.102651,7.03261e-05,0.558584,0.558775,0.000190856
1.76004e+09,2525,-0.10279,-0.102721,6.87654e-05,0.558395,0.558584,0.00018985
1.76004e+09,2526,-0.102857,-0.10279,6.72078e-05,0.558206,0.558395,0.000188847
1.76004e+09,2527,-0.102923,-0.10279,0.000132861,0.558018,0.558395,0.000376693
1.76004e+09,2528,-0.102987,-0.102923,6.41014e-05,0.557831,0.558018,0.00018685
1.76004e+09,2529,-0.103049,-0.102987,6.25525e-05,0.557645,0.557831,0.000185856
1.76004e+09,2530,-0.10311,-0.103049,6.10064e-05,0.55746,0.557645,0.000184865
1.76004e+09,2531,-0.10317,-0.10311,5.94631e-05,0.557276,0.55746,0.000183878
1.76004e+09,2532,-0.103228,-0.10317,5.79224e-05,0.557094,0.557276,0.000182895
1.76004e+09,2533,-0.103284,-0.103228,5.63842e-05,0.556912,0.557094,0.000181915
1.76004e+09,2534,-0.103339,-0.103284,5.48486e-05,0.556731,0.556912,0.000180938
1.76004e+09,2535,-0.103392,-0.103339,5.33155e-05,0.556551,0.556731,0.000179965
1.76004e+09,2536,-0.103444,-0.103392,5.17847e-05,0.556372,0.556551,0.000178996
1.76004e+09,2537,-0.103494,-0.103444,5.02563e-05,0.556194,0.556372,0.00017803
1.76004e+09,2538,-0.103543,-0.103494,4.87301e-05,0.556017,0.556194,0.000177068
1.76004e+09,2539,-0.10359,-0.103543,4.72062e-05,0.55584,0.556017,0.00017611
1.76004e+09,2540,-0.103636,-0.10359,4.56843e-05,0.555665,0.55584,0.000175156
1.76004e+09,2541,-0.10368,-0.103636,4.41645e-05,0.555491,0.555665,0.000174206
1.76004e+09,2542,-0.103723,-0.10368,4.26468e-05,0.555318,0.555491,0.000173259
1.76004e+09,2543,-0.103764,-0.103723,4.11309e-05,0.555146,0.555318,0.000172317
1.76004e+09,2544,-0.103803,-0.103723,8.07479e-05,0.554974,0.555318,0.000343697
1.76004e+09,2545,-0.103842,-0.103764,7.77218e-05,0.554804,0.555146,0.000341825
1.76004e+09,2546,-0.103878,-0.103803,7.46992e-05,0.554634,0.554974,0.000339961
1.76004e+09,2547,-0.103913,-0.103842,7.16801e-05,0.554466,0.554804,0.000338106
1.76004e+09,2548,-0.103947,-0.103878,6.86643e-05,0.554298,0.554634,0.00033626
1.76004e+09,2549,-0.103979,-0.103913,6.56516e-05,0.554131,0.554466,0.000334422
1.76004e+09,2550,-0.104009,-0.103979,3.05689e-05,0.553965,0.554131,0.00016584
1.76004e+09,2551,-0.104039,-0.104009,2.90663e-05,0.5538,0.553965,0.000164933
1.76004e+09,2552,-0.104066,-0.104009,5.66313e-05,0.553636,0.553965,0.000328962
1.76004e+09,2553,-0.104092,-0.104039,5.363e-05,0.553473,0.5538,0.00032716
1.76004e+09,2554,-0.104117,-0.104066,5.06313e-05,0.553311,0.553636,0.000325368
1.76004e+09,2555,-0.10414,-0.104092,4.76349e-05,0.55315,0.553473,0.000323585
1.76004e+09,2556,-0.104161,-0.104117,4.46408e-05,0.552989,0.553311,0.000321811
1.76004e+09,2557,-0.104181,-0.10414,4.16489e-05,0.55283,0.55315,0.000320047
1.76004e+09,2558,-0.1042,-0.104161,3.8659e-05,0.552671,0.552989,0.000318293
1.76004e+09,2559,-0.104217,-0.104181,3.5671e-05,0.552513,0.55283,0.000316549
1.76004e+09,2560,-0.104233,-0.1042,3.26848e-05,0.552356,0.552671,0.000314814
1.76004e+09,2561,-0.104247,-0.104217,2.97002e-05,0.5522,0.552513,0.00031309
1.76004e+09,2562,-0.104259,-0.104233,2.67171e-05,0.552045,0.552356,0.000311375
1.76004e+09,2563,-0.104271,-0.104247,2.37354e-05,0.55189,0.5522,0.000309671
1.76004e+09,2564,-0.10428,-0.104271,9.6325e-06,0.551737,0.55189,0.000153567
1.76004e+09,2565,-0.104288,-0.10428,8.14312e-06,0.551584,0.551737,0.000152728
1.76004e+09,2566,-0.104295,-0.104288,6.6542e-06,0.551432,0.551584,0.000151894
1.76004e+09,2567,-0.1043,-0.104295,5.1657e-06,0.551281,0.551432,0.000151066
1.76004e+09,2568,-0.104304,-0.1043,3.67754e-06,0.551131,0.551281,0.000150243
1.76004e+09,2569,-0.104306,-0.104304,2.18966e-06,0.550981,0.551131,0.000149426
1.76004e+09,2570,-0.104307,-0.104306,7.02007e-07,0.550833,0.550981,0.000148614
1.76004e+09,2571,-0.104306,-0.104307,-7.85493e-07,0.550685,0.550833,0.000147808
1.76004e+09,2572,-0.104304,-0.104306,-2.2729e-06,0.550538,0.550685,0.000147008
1.76004e+09,2573,-0.1043,-0.104304,-3.76028e-06,0.550392,0.550538,0.000146213
1.76004e+09,2574,-0.104295,-0.1043,-5.24768e-06,0.550246,0.550392,0.000145424
1.76004e+09,2575,-0.104288,-0.104295,-6.73519e-06,0.550102,0.550246,0.000144641
1.76004e+09,2576,-0.10428,-0.104288,-8.22285e-06,0.549958,0.550102,0.000143863
1.76004e+09,2577,-0.10427,-0.104288,-1.79336e-05,0.549815,0.550102,0.000286956
1.76004e+09,2578,-0.104259,-0.10427,-1.11989e-05,0.549672,0.549815,0.000142327
1.76004e+09,2579,-0.104246,-0.104259,-1.26874e-05,0.549531,0.549672,0.000141568
1.76004e+09,2580,-0.104232,-0.104246,-1.41763e-05,0.54939,0.549531,0.000140815
1.76004e+09,2581,-0.104216,-0.104232,-1.56657e-05,0.54925,0.54939,0.000140068
1.76004e+09,2582,-0.104199,-0.104216,-1.71557e-05,0.549111,0.54925,0.000139327
1.76004e+09,2583,-0.10418,-0.104199,-1.86462e-05,0.548972,0.549111,0.000138593
1.76004e+09,2584,-0.10416,-0.10418,-2.01374e-05,0.548834,0.548972,0.000137865
1.76004e+09,2585,-0.104139,-0.10416,-2.16294e-05,0.548697,0.548834,0.000137143
1.76004e+09,2586,-0.104116,-0.104139,-2.31221e-05,0.548561,0.548697,0.000136428
1.76004e+09,2587,-0.104091,-0.104116,-2.46156e-05,0.548425,0.548561,0.00013572
1.76004e+09,2588,-0.104065,-0.104091,-2.61101e-05,0.54829,0.548425,0.000135018
1.76004e+09,2589,-0.104037,-0.104065,-2.76056e-05,0.548156,0.54829,0.000134323
1.76004e+09,2590,-0.104008,-0.104037,-2.91021e-05,0.548022,0.548156,0.000133634
1.76004e+09,2591,-0.103978,-0.104008,-3.05997e-05,0.547889,0.548022,0.000132953
1.76004e+09,2592,-0.103945,-0.103978,-3.20985e-05,0.547757,0.547889,0.000132278
1.76004e+09,2593,-0.103912,-0.103945,-3.35985e-05,0.547625,0.547757,0.00013161
1.76004e+09,2594,-0.103877,-0.103912,-3.50998e-05,0.547494,0.547625,0.000130949
1.76004e+09,2595,-0.10384,-0.103877,-3.66025e-05,0.547364,0.547494,0.000130296
1.76004e+09,2596,-0.103802,-0.10384,-3.81066e-05,0.547234,0.547364,0.000129649
1.76004e+09,2597,-0.103762,-0.103802,-3.96122e-05,0.547105,0.547234,0.00012901
1.76004e+09,2598,-0.103721,-0.103762,-4.11193e-05,0.546977,0.547105,0.000128377
1.76004e+09,2599,-0.103679,-0.103721,-4.26281e-05,0.546849,0.546977,0.000127753
1.76004e+09,2600,-0.103635,-0.103721,-8.67666e-05,0.546722,0.546977,0.000254888
1.76004e+09,2601,-0.103589,-0.103679,-8.97892e-05,0.546595,0.546849,0.000253661
1.76004e+09,2602,-0.103542,-0.103635,-9.28154e-05,0.546469,0.546722,0.000252448
1.76004e+09,2603,-0.103493,-0.103542,-4.86805e-05,0.546344,0.546469,0.000125328
1.76004e+09,2604,-0.103443,-0.103493,-5.01983e-05,0.546219,0.546344,0.000124741
1.76004e+09,2605,-0.103391,-0.103443,-5.17181e-05,0.546095,0.546219,0.000124162
1.76004e+09,2606,-0.103338,-0.103391,-5.32399e-05,0.545972,0.546095,0.000123591
1.76004e+09,2607,-0.103283,-0.103338,-5.47639e-05,0.545849,0.545972,0.000123027
1.76004e+09,2608,-0.103227,-0.103338,-0.000111054,0.545726,0.545972,0.000245499
1.76004e+09,2609,-0.103169,-0.103227,-5.78185e-05,0.545604,0.545726,0.000121924
1.76004e+09,2610,-0.10311,-0.103169,-5.93492e-05,0.545483,0.545604,0.000121385
1.76004e+09,2611,-0.103049,-0.103169,-0.000120232,0.545362,0.545604,0.000242239
1.76004e+09,2612,-0.102986,-0.103049,-6.24179e-05,0.545242,0.545362,0.000120332
1.76004e+09,2613,-0.102922,-0.102986,-6.3956e-05,0.545122,0.545242,0.000119817
1.76004e+09,2614,-0.102857,-0.102922,-6.54967e-05,0.545003,0.545122,0.000119311
1.76004e+09,2615,-0.10279,-0.102857,-6.704e-05,0.544884,0.545003,0.000118814
1.76004e+09,2616,-0.102721,-0.10279,-6.85861e-05,0.544765,0.544884,0.000118326
1.76004e+09,2617,-0.102651,-0.102721,-7.01349e-05,0.544648,0.544765,0.000117846
1.76004e+09,2618,-0.102579,-0.102651,-7.16865e-05,0.54453,0.544648,0.000117375
1.76004e+09,2619,-0.102506,-0.102579,-7.32411e-05,0.544413,0.54453,0.000116912
1.76004e+09,2620,-0.102431,-0.102506,-7.47986e-05,0.544297,0.544413,0.000116459
1.76004e+09,2621,-0.102355,-0.102431,-7.63592e-05,0.544181,0.544297,0.000116015
1.76004e+09,2622,-0.102277,-0.102355,-7.79229e-05,0.544065,0.544181,0.00011558
1.76004e+09,2623,-0.102198,-0.102277,-7.94897e-05,0.54395,0.544065,0.000115154
1.76004e+09,2624,-0.102117,-0.102198,-8.10598e-05,0.543835,0.54395,0.000114738
1.76004e+09,2625,-0.102034,-0.102198,-0.000163693,0.543721,0.54395,0.000229069
1.76004e+09,2626,-0.10195,-0.102117,-0.000166843,0.543607,0.543835,0.000228264
1.76004e+09,2627,-0.101864,-0.10195,-8.57902e-05,0.543493,0.543607,0.000113546
1.76004e+09,2628,-0.101777,-0.101864,-8.73739e-05,0.54338,0.543493,0.000113168
1.76004e+09,2629,-0.101688,-0.101777,-8.89612e-05,0.543268,0.54338,0.000112799
1.76004e+09,2630,-0.101597,-0.101688,-9.05521e-05,0.543155,0.543268,0.000112441
1.76004e+09,2631,-0.101505,-0.101597,-9.21467e-05,0.543043,0.543155,0.000112093
1.76004e+09,2632,-0.101411,-0.101505,-9.37451e-05,0.542931,0.543043,0.000111754
1.76004e+09,2633,-0.101316,-0.101411,-9.53473e-05,0.54282,0.542931,0.000111426
1.76004e+09,2634,-0.101219,-0.101316,-9.69534e-05,0.542709,0.54282,0.000111109
1.76004e+09,2635,-0.10112,-0.101219,-9.85636e-05,0.542598,0.542709,0.000110802
1.76004e+09,2636,-0.10102,-0.10112,-0.000100178,0.542487,0.542598,0.000110505
1.76004e+09,2637,-0.100918,-0.10102,-0.000101796,0.542377,0.542487,0.000110219
1.76004e+09,2638,-0.100815,-0.100918,-0.000103418,0.542267,0.542377,0.000109944
1.76004e+09,2639,-0.10071,-0.100815,-0.000105045,0.542158,0.542267,0.000109679
1.76004e+09,2640,-0.100603,-0.10071,-0.000106676,0.542048,0.542158,0.000109426
1.76004e+09,2641,-0.100495,-0.10071,-0.000214988,0.541939,0.542158,0.00021861
1.76004e+09,2642,-0.100385,-0.100603,-0.000218263,0.54183,0.542048,0.000218137
1.76004e+09,2643,-0.100273,-0.100495,-0.000221547,0.541721,0.541939,0.000217686
1.76004e+09,2644,-0.10016,-0.100385,-0.000224841,0.541613,0.54183,0.000217258
1.76004e+09,2645,-0.100045,-0.10016,-0.000114898,0.541504,0.541613,0.000108328
1.76004e+09,2646,-0.0999286,-0.100045,-0.000116557,0.541396,0.541504,0.000108143
1.76004e+09,2647,-0.0998104,-0.0999286,-0.00011822,0.541288,0.541396,0.00010797
1.76004e+09,2648,-0.0996905,-0.0998104,-0.000119888,0.54118,0.541288,0.000107809
1.76004e+09,2649,-0.099569,-0.0996905,-0.000121561,0.541073,0.54118,0.00010766
1.76004e+09,2650,-0.0994457,-0.099569,-0.000123239,0.540965,0.541073,0.000107523
1.76004e+09,2651,-0.0993208,-0.0994457,-0.000124922,0.540858,0.540965,0.000107399
1.76004e+09,2652,-0.0991942,-0.0994457,-0.000251533,0.540751,0.540965,0.000214686
1.76004e+09,2653,-0.0990659,-0.0991942,-0.000128304,0.540643,0.540751,0.000107188
1.76004e+09,2654,-0.0989359,-0.0990659,-0.000130003,0.540536,0.540643,0.000107101
1.76004e+09,2655,-0.0988042,-0.0989359,-0.000131707,0.540429,0.540536,0.000107028
1.76004e+09,2656,-0.0986708,-0.0988042,-0.000133417,0.540322,0.540429,0.000106967
1.76004e+09,2657,-0.0985356,-0.0986708,-0.000135132,0.540215,0.540322,0.00010692
1.76004e+09,2658,-0.0983988,-0.0986708,-0.000271984,0.540109,0.540322,0.000213805
1.76004e+09,2659,-0.0982602,-0.0985356,-0.000275431,0.540002,0.540215,0.00021375
1.76004e+09,2660,-0.0981199,-0.0983988,-0.00027889,0.539895,0.540109,0.000213723
1.76004e+09,2661,-0.0979778,-0.0982602,-0.00028236,0.539788,0.540002,0.000213723
1.76004e+09,2662,-0.097834,-0.0981199,-0.000285842,0.539681,0.539895,0.000213751
1.76004e+09,2663,-0.0976885,-0.0979778,-0.000289335,0.539574,0.539788,0.000213806
1.76004e+09,2664,-0.0975412,-0.0976885,-0.000147298,0.539467,0.539574,0.00010697
1.76004e+09,2665,-0.0973921,-0.0975412,-0.00014906,0.53936,0.539467,0.000107033
1.76004e+09,2666,-0.0972413,-0.0975412,-0.000299889,0.539253,0.539467,0.000214145
1.76004e+09,2667,-0.0970887,-0.0973921,-0.000303431,0.539146,0.53936,0.000214316
1.76004e+09,2668,-0.0969343,-0.0970887,-0.000154383,0.539038,0.539146,0.000107312
1.76004e+09,2669,-0.0967782,-0.0969343,-0.000156171,0.538931,0.539038,0.000107435
1.76004e+09,2670,-0.0966202,-0.0969343,-0.000314135,0.538823,0.539038,0.000215009
1.76004e+09,2671,-0.0964604,-0.0967782,-0.000317728,0.538716,0.538931,0.000215301
1.76004e+09,2672,-0.0962989,-0.0964604,-0.000161571,0.538608,0.538716,0.000107897
1.76004e+09,2673,-0.0961355,-0.0962989,-0.000163385,0.5385,0.538608,0.000108082
1.76004e+09,2674,-0.0959703,-0.0961355,-0.000165205,0.538391,0.5385,0.000108283
1.76004e+09,2675,-0.0958032,-0.0959703,-0.000167032,0.538283,0.538391,0.000108501
1.76004e+09,2676,-0.0956344,-0.0959703,-0.000335898,0.538174,0.538391,0.000217235
1.76004e+09,2677,-0.0954637,-0.0956344,-0.000170707,0.538065,0.538174,0.000108985
1.76004e+09,2678,-0.0952911,-0.0956344,-0.000343263,0.537956,0.538174,0.000218236
1.76004e+09,2679,-0.0951167,-0.0954637,-0.000346966,0.537846,0.538065,0.000218787
1.76004e+09,2680,-0.0949404,-0.0951167,-0.000176273,0.537737,0.537846,0.000109837
1.76004e+09,2681,-0.0947623,-0.0949404,-0.000178143,0.537626,0.537737,0.000110156
1.76004e+09,2682,-0.0945823,-0.0947623,-0.000180021,0.537516,0.537626,0.000110492
1.76004e+09,2683,-0.0944004,-0.0945823,-0.000181905,0.537405,0.537516,0.000110846
1.76004e+09,2684,-0.0942166,-0.0945823,-0.000365703,0.537294,0.537516,0.000222063
1.76004e+09,2685,-0.0940309,-0.0942166,-0.000185697,0.537182,0.537294,0.000111608
1.76004e+09,2686,-0.0938433,-0.0940309,-0.000187605,0.53707,0.537182,0.000112017
1.76004e+09,2687,-0.0936537,-0.0938433,-0.00018952,0.536958,0.53707,0.000112444
1.76004e+09,2688,-0.0934623,-0.0936537,-0.000191443,0.536845,0.536958,0.00011289
1.76004e+09,2689,-0.0932689,-0.0934623,-0.000193374,0.536732,0.536845,0.000113355
1.76004e+09,2690,-0.0930736,-0.0932689,-0.000195313,0.536618,0.536732,0.00011384
1.76004e+09,2691,-0.0928763,-0.0932689,-0.000392574,0.536503,0.536732,0.000228185
1.76004e+09,2692,-0.0926771,-0.0928763,-0.000199215,0.536389,0.536503,0.000114869
1.76004e+09,2693,-0.0924759,-0.0926771,-0.000201179,0.536273,0.536389,0.000115413
1.76004e+09,2694,-0.0922728,-0.0924759,-0.00020315,0.536157,0.536273,0.000115977
1.76004e+09,2695,-0.0920677,-0.0924759,-0.00040828,0.536041,0.536273,0.00023254
1.76004e+09,2696,-0.0918605,-0.0922728,-0.000412248,0.535923,0.536157,0.000233731
1.76004e+09,2697,-0.0916514,-0.0918605,-0.000209115,0.535806,0.535923,0.000117795
1.76004e+09,2698,-0.0914403,-0.0918605,-0.000420235,0.535687,0.535923,0.000236239
1.76004e+09,2699,-0.0912272,-0.0914403,-0.000213134,0.535568,0.535687,0.000119114
1.76004e+09,2700,-0.091012,-0.0912272,-0.000215157,0.535448,0.535568,0.000119806
1.76004e+09,2701,-0.0907948,-0.091012,-0.000217189,0.535328,0.535448,0.00012052
1.76004e+09,2702,-0.0905756,-0.0907948,-0.000219229,0.535207,0.535328,0.000121256
1.76004e+09,2703,-0.0903543,-0.0905756,-0.000221279,0.535084,0.535207,0.000122015
1.76004e+09,2704,-0.090131,-0.0903543,-0.000223338,0.534962,0.535084,0.000122798
1.76004e+09,2705,-0.0899056,-0.090131,-0.000225406,0.534838,0.534962,0.000123603
1.76004e+09,2706,-0.0896781,-0.0899056,-0.000227484,0.534714,0.534838,0.000124432
1.76004e+09,2707,-0.0894485,-0.0896781,-0.000229571,0.534588,0.534714,0.000125285
1.76004e+09,2708,-0.0892169,-0.0894485,-0.000231668,0.534462,0.534588,0.000126163
1.76004e+09,2709,-0.0889831,-0.0892169,-0.000233775,0.534335,0.534462,0.000127064
1.76004e+09,2710,-0.0887472,-0.0889831,-0.000235893,0.534207,0.534335,0.000127991
1.76004e+09,2711,-0.0885092,-0.0887472,-0.000238021,0.534078,0.534207,0.000128943
1.76004e+09,2712,-0.088269,-0.0885092,-0.000240159,0.533948,0.534078,0.000129921
1.76004e+09,2713,-0.0880267,-0.088269,-0.000242309,0.533817,0.533948,0.000130924
1.76004e+09,2714,-0.0877822,-0.0880267,-0.000244469,0.533685,0.533817,0.000131954
1.76004e+09,2715,-0.0875356,-0.0877822,-0.000246642,0.533552,0.533685,0.000133011
1.76004e+09,2716,-0.0872868,-0.0877822,-0.000495467,0.533418,0.533685,0.000267105
1.76004e+09,2717,-0.0870357,-0.0872868,-0.000251022,0.533283,0.533418,0.000135205
1.76004e+09,2718,-0.0867825,-0.0870357,-0.00025323,0.533147,0.533283,0.000136344
1.76004e+09,2719,-0.0865271,-0.0867825,-0.000255451,0.533009,0.533147,0.000137511
1.76004e+09,2720,-0.0862694,-0.0865271,-0.000257686,0.532871,0.533009,0.000138707
1.76004e+09,2721,-0.0860094,-0.0862694,-0.000259934,0.532731,0.532871,0.000139932
1.76004e+09,2722,-0.0857472,-0.0860094,-0.000262195,0.532589,0.532731,0.000141186
1.76004e+09,2723,-0.0854828,-0.0857472,-0.00026447,0.532447,0.532589,0.000142471
1.76004e+09,2724,-0.085216,-0.0854828,-0.00026676,0.532303,0.532447,0.000143786
1.76004e+09,2725,-0.084947,-0.085216,-0.000269064,0.532158,0.532303,0.000145132
1.76004e+09,2726,-0.0846756,-0.084947,-0.000271382,0.532012,0.532158,0.000146509
1.76004e+09,2727,-0.0844019,-0.0846756,-0.000273715,0.531864,0.532012,0.000147919
1.76004e+09,2728,-0.0841258,-0.0844019,-0.000276063,0.531714,0.531864,0.00014936
1.76004e+09,2729,-0.0838474,-0.0841258,-0.000278424,0.531563,0.531714,0.000150834
1.76004e+09,2730,-0.0835666,-0.0838474,-0.0002808,0.531411,0.531563,0.000152342
1.76004e+09,2731,-0.0832834,-0.0835666,-0.000283189,0.531257,0.531411,0.000153883
1.76004e+09,2732,-0.0829978,-0.0832834,-0.00028559,0.531102,0.531257,0.000155458
1.76004e+09,2733,-0.0827098,-0.0829978,-0.000288003,0.530945,0.531102,0.000157067
1.76004e+09,2734,-0.0824194,-0.0827098,-0.000290427,0.530786,0.530945,0.00015871
1.76004e+09,2735,-0.0821265,-0.0824194,-0.00029286,0.530626,0.530786,0.000160388
1.76004e+09,2736,-0.0818312,-0.0821265,-0.0002953,0.530463,0.530626,0.000162101
1.76004e+09,2737,-0.0815335,-0.0818312,-0.000297745,0.5303,0.530463,0.000163849
1.76004e+09,2738,-0.0812333,-0.0815335,-0.000300194,0.530134,0.5303,0.000165631
1.76004e+09,2739,-0.0809306,-0.0812333,-0.000302641,0.529967,0.530134,0.000167448
1.76004e+09,2740,-0.0806255,-0.0809306,-0.000305086,0.529797,0.529967,0.000169298
1.76004e+09,2741,-0.080318,-0.0806255,-0.000307524,0.529626,0.529797,0.000171183
1.76004e+09,2742,-0.0800081,-0.080318,-0.000309951,0.529453,0.529626,0.0001731
1.76004e+09,2743,-0.0796957,-0.0800081,-0.000312363,0.529278,0.529453,0.00017505
1.76004e+09,2744,-0.0793809,-0.0796957,-0.000314757,0.529101,0.529278,0.000177031
1.76004e+09,2745,-0.0790638,-0.0793809,-0.000317126,0.528922,0.529101,0.000179043
1.76004e+09,2746,-0.0787443,-0.0790638,-0.000319468,0.528741,0.528922,0.000181084
1.76004e+09,2747,-0.0784226,-0.0787443,-0.000321777,0.528558,0.528741,0.000183153
1.76004e+09,2748,-0.0780985,-0.0784226,-0.000324048,0.528372,0.528558,0.000185249
1.76004e+09,2749,-0.0777722,-0.0780985,-0.000326275,0.528185,0.528372,0.00018737
1.76004e+09,2750,-0.0774438,-0.0777722,-0.000328454,0.527995,0.528185,0.000189514
1.76004e+09,2751,-0.0771132,-0.0774438,-0.00033058,0.527804,0.527995,0.00019168
1.76004e+09,2752,-0.0767806,-0.0771132,-0.000332646,0.52761,0.527804,0.000193865
1.76004e+09,2753,-0.0764459,-0.0767806,-0.000334648,0.527414,0.52761,0.000196068
1.76004e+09,2754,-0.0761093,-0.0764459,-0.00033658,0.527216,0.527414,0.000198286
1.76004e+09,2755,-0.0757709,-0.0761093,-0.000338438,0.527015,0.527216,0.000200516
1.76004e+09,2756,-0.0754307,-0.0761093,-0.000678653,0.526812,0.527216,0.000403273
1.76004e+09,2757,-0.0750888,-0.0754307,-0.000341908,0.526607,0.526812,0.000205006
1.76004e+09,2758,-0.0747453,-0.0754307,-0.000685418,0.5264,0.526812,0.000412265
1.76004e+09,2759,-0.0744002,-0.0747453,-0.000345019,0.526191,0.5264,0.000209516
1.76004e+09,2760,-0.0740538,-0.0744002,-0.00034643,0.525979,0.526191,0.000211772
1.76004e+09,2761,-0.0737061,-0.0740538,-0.000347738,0.525765,0.525979,0.000214024
1.76004e+09,2762,-0.0733571,-0.0737061,-0.000348939,0.525548,0.525765,0.000216271
1.76004e+09,2763,-0.0730071,-0.0733571,-0.000350031,0.52533,0.525548,0.000218509
1.76004e+09,2764,-0.0726561,-0.0730071,-0.000351009,0.525109,0.52533,0.000220735
1.76004e+09,2765,-0.0723042,-0.0726561,-0.000351872,0.524886,0.525109,0.000222947
1.76004e+09,2766,-0.0719516,-0.0723042,-0.000352617,0.524661,0.524886,0.000225141
1.76004e+09,2767,-0.0715984,-0.0719516,-0.000353241,0.524434,0.524661,0.000227315
1.76004e+09,2768,-0.0712446,-0.0715984,-0.000353742,0.524204,0.524434,0.000229466
1.76004e+09,2769,-0.0708905,-0.0712446,-0.00035412,0.523973,0.524204,0.000231591
1.76004e+09,2770,-0.0705361,-0.0708905,-0.000354372,0.523739,0.523973,0.000233688
1.76004e+09,2771,-0.0701816,-0.0708905,-0.000708871,0.523503,0.523973,0.000469443
1.76004e+09,2772,-0.0698271,-0.0705361,-0.000708998,0.523266,0.523739,0.000473541
1.76004e+09,2773,-0.0694728,-0.0698271,-0.000354374,0.523026,0.523266,0.000239784
1.76004e+09,2774,-0.0691186,-0.0694728,-0.000354122,0.522784,0.523026,0.000241743
1.76004e+09,2775,-0.0687649,-0.0691186,-0.000353745,0.52254,0.522784,0.000243662
1.76004e+09,2776,-0.0684117,-0.0687649,-0.000353244,0.522295,0.52254,0.000245538
1.76004e+09,2777,-0.068059,-0.0684117,-0.000352621,0.522047,0.522295,0.000247372
1.76004e+09,2778,-0.0677072,-0.0684117,-0.000704497,0.521798,0.522295,0.000496531
1.76004e+09,2779,-0.0673561,-0.068059,-0.000702889,0.521547,0.522047,0.00050006
1.76004e+09,2780,-0.0670061,-0.0677072,-0.000701046,0.521295,0.521798,0.000503494
1.76004e+09,2781,-0.0666572,-0.0670061,-0.000348941,0.521041,0.521295,0.000254237
1.76004e+09,2782,-0.0663094,-0.0666572,-0.000347738,0.520785,0.521041,0.000255831
1.76004e+09,2783,-0.065963,-0.0663094,-0.000346429,0.520527,0.520785,0.000257375
1.76004e+09,2784,-0.065618,-0.065963,-0.000345017,0.520268,0.520527,0.000258867
1.76004e+09,2785,-0.0652745,-0.065618,-0.000343506,0.520008,0.520268,0.000260308
1.76004e+09,2786,-0.0649326,-0.0652745,-0.000341901,0.519746,0.520008,0.000261698
1.76004e+09,2787,-0.0645924,-0.0649326,-0.000340207,0.519483,0.519746,0.000263037
1.76004e+09,2788,-0.0642539,-0.0645924,-0.000338427,0.519219,0.519483,0.000264326
1.76004e+09,2789,-0.0639174,-0.0645924,-0.000674996,0.518954,0.519483,0.000529891
1.76004e+09,2790,-0.0635827,-0.0639174,-0.000334635,0.518687,0.518954,0.000266755
1.76004e+09,2791,-0.0632501,-0.0635827,-0.000332633,0.518419,0.518687,0.000267897
1.76004e+09,2792,-0.0629195,-0.0632501,-0.000330567,0.51815,0.518419,0.000268992
1.76004e+09,2793,-0.0625911,-0.0629195,-0.000328443,0.51788,0.51815,0.000270043
1.76004e+09,2794,-0.0622648,-0.0625911,-0.000326266,0.517609,0.51788,0.000271049
1.76004e+09,2795,-0.0619408,-0.0622648,-0.000324041,0.517337,0.517609,0.000272013
1.76004e+09,2796,-0.061619,-0.0619408,-0.000321775,0.517064,0.517337,0.000272937
1.76004e+09,2797,-0.0612995,-0.0619408,-0.000641247,0.51679,0.517337,0.000546758
1.76004e+09,2798,-0.0609824,-0.0612995,-0.000317137,0.516515,0.51679,0.00027467
1.76004e+09,2799,-0.0606676,-0.0612995,-0.000631912,0.51624,0.51679,0.000550153
1.76004e+09,2800,-0.0604616,-0.0606676,-0.000205997,0.528746,0.51624,-0.0125065
1.76004e+09,2801,-0.0602573,-0.0604616,-0.000204316,0.540981,0.528746,-0.0122342
1.76004e+09,2802,-0.0600547,-0.0602573,-0.000202621,0.55296,0.540981,-0.0119791
1.76004e+09,2803,-0.0598538,-0.0602573,-0.000403536,0.564699,0.540981,-0.0237184
1.76004e+09,2804,-0.0596546,-0.0598538,-0.000199201,0.576212,0.564699,-0.0115132
1.76004e+09,2805,-0.0594571,-0.0596546,-0.000197482,0.587512,0.576212,-0.0112994
1.76004e+09,2806,-0.0592613,-0.0594571,-0.000195761,0.598609,0.587512,-0.0110969
1.76004e+09,2807,-0.0590673,-0.0592613,-0.000194041,0.609513,0.598609,-0.0109046
1.76004e+09,2808,-0.058875,-0.0592613,-0.000386364,0.620235,0.598609,-0.0216261
1.76004e+09,2809,-0.0586844,-0.058875,-0.00019061,0.630782,0.620235,-0.0105469
1.76004e+09,2810,-0.0584955,-0.0586844,-0.000188903,0.641162,0.630782,-0.0103801
1.76004e+09,2811,-0.0583083,-0.0584955,-0.000187204,0.651382,0.641162,-0.0102204
1.76004e+09,2812,-0.0581227,-0.0583083,-0.000185514,0.661449,0.651382,-0.0100672
1.76004e+09,2813,-0.0579389,-0.0581227,-0.000183834,0.671369,0.661449,-0.00992016
1.76004e+09,2814,-0.0577567,-0.0579389,-0.000182165,0.681148,0.671369,-0.0097787
1.76004e+09,2815,-0.0575762,-0.0577567,-0.000180508,0.690791,0.681148,-0.00964244
1.76004e+09,2816,-0.0573974,-0.0575762,-0.000178862,0.700302,0.690791,-0.009511
1.76004e+09,2817,-0.0572201,-0.0573974,-0.000177229,0.709686,0.700302,-0.00938407
1.76004e+09,2818,-0.0570445,-0.0572201,-0.000175608,0.718947,0.709686,-0.00926131
1.76004e+09,2819,-0.0568705,-0.0570445,-0.000173999,0.728089,0.718947,-0.00914247
1.76004e+09,2820,-0.0566981,-0.0568705,-0.000172404,0.737117,0.728089,-0.00902728
1.76004e+09,2821,-0.0565273,-0.0566981,-0.00017082,0.746032,0.737117,-0.00891551
1.76004e+09,2822,-0.0563581,-0.0565273,-0.000169249,0.754839,0.746032,-0.00880694
1.76004e+09,2823,-0.0561904,-0.0563581,-0.00016769,0.76354,0.754839,-0.00870138
1.76004e+09,2824,-0.0560242,-0.0561904,-0.000166144,0.772139,0.76354,-0.00859865
1.76004e+09,2825,-0.0558596,-0.0560242,-0.000164608,0.780638,0.772139,-0.00849857
1.76004e+09,2826,-0.0556965,-0.0558596,-0.000163085,0.789039,0.780638,-0.008401
1.76004e+09,2827,-0.055535,-0.0556965,-0.000161572,0.797344,0.789039,-0.00830579
1.76004e+09,2828,-0.0553749,-0.055535,-0.000160071,0.805557,0.797344,-0.00821281
1.76004e+09,2829,-0.0552163,-0.0553749,-0.000158579,0.813679,0.805557,-0.00812193
1.76004e+09,2830,-0.0550592,-0.0552163,-0.000157099,0.821712,0.813679,-0.00803303
1.76004e+09,2831,-0.0549036,-0.0550592,-0.000155628,0.829658,0.821712,-0.00794602
1.76004e+09,2832,-0.0547494,-0.0549036,-0.000154167,0.837519,0.829658,-0.00786078
1.76004e+09,2833,-0.0545967,-0.0547494,-0.000152716,0.845296,0.837519,-0.00777723
1.76004e+09,2834,-0.0544454,-0.0545967,-0.000151274,0.852992,0.845296,-0.00769528
1.76004e+09,2835,-0.0542956,-0.0544454,-0.000149841,0.860606,0.852992,-0.00761485
1.76004e+09,2836,-0.0541472,-0.0542956,-0.000148416,0.868142,0.860606,-0.00753586
1.76004e+09,2837,-0.0540002,-0.0541472,-0.000147001,0.875601,0.868142,-0.00745823
1.76004e+09,2838,-0.0538546,-0.0540002,-0.000145594,0.882982,0.875601,-0.00738191
1.76004e+09,2839,-0.0537104,-0.0538546,-0.000144195,0.890289,0.882982,-0.00730682
1.76004e+09,2840,-0.0535676,-0.0537104,-0.000142805,0.897522,0.890289,-0.0072329
1.76004e+09,2841,-0.0534262,-0.0535676,-0.000141422,0.904682,0.897522,-0.00716011
1.76004e+09,2842,-0.0532861,-0.0534262,-0.000140047,0.911771,0.904682,-0.00708838
1.76004e+09,2843,-0.0531474,-0.0532861,-0.00013868,0.918788,0.911771,-0.00701767
1.76004e+09,2844,-0.0530101,-0.0531474,-0.00013732,0.925736,0.918788,-0.00694792
1.76004e+09,2845,-0.0528741,-0.0530101,-0.000135968,0.932615,0.925736,-0.0068791
1.76004e+09,2846,-0.0527395,-0.0528741,-0.000134623,0.939426,0.932615,-0.00681116
1.76004e+09,2847,-0.0526062,-0.0527395,-0.000133286,0.946171,0.939426,-0.00674406
1.76004e+09,2848,-0.0524743,-0.0527395,-0.000265241,0.952848,0.939426,-0.0134218
1.76004e+09,2849,-0.0523436,-0.0526062,-0.000262587,0.959461,0.946171,-0.01329
1.76004e+09,2850,-0.0522143,-0.0523436,-0.000129315,0.966008,0.959461,-0.00654742
1.76004e+09,2851,-0.0520863,-0.0522143,-0.000128006,0.972491,0.966008,-0.00648332
1.76004e+09,2852,-0.0519596,-0.0520863,-0.000126703,0.978911,0.972491,-0.00641988
1.76004e+09,2853,-0.0518342,-0.0519596,-0.000125407,0.985268,0.978911,-0.00635707
1.76004e+09,2854,-0.0517101,-0.0518342,-0.000124117,0.991563,0.985268,-0.00629488
1.76004e+09,2855,-0.0515873,-0.0517101,-0.000122834,0.997796,0.991563,-0.00623327
1.76004e+09,2856,-0.0514657,-0.0515873,-0.000121558,1.00397,0.997796,-0.00617222
1.76004e+09,2857,-0.0513454,-0.0514657,-0.000120287,1.01008,1.00397,-0.00611169
1.76004e+09,2858,-0.0512264,-0.0513454,-0.000119023,1.01613,1.01008,-0.00605168
1.76004e+09,2859,-0.0511086,-0.0512264,-0.000117766,1.02212,1.01613,-0.00599215
1.76004e+09,2860,-0.0509921,-0.0511086,-0.000116514,1.02806,1.02212,-0.00593309
1.76004e+09,2861,-0.0508768,-0.0509921,-0.000115269,1.03393,1.02806,-0.00587448
1.76004e+09,2862,-0.0507628,-0.0508768,-0.000114029,1.03975,1.03393,-0.00581629
1.76004e+09,2863,-0.05065,-0.0507628,-0.000112796,1.04551,1.03975,-0.0057585
1.76004e+09,2864,-0.0505385,-0.05065,-0.000111568,1.05121,1.04551,-0.00570111
1.76004e+09,2865,-0.0504281,-0.0505385,-0.000110346,1.05685,1.05121,-0.00564409
1.76004e+09,2866,-0.050319,-0.0504281,-0.00010913,1.06244,1.05685,-0.00558743
1.76004e+09,2867,-0.0502111,-0.050319,-0.000107919,1.06797,1.06244,-0.0055311
1.76004e+09,2868,-0.0501043,-0.0502111,-0.000106714,1.07345,1.06797,-0.00547511
1.76004e+09,2869,-0.0499988,-0.0501043,-0.000105514,1.07886,1.07345,-0.00541942
1.76004e+09,2870,-0.0498945,-0.0499988,-0.00010432,1.08423,1.07886,-0.00536404
1.76004e+09,2871,-0.0497914,-0.0498945,-0.000103131,1.08954,1.08423,-0.00530893
1.76004e+09,2872,-0.0496894,-0.0497914,-0.000101947,1.09479,1.08954,-0.0052541
1.76004e+09,2873,-0.0495887,-0.0496894,-0.000100768,1.09999,1.09479,-0.00519953
1.76004e+09,2874,-0.0494891,-0.0495887,-9.95949e-05,1.10514,1.09999,-0.00514521
1.76004e+09,2875,-0.0493906,-0.0494891,-9.84264e-05,1.11023,1.10514,-0.00509113
1.76004e+09,2876,-0.0492934,-0.0493906,-9.72629e-05,1.11526,1.11023,-0.00503727
1.76004e+09,2877,-0.0491973,-0.0492934,-9.61042e-05,1.12025,1.11526,-0.00498363
1.76004e+09,2878,-0.0491023,-0.0491973,-9.49503e-05,1.12518,1.12025,-0.0049302
1.76004e+09,2879,-0.0490085,-0.0491023,-9.38011e-05,1.13006,1.12518,-0.00487697
1.76004e+09,2880,-0.0489159,-0.0490085,-9.26566e-05,1.13488,1.13006,-0.00482392
1.76004e+09,2881,-0.0488244,-0.0489159,-9.15167e-05,1.13965,1.13488,-0.00477105
1.76004e+09,2882,-0.048734,-0.0489159,-0.000181898,1.14437,1.13488,-0.0094894
1.76004e+09,2883,-0.0486447,-0.048734,-8.92503e-05,1.14903,1.14437,-0.00466581
1.76004e+09,2884,-0.0485566,-0.0486447,-8.81238e-05,1.15365,1.14903,-0.00461343
1.76004e+09,2885,-0.0484696,-0.0485566,-8.70015e-05,1.15821,1.15365,-0.0045612
1.76004e+09,2886,-0.0483837,-0.0484696,-8.58835e-05,1.16272,1.15821,-0.00450911
1.76004e+09,2887,-0.0482989,-0.0483837,-8.47696e-05,1.16718,1.16272,-0.00445714
1.76004e+09,2888,-0.0482153,-0.0483837,-0.000168429,1.17158,1.16272,-0.00886246
1.76004e+09,2889,-0.0481327,-0.0482989,-0.000166214,1.17593,1.16718,-0.00875891
1.76004e+09,2890,-0.0480513,-0.0482153,-0.000164007,1.18024,1.17158,-0.00865559
1.76004e+09,2891,-0.0479709,-0.0481327,-0.000161807,1.18449,1.17593,-0.0085525
1.76004e+09,2892,-0.0478917,-0.0479709,-7.92606e-05,1.18869,1.18449,-0.00419911
1.76004e+09,2893,-0.0478135,-0.0478917,-7.81704e-05,1.19283,1.18869,-0.00414781
1.76004e+09,2894,-0.0477364,-0.0478135,-7.70839e-05,1.19693,1.19283,-0.00409661
1.76004e+09,2895,-0.0476604,-0.0477364,-7.60011e-05,1.20098,1.19693,-0.00404549
1.76004e+09,2896,-0.0475855,-0.0476604,-7.49219e-05,1.20497,1.20098,-0.00399445
1.76004e+09,2897,-0.0475116,-0.0475855,-7.38462e-05,1.20891,1.20497,-0.00394349
1.76004e+09,2898,-0.0474389,-0.0475116,-7.2774e-05,1.21281,1.20891,-0.0038926
1.76004e+09,2899,-0.0473672,-0.0474389,-7.17052e-05,1.21665,1.21281,-0.00384178
1.76004e+09,2900,-0.0472965,-0.0473672,-7.06397e-05,1.22044,1.21665,-0.00379102
1.76004e+09,2901,-0.0472269,-0.0472965,-6.95776e-05,1.22418,1.22044,-0.00374031
1.76004e+09,2902,-0.0471584,-0.0472269,-6.85187e-05,1.22787,1.22418,-0.00368967
1.76004e+09,2903,-0.047091,-0.0471584,-6.74629e-05,1.23151,1.22787,-0.00363907
1.76004e+09,2904,-0.0470245,-0.047091,-6.64103e-05,1.2351,1.23151,-0.00358852
1.76004e+09,2905,-0.0469592,-0.0470245,-6.53608e-05,1.23864,1.2351,-0.00353801
1.76004e+09,2906,-0.0468949,-0.0469592,-6.43143e-05,1.24212,1.23864,-0.00348755
1.76004e+09,2907,-0.0468316,-0.0468949,-6.32707e-05,1.24556,1.24212,-0.00343712
1.76004e+09,2908,-0.0467694,-0.0468949,-0.000125501,1.24895,1.24212,-0.00682384
1.76004e+09,2909,-0.0467082,-0.0467694,-6.11921e-05,1.25228,1.24895,-0.00333636
1.76004e+09,2910,-0.046648,-0.0467082,-6.01571e-05,1.25557,1.25228,-0.00328602
1.76004e+09,2911,-0.0465889,-0.046648,-5.91247e-05,1.2588,1.25557,-0.00323571
1.76004e+09,2912,-0.0465308,-0.0465889,-5.80951e-05,1.26199,1.2588,-0.00318543
1.76004e+09,2913,-0.0464737,-0.0465308,-5.7068e-05,1.26513,1.26199,-0.00313516
1.76004e+09,2914,-0.0464177,-0.0464737,-5.60436e-05,1.26821,1.26513,-0.00308491
1.76004e+09,2915,-0.0463627,-0.0464737,-0.000111065,1.27124,1.26513,-0.00611958
1.76004e+09,2916,-0.0463087,-0.0464177,-0.000109024,1.27423,1.26821,-0.00601912
1.76004e+09,2917,-0.0462557,-0.0463627,-0.000106987,1.27716,1.27124,-0.00591869
1.76004e+09,2918,-0.0462037,-0.0462557,-5.19705e-05,1.28005,1.27716,-0.00288403
1.76004e+09,2919,-0.0461528,-0.0462037,-5.09581e-05,1.28288,1.28005,-0.00283384
1.76004e+09,2920,-0.0461028,-0.0461528,-4.9948e-05,1.28566,1.28288,-0.00278365
1.76004e+09,2921,-0.0460539,-0.0461028,-4.89401e-05,1.2884,1.28566,-0.00273346
1.76004e+09,2922,-0.0460059,-0.0460539,-4.79344e-05,1.29108,1.2884,-0.00268327
1.76004e+09,2923,-0.045959,-0.0460059,-4.69308e-05,1.29371,1.29108,-0.00263308
1.76004e+09,2924,-0.0459131,-0.045959,-4.59293e-05,1.2963,1.29371,-0.00258289
1.76004e+09,2925,-0.0458681,-0.0459131,-4.49298e-05,1.29883,1.2963,-0.0025327
1.76004e+09,2926,-0.0458242,-0.0458681,-4.39322e-05,1.30131,1.29883,-0.0024825
1.76004e+09,2927,-0.0457813,-0.0458242,-4.29366e-05,1.30375,1.30131,-0.0024323
1.76004e+09,2928,-0.0457393,-0.0457813,-4.19429e-05,1.30613,1.30375,-0.00238209
1.76004e+09,2929,-0.0456984,-0.0457813,-8.28939e-05,1.30846,1.30375,-0.00471396
1.76004e+09,2930,-0.0456584,-0.0457393,-8.09118e-05,1.31074,1.30613,-0.00461351
1.76004e+09,2931,-0.0456194,-0.0456984,-7.89334e-05,1.31297,1.30846,-0.00451304
1.76004e+09,2932,-0.0455815,-0.0456194,-3.79858e-05,1.31515,1.31297,-0.00218115
1.76004e+09,2933,-0.0455445,-0.0455815,-3.70008e-05,1.31728,1.31515,-0.00213088
1.76004e+09,2934,-0.0455084,-0.0455445,-3.60174e-05,1.31936,1.31728,-0.00208061
1.76004e+09,2935,-0.0454734,-0.0455084,-3.50355e-05,1.3214,1.31936,-0.00203031
1.76004e+09,2936,-0.0454394,-0.0454734,-3.40552e-05,1.32338,1.3214,-0.00198
1.76004e+09,2937,-0.0454063,-0.0454394,-3.30763e-05,1.3253,1.32338,-0.00192968
1.76004e+09,2938,-0.0453742,-0.0454063,-3.20989e-05,1.32718,1.3253,-0.00187934
1.76004e+09,2939,-0.0453431,-0.0454063,-6.32217e-05,1.32901,1.3253,-0.00370832
1.76004e+09,2940,-0.0453129,-0.0453431,-3.01481e-05,1.33079,1.32901,-0.0017786
1.76004e+09,2941,-0.0452837,-0.0453129,-2.91747e-05,1.33252,1.33079,-0.00172821
1.76004e+09,2942,-0.0452555,-0.0452837,-2.82025e-05,1.3342,1.33252,-0.0016778
1.76004e+09,2943,-0.0452283,-0.0452837,-5.54341e-05,1.33583,1.33252,-0.00330516
1.76004e+09,2944,-0.045202,-0.0452555,-5.34934e-05,1.3374,1.3342,-0.00320427
1.76004e+09,2945,-0.0451767,-0.045202,-2.52932e-05,1.33893,1.3374,-0.00152644
1.76004e+09,2946,-0.0451524,-0.0451767,-2.43256e-05,1.3404,1.33893,-0.00147594
1.76004e+09,2947,-0.0451291,-0.0451524,-2.33591e-05,1.34183,1.3404,-0.00142543
1.76004e+09,2948,-0.0451067,-0.0451291,-2.23936e-05,1.3432,1.34183,-0.00137489
1.76004e+09,2949,-0.0450852,-0.0451291,-4.38227e-05,1.34453,1.34183,-0.00269923
1.76004e+09,2950,-0.0450648,-0.0451067,-4.18946e-05,1.3458,1.3432,-0.0025981
1.76004e+09,2951,-0.0450453,-0.0450648,-1.95028e-05,1.34703,1.3458,-0.00122316
1.76004e+09,2952,-0.0450267,-0.0450453,-1.85409e-05,1.3482,1.34703,-0.00117254
1.76004e+09,2953,-0.0450091,-0.0450267,-1.75798e-05,1.34932,1.3482,-0.0011219
1.76004e+09,2954,-0.0449925,-0.0450091,-1.66195e-05,1.35039,1.34932,-0.00107123
1.76004e+09,2955,-0.0449769,-0.0449925,-1.566e-05,1.35141,1.35039,-0.00102055
1.76004e+09,2956,-0.0449622,-0.0449769,-1.47011e-05,1.35238,1.35141,-0.000969838
1.76004e+09,2957,-0.0449484,-0.0449622,-1.37428e-05,1.3533,1.35238,-0.000919109
1.76004e+09,2958,-0.0449356,-0.0449622,-2.6528e-05,1.35417,1.35238,-0.00178747
1.76004e+09,2959,-0.0449238,-0.0449356,-1.18281e-05,1.35499,1.35417,-0.000817585
1.76004e+09,2960,-0.0449129,-0.0449238,-1.08716e-05,1.35575,1.35499,-0.000766791
1.76004e+09,2961,-0.044903,-0.0449129,-9.91555e-06,1.35647,1.35575,-0.000715976
1.76004e+09,2962,-0.0448941,-0.044903,-8.95996e-06,1.35713,1.35647,-0.000665139
1.76004e+09,2963,-0.0448861,-0.0448941,-8.00477e-06,1.35775,1.35713,-0.000614282
1.76004e+09,2964,-0.044879,-0.0448861,-7.04997e-06,1.35831,1.35775,-0.000563403
1.76004e+09,2965,-0.0448729,-0.0448861,-1.31455e-05,1.35883,1.35775,-0.00107591
1.76004e+09,2966,-0.0448678,-0.044879,-1.12368e-05,1.35929,1.35831,-0.00097409
1.76004e+09,2967,-0.0448636,-0.0448678,-4.1874e-06,1.3597,1.35929,-0.000410646
1.76004e+09,2968,-0.0448603,-0.0448636,-3.2337e-06,1.36006,1.3597,-0.000359687
1.76004e+09,2969,-0.0448581,-0.0448603,-2.28018e-06,1.36037,1.36006,-0.000308709
1.76004e+09,2970,-0.0448567,-0.0448581,-1.32681e-06,1.36062,1.36037,-0.000257711
1.76004e+09,2971,-0.0448564,-0.0448567,-3.73536e-07,1.36083,1.36062,-0.000206694
1.76004e+09,2972,-0.0448569,-0.0448567,2.06133e-07,1.36099,1.36062,-0.000362352
1.76004e+09,2973,-0.0448585,-0.0448569,1.53285e-06,1.36109,1.36099,-0.000104604
1.76004e+09,2974,-0.044861,-0.0448585,2.48603e-06,1.36114,1.36109,-5.35314e-05
1.76004e+09,2975,-0.0448644,-0.0448585,5.92531e-06,1.36115,1.36109,-5.59727e-05
1.76004e+09,2976,-0.0448688,-0.0448644,4.3926e-06,1.3611,1.36115,4.86665e-05
1.76004e+09,2977,-0.0448741,-0.0448688,5.34605e-06,1.361,1.3611,9.97914e-05
1.76004e+09,2978,-0.0448804,-0.0448688,1.16457e-05,1.36085,1.3611,0.000250725
1.76004e+09,2979,-0.0448877,-0.0448741,1.35532e-05,1.36064,1.361,0.000353025
1.76004e+09,2980,-0.0448959,-0.0448804,1.5461e-05,1.36039,1.36085,0.000455358
1.76004e+09,2981,-0.0449051,-0.0448959,9.1619e-06,1.36009,1.36039,0.000304457
1.76004e+09,2982,-0.0449152,-0.0449051,1.01166e-05,1.35973,1.36009,0.000355663
1.76004e+09,2983,-0.0449263,-0.0449152,1.10716e-05,1.35932,1.35973,0.000406885
1.76004e+09,2984,-0.0449383,-0.0449263,1.2027e-05,1.35887,1.35932,0.000458122
1.76004e+09,2985,-0.0449513,-0.0449383,1.29829e-05,1.35836,1.35887,0.000509373
1.76004e+09,2986,-0.0449652,-0.0449383,2.69221e-05,1.3578,1.35887,0.00107001
1.76004e+09,2987,-0.0449801,-0.0449652,1.48961e-05,1.35718,1.3578,0.00061192
1.76004e+09,2988,-0.044996,-0.0449801,1.58535e-05,1.35652,1.35718,0.000663214
1.76004e+09,2989,-0.0450128,-0.044996,1.68115e-05,1.35581,1.35652,0.000714523
1.76004e+09,2990,-0.0450305,-0.0450128,1.77701e-05,1.35504,1.35581,0.000765844
1.76004e+09,2991,-0.0450493,-0.0450128,3.64996e-05,1.35422,1.35581,0.00158302
1.76004e+09,2992,-0.045069,-0.0450305,3.8419e-05,1.35336,1.35504,0.00168571
1.76004e+09,2993,-0.0450896,-0.0450493,4.03398e-05,1.35244,1.35422,0.00178842
1.76004e+09,2994,-0.0451112,-0.0450896,2.16119e-05,1.35146,1.35244,0.000971263
1.76004e+09,2995,-0.0451338,-0.0451112,2.25743e-05,1.35044,1.35146,0.00102265
1.76004e+09,2996,-0.0451573,-0.0451338,2.35376e-05,1.34937,1.35044,0.00107405
1.76004e+09,2997,-0.0451818,-0.0451573,2.45019e-05,1.34824,1.34937,0.00112546
1.76004e+09,2998,-0.0452073,-0.0451818,2.54671e-05,1.34707,1.34824,0.00117689
1.76004e+09,2999,-0.0452337,-0.0452073,2.64333e-05,1.34584,1.34707,0.00122832
1.76004e+09,3000,-0.0452611,-0.0452337,2.74005e-05,1.34456,1.34584,0.00127977
1.76004e+09,3001,-0.0452895,-0.0452611,2.83688e-05,1.34323,1.34456,0.00133123
1.76004e+09,3002,-0.0453188,-0.0452895,2.93383e-05,1.34184,1.34323,0.00138271
1.76004e+09,3003,-0.0453491,-0.0453188,3.03089e-05,1.34041,1.34184,0.0014342
1.76004e+09,3004,-0.0453804,-0.0453491,3.12808e-05,1.33892,1.34041,0.0014857
1.76004e+09,3005,-0.0454127,-0.0453804,3.22539e-05,1.33739,1.33892,0.00153721
1.76004e+09,3006,-0.0454459,-0.0454127,3.32284e-05,1.3358,1.33739,0.00158874
1.76004e+09,3007,-0.0454801,-0.0454459,3.42041e-05,1.33416,1.3358,0.00164028
1.76004e+09,3008,-0.0455153,-0.0454459,6.93854e-05,1.33247,1.3358,0.00333211
1.76004e+09,3009,-0.0455515,-0.0454801,7.13412e-05,1.33072,1.33416,0.00343523
1.76004e+09,3010,-0.0455886,-0.0455153,7.32999e-05,1.32893,1.33247,0.00353838
1.76004e+09,3011,-0.0456267,-0.0455886,3.81216e-05,1.32708,1.32893,0.00184658
1.76004e+09,3012,-0.0456658,-0.0455886,7.72264e-05,1.32518,1.32893,0.00374477
1.76004e+09,3013,-0.0457059,-0.0456267,7.91944e-05,1.32323,1.32708,0.00384801
1.76004e+09,3014,-0.045747,-0.0457059,4.10761e-05,1.32123,1.32323,0.00200147
1.76004e+09,3015,-0.0457891,-0.045747,4.20643e-05,1.31918,1.32123,0.00205313
1.76004e+09,3016,-0.0458321,-0.0457891,4.30542e-05,1.31707,1.31918,0.00210481
1.76004e+09,3017,-0.0458762,-0.0458321,4.4046e-05,1.31492,1.31707,0.00215651
1.76004e+09,3018,-0.0459212,-0.0458762,4.50396e-05,1.31271,1.31492,0.00220823
1.76004e+09,3019,-0.0459672,-0.0459212,4.60351e-05,1.31045,1.31271,0.00225997
1.76004e+09,3020,-0.0460143,-0.0459672,4.70326e-05,1.30814,1.31045,0.00231173
1.76004e+09,3021,-0.0460623,-0.0460143,4.80321e-05,1.30577,1.30814,0.00236351
1.76004e+09,3022,-0.0461113,-0.0460623,4.90336e-05,1.30336,1.30577,0.00241532
1.76004e+09,3023,-0.0461614,-0.0461113,5.00372e-05,1.30089,1.30336,0.00246715
1.76004e+09,3024,-0.0462124,-0.0461614,5.1043e-05,1.29837,1.30089,0.00251901
1.76004e+09,3025,-0.0462645,-0.0461614,0.000103094,1.2958,1.30089,0.00508991
1.76004e+09,3026,-0.0463175,-0.0462645,5.30612e-05,1.29318,1.2958,0.00262281
1.76004e+09,3027,-0.0463716,-0.0463175,5.40737e-05,1.2905,1.29318,0.00267476
1.76004e+09,3028,-0.0464267,-0.0463716,5.50886e-05,1.28778,1.2905,0.00272673
1.76004e+09,3029,-0.0464828,-0.0464267,5.61059e-05,1.285,1.28778,0.00277874
1.76004e+09,3030,-0.0465399,-0.0464828,5.71256e-05,1.28217,1.285,0.00283079
1.76004e+09,3031,-0.0465981,-0.0465399,5.81478e-05,1.27928,1.28217,0.00288287
1.76004e+09,3032,-0.0466572,-0.0465981,5.91727e-05,1.27635,1.27928,0.00293499
1.76004e+09,3033,-0.0467174,-0.0466572,6.02001e-05,1.27336,1.27635,0.00298716
1.76004e+09,3034,-0.0467787,-0.0467174,6.12302e-05,1.27032,1.27336,0.00303936
1.76004e+09,3035,-0.0468409,-0.0467787,6.22631e-05,1.26723,1.27032,0.00309161
1.76004e+09,3036,-0.0469042,-0.0468409,6.32987e-05,1.26409,1.26723,0.00314392
1.76004e+09,3037,-0.0469686,-0.0469042,6.43372e-05,1.26089,1.26409,0.00319627
1.76004e+09,3038,-0.0470339,-0.0469686,6.53785e-05,1.25764,1.26089,0.00324867
1.76004e+09,3039,-0.0471004,-0.0469686,0.000131801,1.25434,1.26089,0.0065498
1.76004e+09,3040,-0.0471678,-0.0470339,0.000133893,1.25099,1.25764,0.00665478
1.76004e+09,3041,-0.0472364,-0.0471004,0.000135991,1.24758,1.25434,0.00675988
1.76004e+09,3042,-0.0473059,-0.0472364,6.95741e-05,1.24412,1.24758,0.00345888
1.76004e+09,3043,-0.0473766,-0.0473059,7.06308e-05,1.24061,1.24412,0.00351159
1.76004e+09,3044,-0.0474482,-0.0473766,7.16908e-05,1.23705,1.24061,0.00356438
1.76004e+09,3045,-0.047521,-0.0474482,7.2754e-05,1.23343,1.23705,0.00361724
1.76004e+09,3046,-0.0475948,-0.047521,7.38207e-05,1.22976,1.23343,0.00367018
1.76004e+09,3047,-0.0476697,-0.0475948,7.48907e-05,1.22604,1.22976,0.00372321
1.76004e+09,3048,-0.0477457,-0.0476697,7.59643e-05,1.22226,1.22604,0.00377632
1.76004e+09,3049,-0.0478227,-0.0477457,7.70414e-05,1.21843,1.22226,0.00382952
1.76004e+09,3050,-0.0479008,-0.0478227,7.81221e-05,1.21455,1.21843,0.00388282
1.76004e+09,3051,-0.04798,-0.0479008,7.92064e-05,1.21061,1.21455,0.00393622
1.76004e+09,3052,-0.0480603,-0.04798,8.02946e-05,1.20662,1.21061,0.00398973
1.76004e+09,3053,-0.0481417,-0.0480603,8.13865e-05,1.20258,1.20662,0.00404335
1.76004e+09,3054,-0.0482242,-0.0481417,8.24823e-05,1.19848,1.20258,0.00409708
1.76004e+09,3055,-0.0483078,-0.0482242,8.3582e-05,1.19433,1.19848,0.00415094
1.76004e+09,3056,-0.0483925,-0.0483078,8.46857e-05,1.19012,1.19433,0.00420492
1.76004e+09,3057,-0.0484783,-0.0483925,8.57935e-05,1.18587,1.19012,0.00425903
1.76004e+09,3058,-0.0485652,-0.0483925,0.000172699,1.18155,1.19012,0.00857232
1.76004e+09,3059,-0.0486532,-0.0484783,0.000174927,1.17718,1.18587,0.00868097
1.76004e+09,3060,-0.0487423,-0.0485652,0.000177164,1.17276,1.18155,0.00878992
1.76004e+09,3061,-0.0488326,-0.0487423,9.02667e-05,1.16829,1.17276,0.00447695
1.76004e+09,3062,-0.048924,-0.0488326,9.13958e-05,1.16375,1.16829,0.00453183
1.76004e+09,3063,-0.0490165,-0.048924,9.25294e-05,1.15917,1.16375,0.00458688
1.76004e+09,3064,-0.0491102,-0.0490165,9.36676e-05,1.15452,1.15917,0.00464212
1.76004e+09,3065,-0.049205,-0.0491102,9.48104e-05,1.14983,1.15452,0.00469755
1.76004e+09,3066,-0.049301,-0.049205,9.59578e-05,1.14507,1.14983,0.00475317
1.76004e+09,3067,-0.0493981,-0.049301,9.71101e-05,1.14026,1.14507,0.00480901
1.76004e+09,3068,-0.0494963,-0.0493981,9.82671e-05,1.1354,1.14026,0.00486506
1.76004e+09,3069,-0.0495958,-0.0494963,9.94291e-05,1.13048,1.1354,0.00492134
1.76004e+09,3070,-0.0496964,-0.0495958,0.000100596,1.1255,1.13048,0.00497785
1.76004e+09,3071,-0.0497981,-0.0496964,0.000101768,1.12047,1.1255,0.00503462
1.76004e+09,3072,-0.0499011,-0.0497981,0.000102945,1.11537,1.12047,0.00509164
1.76004e+09,3073,-0.0500052,-0.0499011,0.000104128,1.11023,1.11537,0.00514893
1.76004e+09,3074,-0.0501105,-0.0500052,0.000105315,1.10502,1.11023,0.00520651
1.76004e+09,3075,-0.050217,-0.0500052,0.000211823,1.09975,1.11023,0.0104709
1.76004e+09,3076,-0.0503247,-0.050217,0.000107707,1.09443,1.09975,0.00532256
1.76004e+09,3077,-0.0504337,-0.0503247,0.000108911,1.08905,1.09443,0.00538106
1.76004e+09,3078,-0.0505438,-0.0504337,0.00011012,1.08361,1.08905,0.0054399
1.76004e+09,3079,-0.0506551,-0.0505438,0.000111335,1.07811,1.08361,0.00549908
1.76004e+09,3080,-0.0507677,-0.0506551,0.000112556,1.07255,1.07811,0.00555864
1.76004e+09,3081,-0.0508814,-0.0507677,0.000113783,1.06693,1.07255,0.00561857
1.76004e+09,3082,-0.0509965,-0.0508814,0.000115015,1.06126,1.06693,0.00567891
1.76004e+09,3083,-0.0511127,-0.0509965,0.000116254,1.05552,1.06126,0.00573965
1.76004e+09,3084,-0.0512302,-0.0511127,0.000117498,1.04972,1.05552,0.00580084
1.76004e+09,3085,-0.051349,-0.0512302,0.000118749,1.04385,1.04972,0.00586248
1.76004e+09,3086,-0.051469,-0.051349,0.000120006,1.03793,1.04385,0.00592459
1.76004e+09,3087,-0.0515902,-0.051469,0.000121269,1.03194,1.03793,0.0059872
1.76004e+09,3088,-0.0517128,-0.0515902,0.000122539,1.02589,1.03194,0.00605033
1.76004e+09,3089,-0.0518366,-0.0517128,0.000123814,1.01978,1.02589,0.00611399
1.76004e+09,3090,-0.0519617,-0.0517128,0.000248911,1.0136,1.02589,0.0122922
1.76004e+09,3091,-0.0520881,-0.0518366,0.000251482,1.00736,1.01978,0.0124213
1.76004e+09,3092,-0.0522158,-0.0520881,0.000127681,1.00105,1.00736,0.00630849
1.76004e+09,3093,-0.0523447,-0.0522158,0.000128983,0.994672,1.00105,0.00637457
1.76004e+09,3094,-0.052475,-0.0523447,0.000130293,0.988231,0.994672,0.00644133
1.76004e+09,3095,-0.0526066,-0.052475,0.000131608,0.981722,0.988231,0.00650879
1.76004e+09,3096,-0.0527396,-0.0526066,0.000132931,0.975145,0.981722,0.006577
1.76004e+09,3097,-0.0528738,-0.0527396,0.000134261,0.968499,0.975145,0.00664597
1.76004e+09,3098,-0.0530094,-0.0528738,0.000135599,0.961783,0.968499,0.00671576
1.76004e+09,3099,-0.0531464,-0.0530094,0.000136943,0.954997,0.961783,0.00678639
1.76004e+09,3100,-0.0532847,-0.0531464,0.000138295,0.948139,0.954997,0.0068579
1.76004e+09,3101,-0.0534243,-0.0532847,0.000139654,0.941209,0.948139,0.00693035
1.76004e+09,3102,-0.0535653,-0.0534243,0.000141021,0.934205,0.941209,0.00700377
1.76004e+09,3103,-0.0537077,-0.0535653,0.000142395,0.927127,0.934205,0.00707821
1.76004e+09,3104,-0.0538515,-0.0537077,0.000143778,0.919973,0.927127,0.00715371
1.76004e+09,3105,-0.0539967,-0.0538515,0.000145168,0.912743,0.919973,0.00723035
1.76004e+09,3106,-0.0541433,-0.0539967,0.000146567,0.905434,0.912743,0.00730816
1.76004e+09,3107,-0.0542912,-0.0541433,0.000147974,0.898047,0.905434,0.00738721
1.76004e+09,3108,-0.0544406,-0.0541433,0.000297363,0.89058,0.905434,0.0148548
1.76004e+09,3109,-0.0545914,-0.0544406,0.000150813,0.88303,0.89058,0.00754928
1.76004e+09,3110,-0.0547437,-0.0545914,0.000152246,0.875398,0.88303,0.00763243
1.76004e+09,3111,-0.0548974,-0.0547437,0.000153689,0.867681,0.875398,0.0077171
1.76004e+09,3112,-0.0550525,-0.0548974,0.000155141,0.859878,0.867681,0.00780337
1.76004e+09,3113,-0.0552091,-0.0550525,0.000156602,0.851986,0.859878,0.00789131
1.76004e+09,3114,-0.0553672,-0.0552091,0.000158074,0.844005,0.851986,0.00798103
1.76004e+09,3115,-0.0555267,-0.0553672,0.000159556,0.835933,0.844005,0.00807262
1.76004e+09,3116,-0.0556878,-0.0553672,0.000320604,0.827766,0.844005,0.0162388
1.76004e+09,3117,-0.0558503,-0.0556878,0.000162552,0.819505,0.827766,0.00826182
1.76004e+09,3118,-0.0560144,-0.0558503,0.000164067,0.811145,0.819505,0.00835968
1.76004e+09,3119,-0.05618,-0.0560144,0.000165593,0.802685,0.811145,0.00845987
1.76004e+09,3120,-0.0563471,-0.05618,0.000167132,0.794123,0.802685,0.00856253
1.76004e+09,3121,-0.0565158,-0.0563471,0.000168682,0.785455,0.794123,0.00866782
1.76004e+09,3122,-0.0566861,-0.0565158,0.000170246,0.776679,0.785455,0.0087759
1.76004e+09,3123,-0.0568579,-0.0566861,0.000171822,0.767792,0.776679,0.00888694
1.76004e+09,3124,-0.0570313,-0.0568579,0.000173411,0.758791,0.767792,0.00900112
1.76004e+09,3125,-0.0572063,-0.0570313,0.000175014,0.749672,0.758791,0.00911867
1.76004e+09,3126,-0.0573829,-0.0572063,0.00017663,0.740432,0.749672,0.00923979
1.76004e+09,3127,-0.0575612,-0.0573829,0.000178259,0.731068,0.740432,0.00936474
1.76004e+09,3128,-0.0577411,-0.0575612,0.000179902,0.721574,0.731068,0.00949377
1.76004e+09,3129,-0.0579227,-0.0577411,0.000181558,0.711947,0.721574,0.00962717
1.76004e+09,3130,-0.0581059,-0.0579227,0.000183226,0.702181,0.711947,0.00976527
1.76004e+09,3131,-0.0582908,-0.0581059,0.000184907,0.692273,0.702181,0.00990841
1.76004e+09,3132,-0.0584774,-0.0582908,0.000186599,0.682216,0.692273,0.010057
1.76004e+09,3133,-0.0586657,-0.0584774,0.000188302,0.672005,0.682216,0.0102114
1.76004e+09,3134,-0.0588557,-0.0586657,0.000190015,0.661632,0.672005,0.0103721
1.76004e+09,3135,-0.0590474,-0.0588557,0.000191735,0.651093,0.661632,0.0105397
1.76004e+09,3136,-0.0592409,-0.0590474,0.000193462,0.640378,0.651093,0.0107147
1.76004e+09,3137,-0.0594361,-0.0592409,0.000195192,0.62948,0.640378,0.0108978
1.76004e+09,3138,-0.059633,-0.0592409,0.000392117,0.618391,0.640378,0.0219874
1.76004e+09,3139,-0.0598317,-0.059633,0.000198656,0.607099,0.618391,0.0112911
1.76004e+09,3140,-0.0601377,-0.0598317,0.000306024,0.606889,0.607099,0.000210376
1.76004e+09,3141,-0.0604461,-0.0601377,0.000308441,0.606676,0.606889,0.000213192
1.76004e+09,3142,-0.060757,-0.0604461,0.000310847,0.60646,0.606676,0.00021603
1.76004e+09,3143,-0.0610702,-0.060757,0.000313238,0.606241,0.60646,0.000218888
1.76004e+09,3144,-0.0613858,-0.0610702,0.000315608,0.606019,0.606241,0.000221764
1.76004e+09,3145,-0.0617038,-0.0613858,0.000317955,0.605794,0.606019,0.000224656
1.76004e+09,3146,-0.0620241,-0.0617038,0.000320273,0.605567,0.605794,0.000227559
1.76004e+09,3147,-0.0623466,-0.0620241,0.000322557,0.605336,0.605567,0.000230471
1.76004e+09,3148,-0.0626714,-0.0623466,0.000324802,0.605103,0.605336,0.000233389
1.76004e+09,3149,-0.0629984,-0.0623466,0.000651805,0.604867,0.605336,0.000469697
1.76004e+09,3150,-0.0633276,-0.0626714,0.000656159,0.604628,0.605103,0.000475534
1.76004e+09,3151,-0.0636588,-0.0633276,0.000331253,0.604385,0.604628,0.000242137
1.76004e+09,3152,-0.0639921,-0.0636588,0.000333291,0.60414,0.604385,0.000245039
1.76004e+09,3153,-0.0643274,-0.0639921,0.000335264,0.603892,0.60414,0.000247926
1.76004e+09,3154,-0.0646645,-0.0643274,0.000337166,0.603642,0.603892,0.000250795
1.76004e+09,3155,-0.0650035,-0.0646645,0.000338993,0.603388,0.603642,0.000253642
1.76004e+09,3156,-0.0653443,-0.0650035,0.000340739,0.603132,0.603388,0.000256461
1.76004e+09,3157,-0.0656867,-0.0650035,0.000683139,0.602872,0.603388,0.000515709
1.76004e+09,3158,-0.0660307,-0.0656867,0.00034397,0.60261,0.602872,0.000261999
1.76004e+09,3159,-0.0663761,-0.0660307,0.000345446,0.602346,0.60261,0.00026471
1.76004e+09,3160,-0.0667229,-0.0663761,0.000346823,0.602078,0.602346,0.000267376
1.76004e+09,3161,-0.067071,-0.0667229,0.000348096,0.601808,0.602078,0.000269993
1.76004e+09,3162,-0.0674203,-0.067071,0.000349263,0.601536,0.601808,0.000272557
1.76004e+09,3163,-0.0677706,-0.0674203,0.00035032,0.601261,0.601536,0.000275063
1.76004e+09,3164,-0.0681219,-0.0677706,0.000351263,0.600983,0.601261,0.000277508
1.76004e+09,3165,-0.068474,-0.0681219,0.00035209,0.600703,0.600983,0.000279888
1.76004e+09,3166,-0.0688267,-0.068474,0.000352798,0.600421,0.600703,0.000282199
1.76004e+09,3167,-0.0691801,-0.0688267,0.000353385,0.600137,0.600421,0.000284437
1.76004e+09,3168,-0.069534,-0.0691801,0.00035385,0.59985,0.600137,0.0002866
1.76004e+09,3169,-0.0698882,-0.069534,0.000354191,0.599561,0.59985,0.000288684
1.76004e+09,3170,-0.0702426,-0.0698882,0.000354406,0.599271,0.599561,0.000290685
1.76004e+09,3171,-0.0705971,-0.0702426,0.000354496,0.598978,0.599271,0.000292603
1.76004e+09,3172,-0.0709515,-0.0705971,0.000354459,0.598684,0.598978,0.000294433
1.76004e+09,3173,-0.0713058,-0.0709515,0.000354296,0.598387,0.598684,0.000296175
1.76004e+09,3174,-0.0716598,-0.0713058,0.000354008,0.59809,0.598387,0.000297825
1.76004e+09,3175,-0.0720134,-0.0713058,0.000707602,0.59779,0.598387,0.000597207
1.76004e+09,3176,-0.0723665,-0.0720134,0.000353056,0.597489,0.59779,0.000300846
1.76004e+09,3177,-0.0727189,-0.0723665,0.000352396,0.597187,0.597489,0.000302214
1.76004e+09,3178,-0.0730705,-0.0727189,0.000351616,0.596884,0.597187,0.000303487
1.76004e+09,3179,-0.0734212,-0.0730705,0.000350717,0.596579,0.596884,0.000304663
1.76004e+09,3180,-0.0737709,-0.0734212,0.000349702,0.596273,0.596579,0.000305743
1.76004e+09,3181,-0.0741195,-0.0737709,0.000348575,0.595966,0.596273,0.000306727
1.76004e+09,3182,-0.0744668,-0.0741195,0.000347338,0.595659,0.595966,0.000307615
1.76004e+09,3183,-0.0748128,-0.0744668,0.000345994,0.59535,0.595659,0.000308408
1.76004e+09,3184,-0.0751574,-0.0748128,0.000344549,0.595041,0.59535,0.000309108
1.76004e+09,3185,-0.0755004,-0.0751574,0.000343005,0.594732,0.595041,0.000309716
1.76004e+09,3186,-0.0758418,-0.0755004,0.000341368,0.594421,0.594732,0.000310234
1.76004e+09,3187,-0.0761814,-0.0758418,0.000339642,0.594111,0.594421,0.000310663
1.76004e+09,3188,-0.0765192,-0.0761814,0.000337832,0.5938,0.594111,0.000311008
1.76004e+09,3189,-0.0768552,-0.0765192,0.000335943,0.593488,0.5938,0.000311269
1.76004e+09,3190,-0.0771891,-0.0768552,0.00033398,0.593177,0.593488,0.000311451
1.76004e+09,3191,-0.0775211,-0.0768552,0.000665929,0.592865,0.593488,0.000623006
1.76004e+09,3192,-0.077851,-0.0771891,0.000661804,0.592554,0.593177,0.000623142
1.76004e+09,3193,-0.0781787,-0.0775211,0.000657559,0.592242,0.592865,0.000623136
1.76004e+09,3194,-0.0785042,-0.077851,0.000653204,0.591931,0.592554,0.000622993
1.76004e+09,3195,-0.0788274,-0.0781787,0.00064875,0.59162,0.592242,0.000622722
1.76004e+09,3196,-0.0791484,-0.0785042,0.000644209,0.591309,0.591931,0.000622331
1.76004e+09,3197,-0.079467,-0.0791484,0.000318631,0.590998,0.591309,0.000310773
1.76004e+09,3198,-0.0797833,-0.079467,0.000316273,0.590687,0.590998,0.000310442
1.76004e+09,3199,-0.0800972,-0.0797833,0.000313888,0.590377,0.590687,0.000310064
1.76004e+09,3200,-0.0804086,-0.0800972,0.000311481,0.590068,0.590377,0.000309642
1.76004e+09,3201,-0.0807177,-0.0804086,0.000309056,0.589758,0.590068,0.000309179
1.76004e+09,3202,-0.0810243,-0.0807177,0.000306618,0.58945,0.589758,0.000308679
1.76004e+09,3203,-0.0813285,-0.0810243,0.000304168,0.589142,0.58945,0.000308144
1.76004e+09,3204,-0.0816302,-0.0813285,0.000301712,0.588834,0.589142,0.000307579
1.76004e+09,3205,-0.0819294,-0.0816302,0.000299252,0.588527,0.588834,0.000306985
1.76004e+09,3206,-0.0822262,-0.0819294,0.000296791,0.588221,0.588527,0.000306365
1.76004e+09,3207,-0.0825206,-0.0822262,0.000294332,0.587915,0.588221,0.000305721
1.76004e+09,3208,-0.0828124,-0.0822262,0.000586209,0.58761,0.588221,0.000610778
1.76004e+09,3209,-0.0831019,-0.0828124,0.000289428,0.587306,0.58761,0.000304373
1.76004e+09,3210,-0.0833889,-0.0831019,0.000286987,0.587002,0.587306,0.000303672
1.76004e+09,3211,-0.0836734,-0.0833889,0.000284554,0.586699,0.587002,0.000302955
1.76004e+09,3212,-0.0839555,-0.0836734,0.000282132,0.586397,0.586699,0.000302225
1.76004e+09,3213,-0.0842353,-0.0836734,0.000561855,0.586095,0.586699,0.000603705
1.76004e+09,3214,-0.0845126,-0.0842353,0.000277324,0.585794,0.586095,0.000300725
1.76004e+09,3215,-0.0847875,-0.0845126,0.000274939,0.585495,0.585794,0.000299958
1.76004e+09,3216,-0.0850601,-0.0847875,0.000272567,0.585195,0.585495,0.000299181
1.76004e+09,3217,-0.0853303,-0.0850601,0.000270209,0.584897,0.585195,0.000298394
1.76004e+09,3218,-0.0855982,-0.0853303,0.000267864,0.584599,0.584897,0.000297599
1.76004e+09,3219,-0.0858637,-0.0855982,0.000265534,0.584303,0.584599,0.000296795
1.76004e+09,3220,-0.0861269,-0.0858637,0.000263217,0.584007,0.584303,0.000295982
1.76004e+09,3221,-0.0863878,-0.0861269,0.000260915,0.583711,0.584007,0.000295162
1.76004e+09,3222,-0.0866465,-0.0863878,0.000258626,0.583417,0.583711,0.000294334
1.76004e+09,3223,-0.0869028,-0.0866465,0.00025635,0.583124,0.583417,0.000293499
1.76004e+09,3224,-0.0871569,-0.0869028,0.000254088,0.582831,0.583124,0.000292657
1.76004e+09,3225,-0.0874087,-0.0871569,0.000251839,0.582539,0.582831,0.000291807
1.76004e+09,3226,-0.0876583,-0.0874087,0.000249603,0.582248,0.582539,0.00029095
1.76004e+09,3227,-0.0879057,-0.0876583,0.000247379,0.581958,0.582248,0.000290086
1.76004e+09,3228,-0.0881509,-0.0879057,0.000245168,0.581669,0.581958,0.000289215
1.76004e+09,3229,-0.0883939,-0.0881509,0.000242969,0.581381,0.581669,0.000288338
1.76004e+09,3230,-0.0886346,-0.0883939,0.000240781,0.581093,0.581381,0.000287453
1.76004e+09,3231,-0.0888732,-0.0886346,0.000238605,0.580807,0.581093,0.000286562
1.76004e+09,3232,-0.0891097,-0.0888732,0.000236441,0.580521,0.580807,0.000285664
1.76004e+09,3233,-0.089344,-0.0891097,0.000234287,0.580236,0.580521,0.00028476
1.76004e+09,3234,-0.0895761,-0.089344,0.000232144,0.579952,0.580236,0.000283849
1.76004e+09,3235,-0.0898061,-0.0895761,0.000230011,0.579669,0.579952,0.000282932
1.76004e+09,3236,-0.090034,-0.0898061,0.000227889,0.579387,0.579669,0.000282008
1.76004e+09,3237,-0.0902598,-0.090034,0.000225778,0.579106,0.579387,0.000281078
1.76004e+09,3238,-0.0904835,-0.0902598,0.000223676,0.578826,0.579106,0.000280141
1.76004e+09,3239,-0.0907051,-0.0904835,0.000221584,0.578547,0.578826,0.000279199
1.76004e+09,3240,-0.0909246,-0.0907051,0.000219502,0.578269,0.578547,0.000278251
1.76004e+09,3241,-0.091142,-0.0907051,0.00043693,0.577991,0.578547,0.000555548
1.76004e+09,3242,-0.0913574,-0.091142,0.000215366,0.577715,0.577991,0.000276337
1.76004e+09,3243,-0.0915707,-0.0913574,0.000213312,0.57744,0.577715,0.000275372
1.76004e+09,3244,-0.0917819,-0.0915707,0.000211267,0.577165,0.57744,0.000274401
1.76004e+09,3245,-0.0919912,-0.0917819,0.000209231,0.576892,0.577165,0.000273426
1.76004e+09,3246,-0.0921984,-0.0919912,0.000207204,0.576619,0.576892,0.000272445
1.76004e+09,3247,-0.0924036,-0.0921984,0.000205186,0.576348,0.576619,0.000271459
1.76004e+09,3248,-0.0926067,-0.0924036,0.000203177,0.576077,0.576348,0.000270468
1.76004e+09,3249,-0.0928079,-0.0926067,0.000201177,0.575808,0.576077,0.000269473
1.76004e+09,3250,-0.0930071,-0.0926067,0.000400362,0.575539,0.576077,0.000537946
1.76004e+09,3251,-0.0932043,-0.0928079,0.000396387,0.575272,0.575808,0.000535942
1.76004e+09,3252,-0.0933995,-0.0930071,0.000392429,0.575006,0.575539,0.000533929
1.76004e+09,3253,-0.0935928,-0.0933995,0.00019326,0.57474,0.575006,0.000265448
1.76004e+09,3254,-0.0937841,-0.0935928,0.000191302,0.574476,0.57474,0.000264432
1.76004e+09,3255,-0.0939734,-0.0937841,0.000189352,0.574212,0.574476,0.000263412
1.76004e+09,3256,-0.0941608,-0.0939734,0.000187411,0.57395,0.574212,0.000262389
1.76004e+09,3257,-0.0943463,-0.0941608,0.000185477,0.573689,0.57395,0.000261362
1.76004e+09,3258,-0.0945299,-0.0941608,0.000369028,0.573428,0.57395,0.000521693
1.76004e+09,3259,-0.0947115,-0.0945299,0.000181633,0.573169,0.573428,0.000259298
1.76004e+09,3260,-0.0948912,-0.0945299,0.000361356,0.572911,0.573428,0.00051756
1.76004e+09,3261,-0.0950691,-0.0947115,0.000357544,0.572653,0.573169,0.000515485
1.76004e+09,3262,-0.095245,-0.0948912,0.000353747,0.572397,0.572911,0.000513404
1.76004e+09,3263,-0.095419,-0.095245,0.000174039,0.572142,0.572397,0.000255137
1.76004e+09,3264,-0.0955912,-0.095419,0.00017216,0.571888,0.572142,0.00025409
1.76004e+09,3265,-0.0957615,-0.0955912,0.000170288,0.571635,0.571888,0.000253041
1.76004e+09,3266,-0.0959299,-0.0957615,0.000168423,0.571383,0.571635,0.00025199
1.76004e+09,3267,-0.0960965,-0.0959299,0.000166566,0.571132,0.571383,0.000250936
1.76004e+09,3268,-0.0962612,-0.0960965,0.000164716,0.570882,0.571132,0.000249881
1.76004e+09,3269,-0.096424,-0.0962612,0.000162873,0.570633,0.570882,0.000248824
1.76004e+09,3270,-0.0965851,-0.096424,0.000161037,0.570386,0.570633,0.000247766
1.76004e+09,3271,-0.0967443,-0.0965851,0.000159208,0.570139,0.570386,0.000246705
1.76004e+09,3272,-0.0969017,-0.0967443,0.000157386,0.569893,0.570139,0.000245644
1.76004e+09,3273,-0.0970572,-0.0969017,0.000155571,0.569649,0.569893,0.000244581
1.76004e+09,3274,-0.097211,-0.0970572,0.000153763,0.569405,0.569649,0.000243516
1.76004e+09,3275,-0.097363,-0.097211,0.000151961,0.569163,0.569405,0.000242451
1.76004e+09,3276,-0.0975131,-0.097363,0.000150166,0.568921,0.569163,0.000241385
1.76004e+09,3277,-0.0976615,-0.097363,0.000298544,0.568681,0.569163,0.000481702
1.76004e+09,3278,-0.0978081,-0.0976615,0.000146596,0.568442,0.568681,0.000239249
1.76004e+09,3279,-0.0979529,-0.0978081,0.00014482,0.568204,0.568442,0.000238181
1.76004e+09,3280,-0.098096,-0.0979529,0.000143051,0.567966,0.568204,0.000237111
1.76004e+09,3281,-0.0982373,-0.098096,0.000141287,0.56773,0.567966,0.000236042
1.76004e+09,3282,-0.0983768,-0.0982373,0.000139531,0.567495,0.56773,0.000234972
1.76004e+09,3283,-0.0985146,-0.0983768,0.00013778,0.567261,0.567495,0.000233901
1.76004e+09,3284,-0.0986506,-0.0985146,0.000136035,0.567029,0.567261,0.000232831
1.76004e+09,3285,-0.0987849,-0.0986506,0.000134296,0.566797,0.567029,0.00023176
1.76004e+09,3286,-0.0989175,-0.0987849,0.000132563,0.566566,0.566797,0.00023069
1.76004e+09,3287,-0.0990483,-0.0989175,0.000130835,0.566337,0.566566,0.000229619
1.76004e+09,3288,-0.0991774,-0.0990483,0.000129114,0.566108,0.566337,0.000228549
1.76004e+09,3289,-0.0993048,-0.0991774,0.000127398,0.565881,0.566108,0.000227479
1.76004e+09,3290,-0.0994305,-0.0993048,0.000125687,0.565654,0.565881,0.000226409
1.76004e+09,3291,-0.0995545,-0.0993048,0.000249669,0.565429,0.565881,0.000451749
1.76004e+09,3292,-0.0996768,-0.0995545,0.000122282,0.565205,0.565429,0.000224272
1.76004e+09,3293,-0.0997974,-0.0996768,0.000120588,0.564981,0.565205,0.000223204
1.76004e+09,3294,-0.0999163,-0.0997974,0.000118899,0.564759,0.564981,0.000222137
1.76004e+09,3295,-0.100033,-0.0999163,0.000117215,0.564538,0.564759,0.00022107
1.76004e+09,3296,-0.100149,-0.0999163,0.000232752,0.564318,0.564759,0.000441075
1.76004e+09,3297,-0.100263,-0.100033,0.0002294,0.564099,0.564538,0.000438945
1.76004e+09,3298,-0.100375,-0.100149,0.000226058,0.563881,0.564318,0.000436817
1.76004e+09,3299,-0.100486,-0.100375,0.000110531,0.563664,0.563881,0.000216815
1.76004e+09,3300,-0.100594,-0.100486,0.000108872,0.563449,0.563664,0.000215754
1.76004e+09,3301,-0.100702,-0.100594,0.000107218,0.563234,0.563449,0.000214694
1.76004e+09,3302,-0.100807,-0.100702,0.000105568,0.56302,0.563234,0.000213636
1.76004e+09,3303,-0.100911,-0.100807,0.000103923,0.562808,0.56302,0.000212579
1.76004e+09,3304,-0.101013,-0.100911,0.000102283,0.562596,0.562808,0.000211524
1.76004e+09,3305,-0.101114,-0.101013,0.000100647,0.562386,0.562596,0.00021047
1.76004e+09,3306,-0.101213,-0.101114,9.90158e-05,0.562176,0.562386,0.000209418
1.76004e+09,3307,-0.101311,-0.101213,9.73887e-05,0.561968,0.562176,0.000208368
1.76004e+09,3308,-0.101406,-0.101213,0.000193155,0.561761,0.562176,0.000415688
1.76004e+09,3309,-0.1015,-0.101311,0.000189913,0.561554,0.561968,0.000413594
1.76004e+09,3310,-0.101593,-0.101406,0.00018668,0.561349,0.561761,0.000411503
1.76004e+09,3311,-0.101684,-0.101593,9.09225e-05,0.561145,0.561349,0.000204187
1.76004e+09,3312,-0.101773,-0.101684,8.9316e-05,0.560942,0.561145,0.000203147
1.76004e+09,3313,-0.101861,-0.101773,8.77136e-05,0.56074,0.560942,0.000202109
1.76004e+09,3314,-0.101947,-0.101861,8.61149e-05,0.560539,0.56074,0.000201073
1.76004e+09,3315,-0.102032,-0.101947,8.45201e-05,0.560339,0.560539,0.00020004
1.76004e+09,3316,-0.102114,-0.102032,8.2929e-05,0.56014,0.560339,0.000199009
1.76004e+09,3317,-0.102196,-0.102032,0.00016427,0.559942,0.560339,0.000396989
1.76004e+09,3318,-0.102276,-0.102196,7.97576e-05,0.559745,0.559942,0.000196955
1.76004e+09,3319,-0.102354,-0.102276,7.81772e-05,0.559549,0.559745,0.000195931
1.76004e+09,3320,-0.10243,-0.102354,7.66003e-05,0.559354,0.559549,0.000194911
1.76004e+09,3321,-0.102505,-0.10243,7.50268e-05,0.55916,0.559354,0.000193893
1.76004e+09,3322,-0.102579,-0.102505,7.34566e-05,0.558967,0.55916,0.000192878
1.76004e+09,3323,-0.102651,-0.102579,7.18896e-05,0.558775,0.558967,0.000191865
1.76004e+09,3324,-0.102721,-0.102651,7.03258e-05,0.558584,0.558775,0.000190856
1.76004e+09,3325,-0.10279,-0.102651,0.000139091,0.558395,0.558775,0.000380706
1.76004e+09,3326,-0.102857,-0.102721,0.000135973,0.558206,0.558584,0.000378696
1.76004e+09,3327,-0.102923,-0.102857,6.56529e-05,0.558018,0.558206,0.000187846
1.76004e+09,3328,-0.102987,-0.102923,6.41012e-05,0.557831,0.558018,0.000186849
1.76004e+09,3329,-0.103049,-0.102987,6.25523e-05,0.557645,0.557831,0.000185856
1.76004e+09,3330,-0.10311,-0.103049,6.10062e-05,0.55746,0.557645,0.000184865
1.76004e+09,3331,-0.10317,-0.103049,0.000120469,0.557276,0.557645,0.000368744
1.76004e+09,3332,-0.103228,-0.10317,5.79222e-05,0.557094,0.557276,0.000182895
1.76004e+09,3333,-0.103284,-0.103228,5.6384e-05,0.556912,0.557094,0.000181915
1.76004e+09,3334,-0.103339,-0.103284,5.48484e-05,0.556731,0.556912,0.000180938
1.76004e+09,3335,-0.103392,-0.103339,5.33153e-05,0.556551,0.556731,0.000179965
1.76004e+09,3336,-0.103444,-0.103392,5.17845e-05,0.556372,0.556551,0.000178996
1.76004e+09,3337,-0.103494,-0.103444,5.02561e-05,0.556194,0.556372,0.00017803
1.76004e+09,3338,-0.103543,-0.103494,4.87299e-05,0.556017,0.556194,0.000177068
1.76004e+09,3339,-0.10359,-0.103543,4.7206e-05,0.55584,0.556017,0.00017611
1.76004e+09,3340,-0.103636,-0.10359,4.56841e-05,0.555665,0.55584,0.000175156
1.76004e+09,3341,-0.10368,-0.103636,4.41643e-05,0.555491,0.555665,0.000174206
1.76004e+09,3342,-0.103723,-0.10368,4.26466e-05,0.555318,0.555491,0.000173259
1.76004e+09,3343,-0.103764,-0.103723,4.11307e-05,0.555146,0.555318,0.000172317
1.76004e+09,3344,-0.103803,-0.103764,3.96168e-05,0.554974,0.555146,0.000171379
1.76004e+09,3345,-0.103842,-0.103803,3.81046e-05,0.554804,0.554974,0.000170445
1.76004e+09,3346,-0.103878,-0.103842,3.65942e-05,0.554634,0.554804,0.000169516
1.76004e+09,3347,-0.103913,-0.103878,3.50855e-05,0.554466,0.554634,0.00016859
1.76004e+09,3348,-0.103947,-0.103913,3.35784e-05,0.554298,0.554466,0.000167669
1.76004e+09,3349,-0.103979,-0.103947,3.20728e-05,0.554131,0.554298,0.000166753
1.76004e+09,3350,-0.104009,-0.103979,3.05687e-05,0.553965,0.554131,0.00016584
1.76004e+09,3351,-0.104039,-0.104009,2.90661e-05,0.5538,0.553965,0.000164933
1.76004e+09,3352,-0.104066,-0.104009,5.66309e-05,0.553636,0.553965,0.000328962
1.76004e+09,3353,-0.104092,-0.104066,2.60648e-05,0.553473,0.553636,0.000163131
1.76004e+09,3354,-0.104117,-0.104092,2.45661e-05,0.553311,0.553473,0.000162237
1.76004e+09,3355,-0.10414,-0.104117,2.30685e-05,0.55315,0.553311,0.000161348
1.76004e+09,3356,-0.104161,-0.10414,2.1572e-05,0.552989,0.55315,0.000160463
1.76004e+09,3357,-0.104181,-0.104161,2.00766e-05,0.55283,0.552989,0.000159584
1.76004e+09,3358,-0.1042,-0.104181,1.85821e-05,0.552671,0.55283,0.000158709
1.76004e+09,3359,-0.104217,-0.1042,1.70886e-05,0.552513,0.552671,0.000157839
1.76004e+09,3360,-0.104233,-0.1042,3.26844e-05,0.552356,0.552671,0.000314814
1.76004e+09,3361,-0.104247,-0.104217,2.96998e-05,0.5522,0.552513,0.00031309
1.76004e+09,3362,-0.104259,-0.104247,1.26128e-05,0.552045,0.5522,0.00015526
1.76004e+09,3363,-0.104271,-0.104259,1.11223e-05,0.55189,0.552045,0.000154411
1.76004e+09,3364,-0.10428,-0.104271,9.63233e-06,0.551737,0.55189,0.000153567
1.76004e+09,3365,-0.104288,-0.10428,8.14295e-06,0.551584,0.551737,0.000152728
1.76004e+09,3366,-0.104295,-0.104288,6.65403e-06,0.551432,0.551584,0.000151894
1.76004e+09,3367,-0.1043,-0.104295,5.16553e-06,0.551281,0.551432,0.000151066
1.76004e+09,3368,-0.104304,-0.1043,3.67737e-06,0.551131,0.551281,0.000150243
1.76004e+09,3369,-0.104306,-0.104304,2.1895e-06,0.550981,0.551131,0.000149426
1.76004e+09,3370,-0.104307,-0.104306,7.0184e-07,0.550833,0.550981,0.000148614
1.76004e+09,3371,-0.104306,-0.104307,-7.85659e-07,0.550685,0.550833,0.000147808
1.76004e+09,3372,-0.104304,-0.104306,-2.27306e-06,0.550538,0.550685,0.000147007
1.76004e+09,3373,-0.1043,-0.104304,-3.76044e-06,0.550392,0.550538,0.000146213
1.76004e+09,3374,-0.104295,-0.1043,-5.24785e-06,0.550246,0.550392,0.000145424
1.76004e+09,3375,-0.104288,-0.1043,-1.19832e-05,0.550102,0.550392,0.000290064
1.76004e+09,3376,-0.10428,-0.104288,-8.22301e-06,0.549958,0.550102,0.000143863
1.76004e+09,3377,-0.10427,-0.10428,-9.71089e-06,0.549815,0.549958,0.000143092
1.76004e+09,3378,-0.104259,-0.10427,-1.11991e-05,0.549672,0.549815,0.000142327
1.76004e+09,3379,-0.104246,-0.104259,-1.26876e-05,0.549531,0.549672,0.000141568
1.76004e+09,3380,-0.104232,-0.104246,-1.41765e-05,0.54939,0.549531,0.000140815
1.76004e+09,3381,-0.104216,-0.104232,-1.56659e-05,0.54925,0.54939,0.000140068
1.76004e+09,3382,-0.104199,-0.104216,-1.71558e-05,0.549111,0.54925,0.000139327
1.76004e+09,3383,-0.10418,-0.104199,-1.86464e-05,0.548972,0.549111,0.000138593
1.76004e+09,3384,-0.10416,-0.10418,-2.01376e-05,0.548834,0.548972,0.000137865
1.76004e+09,3385,-0.104139,-0.10416,-2.16295e-05,0.548697,0.548834,0.000137143
1.76004e+09,3386,-0.104116,-0.10416,-4.47517e-05,0.548561,0.548834,0.000273571
1.76004e+09,3387,-0.104091,-0.104116,-2.46158e-05,0.548425,0.548561,0.00013572
1.76004e+09,3388,-0.104065,-0.104091,-2.61103e-05,0.54829,0.548425,0.000135018
1.76004e+09,3389,-0.104037,-0.104065,-2.76057e-05,0.548156,0.54829,0.000134323
1.76004e+09,3390,-0.104008,-0.104037,-2.91023e-05,0.548022,0.548156,0.000133634
1.76004e+09,3391,-0.103978,-0.104037,-5.97021e-05,0.547889,0.548156,0.000266587
1.76004e+09,3392,-0.103945,-0.104008,-6.26985e-05,0.547757,0.548022,0.00026523
1.76004e+09,3393,-0.103912,-0.103978,-6.56973e-05,0.547625,0.547889,0.000263888
1.76004e+09,3394,-0.103877,-0.103912,-3.51e-05,0.547494,0.547625,0.000130949
1.76004e+09,3395,-0.10384,-0.103912,-7.17026e-05,0.547364,0.547625,0.000261245
1.76004e+09,3396,-0.103802,-0.10384,-3.81068e-05,0.547234,0.547364,0.000129649
1.76004e+09,3397,-0.103762,-0.103802,-3.96123e-05,0.547105,0.547234,0.000129009
1.76004e+09,3398,-0.103721,-0.103762,-4.11195e-05,0.546977,0.547105,0.000128377
1.76004e+09,3399,-0.103679,-0.103721,-4.26282e-05,0.546849,0.546977,0.000127753
1.76004e+09,3400,-0.103635,-0.103679,-4.41387e-05,0.546722,0.546849,0.000127135
1.76004e+09,3401,-0.103589,-0.103635,-4.56508e-05,0.546595,0.546722,0.000126525
1.76004e+09,3402,-0.103542,-0.103589,-4.71648e-05,0.546469,0.546595,0.000125923
1.76004e+09,3403,-0.103493,-0.103542,-4.86807e-05,0.546344,0.546469,0.000125328
1.76004e+09,3404,-0.103443,-0.103493,-5.01984e-05,0.546219,0.546344,0.000124741
1.76004e+09,3405,-0.103391,-0.103443,-5.17182e-05,0.546095,0.546219,0.000124162
1.76004e+09,3406,-0.103338,-0.103391,-5.32401e-05,0.545972,0.546095,0.000123591
1.76004e+09,3407,-0.103283,-0.103338,-5.4764e-05,0.545849,0.545972,0.000123027
1.76004e+09,3408,-0.103227,-0.103338,-0.000111054,0.545726,0.545972,0.000245499
1.76004e+09,3409,-0.103169,-0.103227,-5.78186e-05,0.545604,0.545726,0.000121924
1.76004e+09,3410,-0.10311,-0.103169,-5.93494e-05,0.545483,0.545604,0.000121385
1.76004e+09,3411,-0.103049,-0.10311,-6.08825e-05,0.545362,0.545483,0.000120854
1.76004e+09,3412,-0.102986,-0.103049,-6.24181e-05,0.545242,0.545362,0.000120331
1.76004e+09,3413,-0.102922,-0.102986,-6.39562e-05,0.545122,0.545242,0.000119817
1.76004e+09,3414,-0.102857,-0.102922,-6.54968e-05,0.545003,0.545122,0.000119311
1.76004e+09,3415,-0.10279,-0.102922,-0.000132537,0.544884,0.545122,0.000238125
1.76004e+09,3416,-0.102721,-0.10279,-6.85862e-05,0.544765,0.544884,0.000118325
1.76004e+09,3417,-0.102651,-0.102721,-7.0135e-05,0.544648,0.544765,0.000117846
1.76004e+09,3418,-0.102579,-0.102651,-7.16867e-05,0.54453,0.544648,0.000117374
1.76004e+09,3419,-0.102506,-0.102579,-7.32412e-05,0.544413,0.54453,0.000116912
1.76004e+09,3420,-0.102431,-0.102506,-7.47988e-05,0.544297,0.544413,0.000116459
1.76004e+09,3421,-0.102355,-0.102506,-0.000151158,0.544181,0.544413,0.000232474
1.76004e+09,3422,-0.102277,-0.102355,-7.7923e-05,0.544065,0.544181,0.00011558
1.76004e+09,3423,-0.102198,-0.102277,-7.94899e-05,0.54395,0.544065,0.000115154
1.76004e+09,3424,-0.102117,-0.102198,-8.10599e-05,0.543835,0.54395,0.000114738
1.76004e+09,3425,-0.102034,-0.102198,-0.000163693,0.543721,0.54395,0.000229069
1.76004e+09,3426,-0.10195,-0.102034,-8.42101e-05,0.543607,0.543721,0.000113933
1.76004e+09,3427,-0.101864,-0.10195,-8.57903e-05,0.543493,0.543607,0.000113546
1.76004e+09,3428,-0.101777,-0.101864,-8.7374e-05,0.54338,0.543493,0.000113167
1.76004e+09,3429,-0.101688,-0.101777,-8.89613e-05,0.543268,0.54338,0.000112799
1.76004e+09,3430,-0.101597,-0.101688,-9.05522e-05,0.543155,0.543268,0.000112441
1.76004e+09,3431,-0.101505,-0.101597,-9.21468e-05,0.543043,0.543155,0.000112093
1.76004e+09,3432,-0.101411,-0.101505,-9.37452e-05,0.542931,0.543043,0.000111754
1.76004e+09,3433,-0.101316,-0.101411,-9.53474e-05,0.54282,0.542931,0.000111426
1.76004e+09,3434,-0.101219,-0.101316,-9.69536e-05,0.542709,0.54282,0.000111109
1.76004e+09,3435,-0.10112,-0.101316,-0.000195517,0.542598,0.54282,0.00022191
1.76004e+09,3436,-0.10102,-0.101219,-0.000198741,0.542487,0.542709,0.000221307
1.76004e+09,3437,-0.100918,-0.10112,-0.000201974,0.542377,0.542598,0.000220724
1.76004e+09,3438,-0.100815,-0.10102,-0.000205215,0.542267,0.542487,0.000220163
1.76004e+09,3439,-0.10071,-0.100918,-0.000208464,0.542158,0.542377,0.000219623
1.76004e+09,3440,-0.100603,-0.100815,-0.000211722,0.542048,0.542267,0.000219105
1.76004e+09,3441,-0.100495,-0.10071,-0.000214988,0.541939,0.542158,0.00021861
1.76004e+09,3442,-0.100385,-0.100495,-0.000109952,0.54183,0.541939,0.000108953
1.76004e+09,3443,-0.100273,-0.100385,-0.000111596,0.541721,0.54183,0.000108733
1.76004e+09,3444,-0.10016,-0.100273,-0.000113245,0.541613,0.541721,0.000108525
1.76004e+09,3445,-0.100045,-0.10016,-0.000114899,0.541504,0.541613,0.000108328
1.76004e+09,3446,-0.0999286,-0.100045,-0.000116557,0.541396,0.541504,0.000108143
1.76004e+09,3447,-0.0998104,-0.0999286,-0.00011822,0.541288,0.541396,0.00010797
1.76004e+09,3448,-0.0996905,-0.0998104,-0.000119888,0.54118,0.541288,0.000107809
1.76004e+09,3449,-0.099569,-0.0996905,-0.000121561,0.541073,0.54118,0.00010766
1.76004e+09,3450,-0.0994457,-0.099569,-0.000123239,0.540965,0.541073,0.000107523
1.76004e+09,3451,-0.0993208,-0.0994457,-0.000124922,0.540858,0.540965,0.000107399
1.76004e+09,3452,-0.0991942,-0.0994457,-0.000251533,0.540751,0.540965,0.000214686
1.76004e+09,3453,-0.0990659,-0.0991942,-0.000128304,0.540643,0.540751,0.000107188
1.76004e+09,3454,-0.0989359,-0.0990659,-0.000130003,0.540536,0.540643,0.000107101
1.76004e+09,3455,-0.0988042,-0.0989359,-0.000131707,0.540429,0.540536,0.000107028
1.76004e+09,3456,-0.0986708,-0.0988042,-0.000133417,0.540322,0.540429,0.000106967
1.76004e+09,3457,-0.0985356,-0.0986708,-0.000135132,0.540215,0.540322,0.00010692
1.76004e+09,3458,-0.0983988,-0.0986708,-0.000271984,0.540109,0.540322,0.000213805
1.76004e+09,3459,-0.0982602,-0.0983988,-0.000138579,0.540002,0.540109,0.000106865
1.76004e+09,3460,-0.0981199,-0.0982602,-0.000140311,0.539895,0.540002,0.000106858
1.76004e+09,3461,-0.0979778,-0.0981199,-0.000142049,0.539788,0.539895,0.000106865
1.76004e+09,3462,-0.0978341,-0.0981199,-0.000285842,0.539681,0.539895,0.00021375
1.76004e+09,3463,-0.0976885,-0.0978341,-0.000145543,0.539574,0.539681,0.000106921
1.76004e+09,3464,-0.0975412,-0.0976885,-0.000147298,0.539467,0.539574,0.00010697
1.76004e+09,3465,-0.0973922,-0.0976885,-0.000296359,0.53936,0.539574,0.000214003
1.76004e+09,3466,-0.0972413,-0.0973922,-0.000150828,0.539253,0.53936,0.000107112
1.76004e+09,3467,-0.0970887,-0.0972413,-0.000152603,0.539146,0.539253,0.000107205
1.76004e+09,3468,-0.0969343,-0.0970887,-0.000154383,0.539038,0.539146,0.000107312
1.76004e+09,3469,-0.0967782,-0.0969343,-0.000156171,0.538931,0.539038,0.000107435
1.76004e+09,3470,-0.0966202,-0.0967782,-0.000157964,0.538823,0.538931,0.000107574
1.76004e+09,3471,-0.0964604,-0.0967782,-0.000317729,0.538716,0.538931,0.000215301
1.76004e+09,3472,-0.0962989,-0.0966202,-0.000321336,0.538608,0.538823,0.000215624
1.76004e+09,3473,-0.0961355,-0.0964604,-0.000324956,0.5385,0.538716,0.000215979
1.76004e+09,3474,-0.0959703,-0.0962989,-0.00032859,0.538391,0.538608,0.000216365
1.76004e+09,3475,-0.0958032,-0.0961355,-0.000332237,0.538283,0.5385,0.000216784
1.76004e+09,3476,-0.0956344,-0.0958032,-0.000168866,0.538174,0.538283,0.000108734
1.76004e+09,3477,-0.0954637,-0.0956344,-0.000170707,0.538065,0.538174,0.000108985
1.76004e+09,3478,-0.0952911,-0.0954637,-0.000172555,0.537956,0.538065,0.000109252
1.76004e+09,3479,-0.0951167,-0.0952911,-0.000174411,0.537846,0.537956,0.000109536
1.76004e+09,3480,-0.0949404,-0.0951167,-0.000176273,0.537737,0.537846,0.000109837
1.76004e+09,3481,-0.0947623,-0.0949404,-0.000178143,0.537626,0.537737,0.000110156
1.76004e+09,3482,-0.0945823,-0.0947623,-0.000180021,0.537516,0.537626,0.000110492
1.76004e+09,3483,-0.0944004,-0.0945823,-0.000181905,0.537405,0.537516,0.000110846
1.76004e+09,3484,-0.0942166,-0.0945823,-0.000365703,0.537294,0.537516,0.000222063
1.76004e+09,3485,-0.0940309,-0.0942166,-0.000185697,0.537182,0.537294,0.000111608
1.76004e+09,3486,-0.0938433,-0.0940309,-0.000187605,0.53707,0.537182,0.000112017
1.76004e+09,3487,-0.0936537,-0.0938433,-0.00018952,0.536958,0.53707,0.000112444
1.76004e+09,3488,-0.0934623,-0.0936537,-0.000191443,0.536845,0.536958,0.00011289
1.76004e+09,3489,-0.0932689,-0.0934623,-0.000193374,0.536732,0.536845,0.000113355
1.76004e+09,3490,-0.0930736,-0.0932689,-0.000195313,0.536618,0.536732,0.00011384
1.76004e+09,3491,-0.0928764,-0.0932689,-0.000392574,0.536503,0.536732,0.000228185
1.76004e+09,3492,-0.0926771,-0.0930736,-0.000396476,0.536389,0.536618,0.000229213
1.76004e+09,3493,-0.092476,-0.0928764,-0.000400394,0.536273,0.536503,0.000230281
1.76004e+09,3494,-0.0922728,-0.092476,-0.00020315,0.536157,0.536273,0.000115977
1.76004e+09,3495,-0.0920677,-0.0922728,-0.00020513,0.536041,0.536157,0.000116562
1.76004e+09,3496,-0.0918606,-0.0920677,-0.000207118,0.535923,0.536041,0.000117168
1.76004e+09,3497,-0.0916514,-0.0918606,-0.000209115,0.535806,0.535923,0.000117795
1.76004e+09,3498,-0.0914403,-0.0916514,-0.00021112,0.535687,0.535806,0.000118444
1.76004e+09,3499,-0.0912272,-0.0914403,-0.000213134,0.535568,0.535687,0.000119114
1.76004e+09,3500,-0.091012,-0.0912272,-0.000215157,0.535448,0.535568,0.000119806
1.76004e+09,3501,-0.0907948,-0.091012,-0.000217189,0.535328,0.535448,0.00012052
1.76004e+09,3502,-0.0905756,-0.0907948,-0.000219229,0.535207,0.535328,0.000121256
1.76004e+09,3503,-0.0903543,-0.0905756,-0.000221279,0.535084,0.535207,0.000122015
1.76004e+09,3504,-0.090131,-0.0903543,-0.000223338,0.534962,0.535084,0.000122798
1.76004e+09,3505,-0.0899056,-0.090131,-0.000225406,0.534838,0.534962,0.000123603
1.76004e+09,3506,-0.0896781,-0.0899056,-0.000227484,0.534714,0.534838,0.000124432
1.76004e+09,3507,-0.0894485,-0.0896781,-0.000229571,0.534588,0.534714,0.000125285
1.76004e+09,3508,-0.0892169,-0.0896781,-0.000461239,0.534462,0.534714,0.000251448
1.76004e+09,3509,-0.0889831,-0.0892169,-0.000233775,0.534335,0.534462,0.000127064
1.76004e+09,3510,-0.0887472,-0.0889831,-0.000235893,0.534207,0.534335,0.000127991
1.76004e+09,3511,-0.0885092,-0.0889831,-0.000473914,0.534078,0.534335,0.000256934
1.76004e+09,3512,-0.088269,-0.0885092,-0.000240159,0.533948,0.534078,0.000129921
1.76004e+09,3513,-0.0880267,-0.088269,-0.000242309,0.533817,0.533948,0.000130924
1.76004e+09,3514,-0.0877822,-0.0880267,-0.000244469,0.533685,0.533817,0.000131954
1.76004e+09,3515,-0.0875356,-0.0877822,-0.000246642,0.533552,0.533685,0.00013301
1.76004e+09,3516,-0.0872868,-0.0875356,-0.000248826,0.533418,0.533552,0.000134094
1.76004e+09,3517,-0.0870358,-0.0872868,-0.000251022,0.533283,0.533418,0.000135205
1.76004e+09,3518,-0.0867825,-0.0870358,-0.00025323,0.533147,0.533283,0.000136344
1.76004e+09,3519,-0.0865271,-0.0867825,-0.000255452,0.533009,0.533147,0.000137511
1.76004e+09,3520,-0.0862694,-0.0865271,-0.000257686,0.532871,0.533009,0.000138707
1.76004e+09,3521,-0.0860095,-0.0862694,-0.000259934,0.532731,0.532871,0.000139932
1.76004e+09,3522,-0.0857473,-0.0860095,-0.000262195,0.532589,0.532731,0.000141186
1.76004e+09,3523,-0.0854828,-0.0857473,-0.00026447,0.532447,0.532589,0.000142471
1.76004e+09,3524,-0.085216,-0.0854828,-0.00026676,0.532303,0.532447,0.000143786
1.76004e+09,3525,-0.084947,-0.0854828,-0.000535824,0.532158,0.532447,0.000288918
1.76004e+09,3526,-0.0846756,-0.085216,-0.000540446,0.532012,0.532303,0.000291641
1.76004e+09,3527,-0.0844019,-0.0846756,-0.000273715,0.531864,0.532012,0.000147918
1.76004e+09,3528,-0.0841258,-0.0844019,-0.000276063,0.531714,0.531864,0.00014936
1.76004e+09,3529,-0.0838474,-0.0841258,-0.000278424,0.531563,0.531714,0.000150834
1.76004e+09,3530,-0.0835666,-0.0841258,-0.000559224,0.531411,0.531714,0.000303176
1.76004e+09,3531,-0.0832834,-0.0838474,-0.000563989,0.531257,0.531563,0.000306225
1.76004e+09,3532,-0.0829978,-0.0832834,-0.00028559,0.531102,0.531257,0.000155458
1.76004e+09,3533,-0.0827098,-0.0829978,-0.000288004,0.530945,0.531102,0.000157067
1.76004e+09,3534,-0.0824194,-0.0827098,-0.000290427,0.530786,0.530945,0.00015871
1.76004e+09,3535,-0.0821265,-0.0824194,-0.00029286,0.530626,0.530786,0.000160388
1.76004e+09,3536,-0.0818312,-0.0821265,-0.0002953,0.530463,0.530626,0.000162101
1.76004e+09,3537,-0.0815335,-0.0818312,-0.000297746,0.5303,0.530463,0.000163849
1.76004e+09,3538,-0.0812333,-0.0815335,-0.000300194,0.530134,0.5303,0.000165631
1.76004e+09,3539,-0.0809306,-0.0812333,-0.000302641,0.529967,0.530134,0.000167448
1.76004e+09,3540,-0.0806255,-0.0809306,-0.000305086,0.529797,0.529967,0.000169298
1.76004e+09,3541,-0.080318,-0.0806255,-0.000307524,0.529626,0.529797,0.000171183
1.76004e+09,3542,-0.0800081,-0.080318,-0.000309951,0.529453,0.529626,0.0001731
1.76004e+09,3543,-0.0796957,-0.0800081,-0.000312363,0.529278,0.529453,0.00017505
1.76004e+09,3544,-0.0793809,-0.0796957,-0.000314757,0.529101,0.529278,0.000177031
1.76004e+09,3545,-0.0790638,-0.0796957,-0.000631883,0.528922,0.529278,0.000356074
1.76004e+09,3546,-0.0787444,-0.0793809,-0.000636595,0.528741,0.529101,0.000360127
1.76004e+09,3547,-0.0784226,-0.0787444,-0.000321777,0.528558,0.528741,0.000183153
1.76004e+09,3548,-0.0780985,-0.0784226,-0.000324048,0.528372,0.528558,0.000185249
1.76004e+09,3549,-0.0777723,-0.0780985,-0.000326275,0.528185,0.528372,0.00018737
1.76004e+09,3550,-0.0774438,-0.0777723,-0.000328454,0.527995,0.528185,0.000189514
1.76004e+09,3551,-0.0771132,-0.0774438,-0.00033058,0.527804,0.527995,0.00019168
1.76004e+09,3552,-0.0767806,-0.0771132,-0.000332646,0.52761,0.527804,0.000193865
1.76004e+09,3553,-0.0764459,-0.0767806,-0.000334648,0.527414,0.52761,0.000196068
1.76004e+09,3554,-0.0761093,-0.0764459,-0.00033658,0.527216,0.527414,0.000198286
1.76004e+09,3555,-0.0757709,-0.0761093,-0.000338438,0.527015,0.527216,0.000200516
1.76004e+09,3556,-0.0754307,-0.0757709,-0.000340215,0.526812,0.527015,0.000202757
1.76004e+09,3557,-0.0750888,-0.0754307,-0.000341908,0.526607,0.526812,0.000205006
1.76004e+09,3558,-0.0747453,-0.0754307,-0.000685418,0.5264,0.526812,0.000412265
1.76004e+09,3559,-0.0744003,-0.0750888,-0.00068853,0.526191,0.526607,0.000416775
1.76004e+09,3560,-0.0740538,-0.0747453,-0.000691449,0.525979,0.5264,0.000421287
1.76004e+09,3561,-0.0737061,-0.0740538,-0.000347738,0.525765,0.525979,0.000214024
1.76004e+09,3562,-0.0733571,-0.0737061,-0.000348939,0.525548,0.525765,0.000216271
1.76004e+09,3563,-0.0730071,-0.0733571,-0.000350031,0.52533,0.525548,0.000218509
1.76004e+09,3564,-0.0726561,-0.0730071,-0.000351009,0.525109,0.52533,0.000220735
1.76004e+09,3565,-0.0723042,-0.0726561,-0.000351872,0.524886,0.525109,0.000222947
1.76004e+09,3566,-0.0719516,-0.0723042,-0.000352617,0.524661,0.524886,0.000225141
1.76004e+09,3567,-0.0715984,-0.0719516,-0.000353241,0.524434,0.524661,0.000227315
1.76004e+09,3568,-0.0712446,-0.0715984,-0.000353742,0.524204,0.524434,0.000229466
1.76004e+09,3569,-0.0708905,-0.0712446,-0.00035412,0.523973,0.524204,0.000231591
1.76004e+09,3570,-0.0705361,-0.0708905,-0.000354372,0.523739,0.523973,0.000233688
1.76004e+09,3571,-0.0701816,-0.0705361,-0.000354499,0.523503,0.523739,0.000235754
1.76004e+09,3572,-0.0698271,-0.0701816,-0.000354499,0.523266,0.523503,0.000237787
1.76004e+09,3573,-0.0694728,-0.0698271,-0.000354374,0.523026,0.523266,0.000239784
1.76004e+09,3574,-0.0691186,-0.0694728,-0.000354122,0.522784,0.523026,0.000241743
1.76004e+09,3575,-0.0687649,-0.0694728,-0.000707867,0.52254,0.523026,0.000485404
1.76004e+09,3576,-0.0684117,-0.0687649,-0.000353244,0.522295,0.52254,0.000245538
1.76004e+09,3577,-0.068059,-0.0684117,-0.000352621,0.522047,0.522295,0.000247372
1.76004e+09,3578,-0.0677072,-0.068059,-0.000351876,0.521798,0.522047,0.000249159
1.76004e+09,3579,-0.0673561,-0.0677072,-0.000351013,0.521547,0.521798,0.0002509
1.76004e+09,3580,-0.0670061,-0.0673561,-0.000350034,0.521295,0.521547,0.000252593
1.76004e+09,3581,-0.0666572,-0.0670061,-0.000348941,0.521041,0.521295,0.000254237
1.76004e+09,3582,-0.0663094,-0.0666572,-0.000347738,0.520785,0.521041,0.000255831
1.76004e+09,3583,-0.065963,-0.0663094,-0.000346429,0.520527,0.520785,0.000257374
1.76004e+09,3584,-0.065618,-0.065963,-0.000345017,0.520268,0.520527,0.000258867
1.76004e+09,3585,-0.0652745,-0.065618,-0.000343506,0.520008,0.520268,0.000260308
1.76004e+09,3586,-0.0649326,-0.0652745,-0.000341901,0.519746,0.520008,0.000261698
1.76004e+09,3587,-0.0645924,-0.0649326,-0.000340207,0.519483,0.519746,0.000263037
1.76004e+09,3588,-0.0642539,-0.0645924,-0.000338427,0.519219,0.519483,0.000264326
1.76004e+09,3589,-0.0639174,-0.0642539,-0.000336569,0.518954,0.519219,0.000265565
1.76004e+09,3590,-0.0635827,-0.0639174,-0.000334635,0.518687,0.518954,0.000266755
1.76004e+09,3591,-0.0632501,-0.0639174,-0.000667268,0.518419,0.518954,0.000534652
1.76004e+09,3592,-0.0629195,-0.0632501,-0.000330567,0.51815,0.518419,0.000268992
1.76004e+09,3593,-0.0625911,-0.0632501,-0.000659009,0.51788,0.518419,0.000539035
1.76004e+09,3594,-0.0622648,-0.0625911,-0.000326266,0.517609,0.51788,0.000271049
1.76004e+09,3595,-0.0619408,-0.0622648,-0.000324041,0.517337,0.517609,0.000272013
1.76004e+09,3596,-0.061619,-0.0619408,-0.000321775,0.517064,0.517337,0.000272937
1.76004e+09,3597,-0.0612995,-0.0619408,-0.000641247,0.51679,0.517337,0.000546758
1.76004e+09,3598,-0.0609824,-0.061619,-0.000636609,0.516515,0.517064,0.000548491
1.76004e+09,3599,-0.0606676,-0.0612995,-0.000631912,0.51624,0.51679,0.000550153
1.76004e+09,3600,-0.0604616,-0.0609824,-0.000520772,0.528746,0.516515,-0.012231
1.76004e+09,3601,-0.0602573,-0.0606676,-0.000410313,0.540981,0.51624,-0.0247407
1.76004e+09,3602,-0.0600547,-0.0604616,-0.000406938,0.55296,0.528746,-0.0242134
1.76004e+09,3603,-0.0598538,-0.0600547,-0.000200915,0.564699,0.55296,-0.0117393
1.76004e+09,3604,-0.0596546,-0.0598538,-0.000199201,0.576212,0.564699,-0.0115132
1.76004e+09,3605,-0.0594571,-0.0596546,-0.000197482,0.587512,0.576212,-0.0112994
1.76004e+09,3606,-0.0592613,-0.0594571,-0.000195761,0.598609,0.587512,-0.0110969
1.76004e+09,3607,-0.0590673,-0.0592613,-0.000194041,0.609513,0.598609,-0.0109046
1.76004e+09,3608,-0.058875,-0.0592613,-0.000386364,0.620235,0.598609,-0.0216261
1.76004e+09,3609,-0.0586844,-0.058875,-0.00019061,0.630782,0.620235,-0.0105469
1.76004e+09,3610,-0.0584955,-0.0586844,-0.000188903,0.641162,0.630782,-0.0103801
1.76004e+09,3611,-0.0583083,-0.0584955,-0.000187204,0.651382,0.641162,-0.0102204
1.76004e+09,3612,-0.0581227,-0.0583083,-0.000185514,0.661449,0.651382,-0.0100672
1.76004e+09,3613,-0.0579389,-0.0581227,-0.000183834,0.671369,0.661449,-0.00992016
1.76004e+09,3614,-0.0577567,-0.0579389,-0.000182165,0.681148,0.671369,-0.0097787
1.76004e+09,3615,-0.0575762,-0.0577567,-0.000180508,0.690791,0.681148,-0.00964244
1.76004e+09,3616,-0.0573974,-0.0577567,-0.00035937,0.700302,0.681148,-0.0191534
1.76004e+09,3617,-0.0572201,-0.0573974,-0.000177229,0.709686,0.700302,-0.00938407
1.76004e+09,3618,-0.0570445,-0.0572201,-0.000175608,0.718947,0.709686,-0.00926131
1.76004e+09,3619,-0.0568705,-0.0570445,-0.000173999,0.728089,0.718947,-0.00914247
1.76004e+09,3620,-0.0566981,-0.0568705,-0.000172404,0.737117,0.728089,-0.00902728
1.76004e+09,3621,-0.0565273,-0.0566981,-0.00017082,0.746032,0.737117,-0.00891551
1.76004e+09,3622,-0.0563581,-0.0565273,-0.000169249,0.754839,0.746032,-0.00880694
1.76004e+09,3623,-0.0561904,-0.0563581,-0.00016769,0.76354,0.754839,-0.00870138
1.76004e+09,3624,-0.0560242,-0.0561904,-0.000166144,0.772139,0.76354,-0.00859865
1.76004e+09,3625,-0.0558596,-0.0561904,-0.000330752,0.780638,0.76354,-0.0170972
1.76004e+09,3626,-0.0556965,-0.0558596,-0.000163085,0.789039,0.780638,-0.008401
1.76004e+09,3627,-0.055535,-0.0556965,-0.000161572,0.797344,0.789039,-0.00830579
1.76004e+09,3628,-0.0553749,-0.055535,-0.000160071,0.805557,0.797344,-0.00821281
1.76004e+09,3629,-0.0552163,-0.0553749,-0.000158579,0.813679,0.805557,-0.00812193
1.76004e+09,3630,-0.0550592,-0.0552163,-0.000157099,0.821712,0.813679,-0.00803303
1.76004e+09,3631,-0.0549036,-0.0550592,-0.000155628,0.829658,0.821712,-0.00794602
1.76004e+09,3632,-0.0547494,-0.0549036,-0.000154167,0.837519,0.829658,-0.00786078
1.76004e+09,3633,-0.0545967,-0.0547494,-0.000152716,0.845296,0.837519,-0.00777723
1.76004e+09,3634,-0.0544454,-0.0545967,-0.000151274,0.852992,0.845296,-0.00769528
1.76004e+09,3635,-0.0542956,-0.0544454,-0.000149841,0.860606,0.852992,-0.00761485
1.76004e+09,3636,-0.0541472,-0.0542956,-0.000148417,0.868142,0.860606,-0.00753586
1.76004e+09,3637,-0.0540002,-0.0541472,-0.000147001,0.875601,0.868142,-0.00745823
1.76004e+09,3638,-0.0538546,-0.0540002,-0.000145594,0.882982,0.875601,-0.00738191
1.76004e+09,3639,-0.0537104,-0.0538546,-0.000144195,0.890289,0.882982,-0.00730682
1.76004e+09,3640,-0.0535676,-0.0537104,-0.000142805,0.897522,0.890289,-0.0072329
1.76004e+09,3641,-0.0534262,-0.0535676,-0.000141422,0.904682,0.897522,-0.00716011
1.76004e+09,3642,-0.0532861,-0.0534262,-0.000140047,0.911771,0.904682,-0.00708838
1.76004e+09,3643,-0.0531474,-0.0532861,-0.00013868,0.918788,0.911771,-0.00701767
1.76004e+09,3644,-0.0530101,-0.0531474,-0.00013732,0.925736,0.918788,-0.00694792
1.76004e+09,3645,-0.0528741,-0.0530101,-0.000135968,0.932615,0.925736,-0.0068791
1.76004e+09,3646,-0.0527395,-0.0528741,-0.000134623,0.939426,0.932615,-0.00681116
1.76004e+09,3647,-0.0526062,-0.0527395,-0.000133286,0.946171,0.939426,-0.00674406
1.76004e+09,3648,-0.0524743,-0.0526062,-0.000131955,0.952848,0.946171,-0.00667776
1.76004e+09,3649,-0.0523436,-0.0524743,-0.000130632,0.959461,0.952848,-0.00661223
1.76004e+09,3650,-0.0522143,-0.0523436,-0.000129315,0.966008,0.959461,-0.00654742
1.76004e+09,3651,-0.0520863,-0.0522143,-0.000128006,0.972491,0.966008,-0.00648332
1.76004e+09,3652,-0.0519596,-0.0520863,-0.000126703,0.978911,0.972491,-0.00641988
1.76004e+09,3653,-0.0518342,-0.0519596,-0.000125407,0.985268,0.978911,-0.00635707
1.76004e+09,3654,-0.0517101,-0.0518342,-0.000124117,0.991563,0.985268,-0.00629488
1.76004e+09,3655,-0.0515873,-0.0517101,-0.000122834,0.997796,0.991563,-0.00623327
1.76004e+09,3656,-0.0514657,-0.0515873,-0.000121558,1.00397,0.997796,-0.00617222
1.76004e+09,3657,-0.0513454,-0.0514657,-0.000120287,1.01008,1.00397,-0.00611169
1.76004e+09,3658,-0.0512264,-0.0514657,-0.000239311,1.01613,1.00397,-0.0121634
1.76004e+09,3659,-0.0511086,-0.0512264,-0.000117766,1.02212,1.01613,-0.00599215
1.76004e+09,3660,-0.0509921,-0.0511086,-0.000116514,1.02806,1.02212,-0.00593309
1.76004e+09,3661,-0.0508769,-0.0509921,-0.000115269,1.03393,1.02806,-0.00587448
1.76004e+09,3662,-0.0507628,-0.0508769,-0.000114029,1.03975,1.03393,-0.00581629
1.76004e+09,3663,-0.05065,-0.0507628,-0.000112796,1.04551,1.03975,-0.0057585
1.76004e+09,3664,-0.0505385,-0.05065,-0.000111568,1.05121,1.04551,-0.00570111
1.76004e+09,3665,-0.0504281,-0.05065,-0.000221914,1.05685,1.04551,-0.0113452
1.76004e+09,3666,-0.050319,-0.0504281,-0.00010913,1.06244,1.05685,-0.00558743
1.76004e+09,3667,-0.0502111,-0.050319,-0.000107919,1.06797,1.06244,-0.0055311
1.76004e+09,3668,-0.0501043,-0.0502111,-0.000106714,1.07345,1.06797,-0.00547511
1.76004e+09,3669,-0.0499988,-0.0501043,-0.000105514,1.07886,1.07345,-0.00541942
1.76004e+09,3670,-0.0498945,-0.0499988,-0.00010432,1.08423,1.07886,-0.00536404
1.76004e+09,3671,-0.0497914,-0.0498945,-0.000103131,1.08954,1.08423,-0.00530893
1.76004e+09,3672,-0.0496894,-0.0497914,-0.000101947,1.09479,1.08954,-0.0052541
1.76004e+09,3673,-0.0495887,-0.0496894,-0.000100768,1.09999,1.09479,-0.00519953
1.76004e+09,3674,-0.0494891,-0.0495887,-9.9595e-05,1.10514,1.09999,-0.00514521
1.76004e+09,3675,-0.0493906,-0.0494891,-9.84265e-05,1.11023,1.10514,-0.00509113
1.76004e+09,3676,-0.0492934,-0.0493906,-9.72629e-05,1.11526,1.11023,-0.00503727
1.76004e+09,3677,-0.0491973,-0.0493906,-0.000193367,1.12025,1.11023,-0.0100209
1.76004e+09,3678,-0.0491023,-0.0491973,-9.49503e-05,1.12518,1.12025,-0.0049302
1.76004e+09,3679,-0.0490085,-0.0491023,-9.38012e-05,1.13006,1.12518,-0.00487697
1.76004e+09,3680,-0.0489159,-0.0490085,-9.26567e-05,1.13488,1.13006,-0.00482392
1.76004e+09,3681,-0.0488244,-0.0489159,-9.15167e-05,1.13965,1.13488,-0.00477105
1.76004e+09,3682,-0.048734,-0.0488244,-9.03813e-05,1.14437,1.13965,-0.00471835
1.76004e+09,3683,-0.0486447,-0.048734,-8.92504e-05,1.14903,1.14437,-0.00466581
1.76004e+09,3684,-0.0485566,-0.0486447,-8.81238e-05,1.15365,1.14903,-0.00461343
1.76004e+09,3685,-0.0484696,-0.0485566,-8.70015e-05,1.15821,1.15365,-0.0045612
1.76004e+09,3686,-0.0483837,-0.0484696,-8.58835e-05,1.16272,1.15821,-0.00450911
1.76004e+09,3687,-0.0482989,-0.0483837,-8.47696e-05,1.16718,1.16272,-0.00445714
1.76004e+09,3688,-0.0482153,-0.0482989,-8.36599e-05,1.17158,1.16718,-0.00440531
1.76004e+09,3689,-0.0481327,-0.0482153,-8.25541e-05,1.17593,1.17158,-0.0043536
1.76004e+09,3690,-0.0480513,-0.0481327,-8.14524e-05,1.18024,1.17593,-0.00430199
1.76004e+09,3691,-0.0479709,-0.0481327,-0.000161807,1.18449,1.17593,-0.0085525
1.76004e+09,3692,-0.0478917,-0.0479709,-7.92606e-05,1.18869,1.18449,-0.00419911
1.76004e+09,3693,-0.0478135,-0.0479709,-0.000157431,1.19283,1.18449,-0.00834692
1.76004e+09,3694,-0.0477364,-0.0478135,-7.70839e-05,1.19693,1.19283,-0.00409661
1.76004e+09,3695,-0.0476604,-0.0477364,-7.60011e-05,1.20098,1.19693,-0.00404549
1.76004e+09,3696,-0.0475855,-0.0476604,-7.49219e-05,1.20497,1.20098,-0.00399445
1.76004e+09,3697,-0.0475116,-0.0475855,-7.38462e-05,1.20891,1.20497,-0.00394349
1.76004e+09,3698,-0.0474389,-0.0475116,-7.2774e-05,1.21281,1.20891,-0.0038926
1.76004e+09,3699,-0.0473672,-0.0474389,-7.17052e-05,1.21665,1.21281,-0.00384178
1.76004e+09,3700,-0.0472965,-0.0473672,-7.06398e-05,1.22044,1.21665,-0.00379102
1.76004e+09,3701,-0.0472269,-0.0472965,-6.95776e-05,1.22418,1.22044,-0.00374031
1.76004e+09,3702,-0.0471584,-0.0472269,-6.85187e-05,1.22787,1.22418,-0.00368967
1.76004e+09,3703,-0.047091,-0.0471584,-6.7463e-05,1.23151,1.22787,-0.00363907
1.76004e+09,3704,-0.0470246,-0.047091,-6.64104e-05,1.2351,1.23151,-0.00358852
1.76004e+09,3705,-0.0469592,-0.0470246,-6.53608e-05,1.23864,1.2351,-0.00353801
1.76004e+09,3706,-0.0468949,-0.0469592,-6.43143e-05,1.24212,1.23864,-0.00348755
1.76004e+09,3707,-0.0468316,-0.0468949,-6.32707e-05,1.24556,1.24212,-0.00343712
1.76004e+09,3708,-0.0467694,-0.0468316,-6.223e-05,1.24895,1.24556,-0.00338672
1.76004e+09,3709,-0.0467082,-0.0467694,-6.11921e-05,1.25228,1.24895,-0.00333636
1.76004e+09,3710,-0.046648,-0.0467082,-6.01571e-05,1.25557,1.25228,-0.00328602
1.76004e+09,3711,-0.0465889,-0.046648,-5.91247e-05,1.2588,1.25557,-0.00323571
1.76004e+09,3712,-0.0465308,-0.0465889,-5.80951e-05,1.26199,1.2588,-0.00318543
1.76004e+09,3713,-0.0464737,-0.0465308,-5.70681e-05,1.26513,1.26199,-0.00313516
1.76004e+09,3714,-0.0464177,-0.0464737,-5.60436e-05,1.26821,1.26513,-0.00308491
1.76004e+09,3715,-0.0463627,-0.0464177,-5.50217e-05,1.27124,1.26821,-0.00303467
1.76004e+09,3716,-0.0463087,-0.0463627,-5.40022e-05,1.27423,1.27124,-0.00298445
1.76004e+09,3717,-0.0462557,-0.0463087,-5.29852e-05,1.27716,1.27423,-0.00293424
1.76004e+09,3718,-0.0462037,-0.0462557,-5.19705e-05,1.28005,1.27716,-0.00288403
1.76004e+09,3719,-0.0461528,-0.0462037,-5.09581e-05,1.28288,1.28005,-0.00283384
1.76004e+09,3720,-0.0461028,-0.0461528,-4.9948e-05,1.28566,1.28288,-0.00278365
1.76004e+09,3721,-0.0460539,-0.0461028,-4.89401e-05,1.2884,1.28566,-0.00273346
1.76004e+09,3722,-0.0460059,-0.0460539,-4.79344e-05,1.29108,1.2884,-0.00268327
1.76004e+09,3723,-0.045959,-0.0460059,-4.69308e-05,1.29371,1.29108,-0.00263308
1.76004e+09,3724,-0.0459131,-0.045959,-4.59293e-05,1.2963,1.29371,-0.00258289
1.76004e+09,3725,-0.0458681,-0.0459131,-4.49298e-05,1.29883,1.2963,-0.0025327
1.76004e+09,3726,-0.0458242,-0.0458681,-4.39322e-05,1.30131,1.29883,-0.0024825
1.76004e+09,3727,-0.0457813,-0.0458242,-4.29366e-05,1.30375,1.30131,-0.0024323
1.76004e+09,3728,-0.0457393,-0.0457813,-4.19429e-05,1.30613,1.30375,-0.00238209
1.76004e+09,3729,-0.0456984,-0.0457393,-4.0951e-05,1.30846,1.30613,-0.00233187
1.76004e+09,3730,-0.0456584,-0.0456984,-3.99609e-05,1.31074,1.30846,-0.00228164
1.76004e+09,3731,-0.0456194,-0.0456584,-3.89725e-05,1.31297,1.31074,-0.0022314
1.76004e+09,3732,-0.0455815,-0.0456194,-3.79858e-05,1.31515,1.31297,-0.00218115
1.76004e+09,3733,-0.0455445,-0.0455815,-3.70008e-05,1.31728,1.31515,-0.00213088
1.76004e+09,3734,-0.0455084,-0.0455445,-3.60174e-05,1.31936,1.31728,-0.00208061
1.76004e+09,3735,-0.0454734,-0.0455084,-3.50355e-05,1.3214,1.31936,-0.00203031
1.76004e+09,3736,-0.0454394,-0.0454734,-3.40552e-05,1.32338,1.3214,-0.00198
1.76004e+09,3737,-0.0454063,-0.0454394,-3.30763e-05,1.3253,1.32338,-0.00192968
1.76004e+09,3738,-0.0453742,-0.0454063,-3.20989e-05,1.32718,1.3253,-0.00187934
1.76004e+09,3739,-0.0453431,-0.0453742,-3.11228e-05,1.32901,1.32718,-0.00182898
1.76004e+09,3740,-0.0453129,-0.0453431,-3.01481e-05,1.33079,1.32901,-0.0017786
1.76004e+09,3741,-0.0452837,-0.0453129,-2.91747e-05,1.33252,1.33079,-0.00172821
1.76004e+09,3742,-0.0452555,-0.0452837,-2.82025e-05,1.3342,1.33252,-0.0016778
1.76004e+09,3743,-0.0452283,-0.0452555,-2.72316e-05,1.33583,1.3342,-0.00162736
1.76004e+09,3744,-0.045202,-0.0452283,-2.62618e-05,1.3374,1.33583,-0.00157691
1.76004e+09,3745,-0.0451767,-0.045202,-2.52932e-05,1.33893,1.3374,-0.00152644
1.76004e+09,3746,-0.0451524,-0.0451767,-2.43256e-05,1.3404,1.33893,-0.00147594
1.76004e+09,3747,-0.0451291,-0.0451524,-2.33591e-05,1.34183,1.3404,-0.00142543
1.76004e+09,3748,-0.0451067,-0.0451291,-2.23936e-05,1.3432,1.34183,-0.00137489
1.76004e+09,3749,-0.0450852,-0.0451067,-2.14291e-05,1.34453,1.3432,-0.00132434
1.76004e+09,3750,-0.0450648,-0.0450852,-2.04655e-05,1.3458,1.34453,-0.00127376
1.76004e+09,3751,-0.0450453,-0.0450648,-1.95028e-05,1.34703,1.3458,-0.00122316
1.76004e+09,3752,-0.0450267,-0.0450453,-1.85409e-05,1.3482,1.34703,-0.00117254
1.76004e+09,3753,-0.0450091,-0.0450267,-1.75798e-05,1.34932,1.3482,-0.0011219
1.76004e+09,3754,-0.0449925,-0.0450091,-1.66195e-05,1.35039,1.34932,-0.00107123
1.76004e+09,3755,-0.0449769,-0.0449925,-1.566e-05,1.35141,1.35039,-0.00102055
1.76004e+09,3756,-0.0449622,-0.0449769,-1.47011e-05,1.35238,1.35141,-0.000969838
1.76004e+09,3757,-0.0449484,-0.0449622,-1.37428e-05,1.3533,1.35238,-0.000919109
1.76004e+09,3758,-0.0449356,-0.0449484,-1.27852e-05,1.35417,1.3533,-0.000868358
1.76004e+09,3759,-0.0449238,-0.0449356,-1.18281e-05,1.35499,1.35417,-0.000817585
1.76004e+09,3760,-0.0449129,-0.0449238,-1.08716e-05,1.35575,1.35499,-0.000766791
1.76004e+09,3761,-0.044903,-0.0449238,-2.07872e-05,1.35647,1.35499,-0.00148277
1.76004e+09,3762,-0.0448941,-0.044903,-8.95997e-06,1.35713,1.35647,-0.000665139
1.76004e+09,3763,-0.0448861,-0.0448941,-8.00479e-06,1.35775,1.35713,-0.000614282
1.76004e+09,3764,-0.044879,-0.0448861,-7.04998e-06,1.35831,1.35775,-0.000563403
1.76004e+09,3765,-0.0448729,-0.044879,-6.09551e-06,1.35883,1.35831,-0.000512505
1.76004e+09,3766,-0.0448678,-0.0448729,-5.14133e-06,1.35929,1.35883,-0.000461586
1.76004e+09,3767,-0.0448636,-0.0448678,-4.18741e-06,1.3597,1.35929,-0.000410646
1.76004e+09,3768,-0.0448604,-0.0448636,-3.23372e-06,1.36006,1.3597,-0.000359687
1.76004e+09,3769,-0.0448581,-0.0448604,-2.2802e-06,1.36037,1.36006,-0.000308709
1.76004e+09,3770,-0.0448567,-0.0448581,-1.32682e-06,1.36062,1.36037,-0.000257711
1.76004e+09,3771,-0.0448564,-0.0448567,-3.73552e-07,1.36083,1.36062,-0.000206694
1.76004e+09,3772,-0.0448569,-0.0448564,5.79653e-07,1.36099,1.36083,-0.000155658
1.76004e+09,3773,-0.0448585,-0.0448569,1.53283e-06,1.36109,1.36099,-0.000104604
1.76004e+09,3774,-0.044861,-0.0448585,2.48602e-06,1.36114,1.36109,-5.35314e-05
1.76004e+09,3775,-0.0448644,-0.0448585,5.92527e-06,1.36115,1.36109,-5.59727e-05
1.76004e+09,3776,-0.0448688,-0.0448644,4.39258e-06,1.3611,1.36115,4.86665e-05
1.76004e+09,3777,-0.0448741,-0.0448688,5.34603e-06,1.361,1.3611,9.97914e-05
1.76004e+09,3778,-0.0448804,-0.0448741,6.29965e-06,1.36085,1.361,0.000150933
1.76004e+09,3779,-0.0448877,-0.0448804,7.25347e-06,1.36064,1.36085,0.000202092
1.76004e+09,3780,-0.0448959,-0.0448877,8.20754e-06,1.36039,1.36064,0.000253266
1.76004e+09,3781,-0.0449051,-0.0448959,9.16188e-06,1.36009,1.36039,0.000304457
1.76004e+09,3782,-0.0449152,-0.0449051,1.01165e-05,1.35973,1.36009,0.000355663
1.76004e+09,3783,-0.0449263,-0.0449152,1.10716e-05,1.35932,1.35973,0.000406885
1.76004e+09,3784,-0.0449383,-0.0449263,1.2027e-05,1.35887,1.35932,0.000458122
1.76004e+09,3785,-0.0449513,-0.0449383,1.29829e-05,1.35836,1.35887,0.000509373
1.76004e+09,3786,-0.0449652,-0.0449513,1.39392e-05,1.3578,1.35836,0.00056064
1.76004e+09,3787,-0.0449801,-0.0449652,1.48961e-05,1.35718,1.3578,0.00061192
1.76004e+09,3788,-0.044996,-0.0449801,1.58535e-05,1.35652,1.35718,0.000663214
1.76004e+09,3789,-0.0450128,-0.044996,1.68115e-05,1.35581,1.35652,0.000714523
1.76004e+09,3790,-0.0450305,-0.0450128,1.77701e-05,1.35504,1.35581,0.000765844
1.76004e+09,3791,-0.0450493,-0.0450305,1.87294e-05,1.35422,1.35504,0.000817179
1.76004e+09,3792,-0.045069,-0.0450493,1.96895e-05,1.35336,1.35422,0.000868528
1.76004e+09,3793,-0.0450896,-0.045069,2.06503e-05,1.35244,1.35336,0.000919889
1.76004e+09,3794,-0.0451112,-0.0450896,2.16119e-05,1.35146,1.35244,0.000971263
1.76004e+09,3795,-0.0451338,-0.0451112,2.25743e-05,1.35044,1.35146,0.00102265
1.76004e+09,3796,-0.0451573,-0.0451338,2.35376e-05,1.34937,1.35044,0.00107405
1.76004e+09,3797,-0.0451818,-0.0451573,2.45018e-05,1.34824,1.34937,0.00112546
1.76004e+09,3798,-0.0452073,-0.0451818,2.5467e-05,1.34707,1.34824,0.00117689
1.76004e+09,3799,-0.0452337,-0.0452073,2.64332e-05,1.34584,1.34707,0.00122832
1.76004e+09,3800,-0.0452611,-0.0452337,2.74005e-05,1.34456,1.34584,0.00127977
1.76004e+09,3801,-0.0452895,-0.0452611,2.83688e-05,1.34323,1.34456,0.00133123
1.76004e+09,3802,-0.0453188,-0.0452895,2.93383e-05,1.34184,1.34323,0.00138271
1.76004e+09,3803,-0.0453491,-0.0453188,3.03089e-05,1.34041,1.34184,0.0014342
1.76004e+09,3804,-0.0453804,-0.0453491,3.12808e-05,1.33892,1.34041,0.0014857
1.76004e+09,3805,-0.0454127,-0.0453804,3.22539e-05,1.33739,1.33892,0.00153721
1.76004e+09,3806,-0.0454459,-0.0454127,3.32283e-05,1.3358,1.33739,0.00158874
1.76004e+09,3807,-0.0454801,-0.0454459,3.42041e-05,1.33416,1.3358,0.00164028
1.76004e+09,3808,-0.0455153,-0.0454801,3.51813e-05,1.33247,1.33416,0.00169183
1.76004e+09,3809,-0.0455515,-0.0455153,3.61599e-05,1.33072,1.33247,0.0017434
1.76004e+09,3810,-0.0455886,-0.0455515,3.714e-05,1.32893,1.33072,0.00179498
1.76004e+09,3811,-0.0456267,-0.0455886,3.81216e-05,1.32708,1.32893,0.00184658
1.76004e+09,3812,-0.0456658,-0.0456267,3.91048e-05,1.32518,1.32708,0.00189819
1.76004e+09,3813,-0.0457059,-0.0456658,4.00896e-05,1.32323,1.32518,0.00194982
1.76004e+09,3814,-0.045747,-0.0457059,4.10761e-05,1.32123,1.32323,0.00200147
1.76004e+09,3815,-0.0457891,-0.045747,4.20643e-05,1.31918,1.32123,0.00205313
1.76004e+09,3816,-0.0458321,-0.0457891,4.30542e-05,1.31707,1.31918,0.00210481
1.76004e+09,3817,-0.0458762,-0.0458321,4.4046e-05,1.31492,1.31707,0.00215651
1.76004e+09,3818,-0.0459212,-0.0458762,4.50396e-05,1.31271,1.31492,0.00220823
1.76004e+09,3819,-0.0459672,-0.0459212,4.60351e-05,1.31045,1.31271,0.00225997
1.76004e+09,3820,-0.0460143,-0.0459672,4.70326e-05,1.30814,1.31045,0.00231173
1.76004e+09,3821,-0.0460623,-0.0460143,4.80321e-05,1.30577,1.30814,0.00236351
1.76004e+09,3822,-0.0461113,-0.0460623,4.90336e-05,1.30336,1.30577,0.00241532
1.76004e+09,3823,-0.0461614,-0.0461113,5.00372e-05,1.30089,1.30336,0.00246715
1.76004e+09,3824,-0.0462124,-0.0461614,5.1043e-05,1.29837,1.30089,0.00251901
1.76004e+09,3825,-0.0462645,-0.0461614,0.000103094,1.2958,1.30089,0.00508991
1.76004e+09,3826,-0.0463175,-0.0462124,0.000105112,1.29318,1.29837,0.00519371
1.76004e+09,3827,-0.0463716,-0.0462645,0.000107135,1.2905,1.2958,0.00529757
1.76004e+09,3828,-0.0464267,-0.0463716,5.50886e-05,1.28778,1.2905,0.00272673
1.76004e+09,3829,-0.0464828,-0.0464267,5.61058e-05,1.285,1.28778,0.00277874
1.76004e+09,3830,-0.0465399,-0.0464828,5.71256e-05,1.28217,1.285,0.00283079
1.76004e+09,3831,-0.0465981,-0.0465399,5.81478e-05,1.27928,1.28217,0.00288287
1.76004e+09,3832,-0.0466572,-0.0465981,5.91727e-05,1.27635,1.27928,0.00293499
1.76004e+09,3833,-0.0467174,-0.0466572,6.02001e-05,1.27336,1.27635,0.00298716
1.76004e+09,3834,-0.0467787,-0.0467174,6.12302e-05,1.27032,1.27336,0.00303936
1.76004e+09,3835,-0.0468409,-0.0467787,6.22631e-05,1.26723,1.27032,0.00309161
1.76004e+09,3836,-0.0469042,-0.0468409,6.32987e-05,1.26409,1.26723,0.00314392
1.76004e+09,3837,-0.0469686,-0.0468409,0.000127636,1.26089,1.26723,0.00634018
1.76004e+09,3838,-0.0470339,-0.0469686,6.53785e-05,1.25764,1.26089,0.00324867
1.76004e+09,3839,-0.0471004,-0.0470339,6.64228e-05,1.25434,1.25764,0.00330113
1.76004e+09,3840,-0.0471678,-0.0471004,6.74702e-05,1.25099,1.25434,0.00335365
1.76004e+09,3841,-0.0472364,-0.0471678,6.85206e-05,1.24758,1.25099,0.00340623
1.76004e+09,3842,-0.0473059,-0.0472364,6.95741e-05,1.24412,1.24758,0.00345888
1.76004e+09,3843,-0.0473766,-0.0472364,0.000140205,1.24061,1.24758,0.00697047
1.76004e+09,3844,-0.0474483,-0.0473766,7.16908e-05,1.23705,1.24061,0.00356438
1.76004e+09,3845,-0.047521,-0.0474483,7.2754e-05,1.23343,1.23705,0.00361724
1.76004e+09,3846,-0.0475948,-0.047521,7.38207e-05,1.22976,1.23343,0.00367018
1.76004e+09,3847,-0.0476697,-0.0475948,7.48907e-05,1.22604,1.22976,0.00372321
1.76004e+09,3848,-0.0477457,-0.0476697,7.59643e-05,1.22226,1.22604,0.00377632
1.76004e+09,3849,-0.0478227,-0.0477457,7.70414e-05,1.21843,1.22226,0.00382952
1.76004e+09,3850,-0.0479008,-0.0478227,7.81221e-05,1.21455,1.21843,0.00388282
1.76004e+09,3851,-0.04798,-0.0478227,0.000157328,1.21061,1.21843,0.00781905
1.76004e+09,3852,-0.0480603,-0.0479008,0.000159501,1.20662,1.21455,0.00792596
1.76004e+09,3853,-0.0481417,-0.0480603,8.13865e-05,1.20258,1.20662,0.00404335
1.76004e+09,3854,-0.0482242,-0.0481417,8.24823e-05,1.19848,1.20258,0.00409708
1.76004e+09,3855,-0.0483078,-0.0482242,8.3582e-05,1.19433,1.19848,0.00415094
1.76004e+09,3856,-0.0483925,-0.0483078,8.46857e-05,1.19012,1.19433,0.00420492
1.76004e+09,3857,-0.0484783,-0.0483925,8.57935e-05,1.18587,1.19012,0.00425903
1.76004e+09,3858,-0.0485652,-0.0483925,0.000172699,1.18155,1.19012,0.00857232
1.76004e+09,3859,-0.0486532,-0.0485652,8.80215e-05,1.17718,1.18155,0.00436769
1.76004e+09,3860,-0.0487423,-0.0486532,8.91419e-05,1.17276,1.17718,0.00442224
1.76004e+09,3861,-0.0488326,-0.0487423,9.02667e-05,1.16829,1.17276,0.00447695
1.76004e+09,3862,-0.048924,-0.0488326,9.13958e-05,1.16375,1.16829,0.00453183
1.76004e+09,3863,-0.0490165,-0.048924,9.25294e-05,1.15917,1.16375,0.00458688
1.76004e+09,3864,-0.0491102,-0.0490165,9.36676e-05,1.15452,1.15917,0.00464212
1.76004e+09,3865,-0.049205,-0.0490165,0.000188478,1.14983,1.15917,0.00933966
1.76004e+09,3866,-0.049301,-0.049205,9.59578e-05,1.14507,1.14983,0.00475317
1.76004e+09,3867,-0.0493981,-0.049205,0.000193068,1.14026,1.14983,0.00956218
1.76004e+09,3868,-0.0494963,-0.0493981,9.82671e-05,1.1354,1.14026,0.00486506
1.76004e+09,3869,-0.0495958,-0.0494963,9.94291e-05,1.13048,1.1354,0.00492134
1.76004e+09,3870,-0.0496964,-0.0495958,0.000100596,1.1255,1.13048,0.00497785
1.76004e+09,3871,-0.0497981,-0.0496964,0.000101768,1.12047,1.1255,0.00503462
1.76004e+09,3872,-0.0499011,-0.0496964,0.000204713,1.11537,1.1255,0.0101263
1.76004e+09,3873,-0.0500052,-0.0499011,0.000104128,1.11023,1.11537,0.00514893
1.76004e+09,3874,-0.0501105,-0.0500052,0.000105315,1.10502,1.11023,0.00520651
1.76004e+09,3875,-0.050217,-0.0501105,0.000106508,1.09975,1.10502,0.00526438
1.76004e+09,3876,-0.0503247,-0.050217,0.000107707,1.09443,1.09975,0.00532256
1.76004e+09,3877,-0.0504337,-0.0503247,0.000108911,1.08905,1.09443,0.00538106
1.76004e+09,3878,-0.0505438,-0.0504337,0.00011012,1.08361,1.08905,0.0054399
1.76004e+09,3879,-0.0506551,-0.0505438,0.000111335,1.07811,1.08361,0.00549908
1.76004e+09,3880,-0.0507677,-0.0506551,0.000112556,1.07255,1.07811,0.00555864
1.76004e+09,3881,-0.0508814,-0.0507677,0.000113783,1.06693,1.07255,0.00561857
1.76004e+09,3882,-0.0509965,-0.0508814,0.000115015,1.06126,1.06693,0.00567891
1.76004e+09,3883,-0.0511127,-0.0509965,0.000116254,1.05552,1.06126,0.00573965
1.76004e+09,3884,-0.0512302,-0.0511127,0.000117498,1.04972,1.05552,0.00580084
1.76004e+09,3885,-0.051349,-0.0512302,0.000118749,1.04385,1.04972,0.00586248
1.76004e+09,3886,-0.051469,-0.051349,0.000120006,1.03793,1.04385,0.00592459
1.76004e+09,3887,-0.0515902,-0.051469,0.000121269,1.03194,1.03793,0.0059872
1.76004e+09,3888,-0.0517128,-0.0515902,0.000122539,1.02589,1.03194,0.00605033
1.76004e+09,3889,-0.0518366,-0.0517128,0.000123814,1.01978,1.02589,0.00611399
1.76004e+09,3890,-0.0519617,-0.0518366,0.000125097,1.0136,1.01978,0.00617823
1.76004e+09,3891,-0.0520881,-0.0518366,0.000251482,1.00736,1.01978,0.0124213
1.76004e+09,3892,-0.0522158,-0.0519617,0.000254067,1.00105,1.0136,0.0125515
1.76004e+09,3893,-0.0523447,-0.0520881,0.000256665,0.994672,1.00736,0.0126831
1.76004e+09,3894,-0.052475,-0.0522158,0.000259276,0.988231,1.00105,0.0128159
1.76004e+09,3895,-0.0526066,-0.052475,0.000131608,0.981722,0.988231,0.00650879
1.76004e+09,3896,-0.0527396,-0.0526066,0.000132931,0.975145,0.981722,0.006577
1.76004e+09,3897,-0.0528738,-0.0527396,0.000134261,0.968499,0.975145,0.00664597
1.76004e+09,3898,-0.0530094,-0.0528738,0.000135599,0.961783,0.968499,0.00671576
1.76004e+09,3899,-0.0531464,-0.0530094,0.000136943,0.954997,0.961783,0.00678639
1.76004e+09,3900,-0.0532847,-0.0531464,0.000138295,0.948139,0.954997,0.0068579
1.76004e+09,3901,-0.0534243,-0.0532847,0.000139654,0.941209,0.948139,0.00693035
1.76004e+09,3902,-0.0535653,-0.0534243,0.000141021,0.934205,0.941209,0.00700377
1.76004e+09,3903,-0.0537077,-0.0535653,0.000142395,0.927127,0.934205,0.00707821
1.76004e+09,3904,-0.0538515,-0.0537077,0.000143778,0.919973,0.927127,0.00715371
1.76004e+09,3905,-0.0539967,-0.0538515,0.000145168,0.912743,0.919973,0.00723035
1.76004e+09,3906,-0.0541433,-0.0539967,0.000146567,0.905434,0.912743,0.00730816
1.76004e+09,3907,-0.0542912,-0.0539967,0.00029454,0.898047,0.912743,0.0146954
1.76004e+09,3908,-0.0544406,-0.0541433,0.000297363,0.89058,0.905434,0.0148548
1.76004e+09,3909,-0.0545914,-0.0542912,0.000300202,0.88303,0.898047,0.0150168
1.76004e+09,3910,-0.0547437,-0.0544406,0.00030306,0.875398,0.89058,0.0151817
1.76004e+09,3911,-0.0548974,-0.0547437,0.000153689,0.867681,0.875398,0.0077171
1.76004e+09,3912,-0.0550525,-0.0548974,0.000155141,0.859878,0.867681,0.00780337
1.76004e+09,3913,-0.0552091,-0.0550525,0.000156602,0.851986,0.859878,0.00789131
1.76004e+09,3914,-0.0553672,-0.0552091,0.000158074,0.844005,0.851986,0.00798103
1.76004e+09,3915,-0.0555267,-0.0553672,0.000159556,0.835933,0.844005,0.00807262
1.76004e+09,3916,-0.0556878,-0.0555267,0.000161048,0.827766,0.835933,0.00816618
1.76004e+09,3917,-0.0558503,-0.0556878,0.000162552,0.819505,0.827766,0.00826182
1.76004e+09,3918,-0.0560144,-0.0558503,0.000164067,0.811145,0.819505,0.00835968
1.76004e+09,3919,-0.05618,-0.0560144,0.000165593,0.802685,0.811145,0.00845987
1.76004e+09,3920,-0.0563471,-0.05618,0.000167132,0.794123,0.802685,0.00856253
1.76004e+09,3921,-0.0565158,-0.0563471,0.000168682,0.785455,0.794123,0.00866782
1.76004e+09,3922,-0.0566861,-0.0565158,0.000170246,0.776679,0.785455,0.0087759
1.76004e+09,3923,-0.0568579,-0.0566861,0.000171822,0.767792,0.776679,0.00888694
1.76004e+09,3924,-0.0570313,-0.0568579,0.000173411,0.758791,0.767792,0.00900112
1.76004e+09,3925,-0.0572063,-0.0570313,0.000175014,0.749672,0.758791,0.00911867
1.76004e+09,3926,-0.0573829,-0.0572063,0.00017663,0.740432,0.749672,0.00923979
1.76004e+09,3927,-0.0575612,-0.0573829,0.000178259,0.731068,0.740432,0.00936474
1.76004e+09,3928,-0.0577411,-0.0573829,0.000358161,0.721574,0.740432,0.0188585
1.76004e+09,3929,-0.0579227,-0.0577411,0.000181558,0.711947,0.721574,0.00962717
1.76004e+09,3930,-0.0581059,-0.0579227,0.000183226,0.702181,0.711947,0.00976527
1.76004e+09,3931,-0.0582908,-0.0581059,0.000184907,0.692273,0.702181,0.00990841
1.76004e+09,3932,-0.0584774,-0.0581059,0.000371506,0.682216,0.702181,0.0199654
1.76004e+09,3933,-0.0586657,-0.0584774,0.000188302,0.672005,0.682216,0.0102114
1.76004e+09,3934,-0.0588557,-0.0586657,0.000190015,0.661632,0.672005,0.0103721
1.76004e+09,3935,-0.0590474,-0.0588557,0.000191735,0.651093,0.661632,0.0105397
1.76004e+09,3936,-0.0592409,-0.0590474,0.000193462,0.640378,0.651093,0.0107147
1.76004e+09,3937,-0.0594361,-0.0592409,0.000195192,0.62948,0.640378,0.0108978
1.76004e+09,3938,-0.059633,-0.0594361,0.000196925,0.618391,0.62948,0.0110897
1.76004e+09,3939,-0.0598317,-0.059633,0.000198656,0.607099,0.618391,0.0112911
1.76004e+09,3940,-0.0601377,-0.0598317,0.000306024,0.606889,0.607099,0.000210376
1.76004e+09,3941,-0.0604461,-0.0598317,0.000614465,0.606676,0.607099,0.000423568
1.76004e+09,3942,-0.060757,-0.0604461,0.000310847,0.60646,0.606676,0.00021603
1.76004e+09,3943,-0.0610702,-0.060757,0.000313238,0.606241,0.60646,0.000218888
1.76004e+09,3944,-0.0613858,-0.0610702,0.000315608,0.606019,0.606241,0.000221764
1.76004e+09,3945,-0.0617038,-0.0613858,0.000317955,0.605794,0.606019,0.000224656
1.76004e+09,3946,-0.0620241,-0.0617038,0.000320273,0.605567,0.605794,0.000227559
1.76004e+09,3947,-0.0623466,-0.0620241,0.000322557,0.605336,0.605567,0.000230471
1.76004e+09,3948,-0.0626714,-0.0623466,0.000324802,0.605103,0.605336,0.000233389
1.76004e+09,3949,-0.0629984,-0.0626714,0.000327003,0.604867,0.605103,0.000236308
1.76004e+09,3950,-0.0633276,-0.0629984,0.000329155,0.604628,0.604867,0.000239226
1.76004e+09,3951,-0.0636588,-0.0633276,0.000331253,0.604385,0.604628,0.000242137
1.76004e+09,3952,-0.0639921,-0.0636588,0.000333291,0.60414,0.604385,0.000245039
1.76004e+09,3953,-0.0643274,-0.0639921,0.000335264,0.603892,0.60414,0.000247926
1.76004e+09,3954,-0.0646645,-0.0643274,0.000337166,0.603642,0.603892,0.000250795
1.76004e+09,3955,-0.0650035,-0.0646645,0.000338993,0.603388,0.603642,0.000253642
1.76004e+09,3956,-0.0653443,-0.0650035,0.000340739,0.603132,0.603388,0.000256461
1.76004e+09,3957,-0.0656867,-0.0653443,0.0003424,0.602872,0.603132,0.000259248
1.76004e+09,3958,-0.0660307,-0.0656867,0.00034397,0.60261,0.602872,0.000261999
1.76004e+09,3959,-0.0663761,-0.0660307,0.000345446,0.602346,0.60261,0.00026471
1.76004e+09,3960,-0.0667229,-0.0660307,0.000692269,0.602078,0.60261,0.000532086
1.76004e+09,3961,-0.067071,-0.0667229,0.000348096,0.601808,0.602078,0.000269993
1.76004e+09,3962,-0.0674203,-0.067071,0.000349263,0.601536,0.601808,0.000272557
1.76004e+09,3963,-0.0677706,-0.0674203,0.00035032,0.601261,0.601536,0.000275063
1.76004e+09,3964,-0.0681219,-0.0677706,0.000351263,0.600983,0.601261,0.000277508
1.76004e+09,3965,-0.068474,-0.0681219,0.00035209,0.600703,0.600983,0.000279888
1.76004e+09,3966,-0.0688267,-0.068474,0.000352798,0.600421,0.600703,0.000282199
1.76004e+09,3967,-0.0691801,-0.0688267,0.000353385,0.600137,0.600421,0.000284437
1.76004e+09,3968,-0.069534,-0.0691801,0.00035385,0.59985,0.600137,0.0002866
1.76004e+09,3969,-0.0698882,-0.069534,0.000354191,0.599561,0.59985,0.000288684
1.76004e+09,3970,-0.0702426,-0.0698882,0.000354406,0.599271,0.599561,0.000290685
1.76004e+09,3971,-0.0705971,-0.0702426,0.000354496,0.598978,0.599271,0.000292603
1.76004e+09,3972,-0.0709515,-0.0705971,0.000354459,0.598684,0.598978,0.000294433
1.76004e+09,3973,-0.0713058,-0.0709515,0.000354296,0.598387,0.598684,0.000296175
1.76004e+09,3974,-0.0716598,-0.0713058,0.000354008,0.59809,0.598387,0.000297825
1.76004e+09,3975,-0.0720134,-0.0716598,0.000353594,0.59779,0.59809,0.000299382
1.76004e+09,3976,-0.0723665,-0.0720134,0.000353056,0.597489,0.59779,0.000300846
1.76004e+09,3977,-0.0727189,-0.0720134,0.000705453,0.597187,0.59779,0.00060306
1.76004e+09,3978,-0.0730705,-0.0727189,0.000351616,0.596884,0.597187,0.000303487
1.76004e+09,3979,-0.0734212,-0.0730705,0.000350717,0.596579,0.596884,0.000304663
1.76004e+09,3980,-0.0737709,-0.0734212,0.000349702,0.596273,0.596579,0.000305743
1.76004e+09,3981,-0.0741195,-0.0737709,0.000348575,0.595966,0.596273,0.000306727
1.76004e+09,3982,-0.0744668,-0.0741195,0.000347338,0.595659,0.595966,0.000307615
1.76004e+09,3983,-0.0748128,-0.0744668,0.000345994,0.59535,0.595659,0.000308408
1.76004e+09,3984,-0.0751574,-0.0748128,0.000344549,0.595041,0.59535,0.000309108
1.76004e+09,3985,-0.0755004,-0.0751574,0.000343005,0.594732,0.595041,0.000309716
1.76004e+09,3986,-0.0758418,-0.0755004,0.000341368,0.594421,0.594732,0.000310234
1.76004e+09,3987,-0.0761814,-0.0758418,0.000339642,0.594111,0.594421,0.000310663
1.76004e+09,3988,-0.0765192,-0.0761814,0.000337832,0.5938,0.594111,0.000311008
1.76004e+09,3989,-0.0768552,-0.0765192,0.000335943,0.593488,0.5938,0.000311269
1.76004e+09,3990,-0.0771891,-0.0768552,0.00033398,0.593177,0.593488,0.000311451
1.76004e+09,3991,-0.0775211,-0.0768552,0.000665929,0.592865,0.593488,0.000623006
1.76004e+09,3992,-0.077851,-0.0775211,0.000329855,0.592554,0.592865,0.000311587
1.76004e+09,3993,-0.0781787,-0.077851,0.000327704,0.592242,0.592554,0.000311549
1.76004e+09,3994,-0.0785042,-0.0781787,0.0003255,0.591931,0.592242,0.000311444
1.76004e+09,3995,-0.0788274,-0.0785042,0.00032325,0.59162,0.591931,0.000311278
1.76004e+09,3996,-0.0791484,-0.0788274,0.000320959,0.591309,0.59162,0.000311053
1.76004e+09,3997,-0.079467,-0.0791484,0.000318631,0.590998,0.591309,0.000310773
1.76004e+09,3998,-0.0797833,-0.079467,0.000316273,0.590687,0.590998,0.000310442
1.76004e+09,3999,-0.0800972,-0.0797833,0.000313888,0.590377,0.590687,0.000310064
1.76004e+09,4000,-0.0804086,-0.0800972,0.000311481,0.590068,0.590377,0.000309642
1.76004e+09,4001,-0.0807177,-0.0804086,0.000309056,0.589758,0.590068,0.000309179
1.76004e+09,4002,-0.0810243,-0.0807177,0.000306618,0.58945,0.589758,0.000308679
1.76004e+09,4003,-0.0813285,-0.0810243,0.000304168,0.589142,0.58945,0.000308144
1.76004e+09,4004,-0.0816302,-0.0813285,0.000301712,0.588834,0.589142,0.000307579
1.76004e+09,4005,-0.0819294,-0.0816302,0.000299252,0.588527,0.588834,0.000306985
1.76004e+09,4006,-0.0822262,-0.0819294,0.000296791,0.588221,0.588527,0.000306365
1.76004e+09,4007,-0.0825206,-0.0822262,0.000294332,0.587915,0.588221,0.000305721
1.76004e+09,4008,-0.0828124,-0.0822262,0.000586209,0.58761,0.588221,0.000610778
1.76004e+09,4009,-0.0831019,-0.0828124,0.000289428,0.587306,0.58761,0.000304373
1.76004e+09,4010,-0.0833889,-0.0831019,0.000286987,0.587002,0.587306,0.000303672
1.76004e+09,4011,-0.0836734,-0.0833889,0.000284554,0.586699,0.587002,0.000302955
1.76004e+09,4012,-0.0839555,-0.0836734,0.000282132,0.586397,0.586699,0.000302225
1.76004e+09,4013,-0.0842353,-0.0839555,0.000279722,0.586095,0.586397,0.000301481
1.76004e+09,4014,-0.0845126,-0.0842353,0.000277324,0.585794,0.586095,0.000300725
1.76004e+09,4015,-0.0847875,-0.0845126,0.000274939,0.585495,0.585794,0.000299958
1.76004e+09,4016,-0.0850601,-0.0847875,0.000272567,0.585195,0.585495,0.000299181
1.76004e+09,4017,-0.0853303,-0.0850601,0.000270209,0.584897,0.585195,0.000298394
1.76004e+09,4018,-0.0855982,-0.0853303,0.000267864,0.584599,0.584897,0.000297599
1.76004e+09,4019,-0.0858637,-0.0855982,0.000265534,0.584303,0.584599,0.000296795
1.76004e+09,4020,-0.0861269,-0.0855982,0.000528751,0.584007,0.584599,0.000592777
1.76004e+09,4021,-0.0863878,-0.0858637,0.000524132,0.583711,0.584303,0.000591145
1.76004e+09,4022,-0.0866465,-0.0863878,0.000258626,0.583417,0.583711,0.000294334
1.76004e+09,4023,-0.0869028,-0.0863878,0.000514976,0.583124,0.583711,0.000587834
1.76004e+09,4024,-0.0871569,-0.0869028,0.000254088,0.582831,0.583124,0.000292657
1.76004e+09,4025,-0.0874087,-0.0871569,0.000251839,0.582539,0.582831,0.000291807
1.76004e+09,4026,-0.0876583,-0.0874087,0.000249603,0.582248,0.582539,0.00029095
1.76004e+09,4027,-0.0879057,-0.0876583,0.000247379,0.581958,0.582248,0.000290086
1.76004e+09,4028,-0.0881509,-0.0876583,0.000492548,0.581669,0.582248,0.000579302
1.76004e+09,4029,-0.0883939,-0.0879057,0.000488137,0.581381,0.581958,0.000577553
1.76004e+09,4030,-0.0886346,-0.0883939,0.000240781,0.581093,0.581381,0.000287453
1.76004e+09,4031,-0.0888732,-0.0886346,0.000238605,0.580807,0.581093,0.000286562
1.76004e+09,4032,-0.0891097,-0.0888732,0.000236441,0.580521,0.580807,0.000285664
1.76004e+09,4033,-0.089344,-0.0891097,0.000234287,0.580236,0.580521,0.00028476
1.76004e+09,4034,-0.0895761,-0.0891097,0.000466431,0.579952,0.580521,0.000568609
1.76004e+09,4035,-0.0898061,-0.0895761,0.000230011,0.579669,0.579952,0.000282932
1.76004e+09,4036,-0.090034,-0.0898061,0.000227889,0.579387,0.579669,0.000282008
1.76004e+09,4037,-0.0902598,-0.090034,0.000225778,0.579106,0.579387,0.000281078
1.76004e+09,4038,-0.0904835,-0.0902598,0.000223676,0.578826,0.579106,0.000280141
1.76004e+09,4039,-0.0907051,-0.0904835,0.000221584,0.578547,0.578826,0.000279199
1.76004e+09,4040,-0.0909246,-0.0907051,0.000219502,0.578269,0.578547,0.000278251
1.76004e+09,4041,-0.091142,-0.0907051,0.00043693,0.577991,0.578547,0.000555548
1.76004e+09,4042,-0.0913574,-0.0909246,0.000432794,0.577715,0.578269,0.000553634
1.76004e+09,4043,-0.0915707,-0.091142,0.000428677,0.57744,0.577991,0.000551709
1.76004e+09,4044,-0.0917819,-0.0915707,0.000211267,0.577165,0.57744,0.000274401
1.76004e+09,4045,-0.0919912,-0.0917819,0.000209231,0.576892,0.577165,0.000273426
1.76004e+09,4046,-0.0921984,-0.0919912,0.000207204,0.576619,0.576892,0.000272445
1.76004e+09,4047,-0.0924036,-0.0921984,0.000205186,0.576348,0.576619,0.000271459
1.76004e+09,4048,-0.0926067,-0.0921984,0.000408364,0.576077,0.576619,0.000541927
1.76004e+09,4049,-0.0928079,-0.0924036,0.000404354,0.575808,0.576348,0.000539941
1.76004e+09,4050,-0.0930071,-0.0928079,0.000199185,0.575539,0.575808,0.000268473
1.76004e+09,4051,-0.0932043,-0.0930071,0.000197202,0.575272,0.575539,0.000267469
1.76004e+09,4052,-0.0933995,-0.0930071,0.000392429,0.575006,0.575539,0.000533929
1.76004e+09,4053,-0.0935928,-0.0932043,0.000388487,0.57474,0.575272,0.000531909
1.76004e+09,4054,-0.0937841,-0.0933995,0.000384563,0.574476,0.575006,0.00052988
1.76004e+09,4055,-0.0939734,-0.0937841,0.000189352,0.574212,0.574476,0.000263412
1.76004e+09,4056,-0.0941608,-0.0937841,0.000376763,0.57395,0.574476,0.000525801
1.76004e+09,4057,-0.0943463,-0.0941608,0.000185477,0.573689,0.57395,0.000261362
1.76004e+09,4058,-0.0945299,-0.0943463,0.000183551,0.573428,0.573689,0.000260332
1.76004e+09,4059,-0.0947115,-0.0945299,0.000181633,0.573169,0.573428,0.000259298
1.76004e+09,4060,-0.0948912,-0.0947115,0.000179723,0.572911,0.573169,0.000258262
1.76004e+09,4061,-0.0950691,-0.0948912,0.000177821,0.572653,0.572911,0.000257223
1.76004e+09,4062,-0.095245,-0.0950691,0.000175926,0.572397,0.572653,0.000256181
1.76004e+09,4063,-0.095419,-0.095245,0.000174039,0.572142,0.572397,0.000255137
1.76004e+09,4064,-0.0955912,-0.095419,0.00017216,0.571888,0.572142,0.00025409
1.76004e+09,4065,-0.0957615,-0.0955912,0.000170288,0.571635,0.571888,0.000253041
1.76004e+09,4066,-0.0959299,-0.0957615,0.000168423,0.571383,0.571635,0.00025199
1.76004e+09,4067,-0.0960965,-0.0959299,0.000166566,0.571132,0.571383,0.000250936
1.76004e+09,4068,-0.0962612,-0.0960965,0.000164716,0.570882,0.571132,0.000249881
1.76004e+09,4069,-0.096424,-0.0962612,0.000162873,0.570633,0.570882,0.000248824
1.76004e+09,4070,-0.0965851,-0.096424,0.000161037,0.570386,0.570633,0.000247766
1.76004e+09,4071,-0.0967443,-0.0965851,0.000159208,0.570139,0.570386,0.000246705
1.76004e+09,4072,-0.0969017,-0.0967443,0.000157386,0.569893,0.570139,0.000245644
1.76004e+09,4073,-0.0970572,-0.0969017,0.000155571,0.569649,0.569893,0.000244581
1.76004e+09,4074,-0.097211,-0.0970572,0.000153763,0.569405,0.569649,0.000243516
1.76004e+09,4075,-0.097363,-0.097211,0.000151961,0.569163,0.569405,0.000242451
1.76004e+09,4076,-0.0975131,-0.097363,0.000150166,0.568921,0.569163,0.000241385
1.76004e+09,4077,-0.0976615,-0.097363,0.000298544,0.568681,0.569163,0.000481702
1.76004e+09,4078,-0.0978081,-0.0975131,0.000294973,0.568442,0.568921,0.000479567
1.76004e+09,4079,-0.0979529,-0.0978081,0.00014482,0.568204,0.568442,0.000238181
1.76004e+09,4080,-0.098096,-0.0979529,0.000143051,0.567966,0.568204,0.000237111
1.76004e+09,4081,-0.0982373,-0.098096,0.000141287,0.56773,0.567966,0.000236042
1.76004e+09,4082,-0.0983768,-0.0982373,0.000139531,0.567495,0.56773,0.000234972
1.76004e+09,4083,-0.0985146,-0.0983768,0.00013778,0.567261,0.567495,0.000233901
1.76004e+09,4084,-0.0986506,-0.0985146,0.000136035,0.567029,0.567261,0.000232831
1.76004e+09,4085,-0.0987849,-0.0986506,0.000134296,0.566797,0.567029,0.00023176
1.76004e+09,4086,-0.0989175,-0.0987849,0.000132563,0.566566,0.566797,0.00023069
1.76004e+09,4087,-0.0990483,-0.0989175,0.000130835,0.566337,0.566566,0.000229619
1.76004e+09,4088,-0.0991774,-0.0990483,0.000129114,0.566108,0.566337,0.000228549
1.76004e+09,4089,-0.0993048,-0.0991774,0.000127398,0.565881,0.566108,0.000227479
1.76004e+09,4090,-0.0994305,-0.0993048,0.000125687,0.565654,0.565881,0.000226409
1.76004e+09,4091,-0.0995545,-0.0993048,0.000249669,0.565429,0.565881,0.000451749
1.76004e+09,4092,-0.0996768,-0.0994305,0.000246265,0.565205,0.565654,0.000449612
1.76004e+09,4093,-0.0997974,-0.0996768,0.000120588,0.564981,0.565205,0.000223204
1.76004e+09,4094,-0.0999163,-0.0997974,0.000118899,0.564759,0.564981,0.000222137
1.76004e+09,4095,-0.100033,-0.0997974,0.000236115,0.564538,0.564981,0.000443207
1.76004e+09,4096,-0.100149,-0.0999163,0.000232752,0.564318,0.564759,0.000441075
1.76004e+09,4097,-0.100263,-0.100033,0.0002294,0.564099,0.564538,0.000438945
1.76004e+09,4098,-0.100375,-0.100149,0.000226058,0.563881,0.564318,0.000436817
1.76004e+09,4099,-0.100486,-0.100263,0.000222725,0.563664,0.564099,0.000434692
1.76004e+09,4100,-0.100594,-0.100375,0.000219403,0.563449,0.563881,0.000432569
1.76004e+09,4101,-0.100702,-0.100486,0.00021609,0.563234,0.563664,0.000430448
1.76004e+09,4102,-0.100807,-0.100702,0.000105568,0.56302,0.563234,0.000213636
1.76004e+09,4103,-0.100911,-0.100807,0.000103923,0.562808,0.56302,0.000212579
1.76004e+09,4104,-0.101013,-0.100911,0.000102283,0.562596,0.562808,0.000211524
1.76004e+09,4105,-0.101114,-0.101013,0.000100647,0.562386,0.562596,0.00021047
1.76004e+09,4106,-0.101213,-0.101114,9.90158e-05,0.562176,0.562386,0.000209418
1.76004e+09,4107,-0.101311,-0.101114,0.000196405,0.561968,0.562386,0.000417787
1.76004e+09,4108,-0.101406,-0.101213,0.000193155,0.561761,0.562176,0.000415688
1.76004e+09,4109,-0.1015,-0.101311,0.000189913,0.561554,0.561968,0.000413594
1.76004e+09,4110,-0.101593,-0.1015,9.25329e-05,0.561349,0.561554,0.000205229
1.76004e+09,4111,-0.101684,-0.101593,9.09225e-05,0.561145,0.561349,0.000204187
1.76004e+09,4112,-0.101773,-0.101593,0.000180238,0.560942,0.561349,0.000407334
1.76004e+09,4113,-0.101861,-0.101773,8.77136e-05,0.56074,0.560942,0.000202109
1.76004e+09,4114,-0.101947,-0.101773,0.000173828,0.560539,0.560942,0.000403182
1.76004e+09,4115,-0.102032,-0.101947,8.45201e-05,0.560339,0.560539,0.00020004
1.76004e+09,4116,-0.102114,-0.102032,8.2929e-05,0.56014,0.560339,0.000199009
1.76004e+09,4117,-0.102196,-0.102114,8.13415e-05,0.559942,0.56014,0.00019798
1.76004e+09,4118,-0.102276,-0.102114,0.000161099,0.559745,0.56014,0.000394935
1.76004e+09,4119,-0.102354,-0.102196,0.000157935,0.559549,0.559942,0.000392886
1.76004e+09,4120,-0.10243,-0.102276,0.000154778,0.559354,0.559745,0.000390842
1.76004e+09,4121,-0.102505,-0.10243,7.50268e-05,0.55916,0.559354,0.000193893
1.76004e+09,4122,-0.102579,-0.102505,7.34566e-05,0.558967,0.55916,0.000192878
1.76004e+09,4123,-0.102651,-0.102579,7.18896e-05,0.558775,0.558967,0.000191865
1.76004e+09,4124,-0.102721,-0.102651,7.03258e-05,0.558584,0.558775,0.000190856
1.76004e+09,4125,-0.10279,-0.102651,0.000139091,0.558395,0.558775,0.000380706
1.76004e+09,4126,-0.102857,-0.102721,0.000135973,0.558206,0.558584,0.000378696
1.76004e+09,4127,-0.102923,-0.10279,0.00013286,0.558018,0.558395,0.000376693
1.76004e+09,4128,-0.102987,-0.102857,0.000129754,0.557831,0.558206,0.000374696
1.76004e+09,4129,-0.103049,-0.102987,6.25523e-05,0.557645,0.557831,0.000185856
1.76004e+09,4130,-0.10311,-0.102987,0.000123559,0.55746,0.557831,0.000370721
1.76004e+09,4131,-0.10317,-0.103049,0.000120469,0.557276,0.557645,0.000368744
1.76004e+09,4132,-0.103228,-0.10311,0.000117385,0.557094,0.55746,0.000366773
1.76004e+09,4133,-0.103284,-0.10317,0.000114306,0.556912,0.557276,0.000364809
1.76004e+09,4134,-0.103339,-0.103228,0.000111232,0.556731,0.557094,0.000362853
1.76004e+09,4135,-0.103392,-0.103339,5.33153e-05,0.556551,0.556731,0.000179965
1.76004e+09,4136,-0.103444,-0.103392,5.17845e-05,0.556372,0.556551,0.000178996
1.76004e+09,4137,-0.103494,-0.103444,5.02561e-05,0.556194,0.556372,0.00017803
1.76004e+09,4138,-0.103543,-0.103494,4.87299e-05,0.556017,0.556194,0.000177068
1.76004e+09,4139,-0.10359,-0.103494,9.59359e-05,0.55584,0.556194,0.000353178
1.76004e+09,4140,-0.103636,-0.10359,4.56841e-05,0.555665,0.55584,0.000175156
1.76004e+09,4141,-0.10368,-0.103636,4.41643e-05,0.555491,0.555665,0.000174206
1.76004e+09,4142,-0.103723,-0.103636,8.68109e-05,0.555318,0.555665,0.000347465
1.76004e+09,4143,-0.103764,-0.103723,4.11307e-05,0.555146,0.555318,0.000172317
1.76004e+09,4144,-0.103803,-0.103723,8.07475e-05,0.554974,0.555318,0.000343696
1.76004e+09,4145,-0.103842,-0.103803,3.81046e-05,0.554804,0.554974,0.000170445
1.76004e+09,4146,-0.103878,-0.103803,7.46988e-05,0.554634,0.554974,0.000339961
1.76004e+09,4147,-0.103913,-0.103842,7.16797e-05,0.554466,0.554804,0.000338106
1.76004e+09,4148,-0.103947,-0.103913,3.35784e-05,0.554298,0.554466,0.000167669
1.76004e+09,4149,-0.103979,-0.103913,6.56512e-05,0.554131,0.554466,0.000334422
1.76004e+09,4150,-0.104009,-0.103947,6.26416e-05,0.553965,0.554298,0.000332593
1.76004e+09,4151,-0.104039,-0.104009,2.90661e-05,0.5538,0.553965,0.000164933
1.76004e+09,4152,-0.104066,-0.104039,2.75648e-05,0.553636,0.5538,0.000164029
1.76004e+09,4153,-0.104092,-0.104066,2.60648e-05,0.553473,0.553636,0.000163131
1.76004e+09,4154,-0.104117,-0.104092,2.45661e-05,0.553311,0.553473,0.000162237
1.76004e+09,4155,-0.10414,-0.104092,4.76345e-05,0.55315,0.553473,0.000323585
1.76004e+09,4156,-0.104161,-0.104117,4.46405e-05,0.552989,0.553311,0.000321811
1.76004e+09,4157,-0.104181,-0.10414,4.16486e-05,0.55283,0.55315,0.000320047
1.76004e+09,4158,-0.1042,-0.104161,3.86587e-05,0.552671,0.552989,0.000318293
1.76004e+09,4159,-0.104217,-0.104181,3.56706e-05,0.552513,0.55283,0.000316549
1.76004e+09,4160,-0.104233,-0.1042,3.26844e-05,0.552356,0.552671,0.000314814
1.76004e+09,4161,-0.104247,-0.104217,2.96998e-05,0.5522,0.552513,0.00031309
1.76004e+09,4162,-0.104259,-0.104233,2.67167e-05,0.552045,0.552356,0.000311375
1.76004e+09,4163,-0.104271,-0.104259,1.11222e-05,0.55189,0.552045,0.000154411
1.76004e+09,4164,-0.10428,-0.104271,9.63233e-06,0.551737,0.55189,0.000153567
1.76004e+09,4165,-0.104288,-0.10428,8.14294e-06,0.551584,0.551737,0.000152728
1.76004e+09,4166,-0.104295,-0.104288,6.65403e-06,0.551432,0.551584,0.000151894
1.76004e+09,4167,-0.1043,-0.104295,5.16553e-06,0.551281,0.551432,0.000151066
1.76004e+09,4168,-0.104304,-0.104295,8.8429e-06,0.551131,0.551432,0.000301309
1.76004e+09,4169,-0.104306,-0.1043,5.86686e-06,0.550981,0.551281,0.000299669
1.76004e+09,4170,-0.104307,-0.104304,2.89133e-06,0.550833,0.551131,0.00029804
1.76004e+09,4171,-0.104306,-0.104306,-8.38209e-08,0.550685,0.550981,0.000296422
1.76004e+09,4172,-0.104304,-0.104307,-3.05872e-06,0.550538,0.550833,0.000294815
1.76004e+09,4173,-0.1043,-0.104306,-6.0335e-06,0.550392,0.550685,0.00029322
1.76004e+09,4174,-0.104295,-0.104304,-9.00829e-06,0.550246,0.550538,0.000291636
1.76004e+09,4175,-0.104288,-0.1043,-1.19832e-05,0.550102,0.550392,0.000290064
1.76004e+09,4176,-0.10428,-0.104295,-1.49584e-05,0.549958,0.550246,0.000288504
1.76004e+09,4177,-0.10427,-0.104288,-1.79339e-05,0.549815,0.550102,0.000286955
1.76004e+09,4178,-0.104259,-0.10428,-2.091e-05,0.549672,0.549958,0.000285419
1.76004e+09,4179,-0.104246,-0.10427,-2.38866e-05,0.549531,0.549815,0.000283894
1.76004e+09,4180,-0.104232,-0.104246,-1.41765e-05,0.54939,0.549531,0.000140815
1.76004e+09,4181,-0.104216,-0.104232,-1.56659e-05,0.54925,0.54939,0.000140068
1.76004e+09,4182,-0.104199,-0.104216,-1.71558e-05,0.549111,0.54925,0.000139327
1.76004e+09,4183,-0.10418,-0.104199,-1.86464e-05,0.548972,0.549111,0.000138593
1.76004e+09,4184,-0.10416,-0.10418,-2.01376e-05,0.548834,0.548972,0.000137865
1.76004e+09,4185,-0.104139,-0.10418,-4.17671e-05,0.548697,0.548972,0.000275008
1.76004e+09,4186,-0.104116,-0.10416,-4.47517e-05,0.548561,0.548834,0.000273571
1.76004e+09,4187,-0.104091,-0.104116,-2.46158e-05,0.548425,0.548561,0.00013572
1.76004e+09,4188,-0.104065,-0.104116,-5.07261e-05,0.54829,0.548561,0.000270737
1.76004e+09,4189,-0.104037,-0.104065,-2.76057e-05,0.548156,0.54829,0.000134323
1.76004e+09,4190,-0.104008,-0.104037,-2.91023e-05,0.548022,0.548156,0.000133634
1.76004e+09,4191,-0.103978,-0.104037,-5.97021e-05,0.547889,0.548156,0.000266587
1.76004e+09,4192,-0.103945,-0.104008,-6.26985e-05,0.547757,0.548022,0.00026523
1.76004e+09,4193,-0.103912,-0.103978,-6.56973e-05,0.547625,0.547889,0.000263888
1.76004e+09,4194,-0.103877,-0.103945,-6.86987e-05,0.547494,0.547757,0.000262559
1.76004e+09,4195,-0.10384,-0.103912,-7.17026e-05,0.547364,0.547625,0.000261245
1.76004e+09,4196,-0.103802,-0.10384,-3.81068e-05,0.547234,0.547364,0.000129649
1.76004e+09,4197,-0.103762,-0.103802,-3.96123e-05,0.547105,0.547234,0.000129009
1.76004e+09,4198,-0.103721,-0.103802,-8.07318e-05,0.546977,0.547234,0.000257387
1.76004e+09,4199,-0.103679,-0.103762,-8.37477e-05,0.546849,0.547105,0.00025613
1.76004e+09,4200,-0.103635,-0.103679,-4.41387e-05,0.546722,0.546849,0.000127135
1.76004e+09,4201,-0.103589,-0.103635,-4.56508e-05,0.546595,0.546722,0.000126525
1.76004e+09,4202,-0.103542,-0.103589,-4.71648e-05,0.546469,0.546595,0.000125923
1.76004e+09,4203,-0.103493,-0.103542,-4.86807e-05,0.546344,0.546469,0.000125328
1.76004e+09,4204,-0.103443,-0.103493,-5.01984e-05,0.546219,0.546344,0.000124741
1.76004e+09,4205,-0.103391,-0.103493,-0.000101917,0.546095,0.546344,0.000248903
1.76004e+09,4206,-0.103338,-0.103443,-0.000104958,0.545972,0.546219,0.000247753
1.76004e+09,4207,-0.103283,-0.103338,-5.4764e-05,0.545849,0.545972,0.000123027
1.76004e+09,4208,-0.103227,-0.103283,-5.62902e-05,0.545726,0.545849,0.000122472
1.76004e+09,4209,-0.103169,-0.103227,-5.78186e-05,0.545604,0.545726,0.000121924
1.76004e+09,4210,-0.10311,-0.103169,-5.93494e-05,0.545483,0.545604,0.000121385
1.76004e+09,4211,-0.103049,-0.10311,-6.08825e-05,0.545362,0.545483,0.000120854
1.76004e+09,4212,-0.102986,-0.103049,-6.24181e-05,0.545242,0.545362,0.000120331
1.76004e+09,4213,-0.102922,-0.102986,-6.39562e-05,0.545122,0.545242,0.000119817
1.76004e+09,4214,-0.102857,-0.102922,-6.54968e-05,0.545003,0.545122,0.000119311
1.76004e+09,4215,-0.10279,-0.102857,-6.70402e-05,0.544884,0.545003,0.000118814
1.76004e+09,4216,-0.102721,-0.10279,-6.85862e-05,0.544765,0.544884,0.000118325
1.76004e+09,4217,-0.102651,-0.102721,-7.0135e-05,0.544648,0.544765,0.000117846
1.76004e+09,4218,-0.102579,-0.102651,-7.16867e-05,0.54453,0.544648,0.000117374
1.76004e+09,4219,-0.102506,-0.102579,-7.32412e-05,0.544413,0.54453,0.000116912
1.76004e+09,4220,-0.102431,-0.102506,-7.47988e-05,0.544297,0.544413,0.000116459
1.76004e+09,4221,-0.102355,-0.102431,-7.63593e-05,0.544181,0.544297,0.000116015
1.76004e+09,4222,-0.102277,-0.102355,-7.7923e-05,0.544065,0.544181,0.00011558
1.76004e+09,4223,-0.102198,-0.102277,-7.94899e-05,0.54395,0.544065,0.000115154
1.76004e+09,4224,-0.102117,-0.102198,-8.10599e-05,0.543835,0.54395,0.000114738
1.76004e+09,4225,-0.102034,-0.102117,-8.26333e-05,0.543721,0.543835,0.000114331
1.76004e+09,4226,-0.10195,-0.102034,-8.42101e-05,0.543607,0.543721,0.000113933
1.76004e+09,4227,-0.101864,-0.10195,-8.57903e-05,0.543493,0.543607,0.000113546
1.76004e+09,4228,-0.101777,-0.101864,-8.7374e-05,0.54338,0.543493,0.000113167
1.76004e+09,4229,-0.101688,-0.101777,-8.89613e-05,0.543268,0.54338,0.000112799
1.76004e+09,4230,-0.101597,-0.101688,-9.05522e-05,0.543155,0.543268,0.000112441
1.76004e+09,4231,-0.101505,-0.101597,-9.21468e-05,0.543043,0.543155,0.000112093
1.76004e+09,4232,-0.101411,-0.101505,-9.37452e-05,0.542931,0.543043,0.000111754
1.76004e+09,4233,-0.101316,-0.101411,-9.53474e-05,0.54282,0.542931,0.000111426
1.76004e+09,4234,-0.101219,-0.101316,-9.69536e-05,0.542709,0.54282,0.000111109
1.76004e+09,4235,-0.10112,-0.101219,-9.85637e-05,0.542598,0.542709,0.000110802
1.76004e+09,4236,-0.10102,-0.10112,-0.000100178,0.542487,0.542598,0.000110505
1.76004e+09,4237,-0.100918,-0.10102,-0.000101796,0.542377,0.542487,0.000110219
1.76004e+09,4238,-0.100815,-0.100918,-0.000103419,0.542267,0.542377,0.000109944
1.76004e+09,4239,-0.10071,-0.100815,-0.000105045,0.542158,0.542267,0.000109679
1.76004e+09,4240,-0.100603,-0.10071,-0.000106676,0.542048,0.542158,0.000109426
1.76004e+09,4241,-0.100495,-0.100603,-0.000108312,0.541939,0.542048,0.000109184
1.76004e+09,4242,-0.100385,-0.100495,-0.000109952,0.54183,0.541939,0.000108953
1.76004e+09,4243,-0.100273,-0.100385,-0.000111596,0.541721,0.54183,0.000108733
1.76004e+09,4244,-0.10016,-0.100385,-0.000224841,0.541613,0.54183,0.000217258
1.76004e+09,4245,-0.100045,-0.10016,-0.000114899,0.541504,0.541613,0.000108328
1.76004e+09,4246,-0.0999286,-0.100045,-0.000116557,0.541396,0.541504,0.000108143
1.76004e+09,4247,-0.0998104,-0.0999286,-0.00011822,0.541288,0.541396,0.00010797
1.76004e+09,4248,-0.0996905,-0.0998104,-0.000119888,0.54118,0.541288,0.000107809
1.76004e+09,4249,-0.099569,-0.0996905,-0.000121561,0.541073,0.54118,0.00010766
1.76004e+09,4250,-0.0994457,-0.099569,-0.000123239,0.540965,0.541073,0.000107523
1.76004e+09,4251,-0.0993208,-0.0994457,-0.000124922,0.540858,0.540965,0.000107399
1.76004e+09,4252,-0.0991942,-0.0993208,-0.000126611,0.540751,0.540858,0.000107287
1.76004e+09,4253,-0.0990659,-0.0991942,-0.000128304,0.540643,0.540751,0.000107188
1.76004e+09,4254,-0.0989359,-0.0990659,-0.000130003,0.540536,0.540643,0.000107101
1.76004e+09,4255,-0.0988042,-0.0989359,-0.000131707,0.540429,0.540536,0.000107028
1.76004e+09,4256,-0.0986708,-0.0988042,-0.000133417,0.540322,0.540429,0.000106967
1.76004e+09,4257,-0.0985356,-0.0988042,-0.000268548,0.540215,0.540429,0.000213886
1.76004e+09,4258,-0.0983988,-0.0985356,-0.000136852,0.540109,0.540215,0.000106885
1.76004e+09,4259,-0.0982602,-0.0983988,-0.000138579,0.540002,0.540109,0.000106865
1.76004e+09,4260,-0.0981199,-0.0982602,-0.000140311,0.539895,0.540002,0.000106858
1.76004e+09,4261,-0.0979778,-0.0981199,-0.000142049,0.539788,0.539895,0.000106865
1.76004e+09,4262,-0.0978341,-0.0979778,-0.000143793,0.539681,0.539788,0.000106886
1.76004e+09,4263,-0.0976885,-0.0978341,-0.000145543,0.539574,0.539681,0.000106921
1.76004e+09,4264,-0.0975412,-0.0976885,-0.000147298,0.539467,0.539574,0.00010697
1.76004e+09,4265,-0.0973922,-0.0975412,-0.00014906,0.53936,0.539467,0.000107033
1.76004e+09,4266,-0.0972413,-0.0973922,-0.000150828,0.539253,0.53936,0.000107112
1.76004e+09,4267,-0.0970887,-0.0972413,-0.000152603,0.539146,0.539253,0.000107205
1.76004e+09,4268,-0.0969343,-0.0970887,-0.000154383,0.539038,0.539146,0.000107312
1.76004e+09,4269,-0.0967782,-0.0969343,-0.000156171,0.538931,0.539038,0.000107435
1.76004e+09,4270,-0.0966202,-0.0967782,-0.000157964,0.538823,0.538931,0.000107574
1.76004e+09,4271,-0.0964604,-0.0966202,-0.000159764,0.538716,0.538823,0.000107727
1.76004e+09,4272,-0.0962989,-0.0964604,-0.000161571,0.538608,0.538716,0.000107897
1.76004e+09,4273,-0.0961355,-0.0962989,-0.000163385,0.5385,0.538608,0.000108082
1.76004e+09,4274,-0.0959703,-0.0961355,-0.000165205,0.538391,0.5385,0.000108283
1.76004e+09,4275,-0.0958032,-0.0959703,-0.000167032,0.538283,0.538391,0.0001085
1.76004e+09,4276,-0.0956344,-0.0958032,-0.000168866,0.538174,0.538283,0.000108734
1.76004e+09,4277,-0.0954637,-0.0958032,-0.000339573,0.538065,0.538283,0.000217719
1.76004e+09,4278,-0.0952911,-0.0954637,-0.000172555,0.537956,0.538065,0.000109252
1.76004e+09,4279,-0.0951167,-0.0952911,-0.000174411,0.537846,0.537956,0.000109536
1.76004e+09,4280,-0.0949404,-0.0951167,-0.000176273,0.537737,0.537846,0.000109837
1.76004e+09,4281,-0.0947623,-0.0949404,-0.000178143,0.537626,0.537737,0.000110156
1.76004e+09,4282,-0.0945823,-0.0947623,-0.000180021,0.537516,0.537626,0.000110492
1.76004e+09,4283,-0.0944004,-0.0945823,-0.000181905,0.537405,0.537516,0.000110846
1.76004e+09,4284,-0.0942166,-0.0944004,-0.000183798,0.537294,0.537405,0.000111218
1.76004e+09,4285,-0.0940309,-0.0942166,-0.000185697,0.537182,0.537294,0.000111608
1.76004e+09,4286,-0.0938433,-0.0942166,-0.000373302,0.53707,0.537294,0.000223624
1.76004e+09,4287,-0.0936537,-0.0938433,-0.00018952,0.536958,0.53707,0.000112444
1.76004e+09,4288,-0.0934623,-0.0936537,-0.000191443,0.536845,0.536958,0.00011289
1.76004e+09,4289,-0.0932689,-0.0934623,-0.000193374,0.536732,0.536845,0.000113355
1.76004e+09,4290,-0.0930736,-0.0932689,-0.000195313,0.536618,0.536732,0.00011384
1.76004e+09,4291,-0.0928764,-0.0930736,-0.00019726,0.536503,0.536618,0.000114344
1.76004e+09,4292,-0.0926771,-0.0928764,-0.000199215,0.536389,0.536503,0.000114869
1.76004e+09,4293,-0.092476,-0.0926771,-0.000201179,0.536273,0.536389,0.000115413
1.76004e+09,4294,-0.0922728,-0.0926771,-0.000404329,0.536157,0.536389,0.00023139
1.76004e+09,4295,-0.0920677,-0.0922728,-0.00020513,0.536041,0.536157,0.000116562
1.76004e+09,4296,-0.0918606,-0.0920677,-0.000207118,0.535923,0.536041,0.000117168
1.76004e+09,4297,-0.0916514,-0.0918606,-0.000209115,0.535806,0.535923,0.000117795
1.76004e+09,4298,-0.0914403,-0.0916514,-0.00021112,0.535687,0.535806,0.000118444
1.76004e+09,4299,-0.0912272,-0.0914403,-0.000213134,0.535568,0.535687,0.000119114
1.76004e+09,4300,-0.091012,-0.0912272,-0.000215157,0.535448,0.535568,0.000119806
1.76004e+09,4301,-0.0907948,-0.091012,-0.000217189,0.535328,0.535448,0.00012052
1.76004e+09,4302,-0.0905756,-0.0907948,-0.000219229,0.535207,0.535328,0.000121256
1.76004e+09,4303,-0.0903543,-0.0905756,-0.000221279,0.535084,0.535207,0.000122015
1.76004e+09,4304,-0.090131,-0.0903543,-0.000223338,0.534962,0.535084,0.000122798
1.76004e+09,4305,-0.0899056,-0.090131,-0.000225406,0.534838,0.534962,0.000123603
1.76004e+09,4306,-0.0896781,-0.090131,-0.00045289,0.534714,0.534962,0.000248035
1.76004e+09,4307,-0.0894485,-0.0896781,-0.000229571,0.534588,0.534714,0.000125285
1.76004e+09,4308,-0.0892169,-0.0894485,-0.000231668,0.534462,0.534588,0.000126163
1.76004e+09,4309,-0.0889831,-0.0892169,-0.000233775,0.534335,0.534462,0.000127064
1.76004e+09,4310,-0.0887472,-0.0889831,-0.000235893,0.534207,0.534335,0.000127991
1.76004e+09,4311,-0.0885092,-0.0887472,-0.000238021,0.534078,0.534207,0.000128943
1.76004e+09,4312,-0.088269,-0.0885092,-0.000240159,0.533948,0.534078,0.000129921
1.76004e+09,4313,-0.0880267,-0.0885092,-0.000482468,0.533817,0.534078,0.000260845
1.76004e+09,4314,-0.0877822,-0.088269,-0.000486778,0.533685,0.533948,0.000262878
1.76004e+09,4315,-0.0875356,-0.0877822,-0.000246642,0.533552,0.533685,0.00013301
1.76004e+09,4316,-0.0872868,-0.0877822,-0.000495467,0.533418,0.533685,0.000267104
1.76004e+09,4317,-0.0870358,-0.0872868,-0.000251022,0.533283,0.533418,0.000135205
1.76004e+09,4318,-0.0867825,-0.0870358,-0.00025323,0.533147,0.533283,0.000136344
1.76004e+09,4319,-0.0865271,-0.0867825,-0.000255452,0.533009,0.533147,0.000137511
1.76004e+09,4320,-0.0862694,-0.0865271,-0.000257686,0.532871,0.533009,0.000138707
1.76004e+09,4321,-0.0860095,-0.0862694,-0.000259934,0.532731,0.532871,0.000139932
1.76004e+09,4322,-0.0857473,-0.0860095,-0.000262195,0.532589,0.532731,0.000141186
1.76004e+09,4323,-0.0854828,-0.0857473,-0.00026447,0.532447,0.532589,0.000142471
1.76004e+09,4324,-0.085216,-0.0854828,-0.00026676,0.532303,0.532447,0.000143786
1.76004e+09,4325,-0.084947,-0.085216,-0.000269064,0.532158,0.532303,0.000145132
1.76004e+09,4326,-0.0846756,-0.084947,-0.000271382,0.532012,0.532158,0.000146509
1.76004e+09,4327,-0.0844019,-0.0846756,-0.000273715,0.531864,0.532012,0.000147918
1.76004e+09,4328,-0.0841258,-0.0844019,-0.000276063,0.531714,0.531864,0.00014936
1.76004e+09,4329,-0.0838474,-0.0844019,-0.000554487,0.531563,0.531864,0.000300194
1.76004e+09,4330,-0.0835666,-0.0841258,-0.000559224,0.531411,0.531714,0.000303176
1.76004e+09,4331,-0.0832834,-0.0835666,-0.000283189,0.531257,0.531411,0.000153883
1.76004e+09,4332,-0.0829978,-0.0832834,-0.00028559,0.531102,0.531257,0.000155458
1.76004e+09,4333,-0.0827098,-0.0829978,-0.000288004,0.530945,0.531102,0.000157067
1.76004e+09,4334,-0.0824194,-0.0827098,-0.000290427,0.530786,0.530945,0.00015871
1.76004e+09,4335,-0.0821265,-0.0824194,-0.00029286,0.530626,0.530786,0.000160388
1.76004e+09,4336,-0.0818312,-0.0821265,-0.0002953,0.530463,0.530626,0.000162101
1.76004e+09,4337,-0.0815335,-0.0818312,-0.000297746,0.5303,0.530463,0.000163849
1.76004e+09,4338,-0.0812333,-0.0815335,-0.000300194,0.530134,0.5303,0.000165631
1.76004e+09,4339,-0.0809306,-0.0812333,-0.000302641,0.529967,0.530134,0.000167448
1.76004e+09,4340,-0.0806255,-0.0809306,-0.000305086,0.529797,0.529967,0.000169298
1.76004e+09,4341,-0.080318,-0.0806255,-0.000307524,0.529626,0.529797,0.000171183
1.76004e+09,4342,-0.0800081,-0.080318,-0.000309951,0.529453,0.529626,0.0001731
1.76004e+09,4343,-0.0796957,-0.0800081,-0.000312363,0.529278,0.529453,0.00017505
1.76004e+09,4344,-0.0793809,-0.0796957,-0.000314757,0.529101,0.529278,0.000177031
1.76004e+09,4345,-0.0790638,-0.0793809,-0.000317126,0.528922,0.529101,0.000179043
1.76004e+09,4346,-0.0787444,-0.0790638,-0.000319468,0.528741,0.528922,0.000181084
1.76004e+09,4347,-0.0784226,-0.0787444,-0.000321777,0.528558,0.528741,0.000183153
1.76004e+09,4348,-0.0780985,-0.0787444,-0.000645824,0.528372,0.528741,0.000368402
1.76004e+09,4349,-0.0777723,-0.0784226,-0.000650323,0.528185,0.528558,0.000372619
1.76004e+09,4350,-0.0774438,-0.0777723,-0.000328454,0.527995,0.528185,0.000189514
1.76004e+09,4351,-0.0771132,-0.0774438,-0.00033058,0.527804,0.527995,0.00019168
1.76004e+09,4352,-0.0767806,-0.0771132,-0.000332646,0.52761,0.527804,0.000193865
1.76004e+09,4353,-0.0764459,-0.0767806,-0.000334648,0.527414,0.52761,0.000196068
1.76004e+09,4354,-0.0761093,-0.0764459,-0.00033658,0.527216,0.527414,0.000198286
1.76004e+09,4355,-0.0757709,-0.0761093,-0.000338438,0.527015,0.527216,0.000200516
1.76004e+09,4356,-0.0754307,-0.0757709,-0.000340215,0.526812,0.527015,0.000202757
1.76004e+09,4357,-0.0750888,-0.0757709,-0.000682123,0.526607,0.527015,0.000407763
1.76004e+09,4358,-0.0747453,-0.0750888,-0.000343511,0.5264,0.526607,0.00020726
1.76004e+09,4359,-0.0744003,-0.0747453,-0.000345019,0.526191,0.5264,0.000209516
1.76004e+09,4360,-0.0740538,-0.0744003,-0.00034643,0.525979,0.526191,0.000211772
1.76004e+09,4361,-0.0737061,-0.0740538,-0.000347738,0.525765,0.525979,0.000214024
1.76004e+09,4362,-0.0733571,-0.0737061,-0.000348939,0.525548,0.525765,0.000216271
1.76004e+09,4363,-0.0730071,-0.0733571,-0.000350031,0.52533,0.525548,0.000218509
1.76004e+09,4364,-0.0726561,-0.0730071,-0.000351009,0.525109,0.52533,0.000220735
1.76004e+09,4365,-0.0723042,-0.0726561,-0.000351872,0.524886,0.525109,0.000222947
1.76004e+09,4366,-0.0719516,-0.0723042,-0.000352617,0.524661,0.524886,0.000225141
1.76004e+09,4367,-0.0715984,-0.0719516,-0.000353241,0.524434,0.524661,0.000227315
1.76004e+09,4368,-0.0712446,-0.0715984,-0.000353742,0.524204,0.524434,0.000229466
1.76004e+09,4369,-0.0708905,-0.0712446,-0.00035412,0.523973,0.524204,0.000231591
1.76004e+09,4370,-0.0705361,-0.0708905,-0.000354372,0.523739,0.523973,0.000233688
1.76004e+09,4371,-0.0701816,-0.0705361,-0.000354499,0.523503,0.523739,0.000235754
1.76004e+09,4372,-0.0698271,-0.0701816,-0.000354499,0.523266,0.523503,0.000237787
1.76004e+09,4373,-0.0694728,-0.0698271,-0.000354374,0.523026,0.523266,0.000239784
1.76004e+09,4374,-0.0691186,-0.0694728,-0.000354122,0.522784,0.523026,0.000241743
1.76004e+09,4375,-0.0687649,-0.0691186,-0.000353745,0.52254,0.522784,0.000243662
1.76004e+09,4376,-0.0684117,-0.0687649,-0.000353244,0.522295,0.52254,0.000245538
1.76004e+09,4377,-0.068059,-0.0684117,-0.000352621,0.522047,0.522295,0.000247372
1.76004e+09,4378,-0.0677072,-0.068059,-0.000351876,0.521798,0.522047,0.000249159
1.76004e+09,4379,-0.0673561,-0.0677072,-0.000351013,0.521547,0.521798,0.0002509
1.76004e+09,4380,-0.0670061,-0.0673561,-0.000350034,0.521295,0.521547,0.000252593
1.76004e+09,4381,-0.0666572,-0.0670061,-0.000348941,0.521041,0.521295,0.000254237
1.76004e+09,4382,-0.0663094,-0.0666572,-0.000347738,0.520785,0.521041,0.000255831
1.76004e+09,4383,-0.065963,-0.0663094,-0.000346429,0.520527,0.520785,0.000257374
1.76004e+09,4384,-0.065618,-0.065963,-0.000345017,0.520268,0.520527,0.000258867
1.76004e+09,4385,-0.0652745,-0.065618,-0.000343506,0.520008,0.520268,0.000260308
1.76004e+09,4386,-0.0649326,-0.0652745,-0.000341901,0.519746,0.520008,0.000261698
1.76004e+09,4387,-0.0645924,-0.0649326,-0.000340207,0.519483,0.519746,0.000263037
1.76004e+09,4388,-0.0642539,-0.0649326,-0.000678634,0.519219,0.519746,0.000527363
1.76004e+09,4389,-0.0639174,-0.0645924,-0.000674996,0.518954,0.519483,0.000529891
1.76004e+09,4390,-0.0635827,-0.0639174,-0.000334635,0.518687,0.518954,0.000266755
1.76004e+09,4391,-0.0632501,-0.0635827,-0.000332633,0.518419,0.518687,0.000267897
1.76004e+09,4392,-0.0629195,-0.0632501,-0.000330567,0.51815,0.518419,0.000268992
1.76004e+09,4393,-0.0625911,-0.0629195,-0.000328443,0.51788,0.51815,0.000270043
1.76004e+09,4394,-0.0622648,-0.0625911,-0.000326266,0.517609,0.51788,0.000271049
1.76004e+09,4395,-0.0619408,-0.0622648,-0.000324041,0.517337,0.517609,0.000272013
1.76004e+09,4396,-0.061619,-0.0619408,-0.000321775,0.517064,0.517337,0.000272937
1.76004e+09,4397,-0.0612995,-0.061619,-0.000319472,0.51679,0.517064,0.000273822
1.76004e+09,4398,-0.0609824,-0.0612995,-0.000317137,0.516515,0.51679,0.00027467
1.76004e+09,4399,-0.0606676,-0.0609824,-0.000314775,0.51624,0.516515,0.000275483
1.76004e+09,4400,-0.0604616,-0.0606676,-0.000205997,0.528746,0.51624,-0.0125065
1.76004e+09,4401,-0.0602573,-0.0604616,-0.000204316,0.540981,0.528746,-0.0122342
1.76004e+09,4402,-0.0600547,-0.0602573,-0.000202621,0.55296,0.540981,-0.0119791
1.76004e+09,4403,-0.0598538,-0.0600547,-0.000200915,0.564699,0.55296,-0.0117393
1.76004e+09,4404,-0.0596546,-0.0598538,-0.000199201,0.576212,0.564699,-0.0115132
1.76004e+09,4405,-0.0594571,-0.0596546,-0.000197482,0.587512,0.576212,-0.0112994
1.76004e+09,4406,-0.0592613,-0.0594571,-0.000195761,0.598609,0.587512,-0.0110969
1.76004e+09,4407,-0.0590673,-0.0592613,-0.000194041,0.609513,0.598609,-0.0109046
1.76004e+09,4408,-0.058875,-0.0590673,-0.000192323,0.620235,0.609513,-0.0107215
1.76004e+09,4409,-0.0586844,-0.058875,-0.00019061,0.630782,0.620235,-0.0105469
1.76004e+09,4410,-0.0584955,-0.0586844,-0.000188903,0.641162,0.630782,-0.0103801
1.76004e+09,4411,-0.0583083,-0.0584955,-0.000187204,0.651382,0.641162,-0.0102204
1.76004e+09,4412,-0.0581227,-0.0583083,-0.000185514,0.661449,0.651382,-0.0100672
1.76004e+09,4413,-0.0579389,-0.0581227,-0.000183834,0.671369,0.661449,-0.00992016
1.76004e+09,4414,-0.0577567,-0.0579389,-0.000182165,0.681148,0.671369,-0.0097787
1.76004e+09,4415,-0.0575762,-0.0579389,-0.000362673,0.690791,0.671369,-0.0194211
1.76004e+09,4416,-0.0573974,-0.0575762,-0.000178862,0.700302,0.690791,-0.009511
1.76004e+09,4417,-0.0572201,-0.0573974,-0.000177229,0.709686,0.700302,-0.00938407
1.76004e+09,4418,-0.0570445,-0.0572201,-0.000175608,0.718947,0.709686,-0.00926131
1.76004e+09,4419,-0.0568705,-0.0570445,-0.000173999,0.728089,0.718947,-0.00914247
1.76004e+09,4420,-0.0566981,-0.0568705,-0.000172404,0.737117,0.728089,-0.00902728
1.76004e+09,4421,-0.0565273,-0.0566981,-0.00017082,0.746032,0.737117,-0.00891551
1.76004e+09,4422,-0.0563581,-0.0565273,-0.000169249,0.754839,0.746032,-0.00880694
1.76004e+09,4423,-0.0561904,-0.0563581,-0.00016769,0.76354,0.754839,-0.00870138
1.76004e+09,4424,-0.0560242,-0.0561904,-0.000166144,0.772139,0.76354,-0.00859865
1.76004e+09,4425,-0.0558596,-0.0560242,-0.000164608,0.780638,0.772139,-0.00849857
1.76004e+09,4426,-0.0556965,-0.0558596,-0.000163085,0.789039,0.780638,-0.008401
1.76004e+09,4427,-0.055535,-0.0556965,-0.000161572,0.797344,0.789039,-0.00830579
1.76004e+09,4428,-0.0553749,-0.055535,-0.000160071,0.805557,0.797344,-0.00821281
1.76004e+09,4429,-0.0552163,-0.0553749,-0.000158579,0.813679,0.805557,-0.00812193
1.76004e+09,4430,-0.0550592,-0.0552163,-0.000157099,0.821712,0.813679,-0.00803303
1.76004e+09,4431,-0.0549036,-0.0550592,-0.000155628,0.829658,0.821712,-0.00794602
1.76004e+09,4432,-0.0547494,-0.0549036,-0.000154167,0.837519,0.829658,-0.00786078
1.76004e+09,4433,-0.0545967,-0.0547494,-0.000152716,0.845296,0.837519,-0.00777723
1.76004e+09,4434,-0.0544454,-0.0545967,-0.000151274,0.852992,0.845296,-0.00769528
1.76004e+09,4435,-0.0542956,-0.0544454,-0.000149841,0.860606,0.852992,-0.00761485
1.76004e+09,4436,-0.0541472,-0.0542956,-0.000148417,0.868142,0.860606,-0.00753586
1.76004e+09,4437,-0.0540002,-0.0541472,-0.000147001,0.875601,0.868142,-0.00745823
1.76004e+09,4438,-0.0538546,-0.0541472,-0.000292595,0.882982,0.868142,-0.0148401
1.76004e+09,4439,-0.0537104,-0.0538546,-0.000144195,0.890289,0.882982,-0.00730682
1.76004e+09,4440,-0.0535676,-0.0537104,-0.000142805,0.897522,0.890289,-0.0072329
1.76004e+09,4441,-0.0534262,-0.0535676,-0.000141422,0.904682,0.897522,-0.00716011
1.76004e+09,4442,-0.0532861,-0.0534262,-0.000140047,0.911771,0.904682,-0.00708838
1.76004e+09,4443,-0.0531474,-0.0532861,-0.00013868,0.918788,0.911771,-0.00701767
1.76004e+09,4444,-0.0530101,-0.0531474,-0.00013732,0.925736,0.918788,-0.00694792
1.76004e+09,4445,-0.0528741,-0.0530101,-0.000135968,0.932615,0.925736,-0.0068791
1.76004e+09,4446,-0.0527395,-0.0528741,-0.000134623,0.939426,0.932615,-0.00681116
1.76004e+09,4447,-0.0526062,-0.0527395,-0.000133286,0.946171,0.939426,-0.00674406
1.76004e+09,4448,-0.0524743,-0.0526062,-0.000131955,0.952848,0.946171,-0.00667776
1.76004e+09,4449,-0.0523436,-0.0524743,-0.000130632,0.959461,0.952848,-0.00661223
1.76004e+09,4450,-0.0522143,-0.0523436,-0.000129315,0.966008,0.959461,-0.00654742
1.76004e+09,4451,-0.0520863,-0.0522143,-0.000128006,0.972491,0.966008,-0.00648332
1.76004e+09,4452,-0.0519596,-0.0520863,-0.000126703,0.978911,0.972491,-0.00641988
1.76004e+09,4453,-0.0518342,-0.0520863,-0.00025211,0.985268,0.972491,-0.0127769
1.76004e+09,4454,-0.0517101,-0.0518342,-0.000124117,0.991563,0.985268,-0.00629488
1.76004e+09,4455,-0.0515873,-0.0518342,-0.000246951,0.997796,0.985268,-0.0125282
1.76004e+09,4456,-0.0514657,-0.0517101,-0.000244392,1.00397,0.991563,-0.0124055
1.76004e+09,4457,-0.0513454,-0.0514657,-0.000120287,1.01008,1.00397,-0.00611169
1.76004e+09,4458,-0.0512264,-0.0513454,-0.000119024,1.01613,1.01008,-0.00605168
1.76004e+09,4459,-0.0511086,-0.0512264,-0.000117766,1.02212,1.01613,-0.00599215
1.76004e+09,4460,-0.0509921,-0.0512264,-0.00023428,1.02806,1.01613,-0.0119252
1.76004e+09,4461,-0.0508769,-0.0509921,-0.000115269,1.03393,1.02806,-0.00587448
1.76004e+09,4462,-0.0507628,-0.0508769,-0.000114029,1.03975,1.03393,-0.00581629
1.76004e+09,4463,-0.05065,-0.0507628,-0.000112796,1.04551,1.03975,-0.0057585
1.76004e+09,4464,-0.0505385,-0.0507628,-0.000224364,1.05121,1.03975,-0.0114596
1.76004e+09,4465,-0.0504281,-0.05065,-0.000221914,1.05685,1.04551,-0.0113452
1.76004e+09,4466,-0.050319,-0.0504281,-0.00010913,1.06244,1.05685,-0.00558743
1.76004e+09,4467,-0.0502111,-0.050319,-0.000107919,1.06797,1.06244,-0.0055311
1.76004e+09,4468,-0.0501043,-0.0502111,-0.000106714,1.07345,1.06797,-0.00547511
1.76004e+09,4469,-0.0499988,-0.0501043,-0.000105514,1.07886,1.07345,-0.00541942
1.76004e+09,4470,-0.0498945,-0.0499988,-0.00010432,1.08423,1.07886,-0.00536404
1.76004e+09,4471,-0.0497914,-0.0498945,-0.000103131,1.08954,1.08423,-0.00530893
1.76004e+09,4472,-0.0496894,-0.0497914,-0.000101947,1.09479,1.08954,-0.0052541
1.76004e+09,4473,-0.0495887,-0.0496894,-0.000100768,1.09999,1.09479,-0.00519953
1.76004e+09,4474,-0.0494891,-0.0496894,-0.000200363,1.10514,1.09479,-0.0103447
1.76004e+09,4475,-0.0493906,-0.0494891,-9.84265e-05,1.11023,1.10514,-0.00509113
1.76004e+09,4476,-0.0492934,-0.0494891,-0.000195689,1.11526,1.10514,-0.0101284
1.76004e+09,4477,-0.0491973,-0.0492934,-9.61042e-05,1.12025,1.11526,-0.00498363
1.76004e+09,4478,-0.0491023,-0.0491973,-9.49503e-05,1.12518,1.12025,-0.0049302
1.76004e+09,4479,-0.0490085,-0.0491023,-9.38012e-05,1.13006,1.12518,-0.00487697
1.76004e+09,4480,-0.0489159,-0.0490085,-9.26567e-05,1.13488,1.13006,-0.00482392
1.76004e+09,4481,-0.0488244,-0.0489159,-9.15167e-05,1.13965,1.13488,-0.00477105
1.76004e+09,4482,-0.048734,-0.0488244,-9.03813e-05,1.14437,1.13965,-0.00471835
1.76004e+09,4483,-0.0486447,-0.048734,-8.92504e-05,1.14903,1.14437,-0.00466581
1.76004e+09,4484,-0.0485566,-0.048734,-0.000177374,1.15365,1.14437,-0.00927925
1.76004e+09,4485,-0.0484696,-0.0486447,-0.000175125,1.15821,1.14903,-0.00917463
1.76004e+09,4486,-0.0483837,-0.0484696,-8.58835e-05,1.16272,1.15821,-0.00450911
1.76004e+09,4487,-0.0482989,-0.0483837,-8.47696e-05,1.16718,1.16272,-0.00445714
1.76004e+09,4488,-0.0482153,-0.0482989,-8.36599e-05,1.17158,1.16718,-0.00440531
1.76004e+09,4489,-0.0481327,-0.0482153,-8.25541e-05,1.17593,1.17158,-0.0043536
1.76004e+09,4490,-0.0480513,-0.0481327,-8.14524e-05,1.18024,1.17593,-0.00430199
1.76004e+09,4491,-0.0479709,-0.0480513,-8.03546e-05,1.18449,1.18024,-0.0042505
1.76004e+09,4492,-0.0478917,-0.0479709,-7.92606e-05,1.18869,1.18449,-0.00419911
1.76004e+09,4493,-0.0478135,-0.0478917,-7.81704e-05,1.19283,1.18869,-0.00414781
1.76004e+09,4494,-0.0477364,-0.0478135,-7.70839e-05,1.19693,1.19283,-0.00409661
1.76004e+09,4495,-0.0476604,-0.0477364,-7.60011e-05,1.20098,1.19693,-0.00404549
1.76004e+09,4496,-0.0475855,-0.0476604,-7.49219e-05,1.20497,1.20098,-0.00399445
1.76004e+09,4497,-0.0475116,-0.0475855,-7.38462e-05,1.20891,1.20497,-0.00394349
1.76004e+09,4498,-0.0474389,-0.0475116,-7.2774e-05,1.21281,1.20891,-0.0038926
1.76004e+09,4499,-0.0473672,-0.0474389,-7.17052e-05,1.21665,1.21281,-0.00384178
1.76004e+09,4500,-0.0472965,-0.0473672,-7.06398e-05,1.22044,1.21665,-0.00379102
1.76004e+09,4501,-0.0472269,-0.0472965,-6.95776e-05,1.22418,1.22044,-0.00374031
1.76004e+09,4502,-0.0471584,-0.0472269,-6.85187e-05,1.22787,1.22418,-0.00368967
1.76004e+09,4503,-0.047091,-0.0471584,-6.7463e-05,1.23151,1.22787,-0.00363907
1.76004e+09,4504,-0.0470246,-0.047091,-6.64104e-05,1.2351,1.23151,-0.00358852
1.76004e+09,4505,-0.0469592,-0.047091,-0.000131771,1.23864,1.23151,-0.00712653
1.76004e+09,4506,-0.0468949,-0.0470246,-0.000129675,1.24212,1.2351,-0.00702556
1.76004e+09,4507,-0.0468316,-0.0469592,-0.000127585,1.24556,1.23864,-0.00692467
1.76004e+09,4508,-0.0467694,-0.0468949,-0.000125501,1.24895,1.24212,-0.00682384
1.76004e+09,4509,-0.0467082,-0.0468316,-0.000123422,1.25228,1.24556,-0.00672309
1.76004e+09,4510,-0.046648,-0.0467082,-6.01571e-05,1.25557,1.25228,-0.00328602
1.76004e+09,4511,-0.0465889,-0.046648,-5.91247e-05,1.2588,1.25557,-0.00323571
1.76004e+09,4512,-0.0465308,-0.0465889,-5.80951e-05,1.26199,1.2588,-0.00318543
1.76004e+09,4513,-0.0464737,-0.0465308,-5.70681e-05,1.26513,1.26199,-0.00313516
1.76004e+09,4514,-0.0464177,-0.0464737,-5.60436e-05,1.26821,1.26513,-0.00308491
1.76004e+09,4515,-0.0463627,-0.0464177,-5.50217e-05,1.27124,1.26821,-0.00303467
1.76004e+09,4516,-0.0463087,-0.0463627,-5.40022e-05,1.27423,1.27124,-0.00298445
1.76004e+09,4517,-0.0462557,-0.0463087,-5.29852e-05,1.27716,1.27423,-0.00293424
1.76004e+09,4518,-0.0462037,-0.0462557,-5.19705e-05,1.28005,1.27716,-0.00288403
1.76004e+09,4519,-0.0461528,-0.0462037,-5.09581e-05,1.28288,1.28005,-0.00283384
1.76004e+09,4520,-0.0461028,-0.0461528,-4.9948e-05,1.28566,1.28288,-0.00278365
1.76004e+09,4521,-0.0460539,-0.0461028,-4.89401e-05,1.2884,1.28566,-0.00273346
1.76004e+09,4522,-0.0460059,-0.0460539,-4.79344e-05,1.29108,1.2884,-0.00268327
1.76004e+09,4523,-0.045959,-0.0460059,-4.69308e-05,1.29371,1.29108,-0.00263308
1.76004e+09,4524,-0.0459131,-0.0460059,-9.28601e-05,1.2963,1.29108,-0.00521598
1.76004e+09,4525,-0.0458681,-0.045959,-9.08591e-05,1.29883,1.29371,-0.0051156
1.76004e+09,4526,-0.0458242,-0.0459131,-8.8862e-05,1.30131,1.2963,-0.00501521
1.76004e+09,4527,-0.0457813,-0.0458681,-8.68689e-05,1.30375,1.29883,-0.0049148
1.76004e+09,4528,-0.0457393,-0.0457813,-4.19429e-05,1.30613,1.30375,-0.00238209
1.76004e+09,4529,-0.0456984,-0.0457393,-4.0951e-05,1.30846,1.30613,-0.00233187
1.76004e+09,4530,-0.0456584,-0.0456984,-3.99609e-05,1.31074,1.30846,-0.00228164
1.76004e+09,4531,-0.0456194,-0.0456984,-7.89334e-05,1.31297,1.30846,-0.00451304
1.76004e+09,4532,-0.0455815,-0.0456584,-7.69584e-05,1.31515,1.31074,-0.00441255
1.76004e+09,4533,-0.0455445,-0.0455815,-3.70008e-05,1.31728,1.31515,-0.00213088
1.76004e+09,4534,-0.0455084,-0.0455445,-3.60174e-05,1.31936,1.31728,-0.00208061
1.76004e+09,4535,-0.0454734,-0.0455445,-7.10529e-05,1.3214,1.31728,-0.00411092
1.76004e+09,4536,-0.0454394,-0.0454734,-3.40552e-05,1.32338,1.3214,-0.00198
1.76004e+09,4537,-0.0454063,-0.0454394,-3.30763e-05,1.3253,1.32338,-0.00192968
1.76004e+09,4538,-0.0453742,-0.0454063,-3.20989e-05,1.32718,1.3253,-0.00187934
1.76004e+09,4539,-0.0453431,-0.0453742,-3.11228e-05,1.32901,1.32718,-0.00182898
1.76004e+09,4540,-0.0453129,-0.0453431,-3.01481e-05,1.33079,1.32901,-0.0017786
1.76004e+09,4541,-0.0452837,-0.0453129,-2.91747e-05,1.33252,1.33079,-0.00172821
1.76004e+09,4542,-0.0452555,-0.0452837,-2.82025e-05,1.3342,1.33252,-0.0016778
1.76004e+09,4543,-0.0452283,-0.0452555,-2.72316e-05,1.33583,1.3342,-0.00162736
1.76004e+09,4544,-0.045202,-0.0452283,-2.62618e-05,1.3374,1.33583,-0.00157691
1.76004e+09,4545,-0.0451767,-0.045202,-2.52932e-05,1.33893,1.3374,-0.00152644
1.76004e+09,4546,-0.0451524,-0.0451767,-2.43256e-05,1.3404,1.33893,-0.00147594
1.76004e+09,4547,-0.0451291,-0.0451767,-4.76847e-05,1.34183,1.33893,-0.00290137
1.76004e+09,4548,-0.0451067,-0.0451524,-4.57527e-05,1.3432,1.3404,-0.00280032
1.76004e+09,4549,-0.0450852,-0.0451067,-2.14291e-05,1.34453,1.3432,-0.00132434
1.76004e+09,4550,-0.0450648,-0.0450852,-2.04655e-05,1.3458,1.34453,-0.00127376
1.76004e+09,4551,-0.0450453,-0.0450648,-1.95028e-05,1.34703,1.3458,-0.00122316
1.76004e+09,4552,-0.0450267,-0.0450453,-1.85409e-05,1.3482,1.34703,-0.00117254
1.76004e+09,4553,-0.0450091,-0.0450267,-1.75798e-05,1.34932,1.3482,-0.0011219
1.76004e+09,4554,-0.0449925,-0.0450091,-1.66195e-05,1.35039,1.34932,-0.00107123
1.76004e+09,4555,-0.0449769,-0.0449925,-1.566e-05,1.35141,1.35039,-0.00102055
1.76004e+09,4556,-0.0449622,-0.0449769,-1.47011e-05,1.35238,1.35141,-0.000969838
1.76004e+09,4557,-0.0449484,-0.0449622,-1.37428e-05,1.3533,1.35238,-0.000919109
1.76004e+09,4558,-0.0449356,-0.0449484,-1.27852e-05,1.35417,1.3533,-0.000868358
1.76004e+09,4559,-0.0449238,-0.0449356,-1.18281e-05,1.35499,1.35417,-0.000817585
1.76004e+09,4560,-0.0449129,-0.0449238,-1.08716e-05,1.35575,1.35499,-0.000766791
1.76004e+09,4561,-0.044903,-0.0449129,-9.91557e-06,1.35647,1.35575,-0.000715976
1.76004e+09,4562,-0.0448941,-0.044903,-8.95997e-06,1.35713,1.35647,-0.000665139
1.76004e+09,4563,-0.0448861,-0.0448941,-8.00479e-06,1.35775,1.35713,-0.000614282
1.76004e+09,4564,-0.044879,-0.0448861,-7.04998e-06,1.35831,1.35775,-0.000563403
1.76004e+09,4565,-0.0448729,-0.044879,-6.09551e-06,1.35883,1.35831,-0.000512505
1.76004e+09,4566,-0.0448678,-0.0448729,-5.14133e-06,1.35929,1.35883,-0.000461586
1.76004e+09,4567,-0.0448636,-0.0448678,-4.18741e-06,1.3597,1.35929,-0.000410646
1.76004e+09,4568,-0.0448604,-0.0448636,-3.23372e-06,1.36006,1.3597,-0.000359687
1.76004e+09,4569,-0.0448581,-0.0448604,-2.2802e-06,1.36037,1.36006,-0.000308709
1.76004e+09,4570,-0.0448567,-0.0448581,-1.32682e-06,1.36062,1.36037,-0.000257711
1.76004e+09,4571,-0.0448564,-0.0448567,-3.73552e-07,1.36083,1.36062,-0.000206694
1.76004e+09,4572,-0.0448569,-0.0448567,2.061e-07,1.36099,1.36062,-0.000362352
1.76004e+09,4573,-0.0448585,-0.0448564,2.11248e-06,1.36109,1.36083,-0.000260262
1.76004e+09,4574,-0.044861,-0.0448585,2.48602e-06,1.36114,1.36109,-5.35314e-05
1.76004e+09,4575,-0.0448644,-0.044861,3.43926e-06,1.36115,1.36114,-2.44125e-06
1.76004e+09,4576,-0.0448688,-0.0448644,4.39258e-06,1.3611,1.36115,4.86665e-05
1.76004e+09,4577,-0.0448741,-0.0448688,5.34603e-06,1.361,1.3611,9.97914e-05
1.76004e+09,4578,-0.0448804,-0.0448741,6.29965e-06,1.36085,1.361,0.000150933
1.76004e+09,4579,-0.0448877,-0.0448804,7.25347e-06,1.36064,1.36085,0.000202092
1.76004e+09,4580,-0.0448959,-0.0448877,8.20754e-06,1.36039,1.36064,0.000253266
1.76004e+09,4581,-0.0449051,-0.0448959,9.16188e-06,1.36009,1.36039,0.000304457
1.76004e+09,4582,-0.0449152,-0.0449051,1.01165e-05,1.35973,1.36009,0.000355663
1.76004e+09,4583,-0.0449263,-0.0449152,1.10716e-05,1.35932,1.35973,0.000406885
1.76004e+09,4584,-0.0449383,-0.0449263,1.2027e-05,1.35887,1.35932,0.000458122
1.76004e+09,4585,-0.0449513,-0.0449383,1.29829e-05,1.35836,1.35887,0.000509373
1.76004e+09,4586,-0.0449652,-0.0449383,2.69221e-05,1.3578,1.35887,0.00107001
1.76004e+09,4587,-0.0449801,-0.0449513,2.88353e-05,1.35718,1.35836,0.00117256
1.76004e+09,4588,-0.044996,-0.0449652,3.07495e-05,1.35652,1.3578,0.00127513
1.76004e+09,4589,-0.0450128,-0.0449801,3.26649e-05,1.35581,1.35718,0.00137774
1.76004e+09,4590,-0.0450305,-0.0450128,1.77701e-05,1.35504,1.35581,0.000765844
1.76004e+09,4591,-0.0450493,-0.0450128,3.64996e-05,1.35422,1.35581,0.00158302
1.76004e+09,4592,-0.045069,-0.0450493,1.96895e-05,1.35336,1.35422,0.000868528
1.76004e+09,4593,-0.0450896,-0.045069,2.06503e-05,1.35244,1.35336,0.000919889
1.76004e+09,4594,-0.0451112,-0.045069,4.22621e-05,1.35146,1.35336,0.00189115
1.76004e+09,4595,-0.0451338,-0.0451112,2.25743e-05,1.35044,1.35146,0.00102265
1.76004e+09,4596,-0.0451573,-0.0451338,2.35376e-05,1.34937,1.35044,0.00107405
1.76004e+09,4597,-0.0451818,-0.0451573,2.45018e-05,1.34824,1.34937,0.00112546
1.76004e+09,4598,-0.0452073,-0.0451818,2.5467e-05,1.34707,1.34824,0.00117689
1.76004e+09,4599,-0.0452337,-0.0452073,2.64332e-05,1.34584,1.34707,0.00122832
1.76004e+09,4600,-0.0452611,-0.0452337,2.74005e-05,1.34456,1.34584,0.00127977
1.76004e+09,4601,-0.0452895,-0.0452611,2.83688e-05,1.34323,1.34456,0.00133123
1.76004e+09,4602,-0.0453188,-0.0452895,2.93383e-05,1.34184,1.34323,0.00138271
1.76004e+09,4603,-0.0453491,-0.0453188,3.03089e-05,1.34041,1.34184,0.0014342
1.76004e+09,4604,-0.0453804,-0.0453491,3.12808e-05,1.33892,1.34041,0.0014857
1.76004e+09,4605,-0.0454127,-0.0453804,3.22539e-05,1.33739,1.33892,0.00153721
1.76004e+09,4606,-0.0454459,-0.0454127,3.32283e-05,1.3358,1.33739,0.00158874
1.76004e+09,4607,-0.0454801,-0.0454459,3.42041e-05,1.33416,1.3358,0.00164028
1.76004e+09,4608,-0.0455153,-0.0454801,3.51813e-05,1.33247,1.33416,0.00169183
1.76004e+09,4609,-0.0455515,-0.0455153,3.61599e-05,1.33072,1.33247,0.0017434
1.76004e+09,4610,-0.0455886,-0.0455515,3.714e-05,1.32893,1.33072,0.00179498
1.76004e+09,4611,-0.0456267,-0.0455886,3.81216e-05,1.32708,1.32893,0.00184658
1.76004e+09,4612,-0.0456658,-0.0456267,3.91048e-05,1.32518,1.32708,0.00189819
1.76004e+09,4613,-0.0457059,-0.0456658,4.00896e-05,1.32323,1.32518,0.00194982
1.76004e+09,4614,-0.045747,-0.0457059,4.10761e-05,1.32123,1.32323,0.00200147
1.76004e+09,4615,-0.0457891,-0.045747,4.20643e-05,1.31918,1.32123,0.00205313
1.76004e+09,4616,-0.0458321,-0.0457891,4.30542e-05,1.31707,1.31918,0.00210481
1.76004e+09,4617,-0.0458762,-0.0458321,4.4046e-05,1.31492,1.31707,0.00215651
1.76004e+09,4618,-0.0459212,-0.0458762,4.50396e-05,1.31271,1.31492,0.00220823
1.76004e+09,4619,-0.0459672,-0.0459212,4.60351e-05,1.31045,1.31271,0.00225997
1.76004e+09,4620,-0.0460143,-0.0459672,4.70326e-05,1.30814,1.31045,0.00231173
1.76004e+09,4621,-0.0460623,-0.0460143,4.80321e-05,1.30577,1.30814,0.00236351
1.76004e+09,4622,-0.0461113,-0.0460143,9.70656e-05,1.30336,1.30814,0.00477883
1.76004e+09,4623,-0.0461614,-0.0460623,9.90708e-05,1.30089,1.30577,0.00488247
1.76004e+09,4624,-0.0462124,-0.0461614,5.1043e-05,1.29837,1.30089,0.00251901
1.76004e+09,4625,-0.0462645,-0.0462124,5.20509e-05,1.2958,1.29837,0.0025709
1.76004e+09,4626,-0.0463175,-0.0462645,5.30612e-05,1.29318,1.2958,0.00262281
1.76004e+09,4627,-0.0463716,-0.0463175,5.40737e-05,1.2905,1.29318,0.00267476
1.76004e+09,4628,-0.0464267,-0.0463716,5.50886e-05,1.28778,1.2905,0.00272673
1.76004e+09,4629,-0.0464828,-0.0464267,5.61058e-05,1.285,1.28778,0.00277874
1.76004e+09,4630,-0.0465399,-0.0464828,5.71256e-05,1.28217,1.285,0.00283079
1.76004e+09,4631,-0.0465981,-0.0464828,0.000115273,1.27928,1.285,0.00571366
1.76004e+09,4632,-0.0466572,-0.0465981,5.91727e-05,1.27635,1.27928,0.00293499
1.76004e+09,4633,-0.0467174,-0.0466572,6.02001e-05,1.27336,1.27635,0.00298716
1.76004e+09,4634,-0.0467787,-0.0467174,6.12302e-05,1.27032,1.27336,0.00303936
1.76004e+09,4635,-0.0468409,-0.0467787,6.22631e-05,1.26723,1.27032,0.00309161
1.76004e+09,4636,-0.0469042,-0.0468409,6.32987e-05,1.26409,1.26723,0.00314392
1.76004e+09,4637,-0.0469686,-0.0469042,6.43372e-05,1.26089,1.26409,0.00319627
1.76004e+09,4638,-0.0470339,-0.0469686,6.53785e-05,1.25764,1.26089,0.00324867
1.76004e+09,4639,-0.0471004,-0.0470339,6.64228e-05,1.25434,1.25764,0.00330113
1.76004e+09,4640,-0.0471678,-0.0471004,6.74702e-05,1.25099,1.25434,0.00335365
1.76004e+09,4641,-0.0472364,-0.0471678,6.85206e-05,1.24758,1.25099,0.00340623
1.76004e+09,4642,-0.0473059,-0.0472364,6.95741e-05,1.24412,1.24758,0.00345888
1.76004e+09,4643,-0.0473766,-0.0473059,7.06308e-05,1.24061,1.24412,0.00351159
1.76004e+09,4644,-0.0474483,-0.0473766,7.16908e-05,1.23705,1.24061,0.00356438
1.76004e+09,4645,-0.047521,-0.0474483,7.2754e-05,1.23343,1.23705,0.00361724
1.76004e+09,4646,-0.0475948,-0.0474483,0.000146575,1.22976,1.23705,0.00728742
1.76004e+09,4647,-0.0476697,-0.0475948,7.48907e-05,1.22604,1.22976,0.00372321
1.76004e+09,4648,-0.0477457,-0.0476697,7.59643e-05,1.22226,1.22604,0.00377632
1.76004e+09,4649,-0.0478227,-0.0477457,7.70414e-05,1.21843,1.22226,0.00382952
1.76004e+09,4650,-0.0479008,-0.0478227,7.81221e-05,1.21455,1.21843,0.00388282
1.76004e+09,4651,-0.04798,-0.0479008,7.92064e-05,1.21061,1.21455,0.00393622
1.76004e+09,4652,-0.0480603,-0.04798,8.02946e-05,1.20662,1.21061,0.00398973
1.76004e+09,4653,-0.0481417,-0.0480603,8.13865e-05,1.20258,1.20662,0.00404335
1.76004e+09,4654,-0.0482242,-0.0481417,8.24823e-05,1.19848,1.20258,0.00409708
1.76004e+09,4655,-0.0483078,-0.0482242,8.3582e-05,1.19433,1.19848,0.00415094
1.76004e+09,4656,-0.0483925,-0.0483078,8.46857e-05,1.19012,1.19433,0.00420492
1.76004e+09,4657,-0.0484783,-0.0483925,8.57935e-05,1.18587,1.19012,0.00425903
1.76004e+09,4658,-0.0485652,-0.0484783,8.69054e-05,1.18155,1.18587,0.00431329
1.76004e+09,4659,-0.0486532,-0.0485652,8.80215e-05,1.17718,1.18155,0.00436769
1.76004e+09,4660,-0.0487423,-0.0486532,8.91419e-05,1.17276,1.17718,0.00442224
1.76004e+09,4661,-0.0488326,-0.0487423,9.02667e-05,1.16829,1.17276,0.00447695
1.76004e+09,4662,-0.048924,-0.0488326,9.13958e-05,1.16375,1.16829,0.00453183
1.76004e+09,4663,-0.0490165,-0.048924,9.25294e-05,1.15917,1.16375,0.00458688
1.76004e+09,4664,-0.0491102,-0.0490165,9.36676e-05,1.15452,1.15917,0.00464212
1.76004e+09,4665,-0.049205,-0.0491102,9.48104e-05,1.14983,1.15452,0.00469755
1.76004e+09,4666,-0.049301,-0.049205,9.59578e-05,1.14507,1.14983,0.00475317
1.76004e+09,4667,-0.0493981,-0.049301,9.71101e-05,1.14026,1.14507,0.00480901
1.76004e+09,4668,-0.0494963,-0.0493981,9.82671e-05,1.1354,1.14026,0.00486506
1.76004e+09,4669,-0.0495958,-0.0494963,9.94291e-05,1.13048,1.1354,0.00492134
1.76004e+09,4670,-0.0496964,-0.0495958,0.000100596,1.1255,1.13048,0.00497785
1.76004e+09,4671,-0.0497981,-0.0496964,0.000101768,1.12047,1.1255,0.00503462
1.76004e+09,4672,-0.0499011,-0.0497981,0.000102945,1.11537,1.12047,0.00509164
1.76004e+09,4673,-0.0500052,-0.0499011,0.000104128,1.11023,1.11537,0.00514893
1.76004e+09,4674,-0.0501105,-0.0500052,0.000105315,1.10502,1.11023,0.00520651
1.76004e+09,4675,-0.050217,-0.0501105,0.000106508,1.09975,1.10502,0.00526438
1.76004e+09,4676,-0.0503247,-0.050217,0.000107707,1.09443,1.09975,0.00532256
1.76004e+09,4677,-0.0504337,-0.0503247,0.000108911,1.08905,1.09443,0.00538106
1.76004e+09,4678,-0.0505438,-0.0504337,0.00011012,1.08361,1.08905,0.0054399
1.76004e+09,4679,-0.0506551,-0.0504337,0.000221455,1.07811,1.08905,0.010939
1.76004e+09,4680,-0.0507677,-0.0506551,0.000112556,1.07255,1.07811,0.00555864
1.76004e+09,4681,-0.0508814,-0.0507677,0.000113783,1.06693,1.07255,0.00561857
1.76004e+09,4682,-0.0509965,-0.0508814,0.000115015,1.06126,1.06693,0.00567891
1.76004e+09,4683,-0.0511127,-0.0509965,0.000116254,1.05552,1.06126,0.00573965
1.76004e+09,4684,-0.0512302,-0.0511127,0.000117498,1.04972,1.05552,0.00580084
1.76004e+09,4685,-0.051349,-0.0512302,0.000118749,1.04385,1.04972,0.00586248
1.76004e+09,4686,-0.051469,-0.051349,0.000120006,1.03793,1.04385,0.00592459
1.76004e+09,4687,-0.0515902,-0.051469,0.000121269,1.03194,1.03793,0.0059872
1.76004e+09,4688,-0.0517128,-0.0515902,0.000122539,1.02589,1.03194,0.00605033
1.76004e+09,4689,-0.0518366,-0.0515902,0.000246353,1.01978,1.03194,0.0121643
1.76004e+09,4690,-0.0519617,-0.0518366,0.000125097,1.0136,1.01978,0.00617823
1.76004e+09,4691,-0.0520881,-0.0519617,0.000126386,1.00736,1.0136,0.00624305
1.76004e+09,4692,-0.0522158,-0.0520881,0.000127681,1.00105,1.00736,0.00630849
1.76004e+09,4693,-0.0523447,-0.0522158,0.000128983,0.994672,1.00105,0.00637457
1.76004e+09,4694,-0.052475,-0.0523447,0.000130292,0.988231,0.994672,0.00644133
1.76004e+09,4695,-0.0526066,-0.052475,0.000131608,0.981722,0.988231,0.00650879
1.76004e+09,4696,-0.0527396,-0.052475,0.00026454,0.975145,0.988231,0.0130858
1.76004e+09,4697,-0.0528738,-0.0527396,0.000134261,0.968499,0.975145,0.00664597
1.76004e+09,4698,-0.0530094,-0.0528738,0.000135599,0.961783,0.968499,0.00671576
1.76004e+09,4699,-0.0531464,-0.0530094,0.000136943,0.954997,0.961783,0.00678639
1.76004e+09,4700,-0.0532847,-0.0531464,0.000138295,0.948139,0.954997,0.0068579
1.76004e+09,4701,-0.0534243,-0.0532847,0.000139654,0.941209,0.948139,0.00693035
1.76004e+09,4702,-0.0535653,-0.0534243,0.000141021,0.934205,0.941209,0.00700377
1.76004e+09,4703,-0.0537077,-0.0535653,0.000142395,0.927127,0.934205,0.00707821
1.76004e+09,4704,-0.0538515,-0.0537077,0.000143778,0.919973,0.927127,0.00715371
1.76004e+09,4705,-0.0539967,-0.0537077,0.000288946,0.912743,0.927127,0.0143841
1.76004e+09,4706,-0.0541433,-0.0539967,0.000146567,0.905434,0.912743,0.00730816
1.76004e+09,4707,-0.0542912,-0.0541433,0.000147974,0.898047,0.905434,0.00738721
1.76004e+09,4708,-0.0544406,-0.0542912,0.000149389,0.89058,0.898047,0.00746756
1.76004e+09,4709,-0.0545914,-0.0544406,0.000150813,0.88303,0.89058,0.00754928
1.76004e+09,4710,-0.0547437,-0.0545914,0.000152246,0.875398,0.88303,0.00763243
1.76004e+09,4711,-0.0548974,-0.0547437,0.000153689,0.867681,0.875398,0.0077171
1.76004e+09,4712,-0.0550525,-0.0548974,0.000155141,0.859878,0.867681,0.00780337
1.76004e+09,4713,-0.0552091,-0.0550525,0.000156602,0.851986,0.859878,0.00789131
1.76004e+09,4714,-0.0553672,-0.0550525,0.000314676,0.844005,0.859878,0.0158723
1.76004e+09,4715,-0.0555267,-0.0553672,0.000159556,0.835933,0.844005,0.00807262
1.76004e+09,4716,-0.0556878,-0.0555267,0.000161048,0.827766,0.835933,0.00816618
1.76004e+09,4717,-0.0558503,-0.0556878,0.000162552,0.819505,0.827766,0.00826182
1.76004e+09,4718,-0.0560144,-0.0558503,0.000164067,0.811145,0.819505,0.00835968
1.76004e+09,4719,-0.05618,-0.0560144,0.000165593,0.802685,0.811145,0.00845987
1.76004e+09,4720,-0.0563471,-0.05618,0.000167132,0.794123,0.802685,0.00856253
1.76004e+09,4721,-0.0565158,-0.0563471,0.000168682,0.785455,0.794123,0.00866782
1.76004e+09,4722,-0.0566861,-0.0563471,0.000338928,0.776679,0.794123,0.0174437
1.76004e+09,4723,-0.0568579,-0.0566861,0.000171822,0.767792,0.776679,0.00888694
1.76004e+09,4724,-0.0570313,-0.0568579,0.000173411,0.758791,0.767792,0.00900112
1.76004e+09,4725,-0.0572063,-0.0570313,0.000175014,0.749672,0.758791,0.00911867
1.76004e+09,4726,-0.0573829,-0.0572063,0.00017663,0.740432,0.749672,0.00923979
1.76004e+09,4727,-0.0575612,-0.0573829,0.000178259,0.731068,0.740432,0.00936474
1.76004e+09,4728,-0.0577411,-0.0575612,0.000179902,0.721574,0.731068,0.00949377
1.76004e+09,4729,-0.0579227,-0.0577411,0.000181558,0.711947,0.721574,0.00962717
1.76004e+09,4730,-0.0581059,-0.0579227,0.000183226,0.702181,0.711947,0.00976527
1.76004e+09,4731,-0.0582908,-0.0581059,0.000184907,0.692273,0.702181,0.00990841
1.76004e+09,4732,-0.0584774,-0.0582908,0.000186599,0.682216,0.692273,0.010057
1.76004e+09,4733,-0.0586657,-0.0584774,0.000188302,0.672005,0.682216,0.0102114
1.76004e+09,4734,-0.0588557,-0.0586657,0.000190015,0.661632,0.672005,0.0103721
1.76004e+09,4735,-0.0590474,-0.0588557,0.000191735,0.651093,0.661632,0.0105397
1.76004e+09,4736,-0.0592409,-0.0590474,0.000193462,0.640378,0.651093,0.0107147
1.76004e+09,4737,-0.0594361,-0.0592409,0.000195192,0.62948,0.640378,0.0108978
1.76004e+09,4738,-0.059633,-0.0594361,0.000196925,0.618391,0.62948,0.0110897
1.76004e+09,4739,-0.0598317,-0.059633,0.000198656,0.607099,0.618391,0.0112911
1.76004e+09,4740,-0.0601377,-0.0598317,0.000306024,0.606889,0.607099,0.000210376
1.76004e+09,4741,-0.0604461,-0.0601377,0.000308441,0.606676,0.606889,0.000213192
1.76004e+09,4742,-0.060757,-0.0604461,0.000310847,0.60646,0.606676,0.00021603
1.76004e+09,4743,-0.0610702,-0.060757,0.000313238,0.606241,0.60646,0.000218888
1.76004e+09,4744,-0.0613858,-0.0610702,0.000315608,0.606019,0.606241,0.000221764
1.76004e+09,4745,-0.0617038,-0.0613858,0.000317955,0.605794,0.606019,0.000224656
1.76004e+09,4746,-0.0620241,-0.0617038,0.000320273,0.605567,0.605794,0.000227559
1.76004e+09,4747,-0.0623466,-0.0620241,0.000322557,0.605336,0.605567,0.000230471
1.76004e+09,4748,-0.0626714,-0.0623466,0.000324802,0.605103,0.605336,0.000233389
1.76004e+09,4749,-0.0629984,-0.0626714,0.000327003,0.604867,0.605103,0.000236308
1.76004e+09,4750,-0.0633276,-0.0629984,0.000329155,0.604628,0.604867,0.000239226
1.76004e+09,4751,-0.0636588,-0.0633276,0.000331253,0.604385,0.604628,0.000242137
1.76004e+09,4752,-0.0639921,-0.0636588,0.000333291,0.60414,0.604385,0.000245039
1.76004e+09,4753,-0.0643274,-0.0639921,0.000335264,0.603892,0.60414,0.000247926
1.76004e+09,4754,-0.0646645,-0.0643274,0.000337166,0.603642,0.603892,0.000250795
1.76004e+09,4755,-0.0650035,-0.0643274,0.000676159,0.603388,0.603892,0.000504437
1.76004e+09,4756,-0.0653443,-0.0650035,0.000340739,0.603132,0.603388,0.000256461
1.76004e+09,4757,-0.0656867,-0.0653443,0.0003424,0.602872,0.603132,0.000259248
1.76004e+09,4758,-0.0660307,-0.0656867,0.00034397,0.60261,0.602872,0.000261999
1.76004e+09,4759,-0.0663761,-0.0660307,0.000345446,0.602346,0.60261,0.00026471
1.76004e+09,4760,-0.0667229,-0.0663761,0.000346823,0.602078,0.602346,0.000267376
1.76004e+09,4761,-0.067071,-0.0667229,0.000348096,0.601808,0.602078,0.000269993
1.76004e+09,4762,-0.0674203,-0.067071,0.000349263,0.601536,0.601808,0.000272557
1.76004e+09,4763,-0.0677706,-0.067071,0.000699582,0.601261,0.601808,0.00054762
1.76004e+09,4764,-0.0681219,-0.0677706,0.000351263,0.600983,0.601261,0.000277508
1.76004e+09,4765,-0.068474,-0.0681219,0.00035209,0.600703,0.600983,0.000279888
1.76004e+09,4766,-0.0688267,-0.068474,0.000352798,0.600421,0.600703,0.000282199
1.76004e+09,4767,-0.0691801,-0.0688267,0.000353385,0.600137,0.600421,0.000284437
1.76004e+09,4768,-0.069534,-0.0691801,0.00035385,0.59985,0.600137,0.0002866
1.76004e+09,4769,-0.0698882,-0.069534,0.000354191,0.599561,0.59985,0.000288684
1.76004e+09,4770,-0.0702426,-0.0698882,0.000354406,0.599271,0.599561,0.000290685
1.76004e+09,4771,-0.0705971,-0.0702426,0.000354496,0.598978,0.599271,0.000292603
1.76004e+09,4772,-0.0709515,-0.0702426,0.000708955,0.598684,0.599271,0.000587036
1.76004e+09,4773,-0.0713058,-0.0709515,0.000354296,0.598387,0.598684,0.000296175
1.76004e+09,4774,-0.0716598,-0.0713058,0.000354008,0.59809,0.598387,0.000297825
1.76004e+09,4775,-0.0720134,-0.0716598,0.000353594,0.59779,0.59809,0.000299382
1.76004e+09,4776,-0.0723665,-0.0720134,0.000353056,0.597489,0.59779,0.000300846
1.76004e+09,4777,-0.0727189,-0.0723665,0.000352396,0.597187,0.597489,0.000302214
1.76004e+09,4778,-0.0730705,-0.0727189,0.000351616,0.596884,0.597187,0.000303487
1.76004e+09,4779,-0.0734212,-0.0730705,0.000350717,0.596579,0.596884,0.000304663
1.76004e+09,4780,-0.0737709,-0.0734212,0.000349702,0.596273,0.596579,0.000305743
1.76004e+09,4781,-0.0741195,-0.0737709,0.000348575,0.595966,0.596273,0.000306727
1.76004e+09,4782,-0.0744668,-0.0741195,0.000347338,0.595659,0.595966,0.000307615
1.76004e+09,4783,-0.0748128,-0.0744668,0.000345994,0.59535,0.595659,0.000308408
1.76004e+09,4784,-0.0751574,-0.0748128,0.000344549,0.595041,0.59535,0.000309108
1.76004e+09,4785,-0.0755004,-0.0751574,0.000343005,0.594732,0.595041,0.000309716
1.76004e+09,4786,-0.0758418,-0.0755004,0.000341368,0.594421,0.594732,0.000310234
1.76004e+09,4787,-0.0761814,-0.0758418,0.000339642,0.594111,0.594421,0.000310663
1.76004e+09,4788,-0.0765192,-0.0761814,0.000337832,0.5938,0.594111,0.000311008
1.76004e+09,4789,-0.0768552,-0.0765192,0.000335943,0.593488,0.5938,0.000311269
1.76004e+09,4790,-0.0771891,-0.0768552,0.00033398,0.593177,0.593488,0.000311451
1.76004e+09,4791,-0.0775211,-0.0771891,0.000331949,0.592865,0.593177,0.000311555
1.76004e+09,4792,-0.077851,-0.0775211,0.000329855,0.592554,0.592865,0.000311587
1.76004e+09,4793,-0.0781787,-0.077851,0.000327704,0.592242,0.592554,0.000311549
1.76004e+09,4794,-0.0785042,-0.0781787,0.0003255,0.591931,0.592242,0.000311444
1.76004e+09,4795,-0.0788274,-0.0781787,0.00064875,0.59162,0.592242,0.000622722
1.76004e+09,4796,-0.0791484,-0.0788274,0.000320959,0.591309,0.59162,0.000311053
1.76004e+09,4797,-0.079467,-0.0791484,0.000318631,0.590998,0.591309,0.000310773
1.76004e+09,4798,-0.0797833,-0.079467,0.000316273,0.590687,0.590998,0.000310442
1.76004e+09,4799,-0.0800972,-0.0797833,0.000313888,0.590377,0.590687,0.000310064
1.76004e+09,4800,-0.0804086,-0.0800972,0.000311481,0.590068,0.590377,0.000309642
1.76004e+09,4801,-0.0807177,-0.0804086,0.000309056,0.589758,0.590068,0.000309179
1.76004e+09,4802,-0.0810243,-0.0807177,0.000306618,0.58945,0.589758,0.000308679
1.76004e+09,4803,-0.0813285,-0.0810243,0.000304168,0.589142,0.58945,0.000308144
1.76004e+09,4804,-0.0816302,-0.0813285,0.000301712,0.588834,0.589142,0.000307579
1.76004e+09,4805,-0.0819294,-0.0813285,0.000600965,0.588527,0.589142,0.000614563
1.76004e+09,4806,-0.0822262,-0.0816302,0.000596044,0.588221,0.588834,0.000613349
1.76004e+09,4807,-0.0825206,-0.0819294,0.000591124,0.587915,0.588527,0.000612086
1.76004e+09,4808,-0.0828124,-0.0825206,0.000291877,0.58761,0.587915,0.000305057
1.76004e+09,4809,-0.0831019,-0.0828124,0.000289428,0.587306,0.58761,0.000304373
1.76004e+09,4810,-0.0833889,-0.0831019,0.000286987,0.587002,0.587306,0.000303672
1.76004e+09,4811,-0.0836734,-0.0833889,0.000284554,0.586699,0.587002,0.000302955
1.76004e+09,4812,-0.0839555,-0.0836734,0.000282132,0.586397,0.586699,0.000302225
1.76004e+09,4813,-0.0842353,-0.0839555,0.000279722,0.586095,0.586397,0.000301481
1.76004e+09,4814,-0.0845126,-0.0842353,0.000277324,0.585794,0.586095,0.000300725
1.76004e+09,4815,-0.0847875,-0.0845126,0.000274939,0.585495,0.585794,0.000299958
1.76004e+09,4816,-0.0850601,-0.0847875,0.000272567,0.585195,0.585495,0.000299181
1.76004e+09,4817,-0.0853303,-0.0850601,0.000270209,0.584897,0.585195,0.000298394
1.76004e+09,4818,-0.0855982,-0.0853303,0.000267864,0.584599,0.584897,0.000297599
1.76004e+09,4819,-0.0858637,-0.0855982,0.000265534,0.584303,0.584599,0.000296795
1.76004e+09,4820,-0.0861269,-0.0858637,0.000263217,0.584007,0.584303,0.000295982
1.76004e+09,4821,-0.0863878,-0.0861269,0.000260915,0.583711,0.584007,0.000295162
1.76004e+09,4822,-0.0866465,-0.0861269,0.00051954,0.583417,0.584007,0.000589497
1.76004e+09,4823,-0.0869028,-0.0863878,0.000514976,0.583124,0.583711,0.000587834
1.76004e+09,4824,-0.0871569,-0.0869028,0.000254088,0.582831,0.583124,0.000292657
1.76004e+09,4825,-0.0874087,-0.0871569,0.000251839,0.582539,0.582831,0.000291807
1.76004e+09,4826,-0.0876583,-0.0874087,0.000249603,0.582248,0.582539,0.00029095
1.76004e+09,4827,-0.0879057,-0.0876583,0.000247379,0.581958,0.582248,0.000290086
1.76004e+09,4828,-0.0881509,-0.0879057,0.000245168,0.581669,0.581958,0.000289215
1.76004e+09,4829,-0.0883939,-0.0881509,0.000242969,0.581381,0.581669,0.000288338
1.76004e+09,4830,-0.0886346,-0.0883939,0.000240781,0.581093,0.581381,0.000287453
1.76004e+09,4831,-0.0888732,-0.0886346,0.000238605,0.580807,0.581093,0.000286562
1.76004e+09,4832,-0.0891097,-0.0888732,0.000236441,0.580521,0.580807,0.000285664
1.76004e+09,4833,-0.089344,-0.0891097,0.000234287,0.580236,0.580521,0.00028476
1.76004e+09,4834,-0.0895761,-0.089344,0.000232144,0.579952,0.580236,0.000283849
1.76004e+09,4835,-0.0898061,-0.0895761,0.000230011,0.579669,0.579952,0.000282932
1.76004e+09,4836,-0.090034,-0.0898061,0.000227889,0.579387,0.579669,0.000282008
1.76004e+09,4837,-0.0902598,-0.0898061,0.000453667,0.579106,0.579669,0.000563085
1.76004e+09,4838,-0.0904835,-0.0902598,0.000223676,0.578826,0.579106,0.000280141
1.76004e+09,4839,-0.0907051,-0.0904835,0.000221584,0.578547,0.578826,0.000279199
1.76004e+09,4840,-0.0909246,-0.0904835,0.000441085,0.578269,0.578826,0.00055745
1.76004e+09,4841,-0.091142,-0.0909246,0.000217429,0.577991,0.578269,0.000277297
1.76004e+09,4842,-0.0913574,-0.091142,0.000215366,0.577715,0.577991,0.000276337
1.76004e+09,4843,-0.0915707,-0.0913574,0.000213312,0.57744,0.577715,0.000275372
1.76004e+09,4844,-0.0917819,-0.0915707,0.000211267,0.577165,0.57744,0.000274401
1.76004e+09,4845,-0.0919912,-0.0917819,0.000209231,0.576892,0.577165,0.000273426
1.76004e+09,4846,-0.0921984,-0.0919912,0.000207204,0.576619,0.576892,0.000272445
1.76004e+09,4847,-0.0924036,-0.0919912,0.000412391,0.576348,0.576892,0.000543903
1.76004e+09,4848,-0.0926067,-0.0924036,0.000203177,0.576077,0.576348,0.000270468
1.76004e+09,4849,-0.0928079,-0.0926067,0.000201177,0.575808,0.576077,0.000269473
1.76004e+09,4850,-0.0930071,-0.0928079,0.000199185,0.575539,0.575808,0.000268473
1.76004e+09,4851,-0.0932043,-0.0930071,0.000197202,0.575272,0.575539,0.000267469
1.76004e+09,4852,-0.0933995,-0.0932043,0.000195227,0.575006,0.575272,0.00026646
1.76004e+09,4853,-0.0935928,-0.0933995,0.00019326,0.57474,0.575006,0.000265448
1.76004e+09,4854,-0.0937841,-0.0935928,0.000191302,0.574476,0.57474,0.000264432
1.76004e+09,4855,-0.0939734,-0.0935928,0.000380655,0.574212,0.57474,0.000527844
1.76004e+09,4856,-0.0941608,-0.0939734,0.000187411,0.57395,0.574212,0.000262389
1.76004e+09,4857,-0.0943463,-0.0941608,0.000185477,0.573689,0.57395,0.000261362
1.76004e+09,4858,-0.0945299,-0.0943463,0.000183551,0.573428,0.573689,0.000260332
1.76004e+09,4859,-0.0947115,-0.0943463,0.000365184,0.573169,0.573689,0.00051963
1.76004e+09,4860,-0.0948912,-0.0947115,0.000179723,0.572911,0.573169,0.000258262
1.76004e+09,4861,-0.0950691,-0.0948912,0.000177821,0.572653,0.572911,0.000257223
1.76004e+09,4862,-0.095245,-0.0950691,0.000175926,0.572397,0.572653,0.000256181
1.76004e+09,4863,-0.095419,-0.095245,0.000174039,0.572142,0.572397,0.000255137
1.76004e+09,4864,-0.0955912,-0.095419,0.00017216,0.571888,0.572142,0.00025409
1.76004e+09,4865,-0.0957615,-0.0955912,0.000170288,0.571635,0.571888,0.000253041
1.76004e+09,4866,-0.0959299,-0.0957615,0.000168423,0.571383,0.571635,0.00025199
1.76004e+09,4867,-0.0960965,-0.0959299,0.000166566,0.571132,0.571383,0.000250936
1.76004e+09,4868,-0.0962612,-0.0960965,0.000164716,0.570882,0.571132,0.000249881
1.76004e+09,4869,-0.096424,-0.0962612,0.000162873,0.570633,0.570882,0.000248824
1.76004e+09,4870,-0.0965851,-0.096424,0.000161037,0.570386,0.570633,0.000247766
1.76004e+09,4871,-0.0967443,-0.0965851,0.000159208,0.570139,0.570386,0.000246705
1.76004e+09,4872,-0.0969017,-0.0967443,0.000157386,0.569893,0.570139,0.000245644
1.76004e+09,4873,-0.0970572,-0.0969017,0.000155571,0.569649,0.569893,0.000244581
1.76004e+09,4874,-0.097211,-0.0969017,0.000309334,0.569405,0.569893,0.000488097
1.76004e+09,4875,-0.097363,-0.097211,0.000151961,0.569163,0.569405,0.000242451
1.76004e+09,4876,-0.0975131,-0.097363,0.000150166,0.568921,0.569163,0.000241385
1.76004e+09,4877,-0.0976615,-0.0975131,0.000148378,0.568681,0.568921,0.000240317
1.76004e+09,4878,-0.0978081,-0.0976615,0.000146596,0.568442,0.568681,0.000239249
1.76004e+09,4879,-0.0979529,-0.0976615,0.000291416,0.568204,0.568681,0.00047743
1.76004e+09,4880,-0.098096,-0.0979529,0.000143051,0.567966,0.568204,0.000237111
1.76004e+09,4881,-0.0982373,-0.098096,0.000141287,0.56773,0.567966,0.000236042
1.76004e+09,4882,-0.0983768,-0.0982373,0.000139531,0.567495,0.56773,0.000234972
1.76004e+09,4883,-0.0985146,-0.0983768,0.00013778,0.567261,0.567495,0.000233901
1.76004e+09,4884,-0.0986506,-0.0985146,0.000136035,0.567029,0.567261,0.000232831
1.76004e+09,4885,-0.0987849,-0.0986506,0.000134296,0.566797,0.567029,0.00023176
1.76004e+09,4886,-0.0989175,-0.0987849,0.000132563,0.566566,0.566797,0.00023069
1.76004e+09,4887,-0.0990483,-0.0989175,0.000130835,0.566337,0.566566,0.000229619
1.76004e+09,4888,-0.0991774,-0.0989175,0.000259949,0.566108,0.566566,0.000458168
1.76004e+09,4889,-0.0993048,-0.0991774,0.000127398,0.565881,0.566108,0.000227479
1.76004e+09,4890,-0.0994305,-0.0993048,0.000125687,0.565654,0.565881,0.000226409
1.76004e+09,4891,-0.0995545,-0.0994305,0.000123982,0.565429,0.565654,0.00022534
1.76004e+09,4892,-0.0996768,-0.0995545,0.000122282,0.565205,0.565429,0.000224272
1.76004e+09,4893,-0.0997974,-0.0996768,0.000120588,0.564981,0.565205,0.000223204
1.76004e+09,4894,-0.0999163,-0.0997974,0.000118899,0.564759,0.564981,0.000222137
1.76004e+09,4895,-0.100033,-0.0999163,0.000117215,0.564538,0.564759,0.00022107
1.76004e+09,4896,-0.100149,-0.100033,0.000115537,0.564318,0.564538,0.000220005
1.76004e+09,4897,-0.100263,-0.100149,0.000113863,0.564099,0.564318,0.00021894
1.76004e+09,4898,-0.100375,-0.100263,0.000112195,0.563881,0.564099,0.000217877
1.76004e+09,4899,-0.100486,-0.100375,0.000110531,0.563664,0.563881,0.000216815
1.76004e+09,4900,-0.100594,-0.100486,0.000108872,0.563449,0.563664,0.000215754
1.76004e+09,4901,-0.100702,-0.100594,0.000107218,0.563234,0.563449,0.000214694
1.76004e+09,4902,-0.100807,-0.100702,0.000105568,0.56302,0.563234,0.000213636
1.76004e+09,4903,-0.100911,-0.100807,0.000103923,0.562808,0.56302,0.000212579
1.76004e+09,4904,-0.101013,-0.100911,0.000102283,0.562596,0.562808,0.000211524
1.76004e+09,4905,-0.101114,-0.101013,0.000100647,0.562386,0.562596,0.00021047
1.76004e+09,4906,-0.101213,-0.101114,9.90158e-05,0.562176,0.562386,0.000209418
1.76004e+09,4907,-0.101311,-0.101213,9.73887e-05,0.561968,0.562176,0.000208368
1.76004e+09,4908,-0.101406,-0.101311,9.57659e-05,0.561761,0.561968,0.00020732
1.76004e+09,4909,-0.1015,-0.101406,9.41473e-05,0.561554,0.561761,0.000206274
1.76004e+09,4910,-0.101593,-0.1015,9.25329e-05,0.561349,0.561554,0.000205229
1.76004e+09,4911,-0.101684,-0.101593,9.09225e-05,0.561145,0.561349,0.000204187
1.76004e+09,4912,-0.101773,-0.101684,8.9316e-05,0.560942,0.561145,0.000203147
1.76004e+09,4913,-0.101861,-0.101773,8.77136e-05,0.56074,0.560942,0.000202109
1.76004e+09,4914,-0.101947,-0.101861,8.61149e-05,0.560539,0.56074,0.000201073
1.76004e+09,4915,-0.102032,-0.101947,8.45201e-05,0.560339,0.560539,0.00020004
1.76004e+09,4916,-0.102114,-0.102032,8.2929e-05,0.56014,0.560339,0.000199009
1.76004e+09,4917,-0.102196,-0.102114,8.13415e-05,0.559942,0.56014,0.00019798
1.76004e+09,4918,-0.102276,-0.102196,7.97576e-05,0.559745,0.559942,0.000196955
1.76004e+09,4919,-0.102354,-0.102276,7.81772e-05,0.559549,0.559745,0.000195931
1.76004e+09,4920,-0.10243,-0.102354,7.66003e-05,0.559354,0.559549,0.000194911
1.76004e+09,4921,-0.102505,-0.10243,7.50268e-05,0.55916,0.559354,0.000193893
1.76004e+09,4922,-0.102579,-0.102505,7.34566e-05,0.558967,0.55916,0.000192878
1.76004e+09,4923,-0.102651,-0.102579,7.18896e-05,0.558775,0.558967,0.000191865
1.76004e+09,4924,-0.102721,-0.102651,7.03258e-05,0.558584,0.558775,0.000190856
1.76004e+09,4925,-0.10279,-0.102721,6.87652e-05,0.558395,0.558584,0.00018985
1.76004e+09,4926,-0.102857,-0.10279,6.72075e-05,0.558206,0.558395,0.000188847
1.76004e+09,4927,-0.102923,-0.102857,6.56529e-05,0.558018,0.558206,0.000187846
1.76004e+09,4928,-0.102987,-0.102923,6.41012e-05,0.557831,0.558018,0.000186849
1.76004e+09,4929,-0.103049,-0.102987,6.25523e-05,0.557645,0.557831,0.000185856
1.76004e+09,4930,-0.10311,-0.103049,6.10062e-05,0.55746,0.557645,0.000184865
1.76004e+09,4931,-0.10317,-0.10311,5.94629e-05,0.557276,0.55746,0.000183878
1.76004e+09,4932,-0.103228,-0.10317,5.79222e-05,0.557094,0.557276,0.000182895
1.76004e+09,4933,-0.103284,-0.103228,5.6384e-05,0.556912,0.557094,0.000181915
1.76004e+09,4934,-0.103339,-0.103284,5.48484e-05,0.556731,0.556912,0.000180938
1.76004e+09,4935,-0.103392,-0.103339,5.33153e-05,0.556551,0.556731,0.000179965
1.76004e+09,4936,-0.103444,-0.103392,5.17845e-05,0.556372,0.556551,0.000178996
1.76004e+09,4937,-0.103494,-0.103444,5.02561e-05,0.556194,0.556372,0.00017803
1.76004e+09,4938,-0.103543,-0.103494,4.87299e-05,0.556017,0.556194,0.000177068
1.76004e+09,4939,-0.10359,-0.103543,4.7206e-05,0.55584,0.556017,0.00017611
1.76004e+09,4940,-0.103636,-0.10359,4.56841e-05,0.555665,0.55584,0.000175156
1.76004e+09,4941,-0.10368,-0.103636,4.41643e-05,0.555491,0.555665,0.000174206
1.76004e+09,4942,-0.103723,-0.10368,4.26466e-05,0.555318,0.555491,0.000173259
1.76004e+09,4943,-0.103764,-0.103723,4.11307e-05,0.555146,0.555318,0.000172317
1.76004e+09,4944,-0.103803,-0.103764,3.96168e-05,0.554974,0.555146,0.000171379
1.76004e+09,4945,-0.103842,-0.103803,3.81046e-05,0.554804,0.554974,0.000170445
1.76004e+09,4946,-0.103878,-0.103842,3.65942e-05,0.554634,0.554804,0.000169516
1.76004e+09,4947,-0.103913,-0.103878,3.50855e-05,0.554466,0.554634,0.00016859
1.76004e+09,4948,-0.103947,-0.103913,3.35784e-05,0.554298,0.554466,0.000167669
1.76004e+09,4949,-0.103979,-0.103947,3.20728e-05,0.554131,0.554298,0.000166753
1.76004e+09,4950,-0.104009,-0.103979,3.05687e-05,0.553965,0.554131,0.00016584
1.76004e+09,4951,-0.104039,-0.104009,2.90661e-05,0.5538,0.553965,0.000164933
1.76004e+09,4952,-0.104066,-0.104039,2.75648e-05,0.553636,0.5538,0.000164029
1.76004e+09,4953,-0.104092,-0.104066,2.60648e-05,0.553473,0.553636,0.000163131
1.76004e+09,4954,-0.104117,-0.104092,2.45661e-05,0.553311,0.553473,0.000162237
1.76004e+09,4955,-0.10414,-0.104117,2.30685e-05,0.55315,0.553311,0.000161348
1.76004e+09,4956,-0.104161,-0.10414,2.1572e-05,0.552989,0.55315,0.000160463
1.76004e+09,4957,-0.104181,-0.104161,2.00766e-05,0.55283,0.552989,0.000159584
1.76004e+09,4958,-0.1042,-0.104181,1.85821e-05,0.552671,0.55283,0.000158709
1.76004e+09,4959,-0.104217,-0.1042,1.70886e-05,0.552513,0.552671,0.000157839
1.76004e+09,4960,-0.104233,-0.104217,1.55959e-05,0.552356,0.552513,0.000156975
1.76004e+09,4961,-0.104247,-0.104233,1.41039e-05,0.5522,0.552356,0.000156115
1.76004e+09,4962,-0.104259,-0.104247,1.26128e-05,0.552045,0.5522,0.00015526
1.76004e+09,4963,-0.104271,-0.104259,1.11222e-05,0.55189,0.552045,0.000154411
1.76004e+09,4964,-0.10428,-0.104271,9.63233e-06,0.551737,0.55189,0.000153567
1.76004e+09,4965,-0.104288,-0.10428,8.14294e-06,0.551584,0.551737,0.000152728
1.76004e+09,4966,-0.104295,-0.104288,6.65403e-06,0.551432,0.551584,0.000151894
1.76004e+09,4967,-0.1043,-0.104295,5.16553e-06,0.551281,0.551432,0.000151066
1.76004e+09,4968,-0.104304,-0.1043,3.67737e-06,0.551131,0.551281,0.000150243
1.76004e+09,4969,-0.104306,-0.104304,2.18949e-06,0.550981,0.551131,0.000149426
1.76004e+09,4970,-0.104307,-0.104306,7.01839e-07,0.550833,0.550981,0.000148614
1.76004e+09,4971,-0.104306,-0.104307,-7.8566e-07,0.550685,0.550833,0.000147808
1.76004e+09,4972,-0.104304,-0.104307,-3.05872e-06,0.550538,0.550833,0.000294815
1.76004e+09,4973,-0.1043,-0.104304,-3.76044e-06,0.550392,0.550538,0.000146213
1.76004e+09,4974,-0.104295,-0.1043,-5.24785e-06,0.550246,0.550392,0.000145424
1.76004e+09,4975,-0.104288,-0.104295,-6.73535e-06,0.550102,0.550246,0.000144641
1.76004e+09,4976,-0.10428,-0.104288,-8.22301e-06,0.549958,0.550102,0.000143863
1.76004e+09,4977,-0.10427,-0.10428,-9.71089e-06,0.549815,0.549958,0.000143092
1.76004e+09,4978,-0.104259,-0.10427,-1.11991e-05,0.549672,0.549815,0.000142327
1.76004e+09,4979,-0.104246,-0.104259,-1.26876e-05,0.549531,0.549672,0.000141568
1.76004e+09,4980,-0.104232,-0.104246,-1.41765e-05,0.54939,0.549531,0.000140815
1.76004e+09,4981,-0.104216,-0.104232,-1.56659e-05,0.54925,0.54939,0.000140068
1.76004e+09,4982,-0.104199,-0.104216,-1.71558e-05,0.549111,0.54925,0.000139327
1.76004e+09,4983,-0.10418,-0.104199,-1.86464e-05,0.548972,0.549111,0.000138593
1.76004e+09,4984,-0.10416,-0.10418,-2.01376e-05,0.548834,0.548972,0.000137865
1.76004e+09,4985,-0.104139,-0.10416,-2.16295e-05,0.548697,0.548834,0.000137143
1.76004e+09,4986,-0.104116,-0.104139,-2.31222e-05,0.548561,0.548697,0.000136428
1.76004e+09,4987,-0.104091,-0.104116,-2.46158e-05,0.548425,0.548561,0.00013572
1.76004e+09,4988,-0.104065,-0.104116,-5.07261e-05,0.54829,0.548561,0.000270737
1.76004e+09,4989,-0.104037,-0.104065,-2.76057e-05,0.548156,0.54829,0.000134323
1.76004e+09,4990,-0.104008,-0.104037,-2.91023e-05,0.548022,0.548156,0.000133634
1.76004e+09,4991,-0.103978,-0.104008,-3.05999e-05,0.547889,0.548022,0.000132953
1.76004e+09,4992,-0.103945,-0.103978,-3.20987e-05,0.547757,0.547889,0.000132278
1.76004e+09,4993,-0.103912,-0.103945,-3.35987e-05,0.547625,0.547757,0.00013161
1.76004e+09,4994,-0.103877,-0.103912,-3.51e-05,0.547494,0.547625,0.000130949
1.76004e+09,4995,-0.10384,-0.103877,-3.66027e-05,0.547364,0.547494,0.000130295
1.76004e+09,4996,-0.103802,-0.10384,-3.81068e-05,0.547234,0.547364,0.000129649
1.76004e+09,4997,-0.103762,-0.103802,-3.96123e-05,0.547105,0.547234,0.000129009
1.76004e+09,4998,-0.103721,-0.103762,-4.11195e-05,0.546977,0.547105,0.000128377
1.76004e+09,4999,-0.103679,-0.103721,-4.26282e-05,0.546849,0.546977,0.000127753
1.76004e+09,5000,-0.103635,-0.103679,-4.41387e-05,0.546722,0.546849,0.000127135
1.76004e+09,5001,-0.103589,-0.103635,-4.56508e-05,0.546595,0.546722,0.000126525
1.76004e+09,5002,-0.103542,-0.103589,-4.71648e-05,0.546469,0.546595,0.000125923
1.76004e+09,5003,-0.103493,-0.103542,-4.86807e-05,0.546344,0.546469,0.000125328
1.76004e+09,5004,-0.103443,-0.103493,-5.01984e-05,0.546219,0.546344,0.000124741
1.76004e+09,5005,-0.103391,-0.103493,-0.000101917,0.546095,0.546344,0.000248903
1.76004e+09,5006,-0.103338,-0.103443,-0.000104958,0.545972,0.546219,0.000247753
1.76004e+09,5007,-0.103283,-0.103391,-0.000108004,0.545849,0.546095,0.000246618
1.76004e+09,5008,-0.103227,-0.103283,-5.62902e-05,0.545726,0.545849,0.000122472
1.76004e+09,5009,-0.103169,-0.103227,-5.78186e-05,0.545604,0.545726,0.000121924
1.76004e+09,5010,-0.10311,-0.103169,-5.93494e-05,0.545483,0.545604,0.000121385
1.76004e+09,5011,-0.103049,-0.10311,-6.08825e-05,0.545362,0.545483,0.000120854
1.76004e+09,5012,-0.102986,-0.103049,-6.24181e-05,0.545242,0.545362,0.000120331
1.76004e+09,5013,-0.102922,-0.102986,-6.39562e-05,0.545122,0.545242,0.000119817
1.76004e+09,5014,-0.102857,-0.102922,-6.54968e-05,0.545003,0.545122,0.000119311
1.76004e+09,5015,-0.10279,-0.102857,-6.70402e-05,0.544884,0.545003,0.000118814
1.76004e+09,5016,-0.102721,-0.10279,-6.85862e-05,0.544765,0.544884,0.000118325
1.76004e+09,5017,-0.102651,-0.102721,-7.0135e-05,0.544648,0.544765,0.000117846
1.76004e+09,5018,-0.102579,-0.102651,-7.16867e-05,0.54453,0.544648,0.000117374
1.76004e+09,5019,-0.102506,-0.102579,-7.32412e-05,0.544413,0.54453,0.000116912
1.76004e+09,5020,-0.102431,-0.102506,-7.47988e-05,0.544297,0.544413,0.000116459
1.76004e+09,5021,-0.102355,-0.102431,-7.63593e-05,0.544181,0.544297,0.000116015
1.76004e+09,5022,-0.102277,-0.102355,-7.7923e-05,0.544065,0.544181,0.00011558
1.76004e+09,5023,-0.102198,-0.102277,-7.94899e-05,0.54395,0.544065,0.000115154
1.76004e+09,5024,-0.102117,-0.102198,-8.10599e-05,0.543835,0.54395,0.000114738
1.76004e+09,5025,-0.102034,-0.102117,-8.26333e-05,0.543721,0.543835,0.000114331
1.76004e+09,5026,-0.10195,-0.102034,-8.42101e-05,0.543607,0.543721,0.000113933
1.76004e+09,5027,-0.101864,-0.10195,-8.57903e-05,0.543493,0.543607,0.000113546
1.76004e+09,5028,-0.101777,-0.101864,-8.7374e-05,0.54338,0.543493,0.000113167
1.76004e+09,5029,-0.101688,-0.101777,-8.89613e-05,0.543268,0.54338,0.000112799
1.76004e+09,5030,-0.101597,-0.101688,-9.05522e-05,0.543155,0.543268,0.000112441
1.76004e+09,5031,-0.101505,-0.101597,-9.21468e-05,0.543043,0.543155,0.000112093
1.76004e+09,5032,-0.101411,-0.101505,-9.37452e-05,0.542931,0.543043,0.000111754
1.76004e+09,5033,-0.101316,-0.101411,-9.53474e-05,0.54282,0.542931,0.000111426
1.76004e+09,5034,-0.101219,-0.101316,-9.69536e-05,0.542709,0.54282,0.000111109
1.76004e+09,5035,-0.10112,-0.101219,-9.85637e-05,0.542598,0.542709,0.000110802
1.76004e+09,5036,-0.10102,-0.10112,-0.000100178,0.542487,0.542598,0.000110505
1.76004e+09,5037,-0.100918,-0.10102,-0.000101796,0.542377,0.542487,0.000110219
1.76004e+09,5038,-0.100815,-0.100918,-0.000103419,0.542267,0.542377,0.000109944
1.76004e+09,5039,-0.10071,-0.100815,-0.000105045,0.542158,0.542267,0.000109679
1.76004e+09,5040,-0.100603,-0.10071,-0.000106676,0.542048,0.542158,0.000109426
1.76004e+09,5041,-0.100495,-0.100603,-0.000108312,0.541939,0.542048,0.000109184
1.76004e+09,5042,-0.100385,-0.100495,-0.000109952,0.54183,0.541939,0.000108953
1.76004e+09,5043,-0.100273,-0.100385,-0.000111596,0.541721,0.54183,0.000108733
1.76004e+09,5044,-0.10016,-0.100273,-0.000113245,0.541613,0.541721,0.000108525
1.76004e+09,5045,-0.100045,-0.10016,-0.000114899,0.541504,0.541613,0.000108328
1.76004e+09,5046,-0.0999286,-0.100045,-0.000116557,0.541396,0.541504,0.000108143
1.76004e+09,5047,-0.0998104,-0.0999286,-0.00011822,0.541288,0.541396,0.00010797
1.76004e+09,5048,-0.0996905,-0.0998104,-0.000119888,0.54118,0.541288,0.000107809
1.76004e+09,5049,-0.099569,-0.0996905,-0.000121561,0.541073,0.54118,0.00010766
1.76004e+09,5050,-0.0994457,-0.099569,-0.000123239,0.540965,0.541073,0.000107523
1.76004e+09,5051,-0.0993208,-0.0994457,-0.000124922,0.540858,0.540965,0.000107399
1.76004e+09,5052,-0.0991942,-0.0993208,-0.000126611,0.540751,0.540858,0.000107287
1.76004e+09,5053,-0.0990659,-0.0991942,-0.000128304,0.540643,0.540751,0.000107188
1.76004e+09,5054,-0.0989359,-0.0990659,-0.000130003,0.540536,0.540643,0.000107101
1.76004e+09,5055,-0.0988042,-0.0989359,-0.000131707,0.540429,0.540536,0.000107028
1.76004e+09,5056,-0.0986708,-0.0988042,-0.000133417,0.540322,0.540429,0.000106967
1.76004e+09,5057,-0.0985356,-0.0986708,-0.000135132,0.540215,0.540322,0.00010692
1.76004e+09,5058,-0.0983988,-0.0985356,-0.000136852,0.540109,0.540215,0.000106885
1.76004e+09,5059,-0.0982602,-0.0983988,-0.000138579,0.540002,0.540109,0.000106865
1.76004e+09,5060,-0.0981199,-0.0982602,-0.000140311,0.539895,0.540002,0.000106858
1.76004e+09,5061,-0.0979778,-0.0981199,-0.000142049,0.539788,0.539895,0.000106865
1.76004e+09,5062,-0.0978341,-0.0979778,-0.000143793,0.539681,0.539788,0.000106886
1.76004e+09,5063,-0.0976885,-0.0978341,-0.000145543,0.539574,0.539681,0.000106921
1.76004e+09,5064,-0.0975412,-0.0978341,-0.000292841,0.539467,0.539681,0.00021389
1.76004e+09,5065,-0.0973922,-0.0976885,-0.000296359,0.53936,0.539574,0.000214003
1.76004e+09,5066,-0.0972413,-0.0973922,-0.000150828,0.539253,0.53936,0.000107112
1.76004e+09,5067,-0.0970887,-0.0972413,-0.000152603,0.539146,0.539253,0.000107205
1.76004e+09,5068,-0.0969343,-0.0970887,-0.000154383,0.539038,0.539146,0.000107312
1.76004e+09,5069,-0.0967782,-0.0969343,-0.000156171,0.538931,0.539038,0.000107435
1.76004e+09,5070,-0.0966202,-0.0967782,-0.000157964,0.538823,0.538931,0.000107574
1.76004e+09,5071,-0.0964604,-0.0966202,-0.000159764,0.538716,0.538823,0.000107727
1.76004e+09,5072,-0.0962989,-0.0964604,-0.000161571,0.538608,0.538716,0.000107897
1.76004e+09,5073,-0.0961355,-0.0962989,-0.000163385,0.5385,0.538608,0.000108082
1.76004e+09,5074,-0.0959703,-0.0961355,-0.000165205,0.538391,0.5385,0.000108283
1.76004e+09,5075,-0.0958032,-0.0959703,-0.000167032,0.538283,0.538391,0.0001085
1.76004e+09,5076,-0.0956344,-0.0958032,-0.000168866,0.538174,0.538283,0.000108734
1.76004e+09,5077,-0.0954637,-0.0956344,-0.000170707,0.538065,0.538174,0.000108985
1.76004e+09,5078,-0.0952911,-0.0954637,-0.000172555,0.537956,0.538065,0.000109252
1.76004e+09,5079,-0.0951167,-0.0952911,-0.000174411,0.537846,0.537956,0.000109536
1.76004e+09,5080,-0.0949404,-0.0951167,-0.000176273,0.537737,0.537846,0.000109837
1.76004e+09,5081,-0.0947623,-0.0949404,-0.000178143,0.537626,0.537737,0.000110156
1.76004e+09,5082,-0.0945823,-0.0947623,-0.000180021,0.537516,0.537626,0.000110492
1.76004e+09,5083,-0.0944004,-0.0945823,-0.000181905,0.537405,0.537516,0.000110846
1.76004e+09,5084,-0.0942166,-0.0944004,-0.000183798,0.537294,0.537405,0.000111218
1.76004e+09,5085,-0.0940309,-0.0942166,-0.000185697,0.537182,0.537294,0.000111608
1.76004e+09,5086,-0.0938433,-0.0940309,-0.000187605,0.53707,0.537182,0.000112017
1.76004e+09,5087,-0.0936537,-0.0938433,-0.00018952,0.536958,0.53707,0.000112444
1.76004e+09,5088,-0.0934623,-0.0936537,-0.000191443,0.536845,0.536958,0.00011289
1.76004e+09,5089,-0.0932689,-0.0934623,-0.000193374,0.536732,0.536845,0.000113355
1.76004e+09,5090,-0.0930736,-0.0932689,-0.000195313,0.536618,0.536732,0.00011384
1.76004e+09,5091,-0.0928764,-0.0930736,-0.00019726,0.536503,0.536618,0.000114344
1.76004e+09,5092,-0.0926771,-0.0928764,-0.000199215,0.536389,0.536503,0.000114869
1.76004e+09,5093,-0.092476,-0.0926771,-0.000201179,0.536273,0.536389,0.000115413
1.76004e+09,5094,-0.0922728,-0.092476,-0.00020315,0.536157,0.536273,0.000115977
1.76004e+09,5095,-0.0920677,-0.0922728,-0.00020513,0.536041,0.536157,0.000116562
1.76004e+09,5096,-0.0918606,-0.0920677,-0.000207118,0.535923,0.536041,0.000117168
1.76004e+09,5097,-0.0916514,-0.0920677,-0.000416233,0.535806,0.536041,0.000234964
1.76004e+09,5098,-0.0914403,-0.0918606,-0.000420236,0.535687,0.535923,0.000236239
1.76004e+09,5099,-0.0912272,-0.0916514,-0.000424255,0.535568,0.535806,0.000237557
1.76004e+09,5100,-0.091012,-0.0914403,-0.000428292,0.535448,0.535687,0.000238919
1.76004e+09,5101,-0.0907948,-0.0912272,-0.000432346,0.535328,0.535568,0.000240325
1.76004e+09,5102,-0.0905756,-0.0907948,-0.000219229,0.535207,0.535328,0.000121256
1.76004e+09,5103,-0.0903543,-0.0905756,-0.000221279,0.535084,0.535207,0.000122015
1.76004e+09,5104,-0.090131,-0.0903543,-0.000223338,0.534962,0.535084,0.000122798
1.76004e+09,5105,-0.0899056,-0.0903543,-0.000448744,0.534838,0.535084,0.000246401
1.76004e+09,5106,-0.0896781,-0.090131,-0.00045289,0.534714,0.534962,0.000248035
1.76004e+09,5107,-0.0894485,-0.0899056,-0.000457055,0.534588,0.534838,0.000249717
1.76004e+09,5108,-0.0892169,-0.0894485,-0.000231668,0.534462,0.534588,0.000126163
1.76004e+09,5109,-0.0889831,-0.0892169,-0.000233775,0.534335,0.534462,0.000127064
1.76004e+09,5110,-0.0887472,-0.0889831,-0.000235893,0.534207,0.534335,0.000127991
1.76004e+09,5111,-0.0885092,-0.0887472,-0.000238021,0.534078,0.534207,0.000128943
1.76004e+09,5112,-0.088269,-0.0887472,-0.00047818,0.533948,0.534207,0.000258864
1.76004e+09,5113,-0.0880267,-0.0885092,-0.000482468,0.533817,0.534078,0.000260845
1.76004e+09,5114,-0.0877822,-0.088269,-0.000486778,0.533685,0.533948,0.000262878
1.76004e+09,5115,-0.0875356,-0.0877822,-0.000246642,0.533552,0.533685,0.00013301
1.76004e+09,5116,-0.0872868,-0.0875356,-0.000248826,0.533418,0.533552,0.000134094
1.76004e+09,5117,-0.0870358,-0.0872868,-0.000251022,0.533283,0.533418,0.000135205
1.76004e+09,5118,-0.0867825,-0.0872868,-0.000504252,0.533147,0.533418,0.000271549
1.76004e+09,5119,-0.0865271,-0.0870358,-0.000508682,0.533009,0.533283,0.000273855
1.76004e+09,5120,-0.0862694,-0.0867825,-0.000513137,0.532871,0.533147,0.000276218
1.76004e+09,5121,-0.0860095,-0.0862694,-0.000259934,0.532731,0.532871,0.000139932
1.76004e+09,5122,-0.0857473,-0.0862694,-0.000522129,0.532589,0.532871,0.000281118
1.76004e+09,5123,-0.0854828,-0.0857473,-0.00026447,0.532447,0.532589,0.000142471
1.76004e+09,5124,-0.085216,-0.0854828,-0.00026676,0.532303,0.532447,0.000143786
1.76004e+09,5125,-0.084947,-0.085216,-0.000269064,0.532158,0.532303,0.000145132
1.76004e+09,5126,-0.0846756,-0.084947,-0.000271382,0.532012,0.532158,0.000146509
1.76004e+09,5127,-0.0844019,-0.0846756,-0.000273715,0.531864,0.532012,0.000147918
1.76004e+09,5128,-0.0841258,-0.0844019,-0.000276063,0.531714,0.531864,0.00014936
1.76004e+09,5129,-0.0838474,-0.0841258,-0.000278424,0.531563,0.531714,0.000150834
1.76004e+09,5130,-0.0835666,-0.0841258,-0.000559224,0.531411,0.531714,0.000303176
1.76004e+09,5131,-0.0832834,-0.0838474,-0.000563989,0.531257,0.531563,0.000306225
1.76004e+09,5132,-0.0829978,-0.0832834,-0.00028559,0.531102,0.531257,0.000155458
1.76004e+09,5133,-0.0827098,-0.0829978,-0.000288004,0.530945,0.531102,0.000157067
1.76004e+09,5134,-0.0824194,-0.0827098,-0.000290427,0.530786,0.530945,0.00015871
1.76004e+09,5135,-0.0821265,-0.0824194,-0.00029286,0.530626,0.530786,0.000160388
1.76004e+09,5136,-0.0818312,-0.0821265,-0.0002953,0.530463,0.530626,0.000162101
1.76004e+09,5137,-0.0815335,-0.0818312,-0.000297746,0.5303,0.530463,0.000163849
1.76004e+09,5138,-0.0812333,-0.0815335,-0.000300194,0.530134,0.5303,0.000165631
1.76004e+09,5139,-0.0809306,-0.0812333,-0.000302641,0.529967,0.530134,0.000167448
1.76004e+09,5140,-0.0806255,-0.0809306,-0.000305086,0.529797,0.529967,0.000169298
1.76004e+09,5141,-0.080318,-0.0806255,-0.000307524,0.529626,0.529797,0.000171183
1.76004e+09,5142,-0.0800081,-0.080318,-0.000309951,0.529453,0.529626,0.0001731
1.76004e+09,5143,-0.0796957,-0.0800081,-0.000312363,0.529278,0.529453,0.00017505
1.76004e+09,5144,-0.0793809,-0.0796957,-0.000314757,0.529101,0.529278,0.000177031
1.76004e+09,5145,-0.0790638,-0.0793809,-0.000317126,0.528922,0.529101,0.000179043
1.76004e+09,5146,-0.0787444,-0.0790638,-0.000319468,0.528741,0.528922,0.000181084
1.76004e+09,5147,-0.0784226,-0.0790638,-0.000641245,0.528558,0.528922,0.000364237
1.76004e+09,5148,-0.0780985,-0.0787444,-0.000645824,0.528372,0.528741,0.000368402
1.76004e+09,5149,-0.0777723,-0.0784226,-0.000650323,0.528185,0.528558,0.000372619
1.76004e+09,5150,-0.0774438,-0.0777723,-0.000328454,0.527995,0.528185,0.000189514
1.76004e+09,5151,-0.0771132,-0.0774438,-0.00033058,0.527804,0.527995,0.00019168
1.76004e+09,5152,-0.0767806,-0.0771132,-0.000332646,0.52761,0.527804,0.000193865
1.76004e+09,5153,-0.0764459,-0.0767806,-0.000334648,0.527414,0.52761,0.000196068
1.76004e+09,5154,-0.0761093,-0.0764459,-0.00033658,0.527216,0.527414,0.000198286
1.76004e+09,5155,-0.0757709,-0.0764459,-0.000675018,0.527015,0.527414,0.000398802
1.76004e+09,5156,-0.0754307,-0.0761093,-0.000678653,0.526812,0.527216,0.000403273
1.76004e+09,5157,-0.0750888,-0.0757709,-0.000682123,0.526607,0.527015,0.000407763
1.76004e+09,5158,-0.0747453,-0.0754307,-0.000685418,0.5264,0.526812,0.000412265
1.76004e+09,5159,-0.0744003,-0.0750888,-0.00068853,0.526191,0.526607,0.000416775
1.76004e+09,5160,-0.0740538,-0.0747453,-0.000691449,0.525979,0.5264,0.000421287
1.76004e+09,5161,-0.0737061,-0.0740538,-0.000347738,0.525765,0.525979,0.000214024
1.76004e+09,5162,-0.0733571,-0.0737061,-0.000348939,0.525548,0.525765,0.000216271
1.76004e+09,5163,-0.0730071,-0.0733571,-0.000350031,0.52533,0.525548,0.000218509
1.76004e+09,5164,-0.0726561,-0.0730071,-0.000351009,0.525109,0.52533,0.000220735
1.76004e+09,5165,-0.0723042,-0.0730071,-0.000702882,0.524886,0.52533,0.000443682
1.76004e+09,5166,-0.0719516,-0.0726561,-0.000704489,0.524661,0.525109,0.000448088
1.76004e+09,5167,-0.0715984,-0.0719516,-0.000353241,0.524434,0.524661,0.000227315
1.76004e+09,5168,-0.0712446,-0.0719516,-0.000706983,0.524204,0.524661,0.000456781
1.76004e+09,5169,-0.0708905,-0.0712446,-0.00035412,0.523973,0.524204,0.000231591
1.76004e+09,5170,-0.0705361,-0.0708905,-0.000354372,0.523739,0.523973,0.000233688
1.76004e+09,5171,-0.0701816,-0.0705361,-0.000354499,0.523503,0.523739,0.000235754
1.76004e+09,5172,-0.0698271,-0.0705361,-0.000708998,0.523266,0.523739,0.000473541
1.76004e+09,5173,-0.0694728,-0.0701816,-0.000708873,0.523026,0.523503,0.00047757
1.76004e+09,5174,-0.0691186,-0.0698271,-0.000708496,0.522784,0.523266,0.000481526
1.76004e+09,5175,-0.0687649,-0.0694728,-0.000707867,0.52254,0.523026,0.000485404
1.76004e+09,5176,-0.0684117,-0.0687649,-0.000353244,0.522295,0.52254,0.000245538
1.76004e+09,5177,-0.068059,-0.0684117,-0.000352621,0.522047,0.522295,0.000247372
1.76004e+09,5178,-0.0677072,-0.068059,-0.000351876,0.521798,0.522047,0.000249159
1.76004e+09,5179,-0.0673561,-0.068059,-0.000702889,0.521547,0.522047,0.00050006
1.76004e+09,5180,-0.0670061,-0.0673561,-0.000350034,0.521295,0.521547,0.000252593
1.76004e+09,5181,-0.0666572,-0.0670061,-0.000348941,0.521041,0.521295,0.000254237
1.76004e+09,5182,-0.0663094,-0.0666572,-0.000347738,0.520785,0.521041,0.000255831
1.76004e+09,5183,-0.065963,-0.0663094,-0.000346429,0.520527,0.520785,0.000257374
1.76004e+09,5184,-0.065618,-0.065963,-0.000345017,0.520268,0.520527,0.000258867
1.76004e+09,5185,-0.0652745,-0.065618,-0.000343506,0.520008,0.520268,0.000260308
1.76004e+09,5186,-0.0649326,-0.0652745,-0.000341901,0.519746,0.520008,0.000261698
1.76004e+09,5187,-0.0645924,-0.0649326,-0.000340207,0.519483,0.519746,0.000263037
1.76004e+09,5188,-0.0642539,-0.0645924,-0.000338427,0.519219,0.519483,0.000264326
1.76004e+09,5189,-0.0639174,-0.0642539,-0.000336569,0.518954,0.519219,0.000265565
1.76004e+09,5190,-0.0635827,-0.0639174,-0.000334635,0.518687,0.518954,0.000266755
1.76004e+09,5191,-0.0632501,-0.0635827,-0.000332633,0.518419,0.518687,0.000267897
1.76004e+09,5192,-0.0629195,-0.0632501,-0.000330567,0.51815,0.518419,0.000268992
1.76004e+09,5193,-0.0625911,-0.0629195,-0.000328443,0.51788,0.51815,0.000270043
1.76004e+09,5194,-0.0622648,-0.0625911,-0.000326266,0.517609,0.51788,0.000271049
1.76004e+09,5195,-0.0619408,-0.0622648,-0.000324041,0.517337,0.517609,0.000272013
1.76004e+09,5196,-0.061619,-0.0619408,-0.000321775,0.517064,0.517337,0.000272937
1.76004e+09,5197,-0.0612995,-0.061619,-0.000319472,0.51679,0.517064,0.000273822
1.76004e+09,5198,-0.0609824,-0.061619,-0.000636609,0.516515,0.517064,0.000548491
1.76004e+09,5199,-0.0606676,-0.0612995,-0.000631912,0.51624,0.51679,0.000550153
1.76004e+09,5200,-0.0604616,-0.0609824,-0.000520772,0.528746,0.516515,-0.012231
1.76004e+09,5201,-0.0602573,-0.0604616,-0.000204316,0.540981,0.528746,-0.0122342
1.76004e+09,5202,-0.0600547,-0.0602573,-0.000202621,0.55296,0.540981,-0.0119791
1.76004e+09,5203,-0.0598538,-0.0600547,-0.000200915,0.564699,0.55296,-0.0117393
1.76004e+09,5204,-0.0596546,-0.0598538,-0.000199201,0.576212,0.564699,-0.0115132
1.76004e+09,5205,-0.0594571,-0.0596546,-0.000197482,0.587512,0.576212,-0.0112994
1.76004e+09,5206,-0.0592613,-0.0596546,-0.000393244,0.598609,0.576212,-0.0223964
1.76004e+09,5207,-0.0590673,-0.0592613,-0.000194041,0.609513,0.598609,-0.0109046
1.76004e+09,5208,-0.058875,-0.0590673,-0.000192323,0.620235,0.609513,-0.0107215
1.76004e+09,5209,-0.0586844,-0.058875,-0.00019061,0.630782,0.620235,-0.0105469
1.76004e+09,5210,-0.0584955,-0.0586844,-0.000188903,0.641162,0.630782,-0.0103801
1.76004e+09,5211,-0.0583083,-0.0584955,-0.000187204,0.651382,0.641162,-0.0102204
1.76004e+09,5212,-0.0581227,-0.0583083,-0.000185514,0.661449,0.651382,-0.0100672
1.76004e+09,5213,-0.0579389,-0.0581227,-0.000183834,0.671369,0.661449,-0.00992016
1.76004e+09,5214,-0.0577567,-0.0579389,-0.000182165,0.681148,0.671369,-0.0097787
1.76004e+09,5215,-0.0575762,-0.0577567,-0.000180508,0.690791,0.681148,-0.00964244
1.76004e+09,5216,-0.0573974,-0.0575762,-0.000178862,0.700302,0.690791,-0.009511
1.76004e+09,5217,-0.0572201,-0.0573974,-0.000177229,0.709686,0.700302,-0.00938407
1.76004e+09,5218,-0.0570445,-0.0572201,-0.000175608,0.718947,0.709686,-0.00926131
1.76004e+09,5219,-0.0568705,-0.0570445,-0.000173999,0.728089,0.718947,-0.00914247
1.76004e+09,5220,-0.0566981,-0.0568705,-0.000172404,0.737117,0.728089,-0.00902728
1.76004e+09,5221,-0.0565273,-0.0566981,-0.00017082,0.746032,0.737117,-0.00891551
1.76004e+09,5222,-0.0563581,-0.0566981,-0.00034007,0.754839,0.737117,-0.0177224
1.76004e+09,5223,-0.0561904,-0.0563581,-0.00016769,0.76354,0.754839,-0.00870138
1.76004e+09,5224,-0.0560242,-0.0561904,-0.000166144,0.772139,0.76354,-0.00859865
1.76004e+09,5225,-0.0558596,-0.0560242,-0.000164608,0.780638,0.772139,-0.00849857
1.76004e+09,5226,-0.0556965,-0.0560242,-0.000327693,0.789039,0.772139,-0.0168996
1.76004e+09,5227,-0.055535,-0.0558596,-0.000324657,0.797344,0.780638,-0.0167068
1.76004e+09,5228,-0.0553749,-0.055535,-0.000160071,0.805557,0.797344,-0.00821281
1.76004e+09,5229,-0.0552163,-0.0553749,-0.000158579,0.813679,0.805557,-0.00812193
1.76004e+09,5230,-0.0550592,-0.0552163,-0.000157099,0.821712,0.813679,-0.00803303
1.76004e+09,5231,-0.0549036,-0.0550592,-0.000155628,0.829658,0.821712,-0.00794602
1.76004e+09,5232,-0.0547494,-0.0549036,-0.000154167,0.837519,0.829658,-0.00786078
1.76004e+09,5233,-0.0545967,-0.0547494,-0.000152716,0.845296,0.837519,-0.00777723
1.76004e+09,5234,-0.0544454,-0.0545967,-0.000151274,0.852992,0.845296,-0.00769528
1.76004e+09,5235,-0.0542956,-0.0544454,-0.000149841,0.860606,0.852992,-0.00761485
1.76004e+09,5236,-0.0541472,-0.0542956,-0.000148417,0.868142,0.860606,-0.00753586
1.76004e+09,5237,-0.0540002,-0.0541472,-0.000147001,0.875601,0.868142,-0.00745823
1.76004e+09,5238,-0.0538546,-0.0540002,-0.000145594,0.882982,0.875601,-0.00738191
1.76004e+09,5239,-0.0537104,-0.0538546,-0.000144195,0.890289,0.882982,-0.00730682
1.76004e+09,5240,-0.0535676,-0.0537104,-0.000142805,0.897522,0.890289,-0.0072329
1.76004e+09,5241,-0.0534262,-0.0535676,-0.000141422,0.904682,0.897522,-0.00716011
1.76004e+09,5242,-0.0532861,-0.0534262,-0.000140047,0.911771,0.904682,-0.00708838
1.76004e+09,5243,-0.0531474,-0.0532861,-0.00013868,0.918788,0.911771,-0.00701767
1.76004e+09,5244,-0.0530101,-0.0531474,-0.00013732,0.925736,0.918788,-0.00694792
1.76004e+09,5245,-0.0528741,-0.0530101,-0.000135968,0.932615,0.925736,-0.0068791
1.76004e+09,5246,-0.0527395,-0.0530101,-0.000270591,0.939426,0.925736,-0.0136903
1.76004e+09,5247,-0.0526062,-0.0527395,-0.000133286,0.946171,0.939426,-0.00674406
1.76004e+09,5248,-0.0524743,-0.0526062,-0.000131955,0.952848,0.946171,-0.00667776
1.76004e+09,5249,-0.0523436,-0.0526062,-0.000262587,0.959461,0.946171,-0.01329
1.76004e+09,5250,-0.0522143,-0.0523436,-0.000129315,0.966008,0.959461,-0.00654742
1.76004e+09,5251,-0.0520863,-0.0522143,-0.000128006,0.972491,0.966008,-0.00648332
1.76004e+09,5252,-0.0519596,-0.0520863,-0.000126703,0.978911,0.972491,-0.00641988
1.76004e+09,5253,-0.0518342,-0.0520863,-0.00025211,0.985268,0.972491,-0.0127769
1.76004e+09,5254,-0.0517101,-0.0519596,-0.000249524,0.991563,0.978911,-0.012652
1.76004e+09,5255,-0.0515873,-0.0518342,-0.000246951,0.997796,0.985268,-0.0125282
1.76004e+09,5256,-0.0514657,-0.0517101,-0.000244392,1.00397,0.991563,-0.0124055
1.76004e+09,5257,-0.0513454,-0.0514657,-0.000120287,1.01008,1.00397,-0.00611169
1.76004e+09,5258,-0.0512264,-0.0513454,-0.000119024,1.01613,1.01008,-0.00605168
1.76004e+09,5259,-0.0511086,-0.0512264,-0.000117766,1.02212,1.01613,-0.00599215
1.76004e+09,5260,-0.0509921,-0.0511086,-0.000116514,1.02806,1.02212,-0.00593309
1.76004e+09,5261,-0.0508769,-0.0509921,-0.000115269,1.03393,1.02806,-0.00587448
1.76004e+09,5262,-0.0507628,-0.0508769,-0.000114029,1.03975,1.03393,-0.00581629
1.76004e+09,5263,-0.05065,-0.0507628,-0.000112796,1.04551,1.03975,-0.0057585
1.76004e+09,5264,-0.0505385,-0.05065,-0.000111568,1.05121,1.04551,-0.00570111
1.76004e+09,5265,-0.0504281,-0.0505385,-0.000110346,1.05685,1.05121,-0.00564409
1.76004e+09,5266,-0.050319,-0.0505385,-0.000219476,1.06244,1.05121,-0.0112315
1.76004e+09,5267,-0.0502111,-0.050319,-0.000107919,1.06797,1.06244,-0.0055311
1.76004e+09,5268,-0.0501043,-0.0502111,-0.000106714,1.07345,1.06797,-0.00547511
1.76004e+09,5269,-0.0499988,-0.0501043,-0.000105514,1.07886,1.07345,-0.00541942
1.76004e+09,5270,-0.0498945,-0.0499988,-0.00010432,1.08423,1.07886,-0.00536404
1.76004e+09,5271,-0.0497914,-0.0498945,-0.000103131,1.08954,1.08423,-0.00530893
1.76004e+09,5272,-0.0496894,-0.0498945,-0.000205078,1.09479,1.08423,-0.010563
1.76004e+09,5273,-0.0495887,-0.0497914,-0.000202716,1.09999,1.08954,-0.0104536
1.76004e+09,5274,-0.0494891,-0.0495887,-9.9595e-05,1.10514,1.09999,-0.00514521
1.76004e+09,5275,-0.0493906,-0.0494891,-9.84265e-05,1.11023,1.10514,-0.00509113
1.76004e+09,5276,-0.0492934,-0.0493906,-9.72629e-05,1.11526,1.11023,-0.00503727
1.76004e+09,5277,-0.0491973,-0.0492934,-9.61042e-05,1.12025,1.11526,-0.00498363
1.76004e+09,5278,-0.0491023,-0.0491973,-9.49503e-05,1.12518,1.12025,-0.0049302
1.76004e+09,5279,-0.0490085,-0.0491973,-0.000188751,1.13006,1.12025,-0.00980717
1.76004e+09,5280,-0.0489159,-0.0491023,-0.000186458,1.13488,1.12518,-0.00970088
1.76004e+09,5281,-0.0488244,-0.0490085,-0.000184173,1.13965,1.13006,-0.00959496
1.76004e+09,5282,-0.048734,-0.0489159,-0.000181898,1.14437,1.13488,-0.0094894
1.76004e+09,5283,-0.0486447,-0.0488244,-0.000179632,1.14903,1.13965,-0.00938416
1.76004e+09,5284,-0.0485566,-0.048734,-0.000177374,1.15365,1.14437,-0.00927925
1.76004e+09,5285,-0.0484696,-0.0486447,-0.000175125,1.15821,1.14903,-0.00917463
1.76004e+09,5286,-0.0483837,-0.0485566,-0.000172885,1.16272,1.15365,-0.0090703
1.76004e+09,5287,-0.0482989,-0.0483837,-8.47696e-05,1.16718,1.16272,-0.00445714
1.76004e+09,5288,-0.0482153,-0.0482989,-8.36599e-05,1.17158,1.16718,-0.00440531
1.76004e+09,5289,-0.0481327,-0.0482989,-0.000166214,1.17593,1.16718,-0.00875891
1.76004e+09,5290,-0.0480513,-0.0482153,-0.000164007,1.18024,1.17158,-0.00865559
1.76004e+09,5291,-0.0479709,-0.0480513,-8.03546e-05,1.18449,1.18024,-0.0042505
1.76004e+09,5292,-0.0478917,-0.0479709,-7.92606e-05,1.18869,1.18449,-0.00419911
1.76004e+09,5293,-0.0478135,-0.0478917,-7.81704e-05,1.19283,1.18869,-0.00414781
1.76004e+09,5294,-0.0477364,-0.0478135,-7.70839e-05,1.19693,1.19283,-0.00409661
1.76004e+09,5295,-0.0476604,-0.0477364,-7.60011e-05,1.20098,1.19693,-0.00404549
1.76004e+09,5296,-0.0475855,-0.0477364,-0.000150923,1.20497,1.19693,-0.00803994
1.76004e+09,5297,-0.0475116,-0.0475855,-7.38462e-05,1.20891,1.20497,-0.00394349
1.76004e+09,5298,-0.0474389,-0.0475116,-7.2774e-05,1.21281,1.20891,-0.0038926
1.76004e+09,5299,-0.0473672,-0.0474389,-7.17052e-05,1.21665,1.21281,-0.00384178
1.76004e+09,5300,-0.0472965,-0.0473672,-7.06398e-05,1.22044,1.21665,-0.00379102
1.76004e+09,5301,-0.0472269,-0.0472965,-6.95776e-05,1.22418,1.22044,-0.00374031
1.76004e+09,5302,-0.0471584,-0.0472269,-6.85187e-05,1.22787,1.22418,-0.00368967
1.76004e+09,5303,-0.047091,-0.0471584,-6.7463e-05,1.23151,1.22787,-0.00363907
1.76004e+09,5304,-0.0470246,-0.047091,-6.64104e-05,1.2351,1.23151,-0.00358852
1.76004e+09,5305,-0.0469592,-0.047091,-0.000131771,1.23864,1.23151,-0.00712653
1.76004e+09,5306,-0.0468949,-0.0469592,-6.43143e-05,1.24212,1.23864,-0.00348755
1.76004e+09,5307,-0.0468316,-0.0468949,-6.32707e-05,1.24556,1.24212,-0.00343712
1.76004e+09,5308,-0.0467694,-0.0468316,-6.223e-05,1.24895,1.24556,-0.00338672
1.76004e+09,5309,-0.0467082,-0.0467694,-6.11921e-05,1.25228,1.24895,-0.00333636
1.76004e+09,5310,-0.046648,-0.0467082,-6.01571e-05,1.25557,1.25228,-0.00328602
1.76004e+09,5311,-0.0465889,-0.046648,-5.91247e-05,1.2588,1.25557,-0.00323571
1.76004e+09,5312,-0.0465308,-0.0465889,-5.80951e-05,1.26199,1.2588,-0.00318543
1.76004e+09,5313,-0.0464737,-0.0465308,-5.70681e-05,1.26513,1.26199,-0.00313516
1.76004e+09,5314,-0.0464177,-0.0464737,-5.60436e-05,1.26821,1.26513,-0.00308491
1.76004e+09,5315,-0.0463627,-0.0464177,-5.50217e-05,1.27124,1.26821,-0.00303467
1.76004e+09,5316,-0.0463087,-0.0463627,-5.40022e-05,1.27423,1.27124,-0.00298445
1.76004e+09,5317,-0.0462557,-0.0463627,-0.000106987,1.27716,1.27124,-0.00591869
1.76004e+09,5318,-0.0462037,-0.0463087,-0.000104956,1.28005,1.27423,-0.00581827
1.76004e+09,5319,-0.0461528,-0.0462037,-5.09581e-05,1.28288,1.28005,-0.00283384
1.76004e+09,5320,-0.0461028,-0.0461528,-4.9948e-05,1.28566,1.28288,-0.00278365
1.76004e+09,5321,-0.0460539,-0.0461028,-4.89401e-05,1.2884,1.28566,-0.00273346
1.76004e+09,5322,-0.0460059,-0.0460539,-4.79344e-05,1.29108,1.2884,-0.00268327
1.76004e+09,5323,-0.045959,-0.0460059,-4.69308e-05,1.29371,1.29108,-0.00263308
1.76004e+09,5324,-0.0459131,-0.045959,-4.59293e-05,1.2963,1.29371,-0.00258289
1.76004e+09,5325,-0.0458681,-0.0459131,-4.49298e-05,1.29883,1.2963,-0.0025327
1.76004e+09,5326,-0.0458242,-0.0458681,-4.39322e-05,1.30131,1.29883,-0.0024825
1.76004e+09,5327,-0.0457813,-0.0458242,-4.29366e-05,1.30375,1.30131,-0.0024323
1.76004e+09,5328,-0.0457393,-0.0457813,-4.19429e-05,1.30613,1.30375,-0.00238209
1.76004e+09,5329,-0.0456984,-0.0457393,-4.0951e-05,1.30846,1.30613,-0.00233187
1.76004e+09,5330,-0.0456584,-0.0456984,-3.99609e-05,1.31074,1.30846,-0.00228164
1.76004e+09,5331,-0.0456194,-0.0456584,-3.89725e-05,1.31297,1.31074,-0.0022314
1.76004e+09,5332,-0.0455815,-0.0456194,-3.79858e-05,1.31515,1.31297,-0.00218115
1.76004e+09,5333,-0.0455445,-0.0456194,-7.49867e-05,1.31728,1.31297,-0.00431203
1.76004e+09,5334,-0.0455084,-0.0455815,-7.30182e-05,1.31936,1.31515,-0.00421149
1.76004e+09,5335,-0.0454734,-0.0455445,-7.10529e-05,1.3214,1.31728,-0.00411092
1.76004e+09,5336,-0.0454394,-0.0454734,-3.40552e-05,1.32338,1.3214,-0.00198
1.76004e+09,5337,-0.0454063,-0.0454394,-3.30763e-05,1.3253,1.32338,-0.00192968
1.76004e+09,5338,-0.0453742,-0.0454063,-3.20989e-05,1.32718,1.3253,-0.00187934
1.76004e+09,5339,-0.0453431,-0.0453742,-3.11228e-05,1.32901,1.32718,-0.00182898
1.76004e+09,5340,-0.0453129,-0.0453431,-3.01481e-05,1.33079,1.32901,-0.0017786
1.76004e+09,5341,-0.0452837,-0.0453129,-2.91747e-05,1.33252,1.33079,-0.00172821
1.76004e+09,5342,-0.0452555,-0.0452837,-2.82025e-05,1.3342,1.33252,-0.0016778
1.76004e+09,5343,-0.0452283,-0.0452555,-2.72316e-05,1.33583,1.3342,-0.00162736
1.76004e+09,5344,-0.045202,-0.0452283,-2.62618e-05,1.3374,1.33583,-0.00157691
1.76004e+09,5345,-0.0451767,-0.045202,-2.52932e-05,1.33893,1.3374,-0.00152644
1.76004e+09,5346,-0.0451524,-0.045202,-4.96188e-05,1.3404,1.3374,-0.00300238
1.76004e+09,5347,-0.0451291,-0.0451524,-2.33591e-05,1.34183,1.3404,-0.00142543
1.76004e+09,5348,-0.0451067,-0.0451291,-2.23936e-05,1.3432,1.34183,-0.00137489
1.76004e+09,5349,-0.0450852,-0.0451067,-2.14291e-05,1.34453,1.3432,-0.00132434
1.76004e+09,5350,-0.0450648,-0.0450852,-2.04655e-05,1.3458,1.34453,-0.00127376
1.76004e+09,5351,-0.0450453,-0.0450648,-1.95028e-05,1.34703,1.3458,-0.00122316
1.76004e+09,5352,-0.0450267,-0.0450453,-1.85409e-05,1.3482,1.34703,-0.00117254
1.76004e+09,5353,-0.0450091,-0.0450267,-1.75798e-05,1.34932,1.3482,-0.0011219
1.76004e+09,5354,-0.0449925,-0.0450091,-1.66195e-05,1.35039,1.34932,-0.00107123
1.76004e+09,5355,-0.0449769,-0.0450091,-3.22795e-05,1.35141,1.34932,-0.00209178
1.76004e+09,5356,-0.0449622,-0.0449769,-1.47011e-05,1.35238,1.35141,-0.000969838
1.76004e+09,5357,-0.0449484,-0.0449622,-1.37428e-05,1.3533,1.35238,-0.000919109
1.76004e+09,5358,-0.0449356,-0.0449484,-1.27852e-05,1.35417,1.3533,-0.000868358
1.76004e+09,5359,-0.0449238,-0.0449356,-1.18281e-05,1.35499,1.35417,-0.000817585
1.76004e+09,5360,-0.0449129,-0.0449238,-1.08716e-05,1.35575,1.35499,-0.000766791
1.76004e+09,5361,-0.044903,-0.0449129,-9.91557e-06,1.35647,1.35575,-0.000715976
1.76004e+09,5362,-0.0448941,-0.044903,-8.95997e-06,1.35713,1.35647,-0.000665139
1.76004e+09,5363,-0.0448861,-0.0448941,-8.00479e-06,1.35775,1.35713,-0.000614282
1.76004e+09,5364,-0.044879,-0.0448861,-7.04998e-06,1.35831,1.35775,-0.000563403
1.76004e+09,5365,-0.0448729,-0.0448861,-1.31455e-05,1.35883,1.35775,-0.00107591
1.76004e+09,5366,-0.0448678,-0.0448729,-5.14133e-06,1.35929,1.35883,-0.000461586
1.76004e+09,5367,-0.0448636,-0.0448678,-4.18741e-06,1.3597,1.35929,-0.000410646
1.76004e+09,5368,-0.0448604,-0.0448636,-3.23372e-06,1.36006,1.3597,-0.000359687
1.76004e+09,5369,-0.0448581,-0.0448604,-2.2802e-06,1.36037,1.36006,-0.000308709
1.76004e+09,5370,-0.0448567,-0.0448581,-1.32682e-06,1.36062,1.36037,-0.000257711
1.76004e+09,5371,-0.0448564,-0.0448567,-3.73552e-07,1.36083,1.36062,-0.000206694
1.76004e+09,5372,-0.0448569,-0.0448567,2.061e-07,1.36099,1.36062,-0.000362352
1.76004e+09,5373,-0.0448585,-0.0448569,1.53283e-06,1.36109,1.36099,-0.000104604
1.76004e+09,5374,-0.044861,-0.0448585,2.48602e-06,1.36114,1.36109,-5.35314e-05
1.76004e+09,5375,-0.0448644,-0.044861,3.43926e-06,1.36115,1.36114,-2.44125e-06
1.76004e+09,5376,-0.0448688,-0.0448644,4.39258e-06,1.3611,1.36115,4.86665e-05
1.76004e+09,5377,-0.0448741,-0.0448688,5.34603e-06,1.361,1.3611,9.97914e-05
1.76004e+09,5378,-0.0448804,-0.0448741,6.29965e-06,1.36085,1.361,0.000150933
1.76004e+09,5379,-0.0448877,-0.0448804,7.25347e-06,1.36064,1.36085,0.000202092
1.76004e+09,5380,-0.0448959,-0.0448877,8.20754e-06,1.36039,1.36064,0.000253266
1.76004e+09,5381,-0.0449051,-0.0448959,9.16188e-06,1.36009,1.36039,0.000304457
1.76004e+09,5382,-0.0449152,-0.0449051,1.01165e-05,1.35973,1.36009,0.000355663
1.76004e+09,5383,-0.0449263,-0.0449152,1.10716e-05,1.35932,1.35973,0.000406885
1.76004e+09,5384,-0.0449383,-0.0449263,1.2027e-05,1.35887,1.35932,0.000458122
1.76004e+09,5385,-0.0449513,-0.0449383,1.29829e-05,1.35836,1.35887,0.000509373
1.76004e+09,5386,-0.0449652,-0.0449513,1.39392e-05,1.3578,1.35836,0.00056064
1.76004e+09,5387,-0.0449801,-0.0449652,1.48961e-05,1.35718,1.3578,0.00061192
1.76004e+09,5388,-0.044996,-0.0449652,3.07495e-05,1.35652,1.3578,0.00127513
1.76004e+09,5389,-0.0450128,-0.0449801,3.26649e-05,1.35581,1.35718,0.00137774
1.76004e+09,5390,-0.0450305,-0.0450128,1.77701e-05,1.35504,1.35581,0.000765844
1.76004e+09,5391,-0.0450493,-0.0450305,1.87294e-05,1.35422,1.35504,0.000817179
1.76004e+09,5392,-0.045069,-0.0450493,1.96895e-05,1.35336,1.35422,0.000868528
1.76004e+09,5393,-0.0450896,-0.045069,2.06503e-05,1.35244,1.35336,0.000919889
1.76004e+09,5394,-0.0451112,-0.0450896,2.16119e-05,1.35146,1.35244,0.000971263
1.76004e+09,5395,-0.0451338,-0.0451112,2.25743e-05,1.35044,1.35146,0.00102265
1.76004e+09,5396,-0.0451573,-0.0451338,2.35376e-05,1.34937,1.35044,0.00107405
1.76004e+09,5397,-0.0451818,-0.0451573,2.45018e-05,1.34824,1.34937,0.00112546
1.76004e+09,5398,-0.0452073,-0.0451818,2.5467e-05,1.34707,1.34824,0.00117689
1.76004e+09,5399,-0.0452337,-0.0452073,2.64332e-05,1.34584,1.34707,0.00122832
1.76004e+09,5400,-0.0452611,-0.0452337,2.74005e-05,1.34456,1.34584,0.00127977
1.76004e+09,5401,-0.0452895,-0.0452611,2.83688e-05,1.34323,1.34456,0.00133123
1.76004e+09,5402,-0.0453188,-0.0452895,2.93383e-05,1.34184,1.34323,0.00138271
1.76004e+09,5403,-0.0453491,-0.0453188,3.03089e-05,1.34041,1.34184,0.0014342
1.76004e+09,5404,-0.0453804,-0.0453491,3.12808e-05,1.33892,1.34041,0.0014857
1.76004e+09,5405,-0.0454127,-0.0453804,3.22539e-05,1.33739,1.33892,0.00153721
1.76004e+09,5406,-0.0454459,-0.0454127,3.32283e-05,1.3358,1.33739,0.00158874
1.76004e+09,5407,-0.0454801,-0.0454459,3.42041e-05,1.33416,1.3358,0.00164028
1.76004e+09,5408,-0.0455153,-0.0454801,3.51813e-05,1.33247,1.33416,0.00169183
1.76004e+09,5409,-0.0455515,-0.0455153,3.61599e-05,1.33072,1.33247,0.0017434
1.76004e+09,5410,-0.0455886,-0.0455515,3.714e-05,1.32893,1.33072,0.00179498
1.76004e+09,5411,-0.0456267,-0.0455515,7.52616e-05,1.32708,1.33072,0.00364156
1.76004e+09,5412,-0.0456658,-0.0456267,3.91048e-05,1.32518,1.32708,0.00189819
1.76004e+09,5413,-0.0457059,-0.0456658,4.00896e-05,1.32323,1.32518,0.00194982
1.76004e+09,5414,-0.045747,-0.0457059,4.10761e-05,1.32123,1.32323,0.00200147
1.76004e+09,5415,-0.0457891,-0.045747,4.20643e-05,1.31918,1.32123,0.00205313
1.76004e+09,5416,-0.0458321,-0.0457891,4.30542e-05,1.31707,1.31918,0.00210481
1.76004e+09,5417,-0.0458762,-0.0457891,8.71002e-05,1.31492,1.31918,0.00426132
1.76004e+09,5418,-0.0459212,-0.0458762,4.50396e-05,1.31271,1.31492,0.00220823
1.76004e+09,5419,-0.0459672,-0.0459212,4.60351e-05,1.31045,1.31271,0.00225997
1.76004e+09,5420,-0.0460143,-0.0459672,4.70326e-05,1.30814,1.31045,0.00231173
1.76004e+09,5421,-0.0460623,-0.0460143,4.80321e-05,1.30577,1.30814,0.00236351
1.76004e+09,5422,-0.0461113,-0.0460623,4.90336e-05,1.30336,1.30577,0.00241532
1.76004e+09,5423,-0.0461614,-0.0461113,5.00372e-05,1.30089,1.30336,0.00246715
1.76004e+09,5424,-0.0462124,-0.0461113,0.00010108,1.29837,1.30336,0.00498616
1.76004e+09,5425,-0.0462645,-0.0461614,0.000103094,1.2958,1.30089,0.00508991
1.76004e+09,5426,-0.0463175,-0.0462124,0.000105112,1.29318,1.29837,0.00519371
1.76004e+09,5427,-0.0463716,-0.0463175,5.40737e-05,1.2905,1.29318,0.00267476
1.76004e+09,5428,-0.0464267,-0.0463716,5.50886e-05,1.28778,1.2905,0.00272673
1.76004e+09,5429,-0.0464828,-0.0464267,5.61058e-05,1.285,1.28778,0.00277874
1.76004e+09,5430,-0.0465399,-0.0464828,5.71256e-05,1.28217,1.285,0.00283079
1.76004e+09,5431,-0.0465981,-0.0465399,5.81478e-05,1.27928,1.28217,0.00288287
1.76004e+09,5432,-0.0466572,-0.0465981,5.91727e-05,1.27635,1.27928,0.00293499
1.76004e+09,5433,-0.0467174,-0.0466572,6.02001e-05,1.27336,1.27635,0.00298716
1.76004e+09,5434,-0.0467787,-0.0467174,6.12302e-05,1.27032,1.27336,0.00303936
1.76004e+09,5435,-0.0468409,-0.0467787,6.22631e-05,1.26723,1.27032,0.00309161
1.76004e+09,5436,-0.0469042,-0.0468409,6.32987e-05,1.26409,1.26723,0.00314392
1.76004e+09,5437,-0.0469686,-0.0469042,6.43372e-05,1.26089,1.26409,0.00319627
1.76004e+09,5438,-0.0470339,-0.0469042,0.000129716,1.25764,1.26409,0.00644494
1.76004e+09,5439,-0.0471004,-0.0469686,0.000131801,1.25434,1.26089,0.0065498
1.76004e+09,5440,-0.0471678,-0.0471004,6.74702e-05,1.25099,1.25434,0.00335365
1.76004e+09,5441,-0.0472364,-0.0471678,6.85206e-05,1.24758,1.25099,0.00340623
1.76004e+09,5442,-0.0473059,-0.0472364,6.95741e-05,1.24412,1.24758,0.00345888
1.76004e+09,5443,-0.0473766,-0.0473059,7.06308e-05,1.24061,1.24412,0.00351159
1.76004e+09,5444,-0.0474483,-0.0473766,7.16908e-05,1.23705,1.24061,0.00356438
1.76004e+09,5445,-0.047521,-0.0474483,7.2754e-05,1.23343,1.23705,0.00361724
1.76004e+09,5446,-0.0475948,-0.047521,7.38207e-05,1.22976,1.23343,0.00367018
1.76004e+09,5447,-0.0476697,-0.0475948,7.48907e-05,1.22604,1.22976,0.00372321
1.76004e+09,5448,-0.0477457,-0.0476697,7.59643e-05,1.22226,1.22604,0.00377632
1.76004e+09,5449,-0.0478227,-0.0477457,7.70414e-05,1.21843,1.22226,0.00382952
1.76004e+09,5450,-0.0479008,-0.0478227,7.81221e-05,1.21455,1.21843,0.00388282
1.76004e+09,5451,-0.04798,-0.0479008,7.92064e-05,1.21061,1.21455,0.00393622
1.76004e+09,5452,-0.0480603,-0.04798,8.02946e-05,1.20662,1.21061,0.00398973
1.76004e+09,5453,-0.0481417,-0.0480603,8.13865e-05,1.20258,1.20662,0.00404335
1.76004e+09,5454,-0.0482242,-0.0481417,8.24823e-05,1.19848,1.20258,0.00409708
1.76004e+09,5455,-0.0483078,-0.0481417,0.000166064,1.19433,1.20258,0.00824802
1.76004e+09,5456,-0.0483925,-0.0483078,8.46857e-05,1.19012,1.19433,0.00420492
1.76004e+09,5457,-0.0484783,-0.0483925,8.57935e-05,1.18587,1.19012,0.00425903
1.76004e+09,5458,-0.0485652,-0.0484783,8.69054e-05,1.18155,1.18587,0.00431329
1.76004e+09,5459,-0.0486532,-0.0485652,8.80215e-05,1.17718,1.18155,0.00436769
1.76004e+09,5460,-0.0487423,-0.0486532,8.91419e-05,1.17276,1.17718,0.00442224
1.76004e+09,5461,-0.0488326,-0.0487423,9.02667e-05,1.16829,1.17276,0.00447695
1.76004e+09,5462,-0.048924,-0.0488326,9.13958e-05,1.16375,1.16829,0.00453183
1.76004e+09,5463,-0.0490165,-0.048924,9.25294e-05,1.15917,1.16375,0.00458688
1.76004e+09,5464,-0.0491102,-0.0490165,9.36676e-05,1.15452,1.15917,0.00464212
1.76004e+09,5465,-0.049205,-0.0491102,9.48104e-05,1.14983,1.15452,0.00469755
1.76004e+09,5466,-0.049301,-0.049205,9.59578e-05,1.14507,1.14983,0.00475317
1.76004e+09,5467,-0.0493981,-0.049301,9.71101e-05,1.14026,1.14507,0.00480901
1.76004e+09,5468,-0.0494963,-0.0493981,9.82671e-05,1.1354,1.14026,0.00486506
1.76004e+09,5469,-0.0495958,-0.0494963,9.94291e-05,1.13048,1.1354,0.00492134
1.76004e+09,5470,-0.0496964,-0.0494963,0.000200025,1.1255,1.1354,0.00989919
1.76004e+09,5471,-0.0497981,-0.0496964,0.000101768,1.12047,1.1255,0.00503462
1.76004e+09,5472,-0.0499011,-0.0497981,0.000102945,1.11537,1.12047,0.00509164
1.76004e+09,5473,-0.0500052,-0.0499011,0.000104128,1.11023,1.11537,0.00514893
1.76004e+09,5474,-0.0501105,-0.0500052,0.000105315,1.10502,1.11023,0.00520651
1.76004e+09,5475,-0.050217,-0.0501105,0.000106508,1.09975,1.10502,0.00526438
1.76004e+09,5476,-0.0503247,-0.050217,0.000107707,1.09443,1.09975,0.00532256
1.76004e+09,5477,-0.0504337,-0.0503247,0.000108911,1.08905,1.09443,0.00538106
1.76004e+09,5478,-0.0505438,-0.0504337,0.00011012,1.08361,1.08905,0.0054399
1.76004e+09,5479,-0.0506551,-0.0505438,0.000111335,1.07811,1.08361,0.00549908
1.76004e+09,5480,-0.0507677,-0.0506551,0.000112556,1.07255,1.07811,0.00555864
1.76004e+09,5481,-0.0508814,-0.0507677,0.000113783,1.06693,1.07255,0.00561857
1.76004e+09,5482,-0.0509965,-0.0508814,0.000115015,1.06126,1.06693,0.00567891
1.76004e+09,5483,-0.0511127,-0.0509965,0.000116254,1.05552,1.06126,0.00573965
1.76004e+09,5484,-0.0512302,-0.0511127,0.000117498,1.04972,1.05552,0.00580084
1.76004e+09,5485,-0.051349,-0.0512302,0.000118749,1.04385,1.04972,0.00586248
1.76004e+09,5486,-0.051469,-0.051349,0.000120006,1.03793,1.04385,0.00592459
1.76004e+09,5487,-0.0515902,-0.051469,0.000121269,1.03194,1.03793,0.0059872
1.76004e+09,5488,-0.0517128,-0.051469,0.000243808,1.02589,1.03793,0.0120375
1.76004e+09,5489,-0.0518366,-0.0517128,0.000123814,1.01978,1.02589,0.00611399
1.76004e+09,5490,-0.0519617,-0.0518366,0.000125097,1.0136,1.01978,0.00617823
1.76004e+09,5491,-0.0520881,-0.0519617,0.000126386,1.00736,1.0136,0.00624305
1.76004e+09,5492,-0.0522158,-0.0520881,0.000127681,1.00105,1.00736,0.00630849
1.76004e+09,5493,-0.0523447,-0.0522158,0.000128983,0.994672,1.00105,0.00637457
1.76004e+09,5494,-0.052475,-0.0522158,0.000259276,0.988231,1.00105,0.0128159
1.76004e+09,5495,-0.0526066,-0.0523447,0.000261901,0.981722,0.994672,0.0129501
1.76004e+09,5496,-0.0527396,-0.052475,0.00026454,0.975145,0.988231,0.0130858
1.76004e+09,5497,-0.0528738,-0.0526066,0.000267193,0.968499,0.981722,0.013223
1.76004e+09,5498,-0.0530094,-0.0528738,0.000135599,0.961783,0.968499,0.00671576
1.76004e+09,5499,-0.0531464,-0.0530094,0.000136943,0.954997,0.961783,0.00678639
1.76004e+09,5500,-0.0532847,-0.0531464,0.000138295,0.948139,0.954997,0.0068579
1.76004e+09,5501,-0.0534243,-0.0532847,0.000139654,0.941209,0.948139,0.00693035
1.76004e+09,5502,-0.0535653,-0.0534243,0.000141021,0.934205,0.941209,0.00700377
1.76004e+09,5503,-0.0537077,-0.0535653,0.000142395,0.927127,0.934205,0.00707821
1.76004e+09,5504,-0.0538515,-0.0537077,0.000143778,0.919973,0.927127,0.00715371
1.76004e+09,5505,-0.0539967,-0.0537077,0.000288946,0.912743,0.927127,0.0143841
1.76004e+09,5506,-0.0541433,-0.0539967,0.000146567,0.905434,0.912743,0.00730816
1.76004e+09,5507,-0.0542912,-0.0541433,0.000147974,0.898047,0.905434,0.00738721
1.76004e+09,5508,-0.0544406,-0.0542912,0.000149389,0.89058,0.898047,0.00746756
1.76004e+09,5509,-0.0545914,-0.0544406,0.000150813,0.88303,0.89058,0.00754928
1.76004e+09,5510,-0.0547437,-0.0545914,0.000152246,0.875398,0.88303,0.00763243
1.76004e+09,5511,-0.0548974,-0.0547437,0.000153689,0.867681,0.875398,0.0077171
1.76004e+09,5512,-0.0550525,-0.0548974,0.000155141,0.859878,0.867681,0.00780337
1.76004e+09,5513,-0.0552091,-0.0550525,0.000156602,0.851986,0.859878,0.00789131
1.76004e+09,5514,-0.0553672,-0.0550525,0.000314676,0.844005,0.859878,0.0158723
1.76004e+09,5515,-0.0555267,-0.0553672,0.000159556,0.835933,0.844005,0.00807262
1.76004e+09,5516,-0.0556878,-0.0555267,0.000161048,0.827766,0.835933,0.00816618
1.76004e+09,5517,-0.0558503,-0.0556878,0.000162552,0.819505,0.827766,0.00826182
1.76004e+09,5518,-0.0560144,-0.0558503,0.000164067,0.811145,0.819505,0.00835968
1.76004e+09,5519,-0.05618,-0.0560144,0.000165593,0.802685,0.811145,0.00845987
1.76004e+09,5520,-0.0563471,-0.05618,0.000167132,0.794123,0.802685,0.00856253
1.76004e+09,5521,-0.0565158,-0.05618,0.000335814,0.785455,0.802685,0.0172304
1.76004e+09,5522,-0.0566861,-0.0563471,0.000338928,0.776679,0.794123,0.0174437
1.76004e+09,5523,-0.0568579,-0.0566861,0.000171822,0.767792,0.776679,0.00888694
1.76004e+09,5524,-0.0570313,-0.0568579,0.000173411,0.758791,0.767792,0.00900112
1.76004e+09,5525,-0.0572063,-0.0570313,0.000175014,0.749672,0.758791,0.00911867
1.76004e+09,5526,-0.0573829,-0.0572063,0.00017663,0.740432,0.749672,0.00923979
1.76004e+09,5527,-0.0575612,-0.0573829,0.000178259,0.731068,0.740432,0.00936474
1.76004e+09,5528,-0.0577411,-0.0575612,0.000179902,0.721574,0.731068,0.00949377
1.76004e+09,5529,-0.0579227,-0.0577411,0.000181558,0.711947,0.721574,0.00962717
1.76004e+09,5530,-0.0581059,-0.0579227,0.000183226,0.702181,0.711947,0.00976527
1.76004e+09,5531,-0.0582908,-0.0581059,0.000184907,0.692273,0.702181,0.00990841
1.76004e+09,5532,-0.0584774,-0.0582908,0.000186599,0.682216,0.692273,0.010057
1.76004e+09,5533,-0.0586657,-0.0584774,0.000188302,0.672005,0.682216,0.0102114
1.76004e+09,5534,-0.0588557,-0.0586657,0.000190015,0.661632,0.672005,0.0103721
1.76004e+09,5535,-0.0590474,-0.0586657,0.00038175,0.651093,0.672005,0.0209118
1.76004e+09,5536,-0.0592409,-0.0588557,0.000385197,0.640378,0.661632,0.0212544
1.76004e+09,5537,-0.0594361,-0.0592409,0.000195192,0.62948,0.640378,0.0108978
1.76004e+09,5538,-0.059633,-0.0594361,0.000196925,0.618391,0.62948,0.0110897
1.76004e+09,5539,-0.0598317,-0.059633,0.000198656,0.607099,0.618391,0.0112911
1.76004e+09,5540,-0.0601377,-0.0598317,0.000306024,0.606889,0.607099,0.000210376
1.76004e+09,5541,-0.0604461,-0.0601377,0.000308441,0.606676,0.606889,0.000213192
1.76004e+09,5542,-0.060757,-0.0604461,0.000310847,0.60646,0.606676,0.00021603
1.76004e+09,5543,-0.0610702,-0.060757,0.000313238,0.606241,0.60646,0.000218888
1.76004e+09,5544,-0.0613858,-0.0610702,0.000315608,0.606019,0.606241,0.000221764
1.76004e+09,5545,-0.0617038,-0.0613858,0.000317955,0.605794,0.606019,0.000224656
1.76004e+09,5546,-0.0620241,-0.0617038,0.000320273,0.605567,0.605794,0.000227559
1.76004e+09,5547,-0.0623466,-0.0617038,0.000642829,0.605336,0.605794,0.00045803
1.76004e+09,5548,-0.0626714,-0.0623466,0.000324802,0.605103,0.605336,0.000233389
1.76004e+09,5549,-0.0629984,-0.0626714,0.000327003,0.604867,0.605103,0.000236308
1.76004e+09,5550,-0.0633276,-0.0629984,0.000329155,0.604628,0.604867,0.000239226
1.76004e+09,5551,-0.0636588,-0.0633276,0.000331253,0.604385,0.604628,0.000242137
1.76004e+09,5552,-0.0639921,-0.0636588,0.000333291,0.60414,0.604385,0.000245039
1.76004e+09,5553,-0.0643274,-0.0639921,0.000335264,0.603892,0.60414,0.000247926
1.76004e+09,5554,-0.0646645,-0.0643274,0.000337166,0.603642,0.603892,0.000250795
1.76004e+09,5555,-0.0650035,-0.0646645,0.000338993,0.603388,0.603642,0.000253642
1.76004e+09,5556,-0.0653443,-0.0650035,0.000340739,0.603132,0.603388,0.000256461
1.76004e+09,5557,-0.0656867,-0.0653443,0.0003424,0.602872,0.603132,0.000259248
1.76004e+09,5558,-0.0660307,-0.0656867,0.00034397,0.60261,0.602872,0.000261999
1.76004e+09,5559,-0.0663761,-0.0660307,0.000345446,0.602346,0.60261,0.00026471
1.76004e+09,5560,-0.0667229,-0.0663761,0.000346823,0.602078,0.602346,0.000267376
1.76004e+09,5561,-0.067071,-0.0667229,0.000348096,0.601808,0.602078,0.000269993
1.76004e+09,5562,-0.0674203,-0.067071,0.000349263,0.601536,0.601808,0.000272557
1.76004e+09,5563,-0.0677706,-0.0674203,0.00035032,0.601261,0.601536,0.000275063
1.76004e+09,5564,-0.0681219,-0.0677706,0.000351263,0.600983,0.601261,0.000277508
1.76004e+09,5565,-0.068474,-0.0681219,0.00035209,0.600703,0.600983,0.000279888
1.76004e+09,5566,-0.0688267,-0.068474,0.000352798,0.600421,0.600703,0.000282199
1.76004e+09,5567,-0.0691801,-0.0688267,0.000353385,0.600137,0.600421,0.000284437
1.76004e+09,5568,-0.069534,-0.0691801,0.00035385,0.59985,0.600137,0.0002866
1.76004e+09,5569,-0.0698882,-0.069534,0.000354191,0.599561,0.59985,0.000288684
1.76004e+09,5570,-0.0702426,-0.069534,0.000708597,0.599271,0.59985,0.000579369
1.76004e+09,5571,-0.0705971,-0.0702426,0.000354496,0.598978,0.599271,0.000292603
1.76004e+09,5572,-0.0709515,-0.0702426,0.000708955,0.598684,0.599271,0.000587036
1.76004e+09,5573,-0.0713058,-0.0705971,0.000708755,0.598387,0.598978,0.000590608
1.76004e+09,5574,-0.0716598,-0.0713058,0.000354008,0.59809,0.598387,0.000297825
1.76004e+09,5575,-0.0720134,-0.0716598,0.000353594,0.59779,0.59809,0.000299382
1.76004e+09,5576,-0.0723665,-0.0720134,0.000353056,0.597489,0.59779,0.000300846
1.76004e+09,5577,-0.0727189,-0.0723665,0.000352396,0.597187,0.597489,0.000302214
1.76004e+09,5578,-0.0730705,-0.0727189,0.000351616,0.596884,0.597187,0.000303487
1.76004e+09,5579,-0.0734212,-0.0730705,0.000350717,0.596579,0.596884,0.000304663
1.76004e+09,5580,-0.0737709,-0.0734212,0.000349702,0.596273,0.596579,0.000305743
1.76004e+09,5581,-0.0741195,-0.0737709,0.000348575,0.595966,0.596273,0.000306727
1.76004e+09,5582,-0.0744668,-0.0741195,0.000347338,0.595659,0.595966,0.000307615
1.76004e+09,5583,-0.0748128,-0.0744668,0.000345994,0.59535,0.595659,0.000308408
1.76004e+09,5584,-0.0751574,-0.0748128,0.000344549,0.595041,0.59535,0.000309108
1.76004e+09,5585,-0.0755004,-0.0751574,0.000343005,0.594732,0.595041,0.000309716
1.76004e+09,5586,-0.0758418,-0.0755004,0.000341368,0.594421,0.594732,0.000310234
1.76004e+09,5587,-0.0761814,-0.0758418,0.000339642,0.594111,0.594421,0.000310663
1.76004e+09,5588,-0.0765192,-0.0761814,0.000337832,0.5938,0.594111,0.000311008
1.76004e+09,5589,-0.0768552,-0.0765192,0.000335943,0.593488,0.5938,0.000311269
1.76004e+09,5590,-0.0771891,-0.0768552,0.00033398,0.593177,0.593488,0.000311451
1.76004e+09,5591,-0.0775211,-0.0771891,0.000331949,0.592865,0.593177,0.000311555
1.76004e+09,5592,-0.077851,-0.0775211,0.000329855,0.592554,0.592865,0.000311587
1.76004e+09,5593,-0.0781787,-0.077851,0.000327704,0.592242,0.592554,0.000311549
1.76004e+09,5594,-0.0785042,-0.0781787,0.0003255,0.591931,0.592242,0.000311444
1.76004e+09,5595,-0.0788274,-0.0785042,0.00032325,0.59162,0.591931,0.000311278
1.76004e+09,5596,-0.0791484,-0.0788274,0.000320959,0.591309,0.59162,0.000311053
1.76004e+09,5597,-0.079467,-0.0788274,0.00063959,0.590998,0.59162,0.000621826
1.76004e+09,5598,-0.0797833,-0.0791484,0.000634904,0.590687,0.591309,0.000621215
1.76004e+09,5599,-0.0800972,-0.0797833,0.000313888,0.590377,0.590687,0.000310064
1.76004e+09,5600,-0.0804086,-0.0800972,0.000311481,0.590068,0.590377,0.000309642
1.76004e+09,5601,-0.0807177,-0.0804086,0.000309056,0.589758,0.590068,0.000309179
1.76004e+09,5602,-0.0810243,-0.0807177,0.000306618,0.58945,0.589758,0.000308679
1.76004e+09,5603,-0.0813285,-0.0810243,0.000304168,0.589142,0.58945,0.000308144
1.76004e+09,5604,-0.0816302,-0.0813285,0.000301712,0.588834,0.589142,0.000307579
1.76004e+09,5605,-0.0819294,-0.0813285,0.000600965,0.588527,0.589142,0.000614563
1.76004e+09,5606,-0.0822262,-0.0816302,0.000596044,0.588221,0.588834,0.000613349
1.76004e+09,5607,-0.0825206,-0.0822262,0.000294332,0.587915,0.588221,0.000305721
1.76004e+09,5608,-0.0828124,-0.0825206,0.000291877,0.58761,0.587915,0.000305057
1.76004e+09,5609,-0.0831019,-0.0828124,0.000289428,0.587306,0.58761,0.000304373
1.76004e+09,5610,-0.0833889,-0.0828124,0.000576414,0.587002,0.58761,0.000608045
1.76004e+09,5611,-0.0836734,-0.0833889,0.000284554,0.586699,0.587002,0.000302955
1.76004e+09,5612,-0.0839555,-0.0836734,0.000282132,0.586397,0.586699,0.000302225
1.76004e+09,5613,-0.0842353,-0.0839555,0.000279722,0.586095,0.586397,0.000301481
1.76004e+09,5614,-0.0845126,-0.0842353,0.000277324,0.585794,0.586095,0.000300725
1.76004e+09,5615,-0.0847875,-0.0845126,0.000274939,0.585495,0.585794,0.000299958
1.76004e+09,5616,-0.0850601,-0.0847875,0.000272567,0.585195,0.585495,0.000299181
1.76004e+09,5617,-0.0853303,-0.0850601,0.000270209,0.584897,0.585195,0.000298394
1.76004e+09,5618,-0.0855982,-0.0853303,0.000267864,0.584599,0.584897,0.000297599
1.76004e+09,5619,-0.0858637,-0.0855982,0.000265534,0.584303,0.584599,0.000296795
1.76004e+09,5620,-0.0861269,-0.0858637,0.000263217,0.584007,0.584303,0.000295982
1.76004e+09,5621,-0.0863878,-0.0861269,0.000260915,0.583711,0.584007,0.000295162
1.76004e+09,5622,-0.0866465,-0.0863878,0.000258626,0.583417,0.583711,0.000294334
1.76004e+09,5623,-0.0869028,-0.0866465,0.00025635,0.583124,0.583417,0.000293499
1.76004e+09,5624,-0.0871569,-0.0866465,0.000510438,0.582831,0.583417,0.000586156
1.76004e+09,5625,-0.0874087,-0.0871569,0.000251839,0.582539,0.582831,0.000291807
1.76004e+09,5626,-0.0876583,-0.0874087,0.000249603,0.582248,0.582539,0.00029095
1.76004e+09,5627,-0.0879057,-0.0876583,0.000247379,0.581958,0.582248,0.000290086
1.76004e+09,5628,-0.0881509,-0.0879057,0.000245168,0.581669,0.581958,0.000289215
1.76004e+09,5629,-0.0883939,-0.0881509,0.000242969,0.581381,0.581669,0.000288338
1.76004e+09,5630,-0.0886346,-0.0883939,0.000240781,0.581093,0.581381,0.000287453
1.76004e+09,5631,-0.0888732,-0.0886346,0.000238605,0.580807,0.581093,0.000286562
1.76004e+09,5632,-0.0891097,-0.0886346,0.000475046,0.580521,0.581093,0.000572227
1.76004e+09,5633,-0.089344,-0.0888732,0.000470727,0.580236,0.580807,0.000570424
1.76004e+09,5634,-0.0895761,-0.089344,0.000232144,0.579952,0.580236,0.000283849
1.76004e+09,5635,-0.0898061,-0.0895761,0.000230011,0.579669,0.579952,0.000282932
1.76004e+09,5636,-0.090034,-0.0898061,0.000227889,0.579387,0.579669,0.000282008
1.76004e+09,5637,-0.0902598,-0.090034,0.000225778,0.579106,0.579387,0.000281078
1.76004e+09,5638,-0.0904835,-0.0902598,0.000223676,0.578826,0.579106,0.000280141
1.76004e+09,5639,-0.0907051,-0.0902598,0.00044526,0.578547,0.579106,0.000559341
1.76004e+09,5640,-0.0909246,-0.0907051,0.000219502,0.578269,0.578547,0.000278251
1.76004e+09,5641,-0.091142,-0.0909246,0.000217429,0.577991,0.578269,0.000277297
1.76004e+09,5642,-0.0913574,-0.091142,0.000215366,0.577715,0.577991,0.000276337
1.76004e+09,5643,-0.0915707,-0.0913574,0.000213312,0.57744,0.577715,0.000275372
1.76004e+09,5644,-0.0917819,-0.0915707,0.000211267,0.577165,0.57744,0.000274401
1.76004e+09,5645,-0.0919912,-0.0917819,0.000209231,0.576892,0.577165,0.000273426
1.76004e+09,5646,-0.0921984,-0.0919912,0.000207204,0.576619,0.576892,0.000272445
1.76004e+09,5647,-0.0924036,-0.0921984,0.000205186,0.576348,0.576619,0.000271459
1.76004e+09,5648,-0.0926067,-0.0924036,0.000203177,0.576077,0.576348,0.000270468
1.76004e+09,5649,-0.0928079,-0.0926067,0.000201177,0.575808,0.576077,0.000269473
1.76004e+09,5650,-0.0930071,-0.0928079,0.000199185,0.575539,0.575808,0.000268473
1.76004e+09,5651,-0.0932043,-0.0930071,0.000197202,0.575272,0.575539,0.000267469
1.76004e+09,5652,-0.0933995,-0.0932043,0.000195227,0.575006,0.575272,0.00026646
1.76004e+09,5653,-0.0935928,-0.0933995,0.00019326,0.57474,0.575006,0.000265448
1.76004e+09,5654,-0.0937841,-0.0935928,0.000191302,0.574476,0.57474,0.000264432
1.76004e+09,5655,-0.0939734,-0.0937841,0.000189352,0.574212,0.574476,0.000263412
1.76004e+09,5656,-0.0941608,-0.0939734,0.000187411,0.57395,0.574212,0.000262389
1.76004e+09,5657,-0.0943463,-0.0941608,0.000185477,0.573689,0.57395,0.000261362
1.76004e+09,5658,-0.0945299,-0.0943463,0.000183551,0.573428,0.573689,0.000260332
1.76004e+09,5659,-0.0947115,-0.0945299,0.000181633,0.573169,0.573428,0.000259298
1.76004e+09,5660,-0.0948912,-0.0945299,0.000361356,0.572911,0.573428,0.00051756
1.76004e+09,5661,-0.0950691,-0.0948912,0.000177821,0.572653,0.572911,0.000257223
1.76004e+09,5662,-0.095245,-0.0950691,0.000175926,0.572397,0.572653,0.000256181
1.76004e+09,5663,-0.095419,-0.095245,0.000174039,0.572142,0.572397,0.000255137
1.76004e+09,5664,-0.0955912,-0.095419,0.00017216,0.571888,0.572142,0.00025409
1.76004e+09,5665,-0.0957615,-0.0955912,0.000170288,0.571635,0.571888,0.000253041
1.76004e+09,5666,-0.0959299,-0.0957615,0.000168423,0.571383,0.571635,0.00025199
1.76004e+09,5667,-0.0960965,-0.0957615,0.000334989,0.571132,0.571635,0.000502926
1.76004e+09,5668,-0.0962612,-0.0959299,0.000331282,0.570882,0.571383,0.000500818
1.76004e+09,5669,-0.096424,-0.0962612,0.000162873,0.570633,0.570882,0.000248824
1.76004e+09,5670,-0.0965851,-0.0962612,0.00032391,0.570386,0.570882,0.00049659
1.76004e+09,5671,-0.0967443,-0.0965851,0.000159208,0.570139,0.570386,0.000246705
1.76004e+09,5672,-0.0969017,-0.0967443,0.000157386,0.569893,0.570139,0.000245644
1.76004e+09,5673,-0.0970572,-0.0969017,0.000155571,0.569649,0.569893,0.000244581
1.76004e+09,5674,-0.097211,-0.0970572,0.000153763,0.569405,0.569649,0.000243516
1.76004e+09,5675,-0.097363,-0.097211,0.000151961,0.569163,0.569405,0.000242451
1.76004e+09,5676,-0.0975131,-0.097363,0.000150166,0.568921,0.569163,0.000241385
1.76004e+09,5677,-0.0976615,-0.0975131,0.000148378,0.568681,0.568921,0.000240317
1.76004e+09,5678,-0.0978081,-0.0976615,0.000146596,0.568442,0.568681,0.000239249
1.76004e+09,5679,-0.0979529,-0.0978081,0.00014482,0.568204,0.568442,0.000238181
1.76004e+09,5680,-0.098096,-0.0979529,0.000143051,0.567966,0.568204,0.000237111
1.76004e+09,5681,-0.0982373,-0.098096,0.000141287,0.56773,0.567966,0.000236042
1.76004e+09,5682,-0.0983768,-0.0982373,0.000139531,0.567495,0.56773,0.000234972
1.76004e+09,5683,-0.0985146,-0.0983768,0.00013778,0.567261,0.567495,0.000233901
1.76004e+09,5684,-0.0986506,-0.0985146,0.000136035,0.567029,0.567261,0.000232831
1.76004e+09,5685,-0.0987849,-0.0986506,0.000134296,0.566797,0.567029,0.00023176
1.76004e+09,5686,-0.0989175,-0.0987849,0.000132563,0.566566,0.566797,0.00023069
1.76004e+09,5687,-0.0990483,-0.0989175,0.000130835,0.566337,0.566566,0.000229619
1.76004e+09,5688,-0.0991774,-0.0989175,0.000259949,0.566108,0.566566,0.000458168
1.76004e+09,5689,-0.0993048,-0.0991774,0.000127398,0.565881,0.566108,0.000227479
1.76004e+09,5690,-0.0994305,-0.0993048,0.000125687,0.565654,0.565881,0.000226409
1.76004e+09,5691,-0.0995545,-0.0994305,0.000123982,0.565429,0.565654,0.00022534
1.76004e+09,5692,-0.0996768,-0.0995545,0.000122282,0.565205,0.565429,0.000224272
1.76004e+09,5693,-0.0997974,-0.0996768,0.000120588,0.564981,0.565205,0.000223204
1.76004e+09,5694,-0.0999163,-0.0997974,0.000118899,0.564759,0.564981,0.000222137
1.76004e+09,5695,-0.100033,-0.0999163,0.000117215,0.564538,0.564759,0.00022107
1.76004e+09,5696,-0.100149,-0.100033,0.000115537,0.564318,0.564538,0.000220005
1.76004e+09,5697,-0.100263,-0.100149,0.000113863,0.564099,0.564318,0.00021894
1.76004e+09,5698,-0.100375,-0.100263,0.000112195,0.563881,0.564099,0.000217877
1.76004e+09,5699,-0.100486,-0.100375,0.000110531,0.563664,0.563881,0.000216815
1.76004e+09,5700,-0.100594,-0.100486,0.000108872,0.563449,0.563664,0.000215754
1.76004e+09,5701,-0.100702,-0.100594,0.000107218,0.563234,0.563449,0.000214694
1.76004e+09,5702,-0.100807,-0.100702,0.000105568,0.56302,0.563234,0.000213636
1.76004e+09,5703,-0.100911,-0.100807,0.000103923,0.562808,0.56302,0.000212579
1.76004e+09,5704,-0.101013,-0.100911,0.000102283,0.562596,0.562808,0.000211524
1.76004e+09,5705,-0.101114,-0.101013,0.000100647,0.562386,0.562596,0.00021047
1.76004e+09,5706,-0.101213,-0.101114,9.90158e-05,0.562176,0.562386,0.000209418
1.76004e+09,5707,-0.101311,-0.101213,9.73887e-05,0.561968,0.562176,0.000208368
1.76004e+09,5708,-0.101406,-0.101311,9.57659e-05,0.561761,0.561968,0.00020732
1.76004e+09,5709,-0.1015,-0.101406,9.41473e-05,0.561554,0.561761,0.000206274
1.76004e+09,5710,-0.101593,-0.1015,9.25329e-05,0.561349,0.561554,0.000205229
1.76004e+09,5711,-0.101684,-0.101593,9.09225e-05,0.561145,0.561349,0.000204187
1.76004e+09,5712,-0.101773,-0.101684,8.9316e-05,0.560942,0.561145,0.000203147
1.76004e+09,5713,-0.101861,-0.101773,8.77136e-05,0.56074,0.560942,0.000202109
1.76004e+09,5714,-0.101947,-0.101861,8.61149e-05,0.560539,0.56074,0.000201073
1.76004e+09,5715,-0.102032,-0.101947,8.45201e-05,0.560339,0.560539,0.00020004
1.76004e+09,5716,-0.102114,-0.102032,8.2929e-05,0.56014,0.560339,0.000199009
1.76004e+09,5717,-0.102196,-0.102114,8.13415e-05,0.559942,0.56014,0.00019798
1.76004e+09,5718,-0.102276,-0.102196,7.97576e-05,0.559745,0.559942,0.000196955
1.76004e+09,5719,-0.102354,-0.102276,7.81772e-05,0.559549,0.559745,0.000195931
1.76004e+09,5720,-0.10243,-0.102354,7.66003e-05,0.559354,0.559549,0.000194911
1.76004e+09,5721,-0.102505,-0.10243,7.50268e-05,0.55916,0.559354,0.000193893
1.76004e+09,5722,-0.102579,-0.10243,0.000148483,0.558967,0.559354,0.00038677
1.76004e+09,5723,-0.102651,-0.102505,0.000145346,0.558775,0.55916,0.000384743
1.76004e+09,5724,-0.102721,-0.102579,0.000142215,0.558584,0.558967,0.000382721
1.76004e+09,5725,-0.10279,-0.102651,0.000139091,0.558395,0.558775,0.000380706
1.76004e+09,5726,-0.102857,-0.10279,6.72075e-05,0.558206,0.558395,0.000188847
1.76004e+09,5727,-0.102923,-0.102857,6.56529e-05,0.558018,0.558206,0.000187846
1.76004e+09,5728,-0.102987,-0.102923,6.41012e-05,0.557831,0.558018,0.000186849
1.76004e+09,5729,-0.103049,-0.102987,6.25523e-05,0.557645,0.557831,0.000185856
1.76004e+09,5730,-0.10311,-0.102987,0.000123559,0.55746,0.557831,0.000370721
1.76004e+09,5731,-0.10317,-0.10311,5.94629e-05,0.557276,0.55746,0.000183878
1.76004e+09,5732,-0.103228,-0.10317,5.79222e-05,0.557094,0.557276,0.000182895
1.76004e+09,5733,-0.103284,-0.103228,5.6384e-05,0.556912,0.557094,0.000181915
1.76004e+09,5734,-0.103339,-0.103284,5.48484e-05,0.556731,0.556912,0.000180938
1.76004e+09,5735,-0.103392,-0.103339,5.33153e-05,0.556551,0.556731,0.000179965
1.76004e+09,5736,-0.103444,-0.103392,5.17845e-05,0.556372,0.556551,0.000178996
1.76004e+09,5737,-0.103494,-0.103444,5.02561e-05,0.556194,0.556372,0.00017803
1.76004e+09,5738,-0.103543,-0.103444,9.8986e-05,0.556017,0.556372,0.000355098
1.76004e+09,5739,-0.10359,-0.103543,4.7206e-05,0.55584,0.556017,0.00017611
1.76004e+09,5740,-0.103636,-0.10359,4.56841e-05,0.555665,0.55584,0.000175156
1.76004e+09,5741,-0.10368,-0.103636,4.41643e-05,0.555491,0.555665,0.000174206
1.76004e+09,5742,-0.103723,-0.10368,4.26466e-05,0.555318,0.555491,0.000173259
1.76004e+09,5743,-0.103764,-0.103723,4.11307e-05,0.555146,0.555318,0.000172317
1.76004e+09,5744,-0.103803,-0.103764,3.96168e-05,0.554974,0.555146,0.000171379
1.76004e+09,5745,-0.103842,-0.103803,3.81046e-05,0.554804,0.554974,0.000170445
1.76004e+09,5746,-0.103878,-0.103842,3.65942e-05,0.554634,0.554804,0.000169516
1.76004e+09,5747,-0.103913,-0.103878,3.50855e-05,0.554466,0.554634,0.00016859
1.76004e+09,5748,-0.103947,-0.103878,6.86639e-05,0.554298,0.554634,0.000336259
1.76004e+09,5749,-0.103979,-0.103947,3.20728e-05,0.554131,0.554298,0.000166753
1.76004e+09,5750,-0.104009,-0.103979,3.05687e-05,0.553965,0.554131,0.00016584
1.76004e+09,5751,-0.104039,-0.104009,2.90661e-05,0.5538,0.553965,0.000164933
1.76004e+09,5752,-0.104066,-0.104039,2.75648e-05,0.553636,0.5538,0.000164029
1.76004e+09,5753,-0.104092,-0.104066,2.60648e-05,0.553473,0.553636,0.000163131
1.76004e+09,5754,-0.104117,-0.104092,2.45661e-05,0.553311,0.553473,0.000162237
1.76004e+09,5755,-0.10414,-0.104092,4.76345e-05,0.55315,0.553473,0.000323585
1.76004e+09,5756,-0.104161,-0.10414,2.1572e-05,0.552989,0.55315,0.000160463
1.76004e+09,5757,-0.104181,-0.104161,2.00766e-05,0.55283,0.552989,0.000159584
1.76004e+09,5758,-0.1042,-0.104181,1.85821e-05,0.552671,0.55283,0.000158709
1.76004e+09,5759,-0.104217,-0.1042,1.70886e-05,0.552513,0.552671,0.000157839
1.76004e+09,5760,-0.104233,-0.104217,1.55959e-05,0.552356,0.552513,0.000156975
1.76004e+09,5761,-0.104247,-0.104233,1.41039e-05,0.5522,0.552356,0.000156115
1.76004e+09,5762,-0.104259,-0.104247,1.26128e-05,0.552045,0.5522,0.00015526
1.76004e+09,5763,-0.104271,-0.104259,1.11222e-05,0.55189,0.552045,0.000154411
1.76004e+09,5764,-0.10428,-0.104271,9.63233e-06,0.551737,0.55189,0.000153567
1.76004e+09,5765,-0.104288,-0.10428,8.14294e-06,0.551584,0.551737,0.000152728
1.76004e+09,5766,-0.104295,-0.104288,6.65403e-06,0.551432,0.551584,0.000151894
1.76004e+09,5767,-0.1043,-0.104295,5.16553e-06,0.551281,0.551432,0.000151066
1.76004e+09,5768,-0.104304,-0.1043,3.67737e-06,0.551131,0.551281,0.000150243
1.76004e+09,5769,-0.104306,-0.104304,2.18949e-06,0.550981,0.551131,0.000149426
1.76004e+09,5770,-0.104307,-0.104306,7.01839e-07,0.550833,0.550981,0.000148614
1.76004e+09,5771,-0.104306,-0.104307,-7.8566e-07,0.550685,0.550833,0.000147808
1.76004e+09,5772,-0.104304,-0.104307,-3.05872e-06,0.550538,0.550833,0.000294815
1.76004e+09,5773,-0.1043,-0.104304,-3.76044e-06,0.550392,0.550538,0.000146213
1.76004e+09,5774,-0.104295,-0.1043,-5.24785e-06,0.550246,0.550392,0.000145424
1.76004e+09,5775,-0.104288,-0.104295,-6.73535e-06,0.550102,0.550246,0.000144641
1.76004e+09,5776,-0.10428,-0.104288,-8.22301e-06,0.549958,0.550102,0.000143863
1.76004e+09,5777,-0.10427,-0.10428,-9.71089e-06,0.549815,0.549958,0.000143092
1.76004e+09,5778,-0.104259,-0.10427,-1.11991e-05,0.549672,0.549815,0.000142327
1.76004e+09,5779,-0.104246,-0.104259,-1.26876e-05,0.549531,0.549672,0.000141568
1.76004e+09,5780,-0.104232,-0.104246,-1.41765e-05,0.54939,0.549531,0.000140815
1.76004e+09,5781,-0.104216,-0.104232,-1.56659e-05,0.54925,0.54939,0.000140068
1.76004e+09,5782,-0.104199,-0.104216,-1.71558e-05,0.549111,0.54925,0.000139327
1.76004e+09,5783,-0.10418,-0.104199,-1.86464e-05,0.548972,0.549111,0.000138593
1.76004e+09,5784,-0.10416,-0.10418,-2.01376e-05,0.548834,0.548972,0.000137865
1.76004e+09,5785,-0.104139,-0.10416,-2.16295e-05,0.548697,0.548834,0.000137143
1.76004e+09,5786,-0.104116,-0.104139,-2.31222e-05,0.548561,0.548697,0.000136428
1.76004e+09,5787,-0.104091,-0.104139,-4.7738e-05,0.548425,0.548697,0.000272148
1.76004e+09,5788,-0.104065,-0.104116,-5.07261e-05,0.54829,0.548561,0.000270737
1.76004e+09,5789,-0.104037,-0.104065,-2.76057e-05,0.548156,0.54829,0.000134323
1.76004e+09,5790,-0.104008,-0.104037,-2.91023e-05,0.548022,0.548156,0.000133634
1.76004e+09,5791,-0.103978,-0.104008,-3.05999e-05,0.547889,0.548022,0.000132953
1.76004e+09,5792,-0.103945,-0.103978,-3.20987e-05,0.547757,0.547889,0.000132278
1.76004e+09,5793,-0.103912,-0.103945,-3.35987e-05,0.547625,0.547757,0.00013161
1.76004e+09,5794,-0.103877,-0.103945,-6.86987e-05,0.547494,0.547757,0.000262559
1.76004e+09,5795,-0.10384,-0.103877,-3.66027e-05,0.547364,0.547494,0.000130295
1.76004e+09,5796,-0.103802,-0.10384,-3.81068e-05,0.547234,0.547364,0.000129649
1.76004e+09,5797,-0.103762,-0.10384,-7.77191e-05,0.547105,0.547364,0.000258658
1.76004e+09,5798,-0.103721,-0.103802,-8.07318e-05,0.546977,0.547234,0.000257387
1.76004e+09,5799,-0.103679,-0.103721,-4.26282e-05,0.546849,0.546977,0.000127753
1.76004e+09,5800,-0.103635,-0.103679,-4.41387e-05,0.546722,0.546849,0.000127135
1.76004e+09,5801,-0.103589,-0.103635,-4.56508e-05,0.546595,0.546722,0.000126525
1.76004e+09,5802,-0.103542,-0.103589,-4.71648e-05,0.546469,0.546595,0.000125923
1.76004e+09,5803,-0.103493,-0.103542,-4.86807e-05,0.546344,0.546469,0.000125328
1.76004e+09,5804,-0.103443,-0.103493,-5.01984e-05,0.546219,0.546344,0.000124741
1.76004e+09,5805,-0.103391,-0.103443,-5.17182e-05,0.546095,0.546219,0.000124162
1.76004e+09,5806,-0.103338,-0.103391,-5.32401e-05,0.545972,0.546095,0.000123591
1.76004e+09,5807,-0.103283,-0.103338,-5.4764e-05,0.545849,0.545972,0.000123027
1.76004e+09,5808,-0.103227,-0.103283,-5.62902e-05,0.545726,0.545849,0.000122472
1.76004e+09,5809,-0.103169,-0.103227,-5.78186e-05,0.545604,0.545726,0.000121924
1.76004e+09,5810,-0.10311,-0.103169,-5.93494e-05,0.545483,0.545604,0.000121385
1.76004e+09,5811,-0.103049,-0.10311,-6.08825e-05,0.545362,0.545483,0.000120854
1.76004e+09,5812,-0.102986,-0.103049,-6.24181e-05,0.545242,0.545362,0.000120331
1.76004e+09,5813,-0.102922,-0.102986,-6.39562e-05,0.545122,0.545242,0.000119817
1.76004e+09,5814,-0.102857,-0.102922,-6.54968e-05,0.545003,0.545122,0.000119311
1.76004e+09,5815,-0.10279,-0.102857,-6.70402e-05,0.544884,0.545003,0.000118814
1.76004e+09,5816,-0.102721,-0.10279,-6.85862e-05,0.544765,0.544884,0.000118325
1.76004e+09,5817,-0.102651,-0.102721,-7.0135e-05,0.544648,0.544765,0.000117846
1.76004e+09,5818,-0.102579,-0.102651,-7.16867e-05,0.54453,0.544648,0.000117374
1.76004e+09,5819,-0.102506,-0.102579,-7.32412e-05,0.544413,0.54453,0.000116912
1.76004e+09,5820,-0.102431,-0.102506,-7.47988e-05,0.544297,0.544413,0.000116459
1.76004e+09,5821,-0.102355,-0.102431,-7.63593e-05,0.544181,0.544297,0.000116015
1.76004e+09,5822,-0.102277,-0.102431,-0.000154282,0.544065,0.544297,0.000231595
1.76004e+09,5823,-0.102198,-0.102277,-7.94899e-05,0.54395,0.544065,0.000115154
1.76004e+09,5824,-0.102117,-0.102198,-8.10599e-05,0.543835,0.54395,0.000114738
1.76004e+09,5825,-0.102034,-0.102117,-8.26333e-05,0.543721,0.543835,0.000114331
1.76004e+09,5826,-0.10195,-0.102034,-8.42101e-05,0.543607,0.543721,0.000113933
1.76004e+09,5827,-0.101864,-0.102034,-0.00017,0.543493,0.543721,0.000227479
1.76004e+09,5828,-0.101777,-0.101864,-8.7374e-05,0.54338,0.543493,0.000113167
1.76004e+09,5829,-0.101688,-0.101777,-8.89613e-05,0.543268,0.54338,0.000112799
1.76004e+09,5830,-0.101597,-0.101688,-9.05522e-05,0.543155,0.543268,0.000112441
1.76004e+09,5831,-0.101505,-0.101597,-9.21468e-05,0.543043,0.543155,0.000112093
1.76004e+09,5832,-0.101411,-0.101505,-9.37452e-05,0.542931,0.543043,0.000111754
1.76004e+09,5833,-0.101316,-0.101411,-9.53474e-05,0.54282,0.542931,0.000111426
1.76004e+09,5834,-0.101219,-0.101316,-9.69536e-05,0.542709,0.54282,0.000111109
1.76004e+09,5835,-0.10112,-0.101219,-9.85637e-05,0.542598,0.542709,0.000110802
1.76004e+09,5836,-0.10102,-0.10112,-0.000100178,0.542487,0.542598,0.000110505
1.76004e+09,5837,-0.100918,-0.10102,-0.000101796,0.542377,0.542487,0.000110219
1.76004e+09,5838,-0.100815,-0.100918,-0.000103419,0.542267,0.542377,0.000109944
1.76004e+09,5839,-0.10071,-0.100815,-0.000105045,0.542158,0.542267,0.000109679
1.76004e+09,5840,-0.100603,-0.10071,-0.000106676,0.542048,0.542158,0.000109426
1.76004e+09,5841,-0.100495,-0.100603,-0.000108312,0.541939,0.542048,0.000109184
1.76004e+09,5842,-0.100385,-0.100495,-0.000109952,0.54183,0.541939,0.000108953
1.76004e+09,5843,-0.100273,-0.100385,-0.000111596,0.541721,0.54183,0.000108733
1.76004e+09,5844,-0.10016,-0.100273,-0.000113245,0.541613,0.541721,0.000108525
1.76004e+09,5845,-0.100045,-0.100273,-0.000228143,0.541504,0.541721,0.000216853
1.76004e+09,5846,-0.0999286,-0.10016,-0.000231455,0.541396,0.541613,0.000216472
1.76004e+09,5847,-0.0998104,-0.0999286,-0.00011822,0.541288,0.541396,0.00010797
1.76004e+09,5848,-0.0996905,-0.0998104,-0.000119888,0.54118,0.541288,0.000107809
1.76004e+09,5849,-0.099569,-0.0996905,-0.000121561,0.541073,0.54118,0.00010766
1.76004e+09,5850,-0.0994457,-0.099569,-0.000123239,0.540965,0.541073,0.000107523
1.76004e+09,5851,-0.0993208,-0.0994457,-0.000124922,0.540858,0.540965,0.000107399
1.76004e+09,5852,-0.0991942,-0.0993208,-0.000126611,0.540751,0.540858,0.000107287
1.76004e+09,5853,-0.0990659,-0.0991942,-0.000128304,0.540643,0.540751,0.000107188
1.76004e+09,5854,-0.0989359,-0.0990659,-0.000130003,0.540536,0.540643,0.000107101
1.76004e+09,5855,-0.0988042,-0.0989359,-0.000131707,0.540429,0.540536,0.000107028
1.76004e+09,5856,-0.0986708,-0.0989359,-0.000265124,0.540322,0.540536,0.000213994
1.76004e+09,5857,-0.0985356,-0.0986708,-0.000135132,0.540215,0.540322,0.00010692
1.76004e+09,5858,-0.0983988,-0.0985356,-0.000136852,0.540109,0.540215,0.000106885
1.76004e+09,5859,-0.0982602,-0.0983988,-0.000138579,0.540002,0.540109,0.000106865
1.76004e+09,5860,-0.0981199,-0.0982602,-0.000140311,0.539895,0.540002,0.000106858
1.76004e+09,5861,-0.0979778,-0.0981199,-0.000142049,0.539788,0.539895,0.000106865
1.76004e+09,5862,-0.0978341,-0.0979778,-0.000143793,0.539681,0.539788,0.000106886
1.76004e+09,5863,-0.0976885,-0.0978341,-0.000145543,0.539574,0.539681,0.000106921
1.76004e+09,5864,-0.0975412,-0.0976885,-0.000147298,0.539467,0.539574,0.00010697
1.76004e+09,5865,-0.0973922,-0.0975412,-0.00014906,0.53936,0.539467,0.000107033
1.76004e+09,5866,-0.0972413,-0.0973922,-0.000150828,0.539253,0.53936,0.000107112
1.76004e+09,5867,-0.0970887,-0.0972413,-0.000152603,0.539146,0.539253,0.000107205
1.76004e+09,5868,-0.0969343,-0.0970887,-0.000154383,0.539038,0.539146,0.000107312
1.76004e+09,5869,-0.0967782,-0.0969343,-0.000156171,0.538931,0.539038,0.000107435
1.76004e+09,5870,-0.0966202,-0.0967782,-0.000157964,0.538823,0.538931,0.000107574
1.76004e+09,5871,-0.0964604,-0.0966202,-0.000159764,0.538716,0.538823,0.000107727
1.76004e+09,5872,-0.0962989,-0.0964604,-0.000161571,0.538608,0.538716,0.000107897
1.76004e+09,5873,-0.0961355,-0.0962989,-0.000163385,0.5385,0.538608,0.000108082
1.76004e+09,5874,-0.0959703,-0.0961355,-0.000165205,0.538391,0.5385,0.000108283
1.76004e+09,5875,-0.0958032,-0.0959703,-0.000167032,0.538283,0.538391,0.0001085
1.76004e+09,5876,-0.0956344,-0.0958032,-0.000168866,0.538174,0.538283,0.000108734
1.76004e+09,5877,-0.0954637,-0.0956344,-0.000170707,0.538065,0.538174,0.000108985
1.76004e+09,5878,-0.0952911,-0.0954637,-0.000172555,0.537956,0.538065,0.000109252
1.76004e+09,5879,-0.0951167,-0.0952911,-0.000174411,0.537846,0.537956,0.000109536
1.76004e+09,5880,-0.0949404,-0.0951167,-0.000176273,0.537737,0.537846,0.000109837
1.76004e+09,5881,-0.0947623,-0.0949404,-0.000178143,0.537626,0.537737,0.000110156
1.76004e+09,5882,-0.0945823,-0.0947623,-0.000180021,0.537516,0.537626,0.000110492
1.76004e+09,5883,-0.0944004,-0.0945823,-0.000181905,0.537405,0.537516,0.000110846
1.76004e+09,5884,-0.0942166,-0.0944004,-0.000183798,0.537294,0.537405,0.000111218
1.76004e+09,5885,-0.0940309,-0.0942166,-0.000185697,0.537182,0.537294,0.000111608
1.76004e+09,5886,-0.0938433,-0.0940309,-0.000187605,0.53707,0.537182,0.000112017
1.76004e+09,5887,-0.0936537,-0.0940309,-0.000377125,0.536958,0.537182,0.00022446
1.76004e+09,5888,-0.0934623,-0.0938433,-0.000380964,0.536845,0.53707,0.000225334
1.76004e+09,5889,-0.0932689,-0.0934623,-0.000193374,0.536732,0.536845,0.000113355
1.76004e+09,5890,-0.0930736,-0.0932689,-0.000195313,0.536618,0.536732,0.00011384
1.76004e+09,5891,-0.0928764,-0.0930736,-0.00019726,0.536503,0.536618,0.000114344
1.76004e+09,5892,-0.0926771,-0.0928764,-0.000199215,0.536389,0.536503,0.000114869
1.76004e+09,5893,-0.092476,-0.0926771,-0.000201179,0.536273,0.536389,0.000115413
1.76004e+09,5894,-0.0922728,-0.092476,-0.00020315,0.536157,0.536273,0.000115977
1.76004e+09,5895,-0.0920677,-0.0922728,-0.00020513,0.536041,0.536157,0.000116562
1.76004e+09,5896,-0.0918606,-0.0920677,-0.000207118,0.535923,0.536041,0.000117168
1.76004e+09,5897,-0.0916514,-0.0918606,-0.000209115,0.535806,0.535923,0.000117795
1.76004e+09,5898,-0.0914403,-0.0916514,-0.00021112,0.535687,0.535806,0.000118444
1.76004e+09,5899,-0.0912272,-0.0914403,-0.000213134,0.535568,0.535687,0.000119114
1.76004e+09,5900,-0.091012,-0.0912272,-0.000215157,0.535448,0.535568,0.000119806
1.76004e+09,5901,-0.0907948,-0.091012,-0.000217189,0.535328,0.535448,0.00012052
1.76004e+09,5902,-0.0905756,-0.0907948,-0.000219229,0.535207,0.535328,0.000121256
1.76004e+09,5903,-0.0903543,-0.0905756,-0.000221279,0.535084,0.535207,0.000122015
1.76004e+09,5904,-0.090131,-0.0903543,-0.000223338,0.534962,0.535084,0.000122798
1.76004e+09,5905,-0.0899056,-0.090131,-0.000225406,0.534838,0.534962,0.000123603
1.76004e+09,5906,-0.0896781,-0.0899056,-0.000227484,0.534714,0.534838,0.000124432
1.76004e+09,5907,-0.0894485,-0.0896781,-0.000229571,0.534588,0.534714,0.000125285
1.76004e+09,5908,-0.0892169,-0.0894485,-0.000231668,0.534462,0.534588,0.000126163
1.76004e+09,5909,-0.0889831,-0.0892169,-0.000233775,0.534335,0.534462,0.000127064
1.76004e+09,5910,-0.0887472,-0.0889831,-0.000235893,0.534207,0.534335,0.000127991
1.76004e+09,5911,-0.0885092,-0.0887472,-0.000238021,0.534078,0.534207,0.000128943
1.76004e+09,5912,-0.088269,-0.0885092,-0.000240159,0.533948,0.534078,0.000129921
1.76004e+09,5913,-0.0880267,-0.088269,-0.000242309,0.533817,0.533948,0.000130924
1.76004e+09,5914,-0.0877822,-0.0880267,-0.000244469,0.533685,0.533817,0.000131954
1.76004e+09,5915,-0.0875356,-0.0877822,-0.000246642,0.533552,0.533685,0.00013301
1.76004e+09,5916,-0.0872868,-0.0875356,-0.000248826,0.533418,0.533552,0.000134094
1.76004e+09,5917,-0.0870358,-0.0872868,-0.000251022,0.533283,0.533418,0.000135205
1.76004e+09,5918,-0.0867825,-0.0870358,-0.00025323,0.533147,0.533283,0.000136344
1.76004e+09,5919,-0.0865271,-0.0867825,-0.000255452,0.533009,0.533147,0.000137511
1.76004e+09,5920,-0.0862694,-0.0865271,-0.000257686,0.532871,0.533009,0.000138707
1.76004e+09,5921,-0.0860095,-0.0862694,-0.000259934,0.532731,0.532871,0.000139932
1.76004e+09,5922,-0.0857473,-0.0860095,-0.000262195,0.532589,0.532731,0.000141186
1.76004e+09,5923,-0.0854828,-0.0857473,-0.00026447,0.532447,0.532589,0.000142471
1.76004e+09,5924,-0.085216,-0.0857473,-0.000531231,0.532303,0.532589,0.000286257
1.76004e+09,5925,-0.084947,-0.085216,-0.000269064,0.532158,0.532303,0.000145132
1.76004e+09,5926,-0.0846756,-0.084947,-0.000271382,0.532012,0.532158,0.000146509
1.76004e+09,5927,-0.0844019,-0.0846756,-0.000273715,0.531864,0.532012,0.000147918
1.76004e+09,5928,-0.0841258,-0.0844019,-0.000276063,0.531714,0.531864,0.00014936
1.76004e+09,5929,-0.0838474,-0.0841258,-0.000278424,0.531563,0.531714,0.000150834
1.76004e+09,5930,-0.0835666,-0.0838474,-0.0002808,0.531411,0.531563,0.000152342
1.76004e+09,5931,-0.0832834,-0.0835666,-0.000283189,0.531257,0.531411,0.000153883
1.76004e+09,5932,-0.0829978,-0.0832834,-0.00028559,0.531102,0.531257,0.000155458
1.76004e+09,5933,-0.0827098,-0.0832834,-0.000573594,0.530945,0.531257,0.000312525
1.76004e+09,5934,-0.0824194,-0.0827098,-0.000290427,0.530786,0.530945,0.00015871
1.76004e+09,5935,-0.0821265,-0.0824194,-0.00029286,0.530626,0.530786,0.000160388
1.76004e+09,5936,-0.0818312,-0.0821265,-0.0002953,0.530463,0.530626,0.000162101
1.76004e+09,5937,-0.0815335,-0.0818312,-0.000297746,0.5303,0.530463,0.000163849
1.76004e+09,5938,-0.0812333,-0.0818312,-0.000597939,0.530134,0.530463,0.00032948
1.76004e+09,5939,-0.0809306,-0.0812333,-0.000302641,0.529967,0.530134,0.000167448
1.76004e+09,5940,-0.0806255,-0.0809306,-0.000305086,0.529797,0.529967,0.000169298
1.76004e+09,5941,-0.080318,-0.0806255,-0.000307524,0.529626,0.529797,0.000171183
1.76004e+09,5942,-0.0800081,-0.080318,-0.000309951,0.529453,0.529626,0.0001731
1.76004e+09,5943,-0.0796957,-0.0800081,-0.000312363,0.529278,0.529453,0.00017505
1.76004e+09,5944,-0.0793809,-0.0796957,-0.000314757,0.529101,0.529278,0.000177031
1.76004e+09,5945,-0.0790638,-0.0793809,-0.000317126,0.528922,0.529101,0.000179043
1.76004e+09,5946,-0.0787444,-0.0793809,-0.000636595,0.528741,0.529101,0.000360127
1.76004e+09,5947,-0.0784226,-0.0790638,-0.000641245,0.528558,0.528922,0.000364237
1.76004e+09,5948,-0.0780985,-0.0784226,-0.000324048,0.528372,0.528558,0.000185249
1.76004e+09,5949,-0.0777723,-0.0780985,-0.000326275,0.528185,0.528372,0.00018737
1.76004e+09,5950,-0.0774438,-0.0777723,-0.000328454,0.527995,0.528185,0.000189514
1.76004e+09,5951,-0.0771132,-0.0774438,-0.00033058,0.527804,0.527995,0.00019168
1.76004e+09,5952,-0.0767806,-0.0774438,-0.000663226,0.52761,0.527995,0.000385545
1.76004e+09,5953,-0.0764459,-0.0767806,-0.000334648,0.527414,0.52761,0.000196068
1.76004e+09,5954,-0.0761093,-0.0764459,-0.00033658,0.527216,0.527414,0.000198286
1.76004e+09,5955,-0.0757709,-0.0764459,-0.000675018,0.527015,0.527414,0.000398802
1.76004e+09,5956,-0.0754307,-0.0757709,-0.000340215,0.526812,0.527015,0.000202757
1.76004e+09,5957,-0.0750888,-0.0754307,-0.000341908,0.526607,0.526812,0.000205006
1.76004e+09,5958,-0.0747453,-0.0750888,-0.000343511,0.5264,0.526607,0.00020726
1.76004e+09,5959,-0.0744003,-0.0747453,-0.000345019,0.526191,0.5264,0.000209516
1.76004e+09,5960,-0.0740538,-0.0744003,-0.00034643,0.525979,0.526191,0.000211772
1.76004e+09,5961,-0.0737061,-0.0740538,-0.000347738,0.525765,0.525979,0.000214024
1.76004e+09,5962,-0.0733571,-0.0737061,-0.000348939,0.525548,0.525765,0.000216271
1.76004e+09,5963,-0.0730071,-0.0733571,-0.000350031,0.52533,0.525548,0.000218509
1.76004e+09,5964,-0.0726561,-0.0730071,-0.000351009,0.525109,0.52533,0.000220735
1.76004e+09,5965,-0.0723042,-0.0726561,-0.000351872,0.524886,0.525109,0.000222947
1.76004e+09,5966,-0.0719516,-0.0723042,-0.000352617,0.524661,0.524886,0.000225141
1.76004e+09,5967,-0.0715984,-0.0719516,-0.000353241,0.524434,0.524661,0.000227315
1.76004e+09,5968,-0.0712446,-0.0715984,-0.000353742,0.524204,0.524434,0.000229466
1.76004e+09,5969,-0.0708905,-0.0712446,-0.00035412,0.523973,0.524204,0.000231591
1.76004e+09,5970,-0.0705361,-0.0708905,-0.000354372,0.523739,0.523973,0.000233688
1.76004e+09,5971,-0.0701816,-0.0705361,-0.000354499,0.523503,0.523739,0.000235754
1.76004e+09,5972,-0.0698271,-0.0705361,-0.000708998,0.523266,0.523739,0.000473541
1.76004e+09,5973,-0.0694728,-0.0701816,-0.000708873,0.523026,0.523503,0.00047757
1.76004e+09,5974,-0.0691186,-0.0698271,-0.000708496,0.522784,0.523266,0.000481526
1.76004e+09,5975,-0.0687649,-0.0694728,-0.000707867,0.52254,0.523026,0.000485404
1.76004e+09,5976,-0.0684117,-0.0687649,-0.000353244,0.522295,0.52254,0.000245538
1.76004e+09,5977,-0.068059,-0.0684117,-0.000352621,0.522047,0.522295,0.000247372
1.76004e+09,5978,-0.0677072,-0.068059,-0.000351876,0.521798,0.522047,0.000249159
1.76004e+09,5979,-0.0673561,-0.0677072,-0.000351013,0.521547,0.521798,0.0002509
1.76004e+09,5980,-0.0670061,-0.0677072,-0.000701047,0.521295,0.521798,0.000503494
1.76004e+09,5981,-0.0666572,-0.0673561,-0.000698975,0.521041,0.521547,0.000506831
1.76004e+09,5982,-0.0663094,-0.0666572,-0.000347738,0.520785,0.521041,0.000255831
1.76004e+09,5983,-0.065963,-0.0663094,-0.000346429,0.520527,0.520785,0.000257374
1.76004e+09,5984,-0.065618,-0.065963,-0.000345017,0.520268,0.520527,0.000258867
1.76004e+09,5985,-0.0652745,-0.065618,-0.000343506,0.520008,0.520268,0.000260308
1.76004e+09,5986,-0.0649326,-0.0652745,-0.000341901,0.519746,0.520008,0.000261698
1.76004e+09,5987,-0.0645924,-0.0652745,-0.000682108,0.519483,0.520008,0.000524736
1.76004e+09,5988,-0.0642539,-0.0649326,-0.000678634,0.519219,0.519746,0.000527363
1.76004e+09,5989,-0.0639174,-0.0645924,-0.000674996,0.518954,0.519483,0.000529891
1.76004e+09,5990,-0.0635827,-0.0639174,-0.000334635,0.518687,0.518954,0.000266755
1.76004e+09,5991,-0.0632501,-0.0635827,-0.000332633,0.518419,0.518687,0.000267897
1.76004e+09,5992,-0.0629195,-0.0632501,-0.000330567,0.51815,0.518419,0.000268992
1.76004e+09,5993,-0.0625911,-0.0629195,-0.000328443,0.51788,0.51815,0.000270043
1.76004e+09,5994,-0.0622648,-0.0625911,-0.000326266,0.517609,0.51788,0.000271049
1.76004e+09,5995,-0.0619408,-0.0622648,-0.000324041,0.517337,0.517609,0.000272013
1.76004e+09,5996,-0.061619,-0.0622648,-0.000645816,0.517064,0.517609,0.00054495
1.76004e+09,5997,-0.0612995,-0.061619,-0.000319472,0.51679,0.517064,0.000273822
1.76004e+09,5998,-0.0609824,-0.0612995,-0.000317137,0.516515,0.51679,0.00027467
1.76004e+09,5999,-0.0606676,-0.0609824,-0.000314775,0.51624,0.516515,0.000275483
1.76004e+09,6000,-0.0604616,-0.0609824,-0.000520772,0.528746,0.516515,-0.012231
1.76004e+09,6001,-0.0602573,-0.0604616,-0.000204316,0.540981,0.528746,-0.0122342
1.76004e+09,6002,-0.0600547,-0.0602573,-0.000202621,0.55296,0.540981,-0.0119791
1.76004e+09,6003,-0.0598538,-0.0600547,-0.000200915,0.564699,0.55296,-0.0117393
1.76004e+09,6004,-0.0596546,-0.0598538,-0.000199201,0.576212,0.564699,-0.0115132
1.76004e+09,6005,-0.0594571,-0.0596546,-0.000197482,0.587512,0.576212,-0.0112994
1.76004e+09,6006,-0.0592613,-0.0594571,-0.000195761,0.598609,0.587512,-0.0110969
1.76004e+09,6007,-0.0590673,-0.0592613,-0.000194041,0.609513,0.598609,-0.0109046
1.76004e+09,6008,-0.058875,-0.0590673,-0.000192323,0.620235,0.609513,-0.0107215
1.76004e+09,6009,-0.0586844,-0.058875,-0.00019061,0.630782,0.620235,-0.0105469
1.76004e+09,6010,-0.0584955,-0.0586844,-0.000188903,0.641162,0.630782,-0.0103801
1.76004e+09,6011,-0.0583083,-0.0584955,-0.000187204,0.651382,0.641162,-0.0102204
1.76004e+09,6012,-0.0581227,-0.0583083,-0.000185514,0.661449,0.651382,-0.0100672
1.76004e+09,6013,-0.0579389,-0.0581227,-0.000183834,0.671369,0.661449,-0.00992016
1.76004e+09,6014,-0.0577567,-0.0579389,-0.000182165,0.681148,0.671369,-0.0097787
1.76004e+09,6015,-0.0575762,-0.0577567,-0.000180508,0.690791,0.681148,-0.00964244
1.76004e+09,6016,-0.0573974,-0.0577567,-0.00035937,0.700302,0.681148,-0.0191534
1.76004e+09,6017,-0.0572201,-0.0573974,-0.000177229,0.709686,0.700302,-0.00938407
1.76004e+09,6018,-0.0570445,-0.0572201,-0.000175608,0.718947,0.709686,-0.00926131
1.76004e+09,6019,-0.0568705,-0.0570445,-0.000173999,0.728089,0.718947,-0.00914247
1.76004e+09,6020,-0.0566981,-0.0568705,-0.000172404,0.737117,0.728089,-0.00902728
1.76004e+09,6021,-0.0565273,-0.0566981,-0.00017082,0.746032,0.737117,-0.00891551
1.76004e+09,6022,-0.0563581,-0.0566981,-0.00034007,0.754839,0.737117,-0.0177224
1.76004e+09,6023,-0.0561904,-0.0563581,-0.00016769,0.76354,0.754839,-0.00870138
1.76004e+09,6024,-0.0560242,-0.0563581,-0.000333834,0.772139,0.754839,-0.0173
1.76004e+09,6025,-0.0558596,-0.0560242,-0.000164608,0.780638,0.772139,-0.00849857
1.76004e+09,6026,-0.0556965,-0.0558596,-0.000163085,0.789039,0.780638,-0.008401
1.76004e+09,6027,-0.055535,-0.0556965,-0.000161572,0.797344,0.789039,-0.00830579
1.76004e+09,6028,-0.0553749,-0.0556965,-0.000321643,0.805557,0.789039,-0.0165186
1.76004e+09,6029,-0.0552163,-0.055535,-0.00031865,0.813679,0.797344,-0.0163347
1.76004e+09,6030,-0.0550592,-0.0553749,-0.000315678,0.821712,0.805557,-0.016155
1.76004e+09,6031,-0.0549036,-0.0552163,-0.000312727,0.829658,0.813679,-0.015979
1.76004e+09,6032,-0.0547494,-0.0550592,-0.000309795,0.837519,0.821712,-0.0158068
1.76004e+09,6033,-0.0545967,-0.0549036,-0.000306883,0.845296,0.829658,-0.015638
1.76004e+09,6034,-0.0544454,-0.0547494,-0.000303989,0.852992,0.837519,-0.0154725
1.76004e+09,6035,-0.0542956,-0.0545967,-0.000301114,0.860606,0.845296,-0.0153101
1.76004e+09,6036,-0.0541472,-0.0544454,-0.000298257,0.868142,0.852992,-0.0151507
1.76004e+09,6037,-0.0540002,-0.0542956,-0.000295418,0.875601,0.860606,-0.0149941
1.76004e+09,6038,-0.0538546,-0.0541472,-0.000292595,0.882982,0.868142,-0.0148401
1.76004e+09,6039,-0.0537104,-0.0540002,-0.000289789,0.890289,0.875601,-0.0146887
1.76004e+09,6040,-0.0535676,-0.0538546,-0.000287,0.897522,0.882982,-0.0145397
1.76004e+09,6041,-0.0534262,-0.0537104,-0.000284226,0.904682,0.890289,-0.014393
1.76004e+09,6042,-0.0532861,-0.0535676,-0.000281469,0.911771,0.897522,-0.0142485
1.76004e+09,6043,-0.0531474,-0.0534262,-0.000278727,0.918788,0.904682,-0.014106
1.76004e+09,6044,-0.0530101,-0.0532861,-0.000276,0.925736,0.911771,-0.0139656
1.76004e+09,6045,-0.0528741,-0.0531474,-0.000273288,0.932615,0.918788,-0.013827
1.76004e+09,6046,-0.0527395,-0.0530101,-0.000270591,0.939426,0.925736,-0.0136903
1.76004e+09,6047,-0.0526062,-0.0528741,-0.000267909,0.946171,0.932615,-0.0135552
1.76004e+09,6048,-0.0524743,-0.0527395,-0.000265241,0.952848,0.939426,-0.0134218
1.76004e+09,6049,-0.0523436,-0.0526062,-0.000262587,0.959461,0.946171,-0.01329
1.76004e+09,6050,-0.0522143,-0.0524743,-0.000259947,0.966008,0.952848,-0.0131596
1.76004e+09,6051,-0.0520863,-0.0523436,-0.000257321,0.972491,0.959461,-0.0130307
1.76004e+09,6052,-0.0519596,-0.0522143,-0.000254709,0.978911,0.966008,-0.0129032
1.76004e+09,6053,-0.0518342,-0.0520863,-0.00025211,0.985268,0.972491,-0.0127769
1.76004e+09,6054,-0.0517101,-0.0519596,-0.000249524,0.991563,0.978911,-0.012652
1.76004e+09,6055,-0.0515873,-0.0518342,-0.000246951,0.997796,0.985268,-0.0125282
1.76004e+09,6056,-0.0514657,-0.0517101,-0.000244392,1.00397,0.991563,-0.0124055
1.76004e+09,6057,-0.0513454,-0.0515873,-0.000241845,1.01008,0.997796,-0.0122839
1.76004e+09,6058,-0.0512264,-0.0514657,-0.000239311,1.01613,1.00397,-0.0121634
1.76004e+09,6059,-0.0511086,-0.0513454,-0.000236789,1.02212,1.01008,-0.0120438
1.76004e+09,6060,-0.0509921,-0.0512264,-0.00023428,1.02806,1.01613,-0.0119252
1.76004e+09,6061,-0.0508769,-0.0511086,-0.000231783,1.03393,1.02212,-0.0118076
1.76004e+09,6062,-0.0507628,-0.0509921,-0.000229298,1.03975,1.02806,-0.0116908
1.76004e+09,6063,-0.05065,-0.0508769,-0.000226825,1.04551,1.03393,-0.0115748
1.76004e+09,6064,-0.0505385,-0.0507628,-0.000224364,1.05121,1.03975,-0.0114596
1.76004e+09,6065,-0.0504281,-0.05065,-0.000221914,1.05685,1.04551,-0.0113452
1.76004e+09,6066,-0.050319,-0.0505385,-0.000219476,1.06244,1.05121,-0.0112315
1.76004e+09,6067,-0.0502111,-0.0504281,-0.000217049,1.06797,1.05685,-0.0111185
1.76004e+09,6068,-0.0501043,-0.050319,-0.000214633,1.07345,1.06244,-0.0110062
1.76004e+09,6069,-0.0499988,-0.0502111,-0.000212228,1.07886,1.06797,-0.0108945
1.76004e+09,6070,-0.0498945,-0.0499988,-0.00010432,1.08423,1.07886,-0.00536404
1.76004e+09,6071,-0.0497914,-0.0498945,-0.000103131,1.08954,1.08423,-0.00530893
1.76004e+09,6072,-0.0496894,-0.0497914,-0.000101947,1.09479,1.08954,-0.0052541
1.76004e+09,6073,-0.0495887,-0.0496894,-0.000100768,1.09999,1.09479,-0.00519953
1.76004e+09,6074,-0.0494891,-0.0495887,-9.9595e-05,1.10514,1.09999,-0.00514521
1.76004e+09,6075,-0.0493906,-0.0494891,-9.84265e-05,1.11023,1.10514,-0.00509113
1.76004e+09,6076,-0.0492934,-0.0493906,-9.72629e-05,1.11526,1.11023,-0.00503727
1.76004e+09,6077,-0.0491973,-0.0492934,-9.61042e-05,1.12025,1.11526,-0.00498363
1.76004e+09,6078,-0.0491023,-0.0491973,-9.49503e-05,1.12518,1.12025,-0.0049302
1.76004e+09,6079,-0.0490085,-0.0491023,-9.38012e-05,1.13006,1.12518,-0.00487697
1.76004e+09,6080,-0.0489159,-0.0490085,-9.26567e-05,1.13488,1.13006,-0.00482392
1.76004e+09,6081,-0.0488244,-0.0490085,-0.000184173,1.13965,1.13006,-0.00959496
1.76004e+09,6082,-0.048734,-0.0488244,-9.03813e-05,1.14437,1.13965,-0.00471835
1.76004e+09,6083,-0.0486447,-0.048734,-8.92504e-05,1.14903,1.14437,-0.00466581
1.76004e+09,6084,-0.0485566,-0.0486447,-8.81238e-05,1.15365,1.14903,-0.00461343
1.76004e+09,6085,-0.0484696,-0.0485566,-8.70015e-05,1.15821,1.15365,-0.0045612
1.76004e+09,6086,-0.0483837,-0.0484696,-8.58835e-05,1.16272,1.15821,-0.00450911
1.76004e+09,6087,-0.0482989,-0.0483837,-8.47696e-05,1.16718,1.16272,-0.00445714
1.76004e+09,6088,-0.0482153,-0.0482989,-8.36599e-05,1.17158,1.16718,-0.00440531
1.76004e+09,6089,-0.0481327,-0.0482153,-8.25541e-05,1.17593,1.17158,-0.0043536
1.76004e+09,6090,-0.0480513,-0.0481327,-8.14524e-05,1.18024,1.17593,-0.00430199
1.76004e+09,6091,-0.0479709,-0.0480513,-8.03546e-05,1.18449,1.18024,-0.0042505
1.76004e+09,6092,-0.0478917,-0.0479709,-7.92606e-05,1.18869,1.18449,-0.00419911
1.76004e+09,6093,-0.0478135,-0.0478917,-7.81704e-05,1.19283,1.18869,-0.00414781
1.76004e+09,6094,-0.0477364,-0.0478135,-7.70839e-05,1.19693,1.19283,-0.00409661
1.76004e+09,6095,-0.0476604,-0.0477364,-7.60011e-05,1.20098,1.19693,-0.00404549
1.76004e+09,6096,-0.0475855,-0.0476604,-7.49219e-05,1.20497,1.20098,-0.00399445
1.76004e+09,6097,-0.0475116,-0.0475855,-7.38462e-05,1.20891,1.20497,-0.00394349
1.76004e+09,6098,-0.0474389,-0.0475855,-0.00014662,1.21281,1.20497,-0.00783609
1.76004e+09,6099,-0.0473672,-0.0474389,-7.17052e-05,1.21665,1.21281,-0.00384178
1.76004e+09,6100,-0.0472965,-0.0473672,-7.06398e-05,1.22044,1.21665,-0.00379102
1.76004e+09,6101,-0.0472269,-0.0472965,-6.95776e-05,1.22418,1.22044,-0.00374031
1.76004e+09,6102,-0.0471584,-0.0472269,-6.85187e-05,1.22787,1.22418,-0.00368967
1.76004e+09,6103,-0.047091,-0.0471584,-6.7463e-05,1.23151,1.22787,-0.00363907
1.76004e+09,6104,-0.0470246,-0.047091,-6.64104e-05,1.2351,1.23151,-0.00358852
1.76004e+09,6105,-0.0469592,-0.0470246,-6.53608e-05,1.23864,1.2351,-0.00353801
1.76004e+09,6106,-0.0468949,-0.0469592,-6.43143e-05,1.24212,1.23864,-0.00348755
1.76004e+09,6107,-0.0468316,-0.0468949,-6.32707e-05,1.24556,1.24212,-0.00343712
1.76004e+09,6108,-0.0467694,-0.0468316,-6.223e-05,1.24895,1.24556,-0.00338672
1.76004e+09,6109,-0.0467082,-0.0467694,-6.11921e-05,1.25228,1.24895,-0.00333636
1.76004e+09,6110,-0.046648,-0.0467694,-0.000121349,1.25557,1.24895,-0.00662239
1.76004e+09,6111,-0.0465889,-0.0467082,-0.000119282,1.2588,1.25228,-0.00652174
1.76004e+09,6112,-0.0465308,-0.046648,-0.00011722,1.26199,1.25557,-0.00642114
1.76004e+09,6113,-0.0464737,-0.0465308,-5.70681e-05,1.26513,1.26199,-0.00313516
1.76004e+09,6114,-0.0464177,-0.0464737,-5.60436e-05,1.26821,1.26513,-0.00308491
1.76004e+09,6115,-0.0463627,-0.0464177,-5.50217e-05,1.27124,1.26821,-0.00303467
1.76004e+09,6116,-0.0463087,-0.0463627,-5.40022e-05,1.27423,1.27124,-0.00298445
1.76004e+09,6117,-0.0462557,-0.0463627,-0.000106987,1.27716,1.27124,-0.00591869
1.76004e+09,6118,-0.0462037,-0.0462557,-5.19705e-05,1.28005,1.27716,-0.00288403
1.76004e+09,6119,-0.0461528,-0.0462037,-5.09581e-05,1.28288,1.28005,-0.00283384
1.76004e+09,6120,-0.0461028,-0.0461528,-4.9948e-05,1.28566,1.28288,-0.00278365
1.76004e+09,6121,-0.0460539,-0.0461028,-4.89401e-05,1.2884,1.28566,-0.00273346
1.76004e+09,6122,-0.0460059,-0.0460539,-4.79344e-05,1.29108,1.2884,-0.00268327
1.76004e+09,6123,-0.045959,-0.0460059,-4.69308e-05,1.29371,1.29108,-0.00263308
1.76004e+09,6124,-0.0459131,-0.0460059,-9.28601e-05,1.2963,1.29108,-0.00521598
1.76004e+09,6125,-0.0458681,-0.0459131,-4.49298e-05,1.29883,1.2963,-0.0025327
1.76004e+09,6126,-0.0458242,-0.0458681,-4.39322e-05,1.30131,1.29883,-0.0024825
1.76004e+09,6127,-0.0457813,-0.0458242,-4.29366e-05,1.30375,1.30131,-0.0024323
1.76004e+09,6128,-0.0457393,-0.0457813,-4.19429e-05,1.30613,1.30375,-0.00238209
1.76004e+09,6129,-0.0456984,-0.0457393,-4.0951e-05,1.30846,1.30613,-0.00233187
1.76004e+09,6130,-0.0456584,-0.0456984,-3.99609e-05,1.31074,1.30846,-0.00228164
1.76004e+09,6131,-0.0456194,-0.0456984,-7.89334e-05,1.31297,1.30846,-0.00451304
1.76004e+09,6132,-0.0455815,-0.0456584,-7.69584e-05,1.31515,1.31074,-0.00441255
1.76004e+09,6133,-0.0455445,-0.0455815,-3.70008e-05,1.31728,1.31515,-0.00213088
1.76004e+09,6134,-0.0455084,-0.0455445,-3.60174e-05,1.31936,1.31728,-0.00208061
1.76004e+09,6135,-0.0454734,-0.0455084,-3.50355e-05,1.3214,1.31936,-0.00203031
1.76004e+09,6136,-0.0454394,-0.0454734,-3.40552e-05,1.32338,1.3214,-0.00198
1.76004e+09,6137,-0.0454063,-0.0454394,-3.30763e-05,1.3253,1.32338,-0.00192968
1.76004e+09,6138,-0.0453742,-0.0454394,-6.51752e-05,1.32718,1.32338,-0.00380902
1.76004e+09,6139,-0.0453431,-0.0453742,-3.11228e-05,1.32901,1.32718,-0.00182898
1.76004e+09,6140,-0.0453129,-0.0453431,-3.01481e-05,1.33079,1.32901,-0.0017786
1.76004e+09,6141,-0.0452837,-0.0453129,-2.91747e-05,1.33252,1.33079,-0.00172821
1.76004e+09,6142,-0.0452555,-0.0452837,-2.82025e-05,1.3342,1.33252,-0.0016778
1.76004e+09,6143,-0.0452283,-0.0452555,-2.72316e-05,1.33583,1.3342,-0.00162736
1.76004e+09,6144,-0.045202,-0.0452283,-2.62618e-05,1.3374,1.33583,-0.00157691
1.76004e+09,6145,-0.0451767,-0.045202,-2.52932e-05,1.33893,1.3374,-0.00152644
1.76004e+09,6146,-0.0451524,-0.0451767,-2.43256e-05,1.3404,1.33893,-0.00147594
1.76004e+09,6147,-0.0451291,-0.0451524,-2.33591e-05,1.34183,1.3404,-0.00142543
1.76004e+09,6148,-0.0451067,-0.0451291,-2.23936e-05,1.3432,1.34183,-0.00137489
1.76004e+09,6149,-0.0450852,-0.0451067,-2.14291e-05,1.34453,1.3432,-0.00132434
1.76004e+09,6150,-0.0450648,-0.0450852,-2.04655e-05,1.3458,1.34453,-0.00127376
1.76004e+09,6151,-0.0450453,-0.0450648,-1.95028e-05,1.34703,1.3458,-0.00122316
1.76004e+09,6152,-0.0450267,-0.0450648,-3.80437e-05,1.3482,1.3458,-0.0023957
1.76004e+09,6153,-0.0450091,-0.0450453,-3.61208e-05,1.34932,1.34703,-0.00229444
1.76004e+09,6154,-0.0449925,-0.0450091,-1.66195e-05,1.35039,1.34932,-0.00107123
1.76004e+09,6155,-0.0449769,-0.0449925,-1.566e-05,1.35141,1.35039,-0.00102055
1.76004e+09,6156,-0.0449622,-0.0449769,-1.47011e-05,1.35238,1.35141,-0.000969838
1.76004e+09,6157,-0.0449484,-0.0449622,-1.37428e-05,1.3533,1.35238,-0.000919109
1.76004e+09,6158,-0.0449356,-0.0449484,-1.27852e-05,1.35417,1.3533,-0.000868358
1.76004e+09,6159,-0.0449238,-0.0449484,-2.46134e-05,1.35499,1.3533,-0.00168594
1.76004e+09,6160,-0.0449129,-0.0449356,-2.26998e-05,1.35575,1.35417,-0.00158438
1.76004e+09,6161,-0.044903,-0.0449129,-9.91557e-06,1.35647,1.35575,-0.000715976
1.76004e+09,6162,-0.0448941,-0.044903,-8.95997e-06,1.35713,1.35647,-0.000665139
1.76004e+09,6163,-0.0448861,-0.0448941,-8.00479e-06,1.35775,1.35713,-0.000614282
1.76004e+09,6164,-0.044879,-0.0448861,-7.04998e-06,1.35831,1.35775,-0.000563403
1.76004e+09,6165,-0.0448729,-0.044879,-6.09551e-06,1.35883,1.35831,-0.000512505
1.76004e+09,6166,-0.0448678,-0.0448729,-5.14133e-06,1.35929,1.35883,-0.000461586
1.76004e+09,6167,-0.0448636,-0.0448729,-9.32875e-06,1.3597,1.35883,-0.000872232
1.76004e+09,6168,-0.0448604,-0.0448678,-7.42113e-06,1.36006,1.35929,-0.000770334
1.76004e+09,6169,-0.0448581,-0.0448636,-5.51391e-06,1.36037,1.3597,-0.000668396
1.76004e+09,6170,-0.0448567,-0.0448581,-1.32682e-06,1.36062,1.36037,-0.000257711
1.76004e+09,6171,-0.0448564,-0.0448567,-3.73552e-07,1.36083,1.36062,-0.000206694
1.76004e+09,6172,-0.0448569,-0.0448564,5.79652e-07,1.36099,1.36083,-0.000155658
1.76004e+09,6173,-0.0448585,-0.0448569,1.53283e-06,1.36109,1.36099,-0.000104604
1.76004e+09,6174,-0.044861,-0.0448585,2.48602e-06,1.36114,1.36109,-5.35314e-05
1.76004e+09,6175,-0.0448644,-0.044861,3.43926e-06,1.36115,1.36114,-2.44125e-06
1.76004e+09,6176,-0.0448688,-0.0448644,4.39258e-06,1.3611,1.36115,4.86665e-05
1.76004e+09,6177,-0.0448741,-0.0448644,9.73862e-06,1.361,1.36115,0.000148458
1.76004e+09,6178,-0.0448804,-0.0448688,1.16457e-05,1.36085,1.3611,0.000250725
1.76004e+09,6179,-0.0448877,-0.0448804,7.25347e-06,1.36064,1.36085,0.000202092
1.76004e+09,6180,-0.0448959,-0.0448804,1.5461e-05,1.36039,1.36085,0.000455358
1.76004e+09,6181,-0.0449051,-0.0448959,9.16188e-06,1.36009,1.36039,0.000304457
1.76004e+09,6182,-0.0449152,-0.0448959,1.92784e-05,1.35973,1.36039,0.00066012
1.76004e+09,6183,-0.0449263,-0.0449152,1.10716e-05,1.35932,1.35973,0.000406885
1.76004e+09,6184,-0.0449383,-0.0449263,1.2027e-05,1.35887,1.35932,0.000458122
1.76004e+09,6185,-0.0449513,-0.0449383,1.29829e-05,1.35836,1.35887,0.000509373
1.76004e+09,6186,-0.0449652,-0.0449513,1.39392e-05,1.3578,1.35836,0.00056064
1.76004e+09,6187,-0.0449801,-0.0449652,1.48961e-05,1.35718,1.3578,0.00061192
1.76004e+09,6188,-0.044996,-0.0449652,3.07495e-05,1.35652,1.3578,0.00127513
1.76004e+09,6189,-0.0450128,-0.0449801,3.26649e-05,1.35581,1.35718,0.00137774
1.76004e+09,6190,-0.0450305,-0.0450128,1.77701e-05,1.35504,1.35581,0.000765844
1.76004e+09,6191,-0.0450493,-0.0450305,1.87294e-05,1.35422,1.35504,0.000817179
1.76004e+09,6192,-0.045069,-0.0450493,1.96895e-05,1.35336,1.35422,0.000868528
1.76004e+09,6193,-0.0450896,-0.045069,2.06503e-05,1.35244,1.35336,0.000919889
1.76004e+09,6194,-0.0451112,-0.0450896,2.16119e-05,1.35146,1.35244,0.000971263
1.76004e+09,6195,-0.0451338,-0.0450896,4.41862e-05,1.35044,1.35244,0.00199391
1.76004e+09,6196,-0.0451573,-0.0451112,4.61119e-05,1.34937,1.35146,0.0020967
1.76004e+09,6197,-0.0451818,-0.0451573,2.45018e-05,1.34824,1.34937,0.00112546
1.76004e+09,6198,-0.0452073,-0.0451818,2.5467e-05,1.34707,1.34824,0.00117689
1.76004e+09,6199,-0.0452337,-0.0452073,2.64332e-05,1.34584,1.34707,0.00122832
1.76004e+09,6200,-0.0452611,-0.0452337,2.74005e-05,1.34456,1.34584,0.00127977
1.76004e+09,6201,-0.0452895,-0.0452611,2.83688e-05,1.34323,1.34456,0.00133123
1.76004e+09,6202,-0.0453188,-0.0452611,5.77071e-05,1.34184,1.34456,0.00271394
1.76004e+09,6203,-0.0453491,-0.0453188,3.03089e-05,1.34041,1.34184,0.0014342
1.76004e+09,6204,-0.0453804,-0.0453491,3.12808e-05,1.33892,1.34041,0.0014857
1.76004e+09,6205,-0.0454127,-0.0453804,3.22539e-05,1.33739,1.33892,0.00153721
1.76004e+09,6206,-0.0454459,-0.0454127,3.32283e-05,1.3358,1.33739,0.00158874
1.76004e+09,6207,-0.0454801,-0.0454459,3.42041e-05,1.33416,1.3358,0.00164028
1.76004e+09,6208,-0.0455153,-0.0454801,3.51813e-05,1.33247,1.33416,0.00169183
1.76004e+09,6209,-0.0455515,-0.0454801,7.13412e-05,1.33072,1.33416,0.00343523
1.76004e+09,6210,-0.0455886,-0.0455153,7.32999e-05,1.32893,1.33247,0.00353838
1.76004e+09,6211,-0.0456267,-0.0455886,3.81216e-05,1.32708,1.32893,0.00184658
1.76004e+09,6212,-0.0456658,-0.0456267,3.91048e-05,1.32518,1.32708,0.00189819
1.76004e+09,6213,-0.0457059,-0.0456658,4.00896e-05,1.32323,1.32518,0.00194982
1.76004e+09,6214,-0.045747,-0.0457059,4.10761e-05,1.32123,1.32323,0.00200147
1.76004e+09,6215,-0.0457891,-0.0457059,8.31404e-05,1.31918,1.32323,0.0040546
1.76004e+09,6216,-0.0458321,-0.0457891,4.30542e-05,1.31707,1.31918,0.00210481
1.76004e+09,6217,-0.0458762,-0.0457891,8.71002e-05,1.31492,1.31918,0.00426132
1.76004e+09,6218,-0.0459212,-0.0458762,4.50396e-05,1.31271,1.31492,0.00220823
1.76004e+09,6219,-0.0459672,-0.0459212,4.60351e-05,1.31045,1.31271,0.00225997
1.76004e+09,6220,-0.0460143,-0.0459212,9.30677e-05,1.30814,1.31271,0.0045717
1.76004e+09,6221,-0.0460623,-0.0459672,9.50647e-05,1.30577,1.31045,0.00467524
1.76004e+09,6222,-0.0461113,-0.0460143,9.70656e-05,1.30336,1.30814,0.00477883
1.76004e+09,6223,-0.0461614,-0.0460623,9.90708e-05,1.30089,1.30577,0.00488247
1.76004e+09,6224,-0.0462124,-0.0461614,5.1043e-05,1.29837,1.30089,0.00251901
1.76004e+09,6225,-0.0462645,-0.0462124,5.20509e-05,1.2958,1.29837,0.0025709
1.76004e+09,6226,-0.0463175,-0.0462645,5.30612e-05,1.29318,1.2958,0.00262281
1.76004e+09,6227,-0.0463716,-0.0463175,5.40737e-05,1.2905,1.29318,0.00267476
1.76004e+09,6228,-0.0464267,-0.0463716,5.50886e-05,1.28778,1.2905,0.00272673
1.76004e+09,6229,-0.0464828,-0.0463716,0.000111194,1.285,1.2905,0.00550548
1.76004e+09,6230,-0.0465399,-0.0464828,5.71256e-05,1.28217,1.285,0.00283079
1.76004e+09,6231,-0.0465981,-0.0465399,5.81478e-05,1.27928,1.28217,0.00288287
1.76004e+09,6232,-0.0466572,-0.0465981,5.91727e-05,1.27635,1.27928,0.00293499
1.76004e+09,6233,-0.0467174,-0.0466572,6.02001e-05,1.27336,1.27635,0.00298716
1.76004e+09,6234,-0.0467787,-0.0467174,6.12302e-05,1.27032,1.27336,0.00303936
1.76004e+09,6235,-0.0468409,-0.0467787,6.22631e-05,1.26723,1.27032,0.00309161
1.76004e+09,6236,-0.0469042,-0.0468409,6.32987e-05,1.26409,1.26723,0.00314392
1.76004e+09,6237,-0.0469686,-0.0469042,6.43372e-05,1.26089,1.26409,0.00319627
1.76004e+09,6238,-0.0470339,-0.0469686,6.53785e-05,1.25764,1.26089,0.00324867
1.76004e+09,6239,-0.0471004,-0.0469686,0.000131801,1.25434,1.26089,0.0065498
1.76004e+09,6240,-0.0471678,-0.0471004,6.74702e-05,1.25099,1.25434,0.00335365
1.76004e+09,6241,-0.0472364,-0.0471678,6.85206e-05,1.24758,1.25099,0.00340623
1.76004e+09,6242,-0.0473059,-0.0472364,6.95741e-05,1.24412,1.24758,0.00345888
1.76004e+09,6243,-0.0473766,-0.0472364,0.000140205,1.24061,1.24758,0.00697047
1.76004e+09,6244,-0.0474483,-0.0473059,0.000142322,1.23705,1.24412,0.00707597
1.76004e+09,6245,-0.047521,-0.0473766,0.000144445,1.23343,1.24061,0.00718162
1.76004e+09,6246,-0.0475948,-0.047521,7.38207e-05,1.22976,1.23343,0.00367018
1.76004e+09,6247,-0.0476697,-0.0475948,7.48907e-05,1.22604,1.22976,0.00372321
1.76004e+09,6248,-0.0477457,-0.0476697,7.59643e-05,1.22226,1.22604,0.00377632
1.76004e+09,6249,-0.0478227,-0.0477457,7.70414e-05,1.21843,1.22226,0.00382952
1.76004e+09,6250,-0.0479008,-0.0477457,0.000155163,1.21455,1.22226,0.00771235
1.76004e+09,6251,-0.04798,-0.0479008,7.92064e-05,1.21061,1.21455,0.00393622
1.76004e+09,6252,-0.0480603,-0.04798,8.02946e-05,1.20662,1.21061,0.00398973
1.76004e+09,6253,-0.0481417,-0.0480603,8.13865e-05,1.20258,1.20662,0.00404335
1.76004e+09,6254,-0.0482242,-0.0481417,8.24823e-05,1.19848,1.20258,0.00409708
1.76004e+09,6255,-0.0483078,-0.0482242,8.3582e-05,1.19433,1.19848,0.00415094
1.76004e+09,6256,-0.0483925,-0.0483078,8.46857e-05,1.19012,1.19433,0.00420492
1.76004e+09,6257,-0.0484783,-0.0483925,8.57935e-05,1.18587,1.19012,0.00425903
1.76004e+09,6258,-0.0485652,-0.0483925,0.000172699,1.18155,1.19012,0.00857232
1.76004e+09,6259,-0.0486532,-0.0484783,0.000174927,1.17718,1.18587,0.00868097
1.76004e+09,6260,-0.0487423,-0.0486532,8.91419e-05,1.17276,1.17718,0.00442224
1.76004e+09,6261,-0.0488326,-0.0487423,9.02667e-05,1.16829,1.17276,0.00447695
1.76004e+09,6262,-0.048924,-0.0488326,9.13958e-05,1.16375,1.16829,0.00453183
1.76004e+09,6263,-0.0490165,-0.048924,9.25294e-05,1.15917,1.16375,0.00458688
1.76004e+09,6264,-0.0491102,-0.048924,0.000186197,1.15452,1.16375,0.009229
1.76004e+09,6265,-0.049205,-0.0490165,0.000188478,1.14983,1.15917,0.00933966
1.76004e+09,6266,-0.049301,-0.0491102,0.000190768,1.14507,1.15452,0.00945072
1.76004e+09,6267,-0.0493981,-0.049301,9.71101e-05,1.14026,1.14507,0.00480901
1.76004e+09,6268,-0.0494963,-0.0493981,9.82671e-05,1.1354,1.14026,0.00486506
1.76004e+09,6269,-0.0495958,-0.0493981,0.000197696,1.13048,1.14026,0.00978639
1.76004e+09,6270,-0.0496964,-0.0495958,0.000100596,1.1255,1.13048,0.00497785
1.76004e+09,6271,-0.0497981,-0.0495958,0.000202364,1.12047,1.13048,0.0100125
1.76004e+09,6272,-0.0499011,-0.0496964,0.000204713,1.11537,1.1255,0.0101263
1.76004e+09,6273,-0.0500052,-0.0497981,0.000207073,1.11023,1.12047,0.0102406
1.76004e+09,6274,-0.0501105,-0.0499011,0.000209443,1.10502,1.11537,0.0103554
1.76004e+09,6275,-0.050217,-0.0501105,0.000106508,1.09975,1.10502,0.00526438
1.76004e+09,6276,-0.0503247,-0.0501105,0.000214215,1.09443,1.10502,0.0105869
1.76004e+09,6277,-0.0504337,-0.050217,0.000216617,1.08905,1.09975,0.0107036
1.76004e+09,6278,-0.0505438,-0.0504337,0.00011012,1.08361,1.08905,0.0054399
1.76004e+09,6279,-0.0506551,-0.0504337,0.000221455,1.07811,1.08905,0.010939
1.76004e+09,6280,-0.0507677,-0.0505438,0.000223891,1.07255,1.08361,0.0110577
1.76004e+09,6281,-0.0508814,-0.0506551,0.000226339,1.06693,1.07811,0.0111772
1.76004e+09,6282,-0.0509965,-0.0508814,0.000115015,1.06126,1.06693,0.00567891
1.76004e+09,6283,-0.0511127,-0.0509965,0.000116254,1.05552,1.06126,0.00573965
1.76004e+09,6284,-0.0512302,-0.0511127,0.000117498,1.04972,1.05552,0.00580084
1.76004e+09,6285,-0.051349,-0.0511127,0.000236248,1.04385,1.05552,0.0116633
1.76004e+09,6286,-0.051469,-0.0512302,0.000238755,1.03793,1.04972,0.0117871
1.76004e+09,6287,-0.0515902,-0.051349,0.000241275,1.03194,1.04385,0.0119118
1.76004e+09,6288,-0.0517128,-0.0515902,0.000122539,1.02589,1.03194,0.00605033
1.76004e+09,6289,-0.0518366,-0.0517128,0.000123814,1.01978,1.02589,0.00611399
1.76004e+09,6290,-0.0519617,-0.0518366,0.000125097,1.0136,1.01978,0.00617823
1.76004e+09,6291,-0.0520881,-0.0519617,0.000126386,1.00736,1.0136,0.00624305
1.76004e+09,6292,-0.0522158,-0.0520881,0.000127681,1.00105,1.00736,0.00630849
1.76004e+09,6293,-0.0523447,-0.0522158,0.000128983,0.994672,1.00105,0.00637457
1.76004e+09,6294,-0.052475,-0.0523447,0.000130292,0.988231,0.994672,0.00644133
1.76004e+09,6295,-0.0526066,-0.052475,0.000131608,0.981722,0.988231,0.00650879
1.76004e+09,6296,-0.0527396,-0.0526066,0.000132931,0.975145,0.981722,0.006577
1.76004e+09,6297,-0.0528738,-0.0527396,0.000134261,0.968499,0.975145,0.00664597
1.76004e+09,6298,-0.0530094,-0.0528738,0.000135599,0.961783,0.968499,0.00671576
1.76004e+09,6299,-0.0531464,-0.0530094,0.000136943,0.954997,0.961783,0.00678639
1.76004e+09,6300,-0.0532847,-0.0530094,0.000275238,0.948139,0.961783,0.0136443
1.76004e+09,6301,-0.0534243,-0.0531464,0.000277949,0.941209,0.954997,0.0137883
1.76004e+09,6302,-0.0535653,-0.0534243,0.000141021,0.934205,0.941209,0.00700377
1.76004e+09,6303,-0.0537077,-0.0535653,0.000142395,0.927127,0.934205,0.00707821
1.76004e+09,6304,-0.0538515,-0.0537077,0.000143778,0.919973,0.927127,0.00715371
1.76004e+09,6305,-0.0539967,-0.0538515,0.000145168,0.912743,0.919973,0.00723035
1.76004e+09,6306,-0.0541433,-0.0538515,0.000291735,0.905434,0.919973,0.0145385
1.76004e+09,6307,-0.0542912,-0.0539967,0.00029454,0.898047,0.912743,0.0146954
1.76004e+09,6308,-0.0544406,-0.0542912,0.000149389,0.89058,0.898047,0.00746756
1.76004e+09,6309,-0.0545914,-0.0544406,0.000150813,0.88303,0.89058,0.00754928
1.76004e+09,6310,-0.0547437,-0.0545914,0.000152246,0.875398,0.88303,0.00763243
1.76004e+09,6311,-0.0548974,-0.0547437,0.000153689,0.867681,0.875398,0.0077171
1.76004e+09,6312,-0.0550525,-0.0548974,0.000155141,0.859878,0.867681,0.00780337
1.76004e+09,6313,-0.0552091,-0.0548974,0.000311743,0.851986,0.867681,0.0156947
1.76004e+09,6314,-0.0553672,-0.0550525,0.000314676,0.844005,0.859878,0.0158723
1.76004e+09,6315,-0.0555267,-0.0553672,0.000159556,0.835933,0.844005,0.00807262
1.76004e+09,6316,-0.0556878,-0.0553672,0.000320604,0.827766,0.844005,0.0162388
1.76004e+09,6317,-0.0558503,-0.0556878,0.000162552,0.819505,0.827766,0.00826182
1.76004e+09,6318,-0.0560144,-0.0558503,0.000164067,0.811145,0.819505,0.00835968
1.76004e+09,6319,-0.05618,-0.0560144,0.000165593,0.802685,0.811145,0.00845987
1.76004e+09,6320,-0.0563471,-0.0560144,0.000332725,0.794123,0.811145,0.0170224
1.76004e+09,6321,-0.0565158,-0.0563471,0.000168682,0.785455,0.794123,0.00866782
1.76004e+09,6322,-0.0566861,-0.0565158,0.000170246,0.776679,0.785455,0.0087759
1.76004e+09,6323,-0.0568579,-0.0566861,0.000171822,0.767792,0.776679,0.00888694
1.76004e+09,6324,-0.0570313,-0.0568579,0.000173411,0.758791,0.767792,0.00900112
1.76004e+09,6325,-0.0572063,-0.0570313,0.000175014,0.749672,0.758791,0.00911867
1.76004e+09,6326,-0.0573829,-0.0572063,0.00017663,0.740432,0.749672,0.00923979
1.76004e+09,6327,-0.0575612,-0.0572063,0.000354889,0.731068,0.749672,0.0186045
1.76004e+09,6328,-0.0577411,-0.0575612,0.000179902,0.721574,0.731068,0.00949377
1.76004e+09,6329,-0.0579227,-0.0577411,0.000181558,0.711947,0.721574,0.00962717
1.76004e+09,6330,-0.0581059,-0.0579227,0.000183226,0.702181,0.711947,0.00976527
1.76004e+09,6331,-0.0582908,-0.0581059,0.000184907,0.692273,0.702181,0.00990841
1.76004e+09,6332,-0.0584774,-0.0582908,0.000186599,0.682216,0.692273,0.010057
1.76004e+09,6333,-0.0586657,-0.0584774,0.000188302,0.672005,0.682216,0.0102114
1.76004e+09,6334,-0.0588557,-0.0584774,0.000378317,0.661632,0.682216,0.0205835
1.76004e+09,6335,-0.0590474,-0.0588557,0.000191735,0.651093,0.661632,0.0105397
1.76004e+09,6336,-0.0592409,-0.0590474,0.000193462,0.640378,0.651093,0.0107147
1.76004e+09,6337,-0.0594361,-0.0592409,0.000195192,0.62948,0.640378,0.0108978
1.76004e+09,6338,-0.059633,-0.0594361,0.000196925,0.618391,0.62948,0.0110897
1.76004e+09,6339,-0.0598317,-0.059633,0.000198656,0.607099,0.618391,0.0112911
1.76004e+09,6340,-0.0601377,-0.059633,0.00050468,0.606889,0.618391,0.0115015
1.76004e+09,6341,-0.0604461,-0.0598317,0.000614465,0.606676,0.607099,0.000423568
1.76004e+09,6342,-0.060757,-0.0604461,0.000310847,0.60646,0.606676,0.00021603
1.76004e+09,6343,-0.0610702,-0.060757,0.000313238,0.606241,0.60646,0.000218888
1.76004e+09,6344,-0.0613858,-0.0610702,0.000315608,0.606019,0.606241,0.000221764
1.76004e+09,6345,-0.0617038,-0.0613858,0.000317955,0.605794,0.606019,0.000224656
1.76004e+09,6346,-0.0620241,-0.0617038,0.000320273,0.605567,0.605794,0.000227559
1.76004e+09,6347,-0.0623466,-0.0620241,0.000322557,0.605336,0.605567,0.000230471
1.76004e+09,6348,-0.0626714,-0.0620241,0.000647359,0.605103,0.605567,0.00046386
1.76004e+09,6349,-0.0629984,-0.0626714,0.000327003,0.604867,0.605103,0.000236308
1.76004e+09,6350,-0.0633276,-0.0629984,0.000329155,0.604628,0.604867,0.000239226
1.76004e+09,6351,-0.0636588,-0.0629984,0.000660409,0.604385,0.604867,0.000481363
1.76004e+09,6352,-0.0639921,-0.0636588,0.000333291,0.60414,0.604385,0.000245039
1.76004e+09,6353,-0.0643274,-0.0639921,0.000335264,0.603892,0.60414,0.000247926
1.76004e+09,6354,-0.0646645,-0.0643274,0.000337166,0.603642,0.603892,0.000250795
1.76004e+09,6355,-0.0650035,-0.0646645,0.000338993,0.603388,0.603642,0.000253642
1.76004e+09,6356,-0.0653443,-0.0650035,0.000340739,0.603132,0.603388,0.000256461
1.76004e+09,6357,-0.0656867,-0.0653443,0.0003424,0.602872,0.603132,0.000259248
1.76004e+09,6358,-0.0660307,-0.0656867,0.00034397,0.60261,0.602872,0.000261999
1.76004e+09,6359,-0.0663761,-0.0660307,0.000345446,0.602346,0.60261,0.00026471
1.76004e+09,6360,-0.0667229,-0.0663761,0.000346823,0.602078,0.602346,0.000267376
1.76004e+09,6361,-0.067071,-0.0667229,0.000348096,0.601808,0.602078,0.000269993
1.76004e+09,6362,-0.0674203,-0.067071,0.000349263,0.601536,0.601808,0.000272557
1.76004e+09,6363,-0.0677706,-0.067071,0.000699582,0.601261,0.601808,0.00054762
1.76004e+09,6364,-0.0681219,-0.0677706,0.000351263,0.600983,0.601261,0.000277508
1.76004e+09,6365,-0.068474,-0.0677706,0.000703352,0.600703,0.601261,0.000557396
1.76004e+09,6366,-0.0688267,-0.068474,0.000352798,0.600421,0.600703,0.000282199
1.76004e+09,6367,-0.0691801,-0.0688267,0.000353385,0.600137,0.600421,0.000284437
1.76004e+09,6368,-0.069534,-0.0691801,0.00035385,0.59985,0.600137,0.0002866
1.76004e+09,6369,-0.0698882,-0.0691801,0.000708041,0.599561,0.600137,0.000575283
1.76004e+09,6370,-0.0702426,-0.0698882,0.000354406,0.599271,0.599561,0.000290685
1.76004e+09,6371,-0.0705971,-0.0702426,0.000354496,0.598978,0.599271,0.000292603
1.76004e+09,6372,-0.0709515,-0.0705971,0.000354459,0.598684,0.598978,0.000294433
1.76004e+09,6373,-0.0713058,-0.0709515,0.000354296,0.598387,0.598684,0.000296175
1.76004e+09,6374,-0.0716598,-0.0713058,0.000354008,0.59809,0.598387,0.000297825
1.76004e+09,6375,-0.0720134,-0.0716598,0.000353594,0.59779,0.59809,0.000299382
1.76004e+09,6376,-0.0723665,-0.0720134,0.000353056,0.597489,0.59779,0.000300846
1.76004e+09,6377,-0.0727189,-0.0723665,0.000352396,0.597187,0.597489,0.000302214
1.76004e+09,6378,-0.0730705,-0.0727189,0.000351616,0.596884,0.597187,0.000303487
1.76004e+09,6379,-0.0734212,-0.0730705,0.000350717,0.596579,0.596884,0.000304663
1.76004e+09,6380,-0.0737709,-0.0734212,0.000349702,0.596273,0.596579,0.000305743
1.76004e+09,6381,-0.0741195,-0.0737709,0.000348575,0.595966,0.596273,0.000306727
1.76004e+09,6382,-0.0744668,-0.0741195,0.000347338,0.595659,0.595966,0.000307615
1.76004e+09,6383,-0.0748128,-0.0741195,0.000693332,0.59535,0.595966,0.000616023
1.76004e+09,6384,-0.0751574,-0.0748128,0.000344549,0.595041,0.59535,0.000309108
1.76004e+09,6385,-0.0755004,-0.0751574,0.000343005,0.594732,0.595041,0.000309716
1.76004e+09,6386,-0.0758418,-0.0755004,0.000341368,0.594421,0.594732,0.000310234
1.76004e+09,6387,-0.0761814,-0.0758418,0.000339642,0.594111,0.594421,0.000310663
1.76004e+09,6388,-0.0765192,-0.0761814,0.000337832,0.5938,0.594111,0.000311008
1.76004e+09,6389,-0.0768552,-0.0765192,0.000335943,0.593488,0.5938,0.000311269
1.76004e+09,6390,-0.0771891,-0.0765192,0.000669923,0.593177,0.5938,0.00062272
1.76004e+09,6391,-0.0775211,-0.0768552,0.000665929,0.592865,0.593488,0.000623006
1.76004e+09,6392,-0.077851,-0.0771891,0.000661804,0.592554,0.593177,0.000623142
1.76004e+09,6393,-0.0781787,-0.077851,0.000327704,0.592242,0.592554,0.000311549
1.76004e+09,6394,-0.0785042,-0.0781787,0.0003255,0.591931,0.592242,0.000311444
1.76004e+09,6395,-0.0788274,-0.0785042,0.00032325,0.59162,0.591931,0.000311278
1.76004e+09,6396,-0.0791484,-0.0788274,0.000320959,0.591309,0.59162,0.000311053
1.76004e+09,6397,-0.079467,-0.0788274,0.00063959,0.590998,0.59162,0.000621826
1.76004e+09,6398,-0.0797833,-0.0791484,0.000634904,0.590687,0.591309,0.000621215
1.76004e+09,6399,-0.0800972,-0.079467,0.000630161,0.590377,0.590998,0.000620506
1.76004e+09,6400,-0.0804086,-0.0797833,0.000625369,0.590068,0.590687,0.000619705
1.76004e+09,6401,-0.0807177,-0.0800972,0.000620537,0.589758,0.590377,0.000618821
1.76004e+09,6402,-0.0810243,-0.0807177,0.000306618,0.58945,0.589758,0.000308679
1.76004e+09,6403,-0.0813285,-0.0810243,0.000304168,0.589142,0.58945,0.000308144
1.76004e+09,6404,-0.0816302,-0.0810243,0.000605881,0.588834,0.58945,0.000615723
1.76004e+09,6405,-0.0819294,-0.0813285,0.000600965,0.588527,0.589142,0.000614563
1.76004e+09,6406,-0.0822262,-0.0819294,0.000296791,0.588221,0.588527,0.000306365
1.76004e+09,6407,-0.0825206,-0.0822262,0.000294332,0.587915,0.588221,0.000305721
1.76004e+09,6408,-0.0828124,-0.0825206,0.000291877,0.58761,0.587915,0.000305057
1.76004e+09,6409,-0.0831019,-0.0828124,0.000289428,0.587306,0.58761,0.000304373
1.76004e+09,6410,-0.0833889,-0.0831019,0.000286987,0.587002,0.587306,0.000303672
1.76004e+09,6411,-0.0836734,-0.0831019,0.000571541,0.586699,0.587306,0.000606627
1.76004e+09,6412,-0.0839555,-0.0833889,0.000566687,0.586397,0.587002,0.00060518
1.76004e+09,6413,-0.0842353,-0.0839555,0.000279722,0.586095,0.586397,0.000301481
1.76004e+09,6414,-0.0845126,-0.0842353,0.000277324,0.585794,0.586095,0.000300725
1.76004e+09,6415,-0.0847875,-0.0845126,0.000274939,0.585495,0.585794,0.000299958
1.76004e+09,6416,-0.0850601,-0.0847875,0.000272567,0.585195,0.585495,0.000299181
1.76004e+09,6417,-0.0853303,-0.0850601,0.000270209,0.584897,0.585195,0.000298394
1.76004e+09,6418,-0.0855982,-0.0853303,0.000267864,0.584599,0.584897,0.000297599
1.76004e+09,6419,-0.0858637,-0.0855982,0.000265534,0.584303,0.584599,0.000296795
1.76004e+09,6420,-0.0861269,-0.0858637,0.000263217,0.584007,0.584303,0.000295982
1.76004e+09,6421,-0.0863878,-0.0858637,0.000524132,0.583711,0.584303,0.000591145
1.76004e+09,6422,-0.0866465,-0.0863878,0.000258626,0.583417,0.583711,0.000294334
1.76004e+09,6423,-0.0869028,-0.0866465,0.00025635,0.583124,0.583417,0.000293499
1.76004e+09,6424,-0.0871569,-0.0866465,0.000510438,0.582831,0.583417,0.000586156
1.76004e+09,6425,-0.0874087,-0.0871569,0.000251839,0.582539,0.582831,0.000291807
1.76004e+09,6426,-0.0876583,-0.0874087,0.000249603,0.582248,0.582539,0.00029095
1.76004e+09,6427,-0.0879057,-0.0876583,0.000247379,0.581958,0.582248,0.000290086
1.76004e+09,6428,-0.0881509,-0.0879057,0.000245168,0.581669,0.581958,0.000289215
1.76004e+09,6429,-0.0883939,-0.0881509,0.000242969,0.581381,0.581669,0.000288338
1.76004e+09,6430,-0.0886346,-0.0883939,0.000240781,0.581093,0.581381,0.000287453
1.76004e+09,6431,-0.0888732,-0.0883939,0.000479387,0.580807,0.581381,0.000574016
1.76004e+09,6432,-0.0891097,-0.0888732,0.000236441,0.580521,0.580807,0.000285664
1.76004e+09,6433,-0.089344,-0.0891097,0.000234287,0.580236,0.580521,0.00028476
1.76004e+09,6434,-0.0895761,-0.089344,0.000232144,0.579952,0.580236,0.000283849
1.76004e+09,6435,-0.0898061,-0.0895761,0.000230011,0.579669,0.579952,0.000282932
1.76004e+09,6436,-0.090034,-0.0898061,0.000227889,0.579387,0.579669,0.000282008
1.76004e+09,6437,-0.0902598,-0.090034,0.000225778,0.579106,0.579387,0.000281078
1.76004e+09,6438,-0.0904835,-0.0902598,0.000223676,0.578826,0.579106,0.000280141
1.76004e+09,6439,-0.0907051,-0.0902598,0.00044526,0.578547,0.579106,0.000559341
1.76004e+09,6440,-0.0909246,-0.0904835,0.000441085,0.578269,0.578826,0.00055745
1.76004e+09,6441,-0.091142,-0.0909246,0.000217429,0.577991,0.578269,0.000277297
1.76004e+09,6442,-0.0913574,-0.091142,0.000215366,0.577715,0.577991,0.000276337
1.76004e+09,6443,-0.0915707,-0.0913574,0.000213312,0.57744,0.577715,0.000275372
1.76004e+09,6444,-0.0917819,-0.0915707,0.000211267,0.577165,0.57744,0.000274401
1.76004e+09,6445,-0.0919912,-0.0917819,0.000209231,0.576892,0.577165,0.000273426
1.76004e+09,6446,-0.0921984,-0.0917819,0.000416435,0.576619,0.577165,0.00054587
1.76004e+09,6447,-0.0924036,-0.0921984,0.000205186,0.576348,0.576619,0.000271459
1.76004e+09,6448,-0.0926067,-0.0924036,0.000203177,0.576077,0.576348,0.000270468
1.76004e+09,6449,-0.0928079,-0.0926067,0.000201177,0.575808,0.576077,0.000269473
1.76004e+09,6450,-0.0930071,-0.0928079,0.000199185,0.575539,0.575808,0.000268473
1.76004e+09,6451,-0.0932043,-0.0930071,0.000197202,0.575272,0.575539,0.000267469
1.76004e+09,6452,-0.0933995,-0.0932043,0.000195227,0.575006,0.575272,0.00026646
1.76004e+09,6453,-0.0935928,-0.0932043,0.000388487,0.57474,0.575272,0.000531909
1.76004e+09,6454,-0.0937841,-0.0935928,0.000191302,0.574476,0.57474,0.000264432
1.76004e+09,6455,-0.0939734,-0.0937841,0.000189352,0.574212,0.574476,0.000263412
1.76004e+09,6456,-0.0941608,-0.0939734,0.000187411,0.57395,0.574212,0.000262389
1.76004e+09,6457,-0.0943463,-0.0941608,0.000185477,0.573689,0.57395,0.000261362
1.76004e+09,6458,-0.0945299,-0.0943463,0.000183551,0.573428,0.573689,0.000260332
1.76004e+09,6459,-0.0947115,-0.0945299,0.000181633,0.573169,0.573428,0.000259298
1.76004e+09,6460,-0.0948912,-0.0947115,0.000179723,0.572911,0.573169,0.000258262
1.76004e+09,6461,-0.0950691,-0.0948912,0.000177821,0.572653,0.572911,0.000257223
1.76004e+09,6462,-0.095245,-0.0950691,0.000175926,0.572397,0.572653,0.000256181
1.76004e+09,6463,-0.095419,-0.095245,0.000174039,0.572142,0.572397,0.000255137
1.76004e+09,6464,-0.0955912,-0.095419,0.00017216,0.571888,0.572142,0.00025409
1.76004e+09,6465,-0.0957615,-0.0955912,0.000170288,0.571635,0.571888,0.000253041
1.76004e+09,6466,-0.0959299,-0.0955912,0.000338711,0.571383,0.571888,0.000505031
1.76004e+09,6467,-0.0960965,-0.0957615,0.000334989,0.571132,0.571635,0.000502926
1.76004e+09,6468,-0.0962612,-0.0960965,0.000164716,0.570882,0.571132,0.000249881
1.76004e+09,6469,-0.096424,-0.0962612,0.000162873,0.570633,0.570882,0.000248824
1.76004e+09,6470,-0.0965851,-0.096424,0.000161037,0.570386,0.570633,0.000247766
1.76004e+09,6471,-0.0967443,-0.0965851,0.000159208,0.570139,0.570386,0.000246705
1.76004e+09,6472,-0.0969017,-0.0965851,0.000316595,0.569893,0.570386,0.000492349
1.76004e+09,6473,-0.0970572,-0.0969017,0.000155571,0.569649,0.569893,0.000244581
1.76004e+09,6474,-0.097211,-0.0970572,0.000153763,0.569405,0.569649,0.000243516
1.76004e+09,6475,-0.097363,-0.097211,0.000151961,0.569163,0.569405,0.000242451
1.76004e+09,6476,-0.0975131,-0.097363,0.000150166,0.568921,0.569163,0.000241385
1.76004e+09,6477,-0.0976615,-0.0975131,0.000148378,0.568681,0.568921,0.000240317
1.76004e+09,6478,-0.0978081,-0.0976615,0.000146596,0.568442,0.568681,0.000239249
1.76004e+09,6479,-0.0979529,-0.0978081,0.00014482,0.568204,0.568442,0.000238181
1.76004e+09,6480,-0.098096,-0.0978081,0.000287871,0.567966,0.568442,0.000475292
1.76004e+09,6481,-0.0982373,-0.098096,0.000141287,0.56773,0.567966,0.000236042
1.76004e+09,6482,-0.0983768,-0.0982373,0.000139531,0.567495,0.56773,0.000234972
1.76004e+09,6483,-0.0985146,-0.0983768,0.00013778,0.567261,0.567495,0.000233901
1.76004e+09,6484,-0.0986506,-0.0985146,0.000136035,0.567029,0.567261,0.000232831
1.76004e+09,6485,-0.0987849,-0.0986506,0.000134296,0.566797,0.567029,0.00023176
1.76004e+09,6486,-0.0989175,-0.0986506,0.000266858,0.566566,0.567029,0.00046245
1.76004e+09,6487,-0.0990483,-0.0989175,0.000130835,0.566337,0.566566,0.000229619
1.76004e+09,6488,-0.0991774,-0.0990483,0.000129114,0.566108,0.566337,0.000228549
1.76004e+09,6489,-0.0993048,-0.0991774,0.000127398,0.565881,0.566108,0.000227479
1.76004e+09,6490,-0.0994305,-0.0993048,0.000125687,0.565654,0.565881,0.000226409
1.76004e+09,6491,-0.0995545,-0.0994305,0.000123982,0.565429,0.565654,0.00022534
1.76004e+09,6492,-0.0996768,-0.0995545,0.000122282,0.565205,0.565429,0.000224272
1.76004e+09,6493,-0.0997974,-0.0996768,0.000120588,0.564981,0.565205,0.000223204
1.76004e+09,6494,-0.0999163,-0.0997974,0.000118899,0.564759,0.564981,0.000222137
1.76004e+09,6495,-0.100033,-0.0997974,0.000236115,0.564538,0.564981,0.000443207
1.76004e+09,6496,-0.100149,-0.100033,0.000115537,0.564318,0.564538,0.000220005
1.76004e+09,6497,-0.100263,-0.100149,0.000113863,0.564099,0.564318,0.00021894
1.76004e+09,6498,-0.100375,-0.100263,0.000112195,0.563881,0.564099,0.000217877
1.76004e+09,6499,-0.100486,-0.100375,0.000110531,0.563664,0.563881,0.000216815
1.76004e+09,6500,-0.100594,-0.100486,0.000108872,0.563449,0.563664,0.000215754
1.76004e+09,6501,-0.100702,-0.100486,0.00021609,0.563234,0.563664,0.000430448
1.76004e+09,6502,-0.100807,-0.100702,0.000105568,0.56302,0.563234,0.000213636
1.76004e+09,6503,-0.100911,-0.100807,0.000103923,0.562808,0.56302,0.000212579
1.76004e+09,6504,-0.101013,-0.100911,0.000102283,0.562596,0.562808,0.000211524
1.76004e+09,6505,-0.101114,-0.101013,0.000100647,0.562386,0.562596,0.00021047
1.76004e+09,6506,-0.101213,-0.101114,9.90158e-05,0.562176,0.562386,0.000209418
1.76004e+09,6507,-0.101311,-0.101114,0.000196405,0.561968,0.562386,0.000417787
1.76004e+09,6508,-0.101406,-0.101213,0.000193155,0.561761,0.562176,0.000415688
1.76004e+09,6509,-0.1015,-0.101311,0.000189913,0.561554,0.561968,0.000413594
1.76004e+09,6510,-0.101593,-0.1015,9.25329e-05,0.561349,0.561554,0.000205229
1.76004e+09,6511,-0.101684,-0.101593,9.09225e-05,0.561145,0.561349,0.000204187
1.76004e+09,6512,-0.101773,-0.101684,8.9316e-05,0.560942,0.561145,0.000203147
1.76004e+09,6513,-0.101861,-0.101773,8.77136e-05,0.56074,0.560942,0.000202109
1.76004e+09,6514,-0.101947,-0.101861,8.61149e-05,0.560539,0.56074,0.000201073
1.76004e+09,6515,-0.102032,-0.101861,0.000170635,0.560339,0.56074,0.000401113
1.76004e+09,6516,-0.102114,-0.101947,0.000167449,0.56014,0.560539,0.000399049
1.76004e+09,6517,-0.102196,-0.102114,8.13415e-05,0.559942,0.56014,0.00019798
1.76004e+09,6518,-0.102276,-0.102196,7.97576e-05,0.559745,0.559942,0.000196955
1.76004e+09,6519,-0.102354,-0.102276,7.81772e-05,0.559549,0.559745,0.000195931
1.76004e+09,6520,-0.10243,-0.102354,7.66003e-05,0.559354,0.559549,0.000194911
1.76004e+09,6521,-0.102505,-0.102354,0.000151627,0.55916,0.559549,0.000388803
1.76004e+09,6522,-0.102579,-0.10243,0.000148483,0.558967,0.559354,0.00038677
1.76004e+09,6523,-0.102651,-0.102579,7.18896e-05,0.558775,0.558967,0.000191865
1.76004e+09,6524,-0.102721,-0.102651,7.03258e-05,0.558584,0.558775,0.000190856
1.76004e+09,6525,-0.10279,-0.102721,6.87652e-05,0.558395,0.558584,0.00018985
1.76004e+09,6526,-0.102857,-0.10279,6.72075e-05,0.558206,0.558395,0.000188847
1.76004e+09,6527,-0.102923,-0.102857,6.56529e-05,0.558018,0.558206,0.000187846
1.76004e+09,6528,-0.102987,-0.102857,0.000129754,0.557831,0.558206,0.000374696
1.76004e+09,6529,-0.103049,-0.102923,0.000126654,0.557645,0.558018,0.000372705
1.76004e+09,6530,-0.10311,-0.103049,6.10062e-05,0.55746,0.557645,0.000184865
1.76004e+09,6531,-0.10317,-0.103049,0.000120469,0.557276,0.557645,0.000368744
1.76004e+09,6532,-0.103228,-0.10317,5.79222e-05,0.557094,0.557276,0.000182895
1.76004e+09,6533,-0.103284,-0.103228,5.6384e-05,0.556912,0.557094,0.000181915
1.76004e+09,6534,-0.103339,-0.103284,5.48484e-05,0.556731,0.556912,0.000180938
1.76004e+09,6535,-0.103392,-0.103284,0.000108164,0.556551,0.556912,0.000360903
1.76004e+09,6536,-0.103444,-0.103339,0.0001051,0.556372,0.556731,0.000358961
1.76004e+09,6537,-0.103494,-0.103444,5.02561e-05,0.556194,0.556372,0.00017803
1.76004e+09,6538,-0.103543,-0.103494,4.87299e-05,0.556017,0.556194,0.000177068
1.76004e+09,6539,-0.10359,-0.103543,4.7206e-05,0.55584,0.556017,0.00017611
1.76004e+09,6540,-0.103636,-0.10359,4.56841e-05,0.555665,0.55584,0.000175156
1.76004e+09,6541,-0.10368,-0.103636,4.41643e-05,0.555491,0.555665,0.000174206
1.76004e+09,6542,-0.103723,-0.103636,8.68109e-05,0.555318,0.555665,0.000347465
1.76004e+09,6543,-0.103764,-0.10368,8.37773e-05,0.555146,0.555491,0.000345577
1.76004e+09,6544,-0.103803,-0.103764,3.96168e-05,0.554974,0.555146,0.000171379
1.76004e+09,6545,-0.103842,-0.103803,3.81046e-05,0.554804,0.554974,0.000170445
1.76004e+09,6546,-0.103878,-0.103842,3.65942e-05,0.554634,0.554804,0.000169516
1.76004e+09,6547,-0.103913,-0.103878,3.50855e-05,0.554466,0.554634,0.00016859
1.76004e+09,6548,-0.103947,-0.103913,3.35784e-05,0.554298,0.554466,0.000167669
1.76004e+09,6549,-0.103979,-0.103913,6.56512e-05,0.554131,0.554466,0.000334422
1.76004e+09,6550,-0.104009,-0.103947,6.26416e-05,0.553965,0.554298,0.000332593
1.76004e+09,6551,-0.104039,-0.103979,5.96348e-05,0.5538,0.554131,0.000330773
1.76004e+09,6552,-0.104066,-0.104039,2.75648e-05,0.553636,0.5538,0.000164029
1.76004e+09,6553,-0.104092,-0.104066,2.60648e-05,0.553473,0.553636,0.000163131
1.76004e+09,6554,-0.104117,-0.104092,2.45661e-05,0.553311,0.553473,0.000162237
1.76004e+09,6555,-0.10414,-0.104117,2.30685e-05,0.55315,0.553311,0.000161348
1.76004e+09,6556,-0.104161,-0.104117,4.46405e-05,0.552989,0.553311,0.000321811
1.76004e+09,6557,-0.104181,-0.104161,2.00766e-05,0.55283,0.552989,0.000159584
1.76004e+09,6558,-0.1042,-0.104181,1.85821e-05,0.552671,0.55283,0.000158709
1.76004e+09,6559,-0.104217,-0.104181,3.56706e-05,0.552513,0.55283,0.000316549
1.76004e+09,6560,-0.104233,-0.104217,1.55959e-05,0.552356,0.552513,0.000156975
1.76004e+09,6561,-0.104247,-0.104233,1.41039e-05,0.5522,0.552356,0.000156115
1.76004e+09,6562,-0.104259,-0.104247,1.26128e-05,0.552045,0.5522,0.00015526
1.76004e+09,6563,-0.104271,-0.104247,2.3735e-05,0.55189,0.5522,0.000309671
1.76004e+09,6564,-0.10428,-0.104259,2.07546e-05,0.551737,0.552045,0.000307978
1.76004e+09,6565,-0.104288,-0.104271,1.77753e-05,0.551584,0.55189,0.000306294
1.76004e+09,6566,-0.104295,-0.104288,6.65403e-06,0.551432,0.551584,0.000151894
1.76004e+09,6567,-0.1043,-0.104295,5.16553e-06,0.551281,0.551432,0.000151066
1.76004e+09,6568,-0.104304,-0.1043,3.67737e-06,0.551131,0.551281,0.000150243
1.76004e+09,6569,-0.104306,-0.104304,2.18949e-06,0.550981,0.551131,0.000149426
1.76004e+09,6570,-0.104307,-0.104304,2.89133e-06,0.550833,0.551131,0.00029804
1.76004e+09,6571,-0.104306,-0.104306,-8.38209e-08,0.550685,0.550981,0.000296422
1.76004e+09,6572,-0.104304,-0.104307,-3.05872e-06,0.550538,0.550833,0.000294815
1.76004e+09,6573,-0.1043,-0.104304,-3.76044e-06,0.550392,0.550538,0.000146213
1.76004e+09,6574,-0.104295,-0.1043,-5.24785e-06,0.550246,0.550392,0.000145424
1.76004e+09,6575,-0.104288,-0.104295,-6.73535e-06,0.550102,0.550246,0.000144641
1.76004e+09,6576,-0.10428,-0.104295,-1.49584e-05,0.549958,0.550246,0.000288504
1.76004e+09,6577,-0.10427,-0.104288,-1.79339e-05,0.549815,0.550102,0.000286955
1.76004e+09,6578,-0.104259,-0.10428,-2.091e-05,0.549672,0.549958,0.000285419
1.76004e+09,6579,-0.104246,-0.104259,-1.26876e-05,0.549531,0.549672,0.000141568
1.76004e+09,6580,-0.104232,-0.104246,-1.41765e-05,0.54939,0.549531,0.000140815
1.76004e+09,6581,-0.104216,-0.104232,-1.56659e-05,0.54925,0.54939,0.000140068
1.76004e+09,6582,-0.104199,-0.104216,-1.71558e-05,0.549111,0.54925,0.000139327
1.76004e+09,6583,-0.10418,-0.104199,-1.86464e-05,0.548972,0.549111,0.000138593
1.76004e+09,6584,-0.10416,-0.104199,-3.8784e-05,0.548834,0.549111,0.000276457
1.76004e+09,6585,-0.104139,-0.10416,-2.16295e-05,0.548697,0.548834,0.000137143
1.76004e+09,6586,-0.104116,-0.104139,-2.31222e-05,0.548561,0.548697,0.000136428
1.76004e+09,6587,-0.104091,-0.104116,-2.46158e-05,0.548425,0.548561,0.00013572
1.76004e+09,6588,-0.104065,-0.104091,-2.61103e-05,0.54829,0.548425,0.000135018
1.76004e+09,6589,-0.104037,-0.104091,-5.3716e-05,0.548156,0.548425,0.00026934
1.76004e+09,6590,-0.104008,-0.104037,-2.91023e-05,0.548022,0.548156,0.000133634
1.76004e+09,6591,-0.103978,-0.104037,-5.97021e-05,0.547889,0.548156,0.000266587
1.76004e+09,6592,-0.103945,-0.104008,-6.26985e-05,0.547757,0.548022,0.00026523
1.76004e+09,6593,-0.103912,-0.103978,-6.56973e-05,0.547625,0.547889,0.000263888
1.76004e+09,6594,-0.103877,-0.103912,-3.51e-05,0.547494,0.547625,0.000130949
1.76004e+09,6595,-0.10384,-0.103877,-3.66027e-05,0.547364,0.547494,0.000130295
1.76004e+09,6596,-0.103802,-0.10384,-3.81068e-05,0.547234,0.547364,0.000129649
1.76004e+09,6597,-0.103762,-0.10384,-7.77191e-05,0.547105,0.547364,0.000258658
1.76004e+09,6598,-0.103721,-0.103802,-8.07318e-05,0.546977,0.547234,0.000257387
1.76004e+09,6599,-0.103679,-0.103721,-4.26282e-05,0.546849,0.546977,0.000127753
1.76004e+09,6600,-0.103635,-0.103679,-4.41387e-05,0.546722,0.546849,0.000127135
1.76004e+09,6601,-0.103589,-0.103635,-4.56508e-05,0.546595,0.546722,0.000126525
1.76004e+09,6602,-0.103542,-0.103589,-4.71648e-05,0.546469,0.546595,0.000125923
1.76004e+09,6603,-0.103493,-0.103542,-4.86807e-05,0.546344,0.546469,0.000125328
1.76004e+09,6604,-0.103443,-0.103542,-9.88791e-05,0.546219,0.546469,0.00025007
1.76004e+09,6605,-0.103391,-0.103493,-0.000101917,0.546095,0.546344,0.000248903
1.76004e+09,6606,-0.103338,-0.103391,-5.32401e-05,0.545972,0.546095,0.000123591
1.76004e+09,6607,-0.103283,-0.103338,-5.4764e-05,0.545849,0.545972,0.000123027
1.76004e+09,6608,-0.103227,-0.103283,-5.62902e-05,0.545726,0.545849,0.000122472
1.76004e+09,6609,-0.103169,-0.103227,-5.78186e-05,0.545604,0.545726,0.000121924
1.76004e+09,6610,-0.10311,-0.103169,-5.93494e-05,0.545483,0.545604,0.000121385
1.76004e+09,6611,-0.103049,-0.103169,-0.000120232,0.545362,0.545604,0.000242239
1.76004e+09,6612,-0.102986,-0.103049,-6.24181e-05,0.545242,0.545362,0.000120331
1.76004e+09,6613,-0.102922,-0.102986,-6.39562e-05,0.545122,0.545242,0.000119817
1.76004e+09,6614,-0.102857,-0.102922,-6.54968e-05,0.545003,0.545122,0.000119311
1.76004e+09,6615,-0.10279,-0.102857,-6.70402e-05,0.544884,0.545003,0.000118814
1.76004e+09,6616,-0.102721,-0.10279,-6.85862e-05,0.544765,0.544884,0.000118325
1.76004e+09,6617,-0.102651,-0.102721,-7.0135e-05,0.544648,0.544765,0.000117846
1.76004e+09,6618,-0.102579,-0.102721,-0.000141822,0.54453,0.544765,0.00023522
1.76004e+09,6619,-0.102506,-0.102579,-7.32412e-05,0.544413,0.54453,0.000116912
1.76004e+09,6620,-0.102431,-0.102506,-7.47988e-05,0.544297,0.544413,0.000116459
1.76004e+09,6621,-0.102355,-0.102431,-7.63593e-05,0.544181,0.544297,0.000116015
1.76004e+09,6622,-0.102277,-0.102355,-7.7923e-05,0.544065,0.544181,0.00011558
1.76004e+09,6623,-0.102198,-0.102355,-0.000157413,0.54395,0.544181,0.000230734
1.76004e+09,6624,-0.102117,-0.102198,-8.10599e-05,0.543835,0.54395,0.000114738
1.76004e+09,6625,-0.102034,-0.102198,-0.000163693,0.543721,0.54395,0.000229069
1.76004e+09,6626,-0.10195,-0.102117,-0.000166843,0.543607,0.543835,0.000228264
1.76004e+09,6627,-0.101864,-0.10195,-8.57903e-05,0.543493,0.543607,0.000113546
1.76004e+09,6628,-0.101777,-0.101864,-8.7374e-05,0.54338,0.543493,0.000113167
1.76004e+09,6629,-0.101688,-0.101777,-8.89613e-05,0.543268,0.54338,0.000112799
1.76004e+09,6630,-0.101597,-0.101688,-9.05522e-05,0.543155,0.543268,0.000112441
1.76004e+09,6631,-0.101505,-0.101597,-9.21468e-05,0.543043,0.543155,0.000112093
1.76004e+09,6632,-0.101411,-0.101597,-0.000185892,0.542931,0.543155,0.000223847
1.76004e+09,6633,-0.101316,-0.101505,-0.000189093,0.54282,0.543043,0.000223181
1.76004e+09,6634,-0.101219,-0.101316,-9.69536e-05,0.542709,0.54282,0.000111109
1.76004e+09,6635,-0.10112,-0.101219,-9.85637e-05,0.542598,0.542709,0.000110802
1.76004e+09,6636,-0.10102,-0.10112,-0.000100178,0.542487,0.542598,0.000110505
1.76004e+09,6637,-0.100918,-0.10102,-0.000101796,0.542377,0.542487,0.000110219
1.76004e+09,6638,-0.100815,-0.100918,-0.000103419,0.542267,0.542377,0.000109944
1.76004e+09,6639,-0.10071,-0.100918,-0.000208464,0.542158,0.542377,0.000219623
1.76004e+09,6640,-0.100603,-0.100815,-0.000211722,0.542048,0.542267,0.000219105
1.76004e+09,6641,-0.100495,-0.100603,-0.000108312,0.541939,0.542048,0.000109184
1.76004e+09,6642,-0.100385,-0.100495,-0.000109952,0.54183,0.541939,0.000108953
1.76004e+09,6643,-0.100273,-0.100385,-0.000111596,0.541721,0.54183,0.000108733
1.76004e+09,6644,-0.10016,-0.100273,-0.000113245,0.541613,0.541721,0.000108525
1.76004e+09,6645,-0.100045,-0.10016,-0.000114899,0.541504,0.541613,0.000108328
1.76004e+09,6646,-0.0999286,-0.100045,-0.000116557,0.541396,0.541504,0.000108143
1.76004e+09,6647,-0.0998104,-0.0999286,-0.00011822,0.541288,0.541396,0.00010797
1.76004e+09,6648,-0.0996905,-0.0998104,-0.000119888,0.54118,0.541288,0.000107809
1.76004e+09,6649,-0.099569,-0.0996905,-0.000121561,0.541073,0.54118,0.00010766
1.76004e+09,6650,-0.0994457,-0.099569,-0.000123239,0.540965,0.541073,0.000107523
1.76004e+09,6651,-0.0993208,-0.0994457,-0.000124922,0.540858,0.540965,0.000107399
1.76004e+09,6652,-0.0991942,-0.0993208,-0.000126611,0.540751,0.540858,0.000107287
1.76004e+09,6653,-0.0990659,-0.0993208,-0.000254915,0.540643,0.540858,0.000214475
1.76004e+09,6654,-0.0989359,-0.0990659,-0.000130003,0.540536,0.540643,0.000107101
1.76004e+09,6655,-0.0988042,-0.0989359,-0.000131707,0.540429,0.540536,0.000107028
1.76004e+09,6656,-0.0986708,-0.0988042,-0.000133417,0.540322,0.540429,0.000106967
1.76004e+09,6657,-0.0985356,-0.0986708,-0.000135132,0.540215,0.540322,0.00010692
1.76004e+09,6658,-0.0983988,-0.0985356,-0.000136852,0.540109,0.540215,0.000106885
1.76004e+09,6659,-0.0982602,-0.0983988,-0.000138579,0.540002,0.540109,0.000106865
1.76004e+09,6660,-0.0981199,-0.0983988,-0.00027889,0.539895,0.540109,0.000213723
1.76004e+09,6661,-0.0979778,-0.0981199,-0.000142049,0.539788,0.539895,0.000106865
1.76004e+09,6662,-0.0978341,-0.0979778,-0.000143793,0.539681,0.539788,0.000106886
1.76004e+09,6663,-0.0976885,-0.0978341,-0.000145543,0.539574,0.539681,0.000106921
1.76004e+09,6664,-0.0975412,-0.0976885,-0.000147298,0.539467,0.539574,0.00010697
1.76004e+09,6665,-0.0973922,-0.0975412,-0.00014906,0.53936,0.539467,0.000107033
1.76004e+09,6666,-0.0972413,-0.0973922,-0.000150828,0.539253,0.53936,0.000107112
1.76004e+09,6667,-0.0970887,-0.0973922,-0.000303431,0.539146,0.53936,0.000214316
1.76004e+09,6668,-0.0969343,-0.0972413,-0.000306986,0.539038,0.539253,0.000214517
1.76004e+09,6669,-0.0967782,-0.0970887,-0.000310554,0.538931,0.539146,0.000214748
1.76004e+09,6670,-0.0966202,-0.0969343,-0.000314135,0.538823,0.539038,0.000215009
1.76004e+09,6671,-0.0964604,-0.0966202,-0.000159764,0.538716,0.538823,0.000107727
1.76004e+09,6672,-0.0962989,-0.0964604,-0.000161571,0.538608,0.538716,0.000107897
1.76004e+09,6673,-0.0961355,-0.0962989,-0.000163385,0.5385,0.538608,0.000108082
1.76004e+09,6674,-0.0959703,-0.0962989,-0.00032859,0.538391,0.538608,0.000216365
1.76004e+09,6675,-0.0958032,-0.0961355,-0.000332237,0.538283,0.5385,0.000216784
1.76004e+09,6676,-0.0956344,-0.0958032,-0.000168866,0.538174,0.538283,0.000108734
1.76004e+09,6677,-0.0954637,-0.0956344,-0.000170707,0.538065,0.538174,0.000108985
1.76004e+09,6678,-0.0952911,-0.0954637,-0.000172555,0.537956,0.538065,0.000109252
1.76004e+09,6679,-0.0951167,-0.0952911,-0.000174411,0.537846,0.537956,0.000109536
1.76004e+09,6680,-0.0949404,-0.0951167,-0.000176273,0.537737,0.537846,0.000109837
1.76004e+09,6681,-0.0947623,-0.0951167,-0.000354417,0.537626,0.537846,0.000219992
1.76004e+09,6682,-0.0945823,-0.0949404,-0.000358164,0.537516,0.537737,0.000220647
1.76004e+09,6683,-0.0944004,-0.0945823,-0.000181905,0.537405,0.537516,0.000110846
1.76004e+09,6684,-0.0942166,-0.0944004,-0.000183798,0.537294,0.537405,0.000111218
1.76004e+09,6685,-0.0940309,-0.0942166,-0.000185697,0.537182,0.537294,0.000111608
1.76004e+09,6686,-0.0938433,-0.0940309,-0.000187605,0.53707,0.537182,0.000112017
1.76004e+09,6687,-0.0936537,-0.0938433,-0.00018952,0.536958,0.53707,0.000112444
1.76004e+09,6688,-0.0934623,-0.0938433,-0.000380964,0.536845,0.53707,0.000225334
1.76004e+09,6689,-0.0932689,-0.0934623,-0.000193374,0.536732,0.536845,0.000113355
1.76004e+09,6690,-0.0930736,-0.0934623,-0.000388688,0.536618,0.536845,0.000227196
1.76004e+09,6691,-0.0928764,-0.0930736,-0.00019726,0.536503,0.536618,0.000114344
1.76004e+09,6692,-0.0926771,-0.0928764,-0.000199215,0.536389,0.536503,0.000114869
1.76004e+09,6693,-0.092476,-0.0926771,-0.000201179,0.536273,0.536389,0.000115413
1.76004e+09,6694,-0.0922728,-0.092476,-0.00020315,0.536157,0.536273,0.000115977
1.76004e+09,6695,-0.0920677,-0.0922728,-0.00020513,0.536041,0.536157,0.000116562
1.76004e+09,6696,-0.0918606,-0.0920677,-0.000207118,0.535923,0.536041,0.000117168
1.76004e+09,6697,-0.0916514,-0.0918606,-0.000209115,0.535806,0.535923,0.000117795
1.76004e+09,6698,-0.0914403,-0.0916514,-0.00021112,0.535687,0.535806,0.000118444
1.76004e+09,6699,-0.0912272,-0.0914403,-0.000213134,0.535568,0.535687,0.000119114
1.76004e+09,6700,-0.091012,-0.0912272,-0.000215157,0.535448,0.535568,0.000119806
1.76004e+09,6701,-0.0907948,-0.091012,-0.000217189,0.535328,0.535448,0.00012052
1.76004e+09,6702,-0.0905756,-0.091012,-0.000436418,0.535207,0.535448,0.000241776
1.76004e+09,6703,-0.0903543,-0.0905756,-0.000221279,0.535084,0.535207,0.000122015
1.76004e+09,6704,-0.090131,-0.0903543,-0.000223338,0.534962,0.535084,0.000122798
1.76004e+09,6705,-0.0899056,-0.090131,-0.000225406,0.534838,0.534962,0.000123603
1.76004e+09,6706,-0.0896781,-0.0899056,-0.000227484,0.534714,0.534838,0.000124432
1.76004e+09,6707,-0.0894485,-0.0896781,-0.000229571,0.534588,0.534714,0.000125285
1.76004e+09,6708,-0.0892169,-0.0894485,-0.000231668,0.534462,0.534588,0.000126163
1.76004e+09,6709,-0.0889831,-0.0892169,-0.000233775,0.534335,0.534462,0.000127064
1.76004e+09,6710,-0.0887472,-0.0889831,-0.000235893,0.534207,0.534335,0.000127991
1.76004e+09,6711,-0.0885092,-0.0887472,-0.000238021,0.534078,0.534207,0.000128943
1.76004e+09,6712,-0.088269,-0.0885092,-0.000240159,0.533948,0.534078,0.000129921
1.76004e+09,6713,-0.0880267,-0.088269,-0.000242309,0.533817,0.533948,0.000130924
1.76004e+09,6714,-0.0877822,-0.0880267,-0.000244469,0.533685,0.533817,0.000131954
1.76004e+09,6715,-0.0875356,-0.0877822,-0.000246642,0.533552,0.533685,0.00013301
1.76004e+09,6716,-0.0872868,-0.0877822,-0.000495467,0.533418,0.533685,0.000267104
1.76004e+09,6717,-0.0870358,-0.0872868,-0.000251022,0.533283,0.533418,0.000135205
1.76004e+09,6718,-0.0867825,-0.0870358,-0.00025323,0.533147,0.533283,0.000136344
1.76004e+09,6719,-0.0865271,-0.0867825,-0.000255452,0.533009,0.533147,0.000137511
1.76004e+09,6720,-0.0862694,-0.0865271,-0.000257686,0.532871,0.533009,0.000138707
1.76004e+09,6721,-0.0860095,-0.0862694,-0.000259934,0.532731,0.532871,0.000139932
1.76004e+09,6722,-0.0857473,-0.0860095,-0.000262195,0.532589,0.532731,0.000141186
1.76004e+09,6723,-0.0854828,-0.0857473,-0.00026447,0.532447,0.532589,0.000142471
1.76004e+09,6724,-0.085216,-0.0854828,-0.00026676,0.532303,0.532447,0.000143786
1.76004e+09,6725,-0.084947,-0.085216,-0.000269064,0.532158,0.532303,0.000145132
1.76004e+09,6726,-0.0846756,-0.084947,-0.000271382,0.532012,0.532158,0.000146509
1.76004e+09,6727,-0.0844019,-0.0846756,-0.000273715,0.531864,0.532012,0.000147918
1.76004e+09,6728,-0.0841258,-0.0844019,-0.000276063,0.531714,0.531864,0.00014936
1.76004e+09,6729,-0.0838474,-0.0841258,-0.000278424,0.531563,0.531714,0.000150834
1.76004e+09,6730,-0.0835666,-0.0841258,-0.000559224,0.531411,0.531714,0.000303176
1.76004e+09,6731,-0.0832834,-0.0835666,-0.000283189,0.531257,0.531411,0.000153883
1.76004e+09,6732,-0.0829978,-0.0832834,-0.00028559,0.531102,0.531257,0.000155458
1.76004e+09,6733,-0.0827098,-0.0829978,-0.000288004,0.530945,0.531102,0.000157067
1.76004e+09,6734,-0.0824194,-0.0827098,-0.000290427,0.530786,0.530945,0.00015871
1.76004e+09,6735,-0.0821265,-0.0824194,-0.00029286,0.530626,0.530786,0.000160388
1.76004e+09,6736,-0.0818312,-0.0821265,-0.0002953,0.530463,0.530626,0.000162101
1.76004e+09,6737,-0.0815335,-0.0818312,-0.000297746,0.5303,0.530463,0.000163849
1.76004e+09,6738,-0.0812333,-0.0815335,-0.000300194,0.530134,0.5303,0.000165631
1.76004e+09,6739,-0.0809306,-0.0812333,-0.000302641,0.529967,0.530134,0.000167448
1.76004e+09,6740,-0.0806255,-0.0809306,-0.000305086,0.529797,0.529967,0.000169298
1.76004e+09,6741,-0.080318,-0.0806255,-0.000307524,0.529626,0.529797,0.000171183
1.76004e+09,6742,-0.0800081,-0.080318,-0.000309951,0.529453,0.529626,0.0001731
1.76004e+09,6743,-0.0796957,-0.080318,-0.000622314,0.529278,0.529626,0.00034815
1.76004e+09,6744,-0.0793809,-0.0800081,-0.00062712,0.529101,0.529453,0.000352081
1.76004e+09,6745,-0.0790638,-0.0793809,-0.000317126,0.528922,0.529101,0.000179043
1.76004e+09,6746,-0.0787444,-0.0790638,-0.000319468,0.528741,0.528922,0.000181084
1.76004e+09,6747,-0.0784226,-0.0787444,-0.000321777,0.528558,0.528741,0.000183153
1.76004e+09,6748,-0.0780985,-0.0784226,-0.000324048,0.528372,0.528558,0.000185249
1.76004e+09,6749,-0.0777723,-0.0780985,-0.000326275,0.528185,0.528372,0.00018737
1.76004e+09,6750,-0.0774438,-0.0777723,-0.000328454,0.527995,0.528185,0.000189514
1.76004e+09,6751,-0.0771132,-0.0777723,-0.000659034,0.527804,0.528185,0.000381194
1.76004e+09,6752,-0.0767806,-0.0774438,-0.000663226,0.52761,0.527995,0.000385545
1.76004e+09,6753,-0.0764459,-0.0771132,-0.000667294,0.527414,0.527804,0.000389933
1.76004e+09,6754,-0.0761093,-0.0764459,-0.00033658,0.527216,0.527414,0.000198286
1.76004e+09,6755,-0.0757709,-0.0761093,-0.000338438,0.527015,0.527216,0.000200516
1.76004e+09,6756,-0.0754307,-0.0757709,-0.000340215,0.526812,0.527015,0.000202757
1.76004e+09,6757,-0.0750888,-0.0754307,-0.000341908,0.526607,0.526812,0.000205006
1.76004e+09,6758,-0.0747453,-0.0754307,-0.000685418,0.5264,0.526812,0.000412265
1.76004e+09,6759,-0.0744003,-0.0747453,-0.000345019,0.526191,0.5264,0.000209516
1.76004e+09,6760,-0.0740538,-0.0744003,-0.00034643,0.525979,0.526191,0.000211772
1.76004e+09,6761,-0.0737061,-0.0740538,-0.000347737,0.525765,0.525979,0.000214024
1.76004e+09,6762,-0.0733571,-0.0737061,-0.000348939,0.525548,0.525765,0.000216271
1.76004e+09,6763,-0.0730071,-0.0733571,-0.00035003,0.52533,0.525548,0.000218509
1.76004e+09,6764,-0.0726561,-0.0730071,-0.000351009,0.525109,0.52533,0.000220735
1.76004e+09,6765,-0.0723042,-0.0726561,-0.000351872,0.524886,0.525109,0.000222947
1.76004e+09,6766,-0.0719516,-0.0726561,-0.000704488,0.524661,0.525109,0.000448088
1.76004e+09,6767,-0.0715984,-0.0723042,-0.000705856,0.524434,0.524886,0.000452456
1.76004e+09,6768,-0.0712446,-0.0715984,-0.000353741,0.524204,0.524434,0.000229466
1.76004e+09,6769,-0.0708905,-0.0712446,-0.000354119,0.523973,0.524204,0.000231591
1.76004e+09,6770,-0.0705361,-0.0708905,-0.000354371,0.523739,0.523973,0.000233688
1.76004e+09,6771,-0.0701816,-0.0705361,-0.000354498,0.523503,0.523739,0.000235754
1.76004e+09,6772,-0.0698272,-0.0701816,-0.000354498,0.523266,0.523503,0.000237786
1.76004e+09,6773,-0.0694728,-0.0698272,-0.000354372,0.523026,0.523266,0.000239783
1.76004e+09,6774,-0.0691187,-0.0694728,-0.000354121,0.522784,0.523026,0.000241742
1.76004e+09,6775,-0.0687649,-0.0694728,-0.000707864,0.52254,0.523026,0.000485403
1.76004e+09,6776,-0.0684117,-0.0687649,-0.000353243,0.522295,0.52254,0.000245538
1.76004e+09,6777,-0.0680591,-0.0684117,-0.000352619,0.522047,0.522295,0.000247371
1.76004e+09,6778,-0.0677072,-0.0680591,-0.000351874,0.521798,0.522047,0.000249159
1.76004e+09,6779,-0.0673562,-0.0677072,-0.000351011,0.521547,0.521798,0.000250899
1.76004e+09,6780,-0.0670061,-0.0673562,-0.000350031,0.521295,0.521547,0.000252592
1.76004e+09,6781,-0.0666572,-0.0670061,-0.000348938,0.521041,0.521295,0.000254236
1.76004e+09,6782,-0.0663095,-0.0666572,-0.000347735,0.520785,0.521041,0.00025583
1.76004e+09,6783,-0.065963,-0.0663095,-0.000346426,0.520527,0.520785,0.000257373
1.76004e+09,6784,-0.065618,-0.065963,-0.000345013,0.520268,0.520527,0.000258865
1.76004e+09,6785,-0.0652745,-0.065618,-0.000343502,0.520008,0.520268,0.000260307
1.76004e+09,6786,-0.0649326,-0.0652745,-0.000341897,0.519746,0.520008,0.000261696
1.76004e+09,6787,-0.0645924,-0.0649326,-0.000340202,0.519483,0.519746,0.000263035
1.76004e+09,6788,-0.064254,-0.0645924,-0.000338423,0.519219,0.519483,0.000264324
1.76004e+09,6789,-0.0639174,-0.064254,-0.000336564,0.518954,0.519219,0.000265563
1.76004e+09,6790,-0.0635828,-0.0639174,-0.00033463,0.518687,0.518954,0.000266753
1.76004e+09,6791,-0.0632502,-0.0635828,-0.000332628,0.518419,0.518687,0.000267895
1.76004e+09,6792,-0.0629196,-0.0632502,-0.000330561,0.51815,0.518419,0.00026899
1.76004e+09,6793,-0.0625912,-0.0629196,-0.000328437,0.51788,0.51815,0.00027004
1.76004e+09,6794,-0.0622649,-0.0625912,-0.000326259,0.517609,0.51788,0.000271046
1.76004e+09,6795,-0.0619409,-0.0622649,-0.000324035,0.517337,0.517609,0.00027201
1.76004e+09,6796,-0.0616191,-0.0619409,-0.000321768,0.517064,0.517337,0.000272933
1.76004e+09,6797,-0.0612997,-0.0616191,-0.000319465,0.51679,0.517064,0.000273818
1.76004e+09,6798,-0.0609825,-0.0612997,-0.000317129,0.516515,0.51679,0.000274666
1.76004e+09,6799,-0.0606678,-0.0609825,-0.000314767,0.51624,0.516515,0.000275479
1.76004e+09,6800,-0.0604618,-0.0606678,-0.000205988,0.528746,0.51624,-0.0125065
1.76004e+09,6801,-0.0602575,-0.0604618,-0.000204307,0.540981,0.528746,-0.0122342
1.76004e+09,6802,-0.0600548,-0.0602575,-0.000202612,0.55296,0.540981,-0.0119791
1.76004e+09,6803,-0.0598539,-0.0600548,-0.000200905,0.564699,0.55296,-0.0117393
1.76004e+09,6804,-0.0596548,-0.0598539,-0.000199191,0.576212,0.564699,-0.0115132
1.76004e+09,6805,-0.0594573,-0.0596548,-0.000197472,0.587512,0.576212,-0.0112995
1.76004e+09,6806,-0.0592615,-0.0594573,-0.00019575,0.598609,0.587512,-0.0110969
1.76004e+09,6807,-0.0590675,-0.0592615,-0.00019403,0.609513,0.598609,-0.0109046
1.76004e+09,6808,-0.0588752,-0.0590675,-0.000192311,0.620235,0.609513,-0.0107215
1.76004e+09,6809,-0.0586846,-0.0588752,-0.000190598,0.630782,0.620235,-0.0105469
1.76004e+09,6810,-0.0584957,-0.0586846,-0.000188891,0.641162,0.630782,-0.0103801
1.76004e+09,6811,-0.0583085,-0.0584957,-0.000187191,0.651382,0.641162,-0.0102204
1.76004e+09,6812,-0.058123,-0.0583085,-0.000185501,0.661449,0.651382,-0.0100672
1.76004e+09,6813,-0.0579392,-0.0583085,-0.000369321,0.671369,0.651382,-0.0199874
1.76004e+09,6814,-0.057757,-0.0579392,-0.000182151,0.681148,0.671369,-0.0097787
1.76004e+09,6815,-0.0575765,-0.0579392,-0.000362644,0.690791,0.671369,-0.0194211
1.76004e+09,6816,-0.0573977,-0.057757,-0.00035934,0.700302,0.681148,-0.0191535
1.76004e+09,6817,-0.0572205,-0.0573977,-0.000177213,0.709686,0.700302,-0.00938407
1.76004e+09,6818,-0.0570449,-0.0572205,-0.000175592,0.718947,0.709686,-0.00926132
1.76004e+09,6819,-0.0568709,-0.0570449,-0.000173983,0.728089,0.718947,-0.00914248
1.76004e+09,6820,-0.0566985,-0.0570449,-0.00034637,0.737117,0.718947,-0.0181698
1.76004e+09,6821,-0.0565277,-0.0566985,-0.000170803,0.746032,0.737117,-0.00891551
1.76004e+09,6822,-0.0563585,-0.0565277,-0.000169231,0.754839,0.746032,-0.00880695
1.76004e+09,6823,-0.0561908,-0.0563585,-0.000167672,0.763541,0.754839,-0.00870139
1.76004e+09,6824,-0.0560247,-0.0561908,-0.000166125,0.772139,0.763541,-0.00859865
1.76004e+09,6825,-0.0558601,-0.0561908,-0.000330714,0.780638,0.763541,-0.0170972
1.76004e+09,6826,-0.055697,-0.0558601,-0.000163065,0.789039,0.780638,-0.00840101
1.76004e+09,6827,-0.0555355,-0.0558601,-0.000324617,0.797345,0.780638,-0.0167068
1.76004e+09,6828,-0.0553754,-0.0555355,-0.00016005,0.805557,0.797345,-0.00821281
1.76004e+09,6829,-0.0552169,-0.0553754,-0.000158559,0.813679,0.805557,-0.00812193
1.76004e+09,6830,-0.0550598,-0.0552169,-0.000157077,0.821712,0.813679,-0.00803304
1.76004e+09,6831,-0.0549042,-0.0550598,-0.000155606,0.829658,0.821712,-0.00794602
1.76004e+09,6832,-0.05475,-0.0549042,-0.000154145,0.837519,0.829658,-0.00786079
1.76004e+09,6833,-0.0545974,-0.05475,-0.000152693,0.845297,0.837519,-0.00777724
1.76004e+09,6834,-0.0544461,-0.05475,-0.000303944,0.852992,0.837519,-0.0154725
1.76004e+09,6835,-0.0542963,-0.0544461,-0.000149817,0.860607,0.852992,-0.00761486
1.76004e+09,6836,-0.0541479,-0.0542963,-0.000148393,0.868143,0.860607,-0.00753586
1.76004e+09,6837,-0.0540009,-0.0541479,-0.000146977,0.875601,0.868143,-0.00745824
1.76004e+09,6838,-0.0538553,-0.0540009,-0.000145569,0.882983,0.875601,-0.00738191
1.76004e+09,6839,-0.0537112,-0.0538553,-0.00014417,0.890289,0.882983,-0.00730682
1.76004e+09,6840,-0.0535684,-0.0537112,-0.000142779,0.897522,0.890289,-0.00723291
1.76004e+09,6841,-0.053427,-0.0537112,-0.000284175,0.904683,0.890289,-0.014393
1.76004e+09,6842,-0.053287,-0.0535684,-0.000281416,0.911771,0.897522,-0.0142485
1.76004e+09,6843,-0.0531483,-0.053427,-0.000278673,0.918789,0.904683,-0.0141061
1.76004e+09,6844,-0.053011,-0.053287,-0.000275946,0.925737,0.911771,-0.0139656
1.76004e+09,6845,-0.0528751,-0.0531483,-0.000273233,0.932616,0.918789,-0.013827
1.76004e+09,6846,-0.0527405,-0.0528751,-0.000134595,0.939427,0.932616,-0.00681117
1.76004e+09,6847,-0.0526072,-0.0527405,-0.000133257,0.946171,0.939427,-0.00674407
1.76004e+09,6848,-0.0524753,-0.0526072,-0.000131926,0.952849,0.946171,-0.00667777
1.76004e+09,6849,-0.0523447,-0.0526072,-0.000262528,0.959461,0.946171,-0.01329
1.76004e+09,6850,-0.0522154,-0.0523447,-0.000129285,0.966008,0.959461,-0.00654743
1.76004e+09,6851,-0.0520875,-0.0522154,-0.000127975,0.972492,0.966008,-0.00648332
1.76004e+09,6852,-0.0519608,-0.0520875,-0.000126672,0.978911,0.972492,-0.00641988
1.76004e+09,6853,-0.0518354,-0.0519608,-0.000125375,0.985269,0.978911,-0.00635708
1.76004e+09,6854,-0.0517113,-0.0518354,-0.000124085,0.991563,0.985269,-0.00629489
1.76004e+09,6855,-0.0515885,-0.0517113,-0.000122802,0.997797,0.991563,-0.00623328
1.76004e+09,6856,-0.051467,-0.0517113,-0.000244327,1.00397,0.991563,-0.0124055
1.76004e+09,6857,-0.0513467,-0.051467,-0.000120254,1.01008,1.00397,-0.0061117
1.76004e+09,6858,-0.0512278,-0.0513467,-0.00011899,1.01613,1.01008,-0.00605169
1.76004e+09,6859,-0.05111,-0.0512278,-0.000117732,1.02212,1.01613,-0.00599216
1.76004e+09,6860,-0.0509935,-0.05111,-0.00011648,1.02806,1.02212,-0.0059331
1.76004e+09,6861,-0.0508783,-0.0509935,-0.000115234,1.03393,1.02806,-0.00587448
1.76004e+09,6862,-0.0507643,-0.0508783,-0.000113994,1.03975,1.03393,-0.00581629
1.76004e+09,6863,-0.0506516,-0.0507643,-0.00011276,1.04551,1.03975,-0.00575851
1.76004e+09,6864,-0.05054,-0.0506516,-0.000111532,1.05121,1.04551,-0.00570112
1.76004e+09,6865,-0.0504297,-0.05054,-0.000110309,1.05685,1.05121,-0.0056441
1.76004e+09,6866,-0.0503206,-0.0504297,-0.000109092,1.06244,1.05685,-0.00558744
1.76004e+09,6867,-0.0502127,-0.0503206,-0.000107881,1.06797,1.06244,-0.00553111
1.76004e+09,6868,-0.0501061,-0.0502127,-0.000106676,1.07345,1.06797,-0.00547512
1.76004e+09,6869,-0.0500006,-0.0501061,-0.000105475,1.07887,1.07345,-0.00541943
1.76004e+09,6870,-0.0498963,-0.0500006,-0.000104281,1.08423,1.07887,-0.00536404
1.76004e+09,6871,-0.0497932,-0.0498963,-0.000103091,1.08954,1.08423,-0.00530894
1.76004e+09,6872,-0.0496913,-0.0497932,-0.000101907,1.09479,1.08954,-0.00525411
1.76004e+09,6873,-0.0495906,-0.0496913,-0.000100728,1.09999,1.09479,-0.00519954
1.76004e+09,6874,-0.049491,-0.0495906,-9.95539e-05,1.10514,1.09999,-0.00514522
1.76004e+09,6875,-0.0493926,-0.049491,-9.8385e-05,1.11023,1.10514,-0.00509114
1.76004e+09,6876,-0.0492954,-0.0493926,-9.7221e-05,1.11527,1.11023,-0.00503728
1.76004e+09,6877,-0.0491994,-0.0492954,-9.60618e-05,1.12025,1.11527,-0.00498364
1.76004e+09,6878,-0.0491045,-0.0491994,-9.49075e-05,1.12518,1.12025,-0.00493021
1.76004e+09,6879,-0.0490107,-0.0491045,-9.37578e-05,1.13006,1.12518,-0.00487697
1.76004e+09,6880,-0.0489181,-0.0490107,-9.26129e-05,1.13488,1.13006,-0.00482393
1.76004e+09,6881,-0.0488266,-0.0489181,-9.14725e-05,1.13965,1.13488,-0.00477106
1.76004e+09,6882,-0.0487363,-0.0488266,-9.03366e-05,1.14437,1.13965,-0.00471836
1.76004e+09,6883,-0.0486471,-0.0487363,-8.92052e-05,1.14904,1.14437,-0.00466582
1.76004e+09,6884,-0.048559,-0.0486471,-8.80782e-05,1.15365,1.14904,-0.00461344
1.76004e+09,6885,-0.048472,-0.0486471,-0.000175034,1.15821,1.14904,-0.00917465
1.76004e+09,6886,-0.0483862,-0.048472,-8.58369e-05,1.16272,1.15821,-0.00450911
1.76004e+09,6887,-0.0483015,-0.0483862,-8.47226e-05,1.16718,1.16272,-0.00445715
1.76004e+09,6888,-0.0482179,-0.0483015,-8.36124e-05,1.17158,1.16718,-0.00440532
1.76004e+09,6889,-0.0481354,-0.0482179,-8.25062e-05,1.17594,1.17158,-0.0043536
1.76004e+09,6890,-0.048054,-0.0481354,-8.1404e-05,1.18024,1.17594,-0.004302
1.76004e+09,6891,-0.0479736,-0.048054,-8.03057e-05,1.18449,1.18024,-0.00425051
1.76004e+09,6892,-0.0478944,-0.0479736,-7.92113e-05,1.18869,1.18449,-0.00419912
1.76004e+09,6893,-0.0478163,-0.0478944,-7.81207e-05,1.19283,1.18869,-0.00414782
1.76004e+09,6894,-0.0477393,-0.0478163,-7.70337e-05,1.19693,1.19283,-0.00409662
1.76004e+09,6895,-0.0476633,-0.0477393,-7.59505e-05,1.20098,1.19693,-0.0040455
1.76004e+09,6896,-0.0475885,-0.0477393,-0.000150821,1.20497,1.19693,-0.00803996
1.76004e+09,6897,-0.0475147,-0.0475885,-7.37946e-05,1.20891,1.20497,-0.0039435
1.76004e+09,6898,-0.0474419,-0.0475885,-0.000146517,1.21281,1.20497,-0.00783611
1.76004e+09,6899,-0.0473703,-0.0474419,-7.16527e-05,1.21665,1.21281,-0.00384178
1.76004e+09,6900,-0.0472997,-0.0473703,-7.05868e-05,1.22044,1.21665,-0.00379102
1.76004e+09,6901,-0.0472302,-0.0472997,-6.95242e-05,1.22418,1.22044,-0.00374032
1.76004e+09,6902,-0.0471617,-0.0472302,-6.84649e-05,1.22787,1.22418,-0.00368967
1.76004e+09,6903,-0.0470943,-0.0471617,-6.74087e-05,1.23151,1.22787,-0.00363908
1.76004e+09,6904,-0.047028,-0.0470943,-6.63556e-05,1.2351,1.23151,-0.00358853
1.76004e+09,6905,-0.0469626,-0.047028,-6.53056e-05,1.23864,1.2351,-0.00353802
1.76004e+09,6906,-0.0468984,-0.0469626,-6.42586e-05,1.24212,1.23864,-0.00348756
1.76004e+09,6907,-0.0468352,-0.0468984,-6.32146e-05,1.24556,1.24212,-0.00343713
1.76004e+09,6908,-0.046773,-0.0468352,-6.21734e-05,1.24895,1.24556,-0.00338673
1.76004e+09,6909,-0.0467119,-0.046773,-6.11352e-05,1.25228,1.24895,-0.00333637
1.76004e+09,6910,-0.0466518,-0.0467119,-6.00996e-05,1.25557,1.25228,-0.00328603
1.76004e+09,6911,-0.0465927,-0.0466518,-5.90669e-05,1.25881,1.25557,-0.00323572
1.76004e+09,6912,-0.0465347,-0.0465927,-5.80368e-05,1.26199,1.25881,-0.00318543
1.76004e+09,6913,-0.0464777,-0.0465347,-5.70093e-05,1.26513,1.26199,-0.00313516
1.76004e+09,6914,-0.0464217,-0.0464777,-5.59844e-05,1.26821,1.26513,-0.00308491
1.76004e+09,6915,-0.0463667,-0.0464217,-5.4962e-05,1.27125,1.26821,-0.00303468
1.76004e+09,6916,-0.0463128,-0.0463667,-5.39421e-05,1.27423,1.27125,-0.00298446
1.76004e+09,6917,-0.0462598,-0.0463128,-5.29246e-05,1.27716,1.27423,-0.00293424
1.76004e+09,6918,-0.0462079,-0.0462598,-5.19095e-05,1.28005,1.27716,-0.00288404
1.76004e+09,6919,-0.046157,-0.0462079,-5.08967e-05,1.28288,1.28005,-0.00283384
1.76004e+09,6920,-0.0461071,-0.046157,-4.98862e-05,1.28567,1.28288,-0.00278365
1.76004e+09,6921,-0.0460583,-0.0461071,-4.88779e-05,1.2884,1.28567,-0.00273346
1.76004e+09,6922,-0.0460104,-0.0460583,-4.78717e-05,1.29108,1.2884,-0.00268328
1.76004e+09,6923,-0.0459635,-0.0460104,-4.68677e-05,1.29372,1.29108,-0.00263309
1.76004e+09,6924,-0.0459177,-0.0459635,-4.58657e-05,1.2963,1.29372,-0.0025829
1.76004e+09,6925,-0.0458728,-0.0459177,-4.48658e-05,1.29883,1.2963,-0.00253271
1.76004e+09,6926,-0.0458289,-0.0458728,-4.38678e-05,1.30131,1.29883,-0.00248251
1.76004e+09,6927,-0.0457861,-0.0458289,-4.28718e-05,1.30375,1.30131,-0.00243231
1.76004e+09,6928,-0.0457442,-0.0457861,-4.18776e-05,1.30613,1.30375,-0.00238209
1.76004e+09,6929,-0.0457033,-0.0457442,-4.08853e-05,1.30846,1.30613,-0.00233187
1.76004e+09,6930,-0.0456634,-0.0457033,-3.98948e-05,1.31074,1.30846,-0.00228165
1.76004e+09,6931,-0.0456245,-0.0457033,-7.88008e-05,1.31297,1.30846,-0.00451305
1.76004e+09,6932,-0.0455866,-0.0456245,-3.79189e-05,1.31515,1.31297,-0.00218115
1.76004e+09,6933,-0.0455496,-0.0455866,-3.69335e-05,1.31729,1.31515,-0.00213089
1.76004e+09,6934,-0.0455137,-0.0455496,-3.59496e-05,1.31937,1.31729,-0.00208061
1.76004e+09,6935,-0.0454787,-0.0455137,-3.49674e-05,1.3214,1.31937,-0.00203032
1.76004e+09,6936,-0.0454447,-0.0455137,-6.8954e-05,1.32338,1.31937,-0.00401032
1.76004e+09,6937,-0.0454117,-0.0454447,-3.30073e-05,1.32531,1.32338,-0.00192968
1.76004e+09,6938,-0.0453797,-0.0454117,-3.20295e-05,1.32719,1.32531,-0.00187934
1.76004e+09,6939,-0.0453486,-0.0453797,-3.1053e-05,1.32901,1.32719,-0.00182898
1.76004e+09,6940,-0.0453186,-0.0453486,-3.00779e-05,1.33079,1.32901,-0.00177861
1.76004e+09,6941,-0.0452895,-0.0453186,-2.91041e-05,1.33252,1.33079,-0.00172821
1.76004e+09,6942,-0.0452613,-0.0452895,-2.81316e-05,1.3342,1.33252,-0.0016778
1.76004e+09,6943,-0.0452342,-0.0452613,-2.71602e-05,1.33583,1.3342,-0.00162737
1.76004e+09,6944,-0.045208,-0.0452342,-2.61901e-05,1.3374,1.33583,-0.00157691
1.76004e+09,6945,-0.0451828,-0.0452342,-5.14111e-05,1.33893,1.33583,-0.00310335
1.76004e+09,6946,-0.0451585,-0.0451828,-2.42531e-05,1.34041,1.33893,-0.00147595
1.76004e+09,6947,-0.0451352,-0.0451585,-2.32862e-05,1.34183,1.34041,-0.00142543
1.76004e+09,6948,-0.0451129,-0.0451352,-2.23203e-05,1.34321,1.34183,-0.0013749
1.76004e+09,6949,-0.0450915,-0.0451129,-2.13554e-05,1.34453,1.34321,-0.00132434
1.76004e+09,6950,-0.0450712,-0.0450915,-2.03915e-05,1.3458,1.34453,-0.00127376
1.76004e+09,6951,-0.0450517,-0.0450712,-1.94284e-05,1.34703,1.3458,-0.00122316
1.76004e+09,6952,-0.0450333,-0.0450517,-1.84661e-05,1.3482,1.34703,-0.00117254
1.76004e+09,6953,-0.0450158,-0.0450333,-1.75047e-05,1.34932,1.3482,-0.0011219
1.76004e+09,6954,-0.0449992,-0.0450158,-1.6544e-05,1.35039,1.34932,-0.00107123
1.76004e+09,6955,-0.0449836,-0.0449992,-1.55841e-05,1.35141,1.35039,-0.00102055
1.76004e+09,6956,-0.044969,-0.0449836,-1.46249e-05,1.35238,1.35141,-0.000969838
1.76004e+09,6957,-0.0449553,-0.044969,-1.36663e-05,1.3533,1.35238,-0.000919109
1.76004e+09,6958,-0.0449426,-0.0449553,-1.27083e-05,1.35417,1.3533,-0.000868357
1.76004e+09,6959,-0.0449309,-0.0449426,-1.17508e-05,1.35499,1.35417,-0.000817585
1.76004e+09,6960,-0.0449201,-0.0449309,-1.0794e-05,1.35575,1.35499,-0.00076679
1.76004e+09,6961,-0.0449102,-0.0449201,-9.83757e-06,1.35647,1.35575,-0.000715975
1.76004e+09,6962,-0.0449014,-0.0449102,-8.88163e-06,1.35714,1.35647,-0.000665138
1.76004e+09,6963,-0.0448934,-0.0449014,-7.9261e-06,1.35775,1.35714,-0.00061428
1.76004e+09,6964,-0.0448865,-0.0448934,-6.97095e-06,1.35831,1.35775,-0.000563402
1.76004e+09,6965,-0.0448805,-0.0448865,-6.01614e-06,1.35883,1.35831,-0.000512503
1.76004e+09,6966,-0.0448754,-0.0448805,-5.06163e-06,1.35929,1.35883,-0.000461584
1.76004e+09,6967,-0.0448713,-0.0448754,-4.10738e-06,1.3597,1.35929,-0.000410644
1.76004e+09,6968,-0.0448681,-0.0448713,-3.15335e-06,1.36006,1.3597,-0.000359685
1.76004e+09,6969,-0.0448659,-0.0448681,-2.19951e-06,1.36037,1.36006,-0.000308706
1.76004e+09,6970,-0.0448647,-0.0448659,-1.24581e-06,1.36062,1.36037,-0.000257708
1.76004e+09,6971,-0.0448644,-0.0448647,-2.92217e-07,1.36083,1.36062,-0.000206691
1.76004e+09,6972,-0.0448651,-0.0448644,6.61307e-07,1.36099,1.36083,-0.000155655
1.76004e+09,6973,-0.0448667,-0.0448651,1.6148e-06,1.36109,1.36099,-0.0001046
1.76004e+09,6974,-0.0448692,-0.0448667,2.5683e-06,1.36114,1.36109,-5.35276e-05
1.76004e+09,6975,-0.0448728,-0.0448692,3.52185e-06,1.36115,1.36114,-2.43722e-06
1.76004e+09,6976,-0.0448772,-0.0448728,4.47549e-06,1.3611,1.36115,4.86707e-05
1.76004e+09,6977,-0.0448827,-0.0448772,5.42924e-06,1.361,1.3611,9.97959e-05
1.76004e+09,6978,-0.044889,-0.0448827,6.38317e-06,1.36085,1.361,0.000150938
1.76004e+09,6979,-0.0448964,-0.044889,7.33729e-06,1.36065,1.36085,0.000202097
1.76004e+09,6980,-0.0449047,-0.0448964,8.29165e-06,1.36039,1.36065,0.000253272
1.76004e+09,6981,-0.0449139,-0.0449047,9.24629e-06,1.36009,1.36039,0.000304462
1.76004e+09,6982,-0.0449241,-0.0449047,1.94475e-05,1.35973,1.36039,0.000660132
1.76004e+09,6983,-0.0449353,-0.0449241,1.11566e-05,1.35933,1.35973,0.000406891
1.76004e+09,6984,-0.0449474,-0.0449353,1.21123e-05,1.35887,1.35933,0.000458128
1.76004e+09,6985,-0.0449605,-0.0449474,1.30684e-05,1.35836,1.35887,0.00050938
1.76004e+09,6986,-0.0449745,-0.0449605,1.4025e-05,1.3578,1.35836,0.000560646
1.76004e+09,6987,-0.0449895,-0.0449745,1.49822e-05,1.35719,1.3578,0.000611927
1.76004e+09,6988,-0.0450054,-0.0449745,3.09221e-05,1.35652,1.3578,0.00127515
1.76004e+09,6989,-0.0450223,-0.0450054,1.68982e-05,1.35581,1.35652,0.00071453
1.76004e+09,6990,-0.0450402,-0.0450223,1.78571e-05,1.35504,1.35581,0.000765852
1.76004e+09,6991,-0.045059,-0.0450402,1.88167e-05,1.35422,1.35504,0.000817188
1.76004e+09,6992,-0.0450788,-0.0450402,3.85936e-05,1.35336,1.35504,0.00168572
1.76004e+09,6993,-0.0450995,-0.0450788,2.0738e-05,1.35244,1.35336,0.000919898
1.76004e+09,6994,-0.0451212,-0.0450995,2.16999e-05,1.35147,1.35244,0.000971272
1.76004e+09,6995,-0.0451439,-0.0451212,2.26626e-05,1.35044,1.35147,0.00102266
1.76004e+09,6996,-0.0451675,-0.0451439,2.36262e-05,1.34937,1.35044,0.00107406
1.76004e+09,6997,-0.0451921,-0.0451675,2.45906e-05,1.34824,1.34937,0.00112547
1.76004e+09,6998,-0.0452176,-0.0451921,2.55561e-05,1.34707,1.34824,0.0011769
1.76004e+09,6999,-0.0452442,-0.0451921,5.20786e-05,1.34584,1.34824,0.00240523
1.76004e+09,7000,-0.0452716,-0.0452442,2.749e-05,1.34456,1.34584,0.00127978
1.76004e+09,7001,-0.0453001,-0.0452716,2.84586e-05,1.34323,1.34456,0.00133125
1.76004e+09,7002,-0.0453295,-0.0453001,2.94284e-05,1.34184,1.34323,0.00138272
1.76004e+09,7003,-0.0453599,-0.0453295,3.03992e-05,1.34041,1.34184,0.00143421
1.76004e+09,7004,-0.0453913,-0.0453599,3.13713e-05,1.33892,1.34041,0.00148571
1.76004e+09,7005,-0.0454236,-0.0453913,3.23447e-05,1.33739,1.33892,0.00153722
1.76004e+09,7006,-0.045457,-0.0454236,3.33194e-05,1.3358,1.33739,0.00158875
1.76004e+09,7007,-0.0454913,-0.045457,3.42954e-05,1.33416,1.3358,0.00164029
1.76004e+09,7008,-0.0455265,-0.0454913,3.52728e-05,1.33247,1.33416,0.00169184
1.76004e+09,7009,-0.0455628,-0.0455265,3.62516e-05,1.33072,1.33247,0.00174341
1.76004e+09,7010,-0.0456,-0.0455628,3.7232e-05,1.32893,1.33072,0.00179499
1.76004e+09,7011,-0.0456382,-0.0456,3.82138e-05,1.32708,1.32893,0.00184659
1.76004e+09,7012,-0.0456774,-0.0456382,3.91972e-05,1.32518,1.32708,0.00189821
1.76004e+09,7013,-0.0457176,-0.0456774,4.01823e-05,1.32323,1.32518,0.00194983
1.76004e+09,7014,-0.0457588,-0.0457176,4.1169e-05,1.32123,1.32323,0.00200148
1.76004e+09,7015,-0.0458009,-0.0457588,4.21574e-05,1.31918,1.32123,0.00205314
1.76004e+09,7016,-0.0458441,-0.0458009,4.31476e-05,1.31707,1.31918,0.00210483
1.76004e+09,7017,-0.0458882,-0.0458009,8.72871e-05,1.31492,1.31918,0.00426135
1.76004e+09,7018,-0.0459334,-0.0458441,8.92729e-05,1.31271,1.31707,0.00436477
1.76004e+09,7019,-0.0459795,-0.0458882,9.12625e-05,1.31045,1.31492,0.00446823
1.76004e+09,7020,-0.0460266,-0.0459334,9.32559e-05,1.30814,1.31271,0.00457173
1.76004e+09,7021,-0.0460747,-0.0459795,9.52533e-05,1.30577,1.31045,0.00467528
1.76004e+09,7022,-0.0461239,-0.0460747,4.91282e-05,1.30336,1.30577,0.00241534
1.76004e+09,7023,-0.046174,-0.0461239,5.01321e-05,1.30089,1.30336,0.00246717
1.76004e+09,7024,-0.0462251,-0.0461239,0.00010127,1.29837,1.30336,0.0049862
1.76004e+09,7025,-0.0462773,-0.0462251,5.21462e-05,1.2958,1.29837,0.00257091
1.76004e+09,7026,-0.0463304,-0.0462773,5.31567e-05,1.29318,1.2958,0.00262283
1.76004e+09,7027,-0.0463846,-0.0463304,5.41694e-05,1.2905,1.29318,0.00267477
1.76004e+09,7028,-0.0464398,-0.0463846,5.51845e-05,1.28778,1.2905,0.00272675
1.76004e+09,7029,-0.046496,-0.0464398,5.6202e-05,1.285,1.28778,0.00277876
1.76004e+09,7030,-0.0465532,-0.046496,5.7222e-05,1.28217,1.285,0.00283081
1.76004e+09,7031,-0.0466115,-0.046496,0.000115466,1.27928,1.285,0.0057137
1.76004e+09,7032,-0.0466707,-0.0465532,0.000117514,1.27635,1.28217,0.0058179
1.76004e+09,7033,-0.046731,-0.0466707,6.02971e-05,1.27336,1.27635,0.00298718
1.76004e+09,7034,-0.0467924,-0.0466707,0.000121625,1.27032,1.27635,0.00602656
1.76004e+09,7035,-0.0468547,-0.0467924,6.23605e-05,1.26723,1.27032,0.00309164
1.76004e+09,7036,-0.0469181,-0.0468547,6.33963e-05,1.26409,1.26723,0.00314394
1.76004e+09,7037,-0.0469825,-0.0469181,6.4435e-05,1.26089,1.26409,0.00319629
1.76004e+09,7038,-0.047048,-0.0469825,6.54766e-05,1.25764,1.26089,0.00324869
1.76004e+09,7039,-0.0471145,-0.047048,6.65211e-05,1.25434,1.25764,0.00330115
1.76004e+09,7040,-0.0471821,-0.0471145,6.75687e-05,1.25099,1.25434,0.00335367
1.76004e+09,7041,-0.0472507,-0.0471145,0.000136188,1.24758,1.25434,0.00675993
1.76004e+09,7042,-0.0473204,-0.0471821,0.000138292,1.24412,1.25099,0.00686516
1.76004e+09,7043,-0.0473911,-0.0473204,7.07299e-05,1.24061,1.24412,0.00351162
1.76004e+09,7044,-0.0474629,-0.0473911,7.17901e-05,1.23705,1.24061,0.0035644
1.76004e+09,7045,-0.0475358,-0.0473911,0.000144644,1.23343,1.24061,0.00718167
1.76004e+09,7046,-0.0476097,-0.0474629,0.000146774,1.22976,1.23705,0.00728747
1.76004e+09,7047,-0.0476847,-0.0476097,7.49907e-05,1.22604,1.22976,0.00372323
1.76004e+09,7048,-0.0477608,-0.0476097,0.000151055,1.22226,1.22976,0.00749958
1.76004e+09,7049,-0.0478379,-0.0476847,0.000153206,1.21843,1.22604,0.0076059
1.76004e+09,7050,-0.0479161,-0.0477608,0.000155364,1.21455,1.22226,0.0077124
1.76004e+09,7051,-0.0479954,-0.0479161,7.93073e-05,1.21061,1.21455,0.00393625
1.76004e+09,7052,-0.0480758,-0.0479954,8.03956e-05,1.20662,1.21061,0.00398976
1.76004e+09,7053,-0.0481573,-0.0480758,8.14877e-05,1.20258,1.20662,0.00404337
1.76004e+09,7054,-0.0482399,-0.0481573,8.25838e-05,1.19848,1.20258,0.00409711
1.76004e+09,7055,-0.0483236,-0.0482399,8.36837e-05,1.19433,1.19848,0.00415096
1.76004e+09,7056,-0.0484084,-0.0483236,8.47877e-05,1.19012,1.19433,0.00420494
1.76004e+09,7057,-0.0484943,-0.0484084,8.58957e-05,1.18587,1.19012,0.00425906
1.76004e+09,7058,-0.0485813,-0.0484943,8.70078e-05,1.18155,1.18587,0.00431331
1.76004e+09,7059,-0.0486694,-0.0484943,0.000175132,1.17718,1.18587,0.00868103
1.76004e+09,7060,-0.0487586,-0.0486694,8.92448e-05,1.17276,1.17718,0.00442227
1.76004e+09,7061,-0.048849,-0.0487586,9.03698e-05,1.16828,1.17276,0.00447698
1.76004e+09,7062,-0.0489405,-0.048849,9.14991e-05,1.16375,1.16828,0.00453186
1.76004e+09,7063,-0.0490331,-0.0489405,9.2633e-05,1.15917,1.16375,0.00458691
1.76004e+09,7064,-0.0491269,-0.0490331,9.37714e-05,1.15452,1.15917,0.00464215
1.76004e+09,7065,-0.0492218,-0.0490331,0.000188686,1.14983,1.15917,0.00933973
1.76004e+09,7066,-0.0493179,-0.0491269,0.000190977,1.14507,1.15452,0.00945078
1.76004e+09,7067,-0.0494151,-0.0493179,9.72146e-05,1.14026,1.14507,0.00480904
1.76004e+09,7068,-0.0495135,-0.0494151,9.83719e-05,1.1354,1.14026,0.00486509
1.76004e+09,7069,-0.049613,-0.0495135,9.95341e-05,1.13048,1.1354,0.00492137
1.76004e+09,7070,-0.0497137,-0.049613,0.000100701,1.1255,1.13048,0.00497789
1.76004e+09,7071,-0.0498156,-0.0497137,0.000101874,1.12046,1.1255,0.00503465
1.76004e+09,7072,-0.0499186,-0.0498156,0.000103051,1.11537,1.12046,0.00509168
1.76004e+09,7073,-0.0500229,-0.0499186,0.000104234,1.11022,1.11537,0.00514897
1.76004e+09,7074,-0.0501283,-0.0500229,0.000105422,1.10502,1.11022,0.00520655
1.76004e+09,7075,-0.0502349,-0.0501283,0.000106615,1.09975,1.10502,0.00526442
1.76004e+09,7076,-0.0503427,-0.0502349,0.000107813,1.09443,1.09975,0.0053226
1.76004e+09,7077,-0.0504517,-0.0503427,0.000109018,1.08905,1.09443,0.0053811
1.76004e+09,7078,-0.050562,-0.0504517,0.000110227,1.08361,1.08905,0.00543994
1.76004e+09,7079,-0.0506734,-0.050562,0.000111443,1.07811,1.08361,0.00549912
1.76004e+09,7080,-0.0507861,-0.0506734,0.000112664,1.07255,1.07811,0.00555868
1.76004e+09,7081,-0.0509,-0.0507861,0.000113891,1.06693,1.07255,0.00561861
1.76004e+09,7082,-0.0510151,-0.0509,0.000115124,1.06125,1.06693,0.00567894
1.76004e+09,7083,-0.0511314,-0.0510151,0.000116363,1.05551,1.06125,0.00573969
1.76004e+09,7084,-0.0512491,-0.0511314,0.000117608,1.04971,1.05551,0.00580088
1.76004e+09,7085,-0.0513679,-0.0512491,0.000118858,1.04385,1.04971,0.00586252
1.76004e+09,7086,-0.051488,-0.0513679,0.000120116,1.03793,1.04385,0.00592463
1.76004e+09,7087,-0.0516094,-0.051488,0.000121379,1.03194,1.03793,0.00598724
1.76004e+09,7088,-0.0517321,-0.0516094,0.000122649,1.02589,1.03194,0.00605037
1.76004e+09,7089,-0.051856,-0.0516094,0.000246574,1.01978,1.03194,0.0121644
1.76004e+09,7090,-0.0519812,-0.051856,0.000125208,1.0136,1.01978,0.00617827
1.76004e+09,7091,-0.0521077,-0.0519812,0.000126497,1.00735,1.0136,0.00624309
1.76004e+09,7092,-0.0522355,-0.0521077,0.000127793,1.00105,1.00735,0.00630853
1.76004e+09,7093,-0.0523646,-0.0522355,0.000129095,0.994671,1.00105,0.00637462
1.76004e+09,7094,-0.052495,-0.0523646,0.000130405,0.988229,0.994671,0.00644138
1.76004e+09,7095,-0.0526267,-0.052495,0.000131721,0.98172,0.988229,0.00650884
1.76004e+09,7096,-0.0527597,-0.0526267,0.000133044,0.975143,0.98172,0.00657704
1.76004e+09,7097,-0.0528941,-0.0527597,0.000134375,0.968497,0.975143,0.00664602
1.76004e+09,7098,-0.0530298,-0.0528941,0.000135712,0.961781,0.968497,0.0067158
1.76004e+09,7099,-0.0531669,-0.0530298,0.000137057,0.954995,0.961781,0.00678644
1.76004e+09,7100,-0.0533053,-0.0531669,0.000138409,0.948137,0.954995,0.00685795
1.76004e+09,7101,-0.0534451,-0.0533053,0.000139769,0.941207,0.948137,0.0069304
1.76004e+09,7102,-0.0535862,-0.0534451,0.000141136,0.934203,0.941207,0.00700382
1.76004e+09,7103,-0.0537287,-0.0535862,0.000142511,0.927125,0.934203,0.00707826
1.76004e+09,7104,-0.0538726,-0.0537287,0.000143893,0.919971,0.927125,0.00715377
1.76004e+09,7105,-0.0540179,-0.0538726,0.000145284,0.91274,0.919971,0.0072304
1.76004e+09,7106,-0.0541646,-0.0540179,0.000146683,0.905432,0.91274,0.00730821
1.76004e+09,7107,-0.0543127,-0.0541646,0.000148091,0.898045,0.905432,0.00738726
1.76004e+09,7108,-0.0544622,-0.0543127,0.000149506,0.890577,0.898045,0.00746761
1.76004e+09,7109,-0.0546131,-0.0544622,0.000150931,0.883028,0.890577,0.00754933
1.76004e+09,7110,-0.0547655,-0.0546131,0.000152365,0.875395,0.883028,0.00763249
1.76004e+09,7111,-0.0549193,-0.0547655,0.000153807,0.867678,0.875395,0.00771716
1.76004e+09,7112,-0.0550745,-0.0547655,0.000309067,0.859875,0.875395,0.0155206
1.76004e+09,7113,-0.0552313,-0.0550745,0.000156722,0.851984,0.859875,0.00789137
1.76004e+09,7114,-0.0553894,-0.0552313,0.000158194,0.844002,0.851984,0.00798109
1.76004e+09,7115,-0.0555491,-0.0553894,0.000159676,0.83593,0.844002,0.00807268
1.76004e+09,7116,-0.0557103,-0.0555491,0.000161169,0.827764,0.83593,0.00816624
1.76004e+09,7117,-0.055873,-0.0557103,0.000162673,0.819502,0.827764,0.00826189
1.76004e+09,7118,-0.0560372,-0.055873,0.000164188,0.811142,0.819502,0.00835975
1.76004e+09,7119,-0.0562029,-0.0560372,0.000165715,0.802682,0.811142,0.00845994
1.76004e+09,7120,-0.0563701,-0.0562029,0.000167254,0.794119,0.802682,0.0085626
1.76004e+09,7121,-0.0565389,-0.0563701,0.000168805,0.785451,0.794119,0.00866789
1.76004e+09,7122,-0.0567093,-0.0565389,0.000170369,0.776675,0.785451,0.00877597
1.76004e+09,7123,-0.0568812,-0.0567093,0.000171946,0.767788,0.776675,0.00888701
1.76004e+09,7124,-0.0570548,-0.0568812,0.000173536,0.758787,0.767788,0.0090012
1.76004e+09,7125,-0.0572299,-0.0570548,0.000175139,0.749669,0.758787,0.00911875
1.76004e+09,7126,-0.0574067,-0.0572299,0.000176755,0.740429,0.749669,0.00923987
1.76004e+09,7127,-0.0575851,-0.0574067,0.000178385,0.731064,0.740429,0.00936482
1.76004e+09,7128,-0.0577651,-0.0575851,0.000180028,0.72157,0.731064,0.00949385
1.76004e+09,7129,-0.0579468,-0.0577651,0.000181685,0.711943,0.72157,0.00962726
1.76004e+09,7130,-0.0581301,-0.0579468,0.000183354,0.702177,0.711943,0.00976536
1.76004e+09,7131,-0.0583152,-0.0581301,0.000185035,0.692269,0.702177,0.00990851
1.76004e+09,7132,-0.0585019,-0.0583152,0.000186728,0.682212,0.692269,0.0100571
1.76004e+09,7133,-0.0586903,-0.0585019,0.000188431,0.672,0.682212,0.0102115
1.76004e+09,7134,-0.0588805,-0.0586903,0.000190144,0.661628,0.672,0.0103722
1.76004e+09,7135,-0.0590723,-0.0588805,0.000191865,0.651088,0.661628,0.0105398
1.76004e+09,7136,-0.0592659,-0.0590723,0.000193592,0.640373,0.651088,0.0107148
1.76004e+09,7137,-0.0594612,-0.0592659,0.000195324,0.629476,0.640373,0.0108979
1.76004e+09,7138,-0.0596583,-0.0594612,0.000197057,0.618386,0.629476,0.0110898
1.76004e+09,7139,-0.0598571,-0.0596583,0.000198789,0.607094,0.618386,0.0112913
1.76004e+09,7140,-0.0601633,-0.0598571,0.000306202,0.606884,0.607094,0.000210423
1.76004e+09,7141,-0.0604719,-0.0601633,0.00030862,0.606671,0.606884,0.000213239
1.76004e+09,7142,-0.0607829,-0.0604719,0.000311027,0.606455,0.606671,0.000216078
1.76004e+09,7143,-0.0610964,-0.0607829,0.000313419,0.606236,0.606455,0.000218937
1.76004e+09,7144,-0.0614122,-0.0610964,0.000315791,0.606014,0.606236,0.000221814
1.76004e+09,7145,-0.0617303,-0.0614122,0.000318138,0.605789,0.606014,0.000224706
1.76004e+09,7146,-0.0620507,-0.0617303,0.000320457,0.605562,0.605789,0.00022761
1.76004e+09,7147,-0.0623735,-0.0620507,0.000322742,0.605331,0.605562,0.000230523
1.76004e+09,7148,-0.0626985,-0.0623735,0.000324989,0.605098,0.605331,0.000233441
1.76004e+09,7149,-0.0630257,-0.0626985,0.000327191,0.604861,0.605098,0.000236361
1.76004e+09,7150,-0.063355,-0.0630257,0.000329344,0.604622,0.604861,0.000239279
1.76004e+09,7151,-0.0636865,-0.063355,0.000331443,0.60438,0.604622,0.000242192
1.76004e+09,7152,-0.0640199,-0.0636865,0.000333482,0.604135,0.60438,0.000245094
1.76004e+09,7153,-0.0643554,-0.0640199,0.000335456,0.603887,0.604135,0.000247982
1.76004e+09,7154,-0.0646928,-0.0643554,0.00033736,0.603636,0.603887,0.000250852
1.76004e+09,7155,-0.0650319,-0.0646928,0.000339188,0.603382,0.603636,0.000253699
1.76004e+09,7156,-0.0653729,-0.0650319,0.000340935,0.603126,0.603382,0.000256518
1.76004e+09,7157,-0.0657155,-0.0653729,0.000342597,0.602866,0.603126,0.000259306
1.76004e+09,7158,-0.0660596,-0.0657155,0.000344168,0.602604,0.602866,0.000262058
1.76004e+09,7159,-0.0664053,-0.0660596,0.000345645,0.60234,0.602604,0.00026477
1.76004e+09,7160,-0.0667523,-0.0664053,0.000347023,0.602072,0.60234,0.000267437
1.76004e+09,7161,-0.0671006,-0.0667523,0.000348298,0.601802,0.602072,0.000270054
1.76004e+09,7162,-0.0674501,-0.0671006,0.000349466,0.601529,0.601802,0.000272619
1.76004e+09,7163,-0.0678006,-0.0674501,0.000350523,0.601254,0.601529,0.000275126
1.76004e+09,7164,-0.0681521,-0.0678006,0.000351468,0.600977,0.601254,0.000277571
1.76004e+09,7165,-0.0685044,-0.0678006,0.000703763,0.600697,0.601254,0.000557523
1.76004e+09,7166,-0.0688574,-0.0685044,0.000353005,0.600415,0.600697,0.000282263
1.76004e+09,7167,-0.069211,-0.0685044,0.000706599,0.60013,0.600697,0.000566765
1.76004e+09,7168,-0.069565,-0.069211,0.00035406,0.599843,0.60013,0.000286665
1.76004e+09,7169,-0.0699194,-0.069565,0.000354402,0.599555,0.599843,0.000288749
1.76004e+09,7170,-0.070274,-0.0699194,0.000354618,0.599264,0.599555,0.000290752
1.76004e+09,7171,-0.0706287,-0.070274,0.000354709,0.598971,0.599264,0.00029267
1.76004e+09,7172,-0.0709834,-0.0706287,0.000354674,0.598677,0.598971,0.000294501
1.76004e+09,7173,-0.0713379,-0.0709834,0.000354512,0.59838,0.598677,0.000296243
1.76004e+09,7174,-0.0716922,-0.0713379,0.000354225,0.598083,0.59838,0.000297893
1.76004e+09,7175,-0.072046,-0.0716922,0.000353812,0.597783,0.598083,0.000299451
1.76004e+09,7176,-0.0723992,-0.072046,0.000353276,0.597482,0.597783,0.000300915
1.76004e+09,7177,-0.0727519,-0.0723992,0.000352617,0.59718,0.597482,0.000302284
1.76004e+09,7178,-0.0731037,-0.0727519,0.000351837,0.596876,0.59718,0.000303557
1.76004e+09,7179,-0.0734546,-0.0731037,0.00035094,0.596572,0.596876,0.000304734
1.76004e+09,7180,-0.0738046,-0.0734546,0.000349926,0.596266,0.596572,0.000305814
1.76004e+09,7181,-0.0741534,-0.0734546,0.000698726,0.595959,0.596572,0.000612612
1.76004e+09,7182,-0.0745009,-0.0741534,0.000347564,0.595651,0.595959,0.000307686
1.76004e+09,7183,-0.0748471,-0.0745009,0.000346222,0.595343,0.595651,0.00030848
1.76004e+09,7184,-0.0751919,-0.0748471,0.000344777,0.595034,0.595343,0.00030918
1.76004e+09,7185,-0.0755352,-0.0751919,0.000343235,0.594724,0.595034,0.000309788
1.76004e+09,7186,-0.0758768,-0.0755352,0.000341599,0.594414,0.594724,0.000310306
1.76004e+09,7187,-0.0762166,-0.0758768,0.000339874,0.594103,0.594414,0.000310736
1.76004e+09,7188,-0.0765547,-0.0762166,0.000338065,0.593792,0.594103,0.000311081
1.76004e+09,7189,-0.0768909,-0.0765547,0.000336177,0.59348,0.593792,0.000311342
1.76004e+09,7190,-0.0772251,-0.0768909,0.000334216,0.593169,0.59348,0.000311524
1.76004e+09,7191,-0.0775573,-0.0772251,0.000332186,0.592857,0.593169,0.000311629
1.76004e+09,7192,-0.0778874,-0.0775573,0.000330093,0.592546,0.592857,0.000311661
1.76004e+09,7193,-0.0782153,-0.0778874,0.000327943,0.592234,0.592546,0.000311623
1.76004e+09,7194,-0.0785411,-0.0782153,0.00032574,0.591922,0.592234,0.000311518
1.76004e+09,7195,-0.0788645,-0.0785411,0.000323492,0.591611,0.591922,0.000311352
1.76004e+09,7196,-0.0791857,-0.0788645,0.000321201,0.5913,0.591611,0.000311127
1.76004e+09,7197,-0.0795046,-0.0791857,0.000318875,0.590989,0.5913,0.000310847
1.76004e+09,7198,-0.0798211,-0.0795046,0.000316518,0.590679,0.590989,0.000310516
1.76004e+09,7199,-0.0801353,-0.0798211,0.000314134,0.590368,0.590679,0.000310138
1.76004e+09,7200,-0.080447,-0.0801353,0.000311729,0.590059,0.590368,0.000309716
1.76004e+09,7201,-0.0807563,-0.080447,0.000309305,0.58975,0.590059,0.000309253
1.76004e+09,7202,-0.0810632,-0.0807563,0.000306868,0.589441,0.58975,0.000308753
1.76004e+09,7203,-0.0813676,-0.0810632,0.00030442,0.589133,0.589441,0.000308219
1.76004e+09,7204,-0.0816696,-0.0813676,0.000301965,0.588825,0.589133,0.000307653
1.76004e+09,7205,-0.0819691,-0.0816696,0.000299506,0.588518,0.588825,0.000307059
1.76004e+09,7206,-0.0822661,-0.0819691,0.000297046,0.588211,0.588518,0.000306439
1.76004e+09,7207,-0.0825607,-0.0822661,0.000294589,0.587906,0.588211,0.000305795
1.76004e+09,7208,-0.0828528,-0.0825607,0.000292135,0.5876,0.587906,0.00030513
1.76004e+09,7209,-0.0831425,-0.0825607,0.000581822,0.587296,0.587906,0.000609577
1.76004e+09,7210,-0.0834298,-0.0828528,0.000576934,0.586992,0.5876,0.000608192
1.76004e+09,7211,-0.0837146,-0.0831425,0.000572062,0.586689,0.587296,0.000606775
1.76004e+09,7212,-0.083997,-0.0834298,0.000567211,0.586387,0.586992,0.000605327
1.76004e+09,7213,-0.084277,-0.083997,0.000279986,0.586085,0.586387,0.000301554
1.76004e+09,7214,-0.0845546,-0.084277,0.00027759,0.585785,0.586085,0.000300798
1.76004e+09,7215,-0.0848298,-0.0845546,0.000275206,0.585485,0.585785,0.000300031
1.76004e+09,7216,-0.0851026,-0.0848298,0.000272835,0.585185,0.585485,0.000299254
1.76004e+09,7217,-0.0853731,-0.0851026,0.000270478,0.584887,0.585185,0.000298467
1.76004e+09,7218,-0.0856412,-0.0853731,0.000268135,0.584589,0.584887,0.000297672
1.76004e+09,7219,-0.085907,-0.0853731,0.000533942,0.584292,0.584887,0.000594539
1.76004e+09,7220,-0.0861705,-0.085907,0.000263491,0.583996,0.584292,0.000296055
1.76004e+09,7221,-0.0864317,-0.0861705,0.00026119,0.583701,0.583996,0.000295235
1.76004e+09,7222,-0.0866906,-0.0864317,0.000258903,0.583407,0.583701,0.000294407
1.76004e+09,7223,-0.0869472,-0.0866906,0.000256629,0.583113,0.583407,0.000293571
1.76004e+09,7224,-0.0872016,-0.0869472,0.000254368,0.58282,0.583113,0.000292729
1.76004e+09,7225,-0.0874537,-0.0872016,0.00025212,0.582528,0.58282,0.000291879
1.76004e+09,7226,-0.0877036,-0.0874537,0.000249886,0.582237,0.582528,0.000291022
1.76004e+09,7227,-0.0879513,-0.0877036,0.000247664,0.581947,0.582237,0.000290158
1.76004e+09,7228,-0.0881967,-0.0879513,0.000245454,0.581658,0.581947,0.000289287
1.76004e+09,7229,-0.08844,-0.0881967,0.000243256,0.58137,0.581658,0.000288409
1.76004e+09,7230,-0.088681,-0.0881967,0.000484327,0.581082,0.581658,0.000575934
1.76004e+09,7231,-0.0889199,-0.08844,0.000479966,0.580795,0.58137,0.000574158
1.76004e+09,7232,-0.0891567,-0.0889199,0.000236733,0.58051,0.580795,0.000285735
1.76004e+09,7233,-0.0893913,-0.0891567,0.000234581,0.580225,0.58051,0.000284831
1.76004e+09,7234,-0.0896237,-0.0891567,0.00046702,0.579941,0.58051,0.00056875
1.76004e+09,7235,-0.089854,-0.0893913,0.000462748,0.579658,0.580225,0.000566921
1.76004e+09,7236,-0.0900822,-0.0896237,0.000458497,0.579376,0.579941,0.00056508
1.76004e+09,7237,-0.0903083,-0.089854,0.000454267,0.579095,0.579658,0.000563225
1.76004e+09,7238,-0.0905323,-0.0903083,0.000223978,0.578814,0.579095,0.000280211
1.76004e+09,7239,-0.0907541,-0.0905323,0.000221888,0.578535,0.578814,0.000279269
1.76004e+09,7240,-0.0909739,-0.0905323,0.000441695,0.578257,0.578814,0.000557589
1.76004e+09,7241,-0.0911917,-0.0909739,0.000217736,0.57798,0.578257,0.000277366
1.76004e+09,7242,-0.0914074,-0.0911917,0.000215675,0.577703,0.57798,0.000276406
1.76004e+09,7243,-0.091621,-0.0911917,0.000429297,0.577428,0.57798,0.000551847
1.76004e+09,7244,-0.0918326,-0.091621,0.000211579,0.577153,0.577428,0.00027447
1.76004e+09,7245,-0.0920421,-0.0918326,0.000209545,0.57688,0.577153,0.000273494
1.76004e+09,7246,-0.0922496,-0.0920421,0.000207521,0.576607,0.57688,0.000272513
1.76004e+09,7247,-0.0924551,-0.0922496,0.000205504,0.576336,0.576607,0.000271526
1.76004e+09,7248,-0.0926586,-0.0924551,0.000203497,0.576065,0.576336,0.000270535
1.76004e+09,7249,-0.0928601,-0.0924551,0.000404996,0.575796,0.576336,0.000540075
1.76004e+09,7250,-0.0930596,-0.0926586,0.000401007,0.575527,0.576065,0.00053808
1.76004e+09,7251,-0.0932572,-0.0930596,0.000197527,0.57526,0.575527,0.000267535
1.76004e+09,7252,-0.0934527,-0.0932572,0.000195554,0.574993,0.57526,0.000266527
1.76004e+09,7253,-0.0936463,-0.0934527,0.00019359,0.574727,0.574993,0.000265514
1.76004e+09,7254,-0.0938379,-0.0936463,0.000191634,0.574463,0.574727,0.000264498
1.76004e+09,7255,-0.0940276,-0.0938379,0.000189686,0.5742,0.574463,0.000263478
1.76004e+09,7256,-0.0942154,-0.0940276,0.000187746,0.573937,0.5742,0.000262454
1.76004e+09,7257,-0.0944012,-0.0940276,0.00037356,0.573676,0.5742,0.000523881
1.76004e+09,7258,-0.0945851,-0.0944012,0.00018389,0.573415,0.573676,0.000260396
1.76004e+09,7259,-0.094767,-0.0945851,0.000181974,0.573156,0.573415,0.000259363
1.76004e+09,7260,-0.0949471,-0.094767,0.000180066,0.572898,0.573156,0.000258326
1.76004e+09,7261,-0.0951253,-0.0949471,0.000178166,0.57264,0.572898,0.000257287
1.76004e+09,7262,-0.0953016,-0.0951253,0.000176274,0.572384,0.57264,0.000256245
1.76004e+09,7263,-0.0954759,-0.0953016,0.000174389,0.572129,0.572384,0.0002552
1.76004e+09,7264,-0.0956485,-0.0954759,0.000172511,0.571875,0.572129,0.000254153
1.76004e+09,7265,-0.0958191,-0.0954759,0.000343153,0.571622,0.572129,0.000507256
1.76004e+09,7266,-0.0959879,-0.0958191,0.000168779,0.57137,0.571622,0.000252052
1.76004e+09,7267,-0.0961548,-0.0958191,0.000335703,0.571119,0.571622,0.00050305
1.76004e+09,7268,-0.0963199,-0.0959879,0.000332,0.570869,0.57137,0.00050094
1.76004e+09,7269,-0.0964831,-0.0961548,0.000328311,0.57062,0.571119,0.000498827
1.76004e+09,7270,-0.0966445,-0.0964831,0.000161401,0.570372,0.57062,0.000247826
1.76004e+09,7271,-0.0968041,-0.0966445,0.000159575,0.570125,0.570372,0.000246765
1.76004e+09,7272,-0.0969618,-0.0968041,0.000157755,0.569879,0.570125,0.000245703
1.76004e+09,7273,-0.0971178,-0.0969618,0.000155942,0.569635,0.569879,0.00024464
1.76004e+09,7274,-0.0972719,-0.0971178,0.000154136,0.569391,0.569635,0.000243575
1.76004e+09,7275,-0.0974243,-0.0972719,0.000152337,0.569149,0.569391,0.000242509
1.76004e+09,7276,-0.0975748,-0.0974243,0.000150544,0.568907,0.569149,0.000241443
1.76004e+09,7277,-0.0977236,-0.0975748,0.000148758,0.568667,0.568907,0.000240375
1.76004e+09,7278,-0.0978705,-0.0977236,0.000146978,0.568428,0.568667,0.000239306
1.76004e+09,7279,-0.0980157,-0.0978705,0.000145205,0.568189,0.568428,0.000238237
1.76004e+09,7280,-0.0981592,-0.0980157,0.000143438,0.567952,0.568189,0.000237168
1.76004e+09,7281,-0.0983009,-0.0980157,0.000285114,0.567716,0.568189,0.000473265
1.76004e+09,7282,-0.0984408,-0.0983009,0.000139922,0.567481,0.567716,0.000235027
1.76004e+09,7283,-0.098579,-0.0983009,0.000278096,0.567247,0.567716,0.000468983
1.76004e+09,7284,-0.0987154,-0.098579,0.000136431,0.567014,0.567247,0.000232885
1.76004e+09,7285,-0.0988501,-0.0987154,0.000134695,0.566782,0.567014,0.000231814
1.76004e+09,7286,-0.098983,-0.0988501,0.000132964,0.566552,0.566782,0.000230743
1.76004e+09,7287,-0.0991143,-0.098983,0.000131239,0.566322,0.566552,0.000229672
1.76004e+09,7288,-0.0992438,-0.0991143,0.00012952,0.566093,0.566322,0.000228601
1.76004e+09,7289,-0.0993716,-0.0992438,0.000127806,0.565866,0.566093,0.00022753
1.76004e+09,7290,-0.0994977,-0.0993716,0.000126099,0.565639,0.565866,0.00022646
1.76004e+09,7291,-0.0996221,-0.0994977,0.000124396,0.565414,0.565639,0.00022539
1.76004e+09,7292,-0.0997448,-0.0996221,0.000122699,0.56519,0.565414,0.000224321
1.76004e+09,7293,-0.0998658,-0.0997448,0.000121007,0.564966,0.56519,0.000223253
1.76004e+09,7294,-0.0999851,-0.0998658,0.000119321,0.564744,0.564966,0.000222185
1.76004e+09,7295,-0.100103,-0.0999851,0.00011764,0.564523,0.564744,0.000221118
1.76004e+09,7296,-0.100219,-0.100103,0.000115964,0.564303,0.564523,0.000220052
1.76004e+09,7297,-0.100333,-0.100219,0.000114293,0.564084,0.564303,0.000218987
1.76004e+09,7298,-0.100446,-0.100219,0.00022692,0.563866,0.564303,0.000436909
1.76004e+09,7299,-0.100557,-0.100446,0.000110966,0.563649,0.563866,0.00021686
1.76004e+09,7300,-0.100666,-0.100557,0.00010931,0.563433,0.563649,0.000215798
1.76004e+09,7301,-0.100774,-0.100557,0.000216968,0.563219,0.563649,0.000430536
1.76004e+09,7302,-0.10088,-0.100666,0.00021367,0.563005,0.563433,0.000428417
1.76004e+09,7303,-0.100984,-0.100774,0.000210381,0.562792,0.563219,0.0004263
1.76004e+09,7304,-0.101087,-0.100984,0.000102732,0.562581,0.562792,0.000211565
1.76004e+09,7305,-0.101188,-0.101087,0.000101099,0.56237,0.562581,0.000210511
1.76004e+09,7306,-0.101287,-0.101188,9.94703e-05,0.562161,0.56237,0.000209458
1.76004e+09,7307,-0.101385,-0.101287,9.78461e-05,0.561952,0.562161,0.000208407
1.76004e+09,7308,-0.101481,-0.101385,9.62262e-05,0.561745,0.561952,0.000207358
1.76004e+09,7309,-0.101576,-0.101481,9.46105e-05,0.561539,0.561745,0.000206311
1.76004e+09,7310,-0.101669,-0.101481,0.000187609,0.561334,0.561745,0.000411577
1.76004e+09,7311,-0.10176,-0.101576,0.00018439,0.561129,0.561539,0.000409488
1.76004e+09,7312,-0.10185,-0.10176,8.9788e-05,0.560926,0.561129,0.000203182
1.76004e+09,7313,-0.101938,-0.10185,8.81885e-05,0.560724,0.560926,0.000202143
1.76004e+09,7314,-0.102025,-0.101938,8.65929e-05,0.560523,0.560724,0.000201106
1.76004e+09,7315,-0.10211,-0.101938,0.000171594,0.560323,0.560724,0.000401178
1.76004e+09,7316,-0.102193,-0.10211,8.3413e-05,0.560124,0.560323,0.00019904
1.76004e+09,7317,-0.102275,-0.10211,0.000165242,0.559926,0.560323,0.00039705
1.76004e+09,7318,-0.102355,-0.102275,8.02478e-05,0.559729,0.559926,0.000196984
1.76004e+09,7319,-0.102434,-0.102355,7.86705e-05,0.559533,0.559729,0.000195959
1.76004e+09,7320,-0.102511,-0.102434,7.70967e-05,0.559338,0.559533,0.000194938
1.76004e+09,7321,-0.102587,-0.102511,7.55263e-05,0.559144,0.559338,0.000193919
1.76004e+09,7322,-0.102661,-0.102587,7.39593e-05,0.558951,0.559144,0.000192902
1.76004e+09,7323,-0.102733,-0.102661,7.23955e-05,0.558759,0.558951,0.000191889
1.76004e+09,7324,-0.102804,-0.102733,7.08349e-05,0.558568,0.558759,0.000190879
1.76004e+09,7325,-0.102873,-0.102804,6.92775e-05,0.558378,0.558568,0.000189871
1.76004e+09,7326,-0.102941,-0.102873,6.77231e-05,0.55819,0.558378,0.000188867
1.76004e+09,7327,-0.103007,-0.102941,6.61718e-05,0.558002,0.55819,0.000187866
1.76004e+09,7328,-0.103072,-0.103007,6.46234e-05,0.557815,0.558002,0.000186868
1.76004e+09,7329,-0.103135,-0.103072,6.30778e-05,0.557629,0.557815,0.000185873
1.76004e+09,7330,-0.103196,-0.103135,6.15351e-05,0.557444,0.557629,0.000184881
1.76004e+09,7331,-0.103256,-0.103196,5.99951e-05,0.55726,0.557444,0.000183893
1.76004e+09,7332,-0.103315,-0.103256,5.84578e-05,0.557077,0.55726,0.000182908
1.76004e+09,7333,-0.103372,-0.103315,5.69231e-05,0.556895,0.557077,0.000181926
1.76004e+09,7334,-0.103427,-0.103315,0.000112314,0.556714,0.557077,0.000362875
1.76004e+09,7335,-0.103481,-0.103372,0.000109252,0.556534,0.556895,0.000360923
1.76004e+09,7336,-0.103533,-0.103427,0.000106195,0.556355,0.556714,0.000358978
1.76004e+09,7337,-0.103584,-0.103481,0.000103143,0.556177,0.556534,0.00035704
1.76004e+09,7338,-0.103633,-0.103533,0.000100096,0.556,0.556355,0.000355109
1.76004e+09,7339,-0.103681,-0.103584,9.70525e-05,0.555824,0.556177,0.000353187
1.76004e+09,7340,-0.103727,-0.103633,9.40138e-05,0.555649,0.556,0.000351272
1.76004e+09,7341,-0.103772,-0.103681,9.09794e-05,0.555475,0.555824,0.000349364
1.76004e+09,7342,-0.103815,-0.103727,8.79491e-05,0.555302,0.555649,0.000347465
1.76004e+09,7343,-0.103857,-0.103815,4.17053e-05,0.555129,0.555302,0.000172315
1.76004e+09,7344,-0.103897,-0.103857,4.0195e-05,0.554958,0.555129,0.000171375
1.76004e+09,7345,-0.103936,-0.103897,3.86866e-05,0.554787,0.554958,0.00017044
1.76004e+09,7346,-0.103973,-0.103936,3.71799e-05,0.554618,0.554787,0.000169508
1.76004e+09,7347,-0.104009,-0.103973,3.5675e-05,0.554449,0.554618,0.000168581
1.76004e+09,7348,-0.104043,-0.103973,6.98466e-05,0.554282,0.554618,0.00033624
1.76004e+09,7349,-0.104076,-0.104009,6.68415e-05,0.554115,0.554449,0.000334399
1.76004e+09,7350,-0.104107,-0.104043,6.38396e-05,0.553949,0.554282,0.000332567
1.76004e+09,7351,-0.104136,-0.104076,6.08405e-05,0.553784,0.554115,0.000330743
1.76004e+09,7352,-0.104165,-0.104136,2.81735e-05,0.55362,0.553784,0.000164012
1.76004e+09,7353,-0.104191,-0.104165,2.66774e-05,0.553457,0.55362,0.000163111
1.76004e+09,7354,-0.104216,-0.104191,2.51826e-05,0.553295,0.553457,0.000162216
1.76004e+09,7355,-0.10424,-0.104216,2.3689e-05,0.553134,0.553295,0.000161325
1.76004e+09,7356,-0.104262,-0.10424,2.21965e-05,0.552973,0.553134,0.000160438
1.76004e+09,7357,-0.104283,-0.104262,2.07051e-05,0.552814,0.552973,0.000159557
1.76004e+09,7358,-0.104302,-0.104283,1.92147e-05,0.552655,0.552814,0.00015868
1.76004e+09,7359,-0.10432,-0.104302,1.77252e-05,0.552497,0.552655,0.000157808
1.76004e+09,7360,-0.104336,-0.10432,1.62366e-05,0.55234,0.552497,0.000156941
1.76004e+09,7361,-0.104351,-0.104336,1.47488e-05,0.552184,0.55234,0.00015608
1.76004e+09,7362,-0.104364,-0.104351,1.32618e-05,0.552029,0.552184,0.000155223
1.76004e+09,7363,-0.104376,-0.104351,2.50373e-05,0.551874,0.552184,0.000309594
1.76004e+09,7364,-0.104386,-0.104364,2.20653e-05,0.551721,0.552029,0.000307896
1.76004e+09,7365,-0.104395,-0.104376,1.90944e-05,0.551568,0.551874,0.000306209
1.76004e+09,7366,-0.104402,-0.104386,1.61247e-05,0.551416,0.551721,0.000304532
1.76004e+09,7367,-0.104408,-0.104402,5.83581e-06,0.551265,0.551416,0.000151017
1.76004e+09,7368,-0.104413,-0.104408,4.35198e-06,0.551115,0.551265,0.000150192
1.76004e+09,7369,-0.104415,-0.104408,7.22045e-06,0.550966,0.551265,0.000299565
1.76004e+09,7370,-0.104417,-0.104413,4.25367e-06,0.550817,0.551115,0.000297931
1.76004e+09,7371,-0.104417,-0.104415,1.28732e-06,0.55067,0.550966,0.000296308
1.76004e+09,7372,-0.104415,-0.104417,-1.58084e-06,0.550523,0.55067,0.000146947
1.76004e+09,7373,-0.104412,-0.104415,-3.06373e-06,0.550376,0.550523,0.000146149
1.76004e+09,7374,-0.104408,-0.104412,-4.54663e-06,0.550231,0.550376,0.000145358
1.76004e+09,7375,-0.104402,-0.104408,-6.0296e-06,0.550086,0.550231,0.000144572
1.76004e+09,7376,-0.104394,-0.104408,-1.35423e-05,0.549943,0.550231,0.000288364
1.76004e+09,7377,-0.104385,-0.104394,-8.99598e-06,0.5498,0.549943,0.000143018
1.76004e+09,7378,-0.104375,-0.104385,-1.04795e-05,0.549657,0.5498,0.00014225
1.76004e+09,7379,-0.104363,-0.104375,-1.19634e-05,0.549516,0.549657,0.000141488
1.76004e+09,7380,-0.104349,-0.104363,-1.34476e-05,0.549375,0.549516,0.000140732
1.76004e+09,7381,-0.104334,-0.104349,-1.49323e-05,0.549235,0.549375,0.000139982
1.76004e+09,7382,-0.104318,-0.104334,-1.64175e-05,0.549096,0.549235,0.000139238
1.76004e+09,7383,-0.1043,-0.104334,-3.43207e-05,0.548957,0.549235,0.00027774
1.76004e+09,7384,-0.104281,-0.1043,-1.93896e-05,0.54882,0.548957,0.00013777
1.76004e+09,7385,-0.10426,-0.104281,-2.08767e-05,0.548683,0.54882,0.000137045
1.76004e+09,7386,-0.104237,-0.10426,-2.23645e-05,0.548546,0.548683,0.000136327
1.76004e+09,7387,-0.104213,-0.104237,-2.38532e-05,0.548411,0.548546,0.000135616
1.76004e+09,7388,-0.104188,-0.104213,-2.53427e-05,0.548276,0.548411,0.00013491
1.76004e+09,7389,-0.104161,-0.104188,-2.68332e-05,0.548142,0.548276,0.000134212
1.76004e+09,7390,-0.104133,-0.104161,-2.83247e-05,0.548008,0.548142,0.00013352
1.76004e+09,7391,-0.104103,-0.104133,-2.98173e-05,0.547875,0.548008,0.000132835
1.76004e+09,7392,-0.104072,-0.104103,-3.1311e-05,0.547743,0.547875,0.000132157
1.76004e+09,7393,-0.104039,-0.104072,-3.28059e-05,0.547612,0.547743,0.000131485
1.76004e+09,7394,-0.104005,-0.104039,-3.4302e-05,0.547481,0.547612,0.000130821
1.76004e+09,7395,-0.103969,-0.104005,-3.57995e-05,0.547351,0.547481,0.000130163
1.76004e+09,7396,-0.103932,-0.103969,-3.72984e-05,0.547221,0.547351,0.000129513
1.76004e+09,7397,-0.103893,-0.103932,-3.87987e-05,0.547092,0.547221,0.00012887
1.76004e+09,7398,-0.103852,-0.103893,-4.03006e-05,0.546964,0.547092,0.000128234
1.76004e+09,7399,-0.103811,-0.103852,-4.1804e-05,0.546836,0.546964,0.000127605
1.76004e+09,7400,-0.103767,-0.103811,-4.33091e-05,0.546709,0.546836,0.000126984
1.76004e+09,7401,-0.103723,-0.103767,-4.48159e-05,0.546583,0.546709,0.00012637
1.76004e+09,7402,-0.103676,-0.103723,-4.63244e-05,0.546457,0.546583,0.000125764
1.76004e+09,7403,-0.103628,-0.103676,-4.78348e-05,0.546332,0.546457,0.000125165
1.76004e+09,7404,-0.103579,-0.103628,-4.93471e-05,0.546208,0.546332,0.000124573
1.76004e+09,7405,-0.103528,-0.103579,-5.08613e-05,0.546084,0.546208,0.00012399
1.76004e+09,7406,-0.103476,-0.103528,-5.23776e-05,0.54596,0.546084,0.000123414
1.76004e+09,7407,-0.103422,-0.103476,-5.3896e-05,0.545837,0.54596,0.000122846
1.76004e+09,7408,-0.103367,-0.103422,-5.54165e-05,0.545715,0.545837,0.000122286
1.76004e+09,7409,-0.10331,-0.103367,-5.69392e-05,0.545593,0.545715,0.000121734
1.76004e+09,7410,-0.103251,-0.10331,-5.84643e-05,0.545472,0.545593,0.00012119
1.76004e+09,7411,-0.103191,-0.103251,-5.99916e-05,0.545351,0.545472,0.000120655
1.76004e+09,7412,-0.10313,-0.103191,-6.15214e-05,0.545231,0.545351,0.000120127
1.76004e+09,7413,-0.103067,-0.103191,-0.000124575,0.545112,0.545351,0.000239735
1.76004e+09,7414,-0.103002,-0.10313,-0.000127642,0.544993,0.545231,0.000238705
1.76004e+09,7415,-0.102936,-0.103067,-0.000130714,0.544874,0.545112,0.000237692
1.76004e+09,7416,-0.102868,-0.103002,-0.000133792,0.544756,0.544993,0.000236696
1.76004e+09,7417,-0.102799,-0.102936,-0.000136875,0.544638,0.544874,0.000235717
1.76004e+09,7418,-0.102728,-0.102868,-0.000139963,0.544521,0.544756,0.000234756
1.76004e+09,7419,-0.102656,-0.102728,-7.23029e-05,0.544404,0.544521,0.000116672
1.76004e+09,7420,-0.102582,-0.102656,-7.38543e-05,0.544288,0.544404,0.000116213
1.76004e+09,7421,-0.102507,-0.102582,-7.54088e-05,0.544172,0.544288,0.000115764
1.76004e+09,7422,-0.10243,-0.102507,-7.69663e-05,0.544057,0.544172,0.000115323
1.76004e+09,7423,-0.102351,-0.10243,-7.85269e-05,0.543942,0.544057,0.000114892
1.76004e+09,7424,-0.102271,-0.102351,-8.00907e-05,0.543828,0.543942,0.00011447
1.76004e+09,7425,-0.102189,-0.102271,-8.16578e-05,0.543714,0.543828,0.000114057
1.76004e+09,7426,-0.102106,-0.102189,-8.32282e-05,0.5436,0.543714,0.000113653
1.76004e+09,7427,-0.102021,-0.102106,-8.4802e-05,0.543487,0.5436,0.000113259
1.76004e+09,7428,-0.101935,-0.102021,-8.63792e-05,0.543374,0.543487,0.000112875
1.76004e+09,7429,-0.101847,-0.101935,-8.796e-05,0.543261,0.543374,0.000112501
1.76004e+09,7430,-0.101757,-0.101847,-8.95444e-05,0.543149,0.543261,0.000112136
1.76004e+09,7431,-0.101666,-0.101757,-9.11325e-05,0.543038,0.543149,0.000111781
1.76004e+09,7432,-0.101574,-0.101666,-9.27243e-05,0.542926,0.543038,0.000111436
1.76004e+09,7433,-0.101479,-0.101574,-9.43198e-05,0.542815,0.542926,0.000111102
1.76004e+09,7434,-0.101383,-0.101574,-0.000190239,0.542704,0.542926,0.000221879
1.76004e+09,7435,-0.101286,-0.101479,-0.000193442,0.542594,0.542815,0.000221241
1.76004e+09,7436,-0.101187,-0.101383,-0.000196653,0.542484,0.542704,0.000220623
1.76004e+09,7437,-0.101086,-0.101187,-0.000100741,0.542374,0.542484,0.000109867
1.76004e+09,7438,-0.100984,-0.101086,-0.000102357,0.542264,0.542374,0.000109584
1.76004e+09,7439,-0.10088,-0.100984,-0.000103977,0.542155,0.542264,0.000109313
1.76004e+09,7440,-0.100774,-0.10088,-0.000105601,0.542046,0.542155,0.000109052
1.76004e+09,7441,-0.100667,-0.100774,-0.000107229,0.541937,0.542046,0.000108802
1.76004e+09,7442,-0.100558,-0.100667,-0.000108862,0.541828,0.541937,0.000108564
1.76004e+09,7443,-0.100447,-0.100558,-0.000110499,0.54172,0.541828,0.000108336
1.76004e+09,7444,-0.100335,-0.100447,-0.000112141,0.541612,0.54172,0.00010812
1.76004e+09,7445,-0.100222,-0.100335,-0.000113788,0.541504,0.541612,0.000107915
1.76004e+09,7446,-0.100106,-0.100222,-0.000115439,0.541396,0.541504,0.000107722
1.76004e+09,7447,-0.099989,-0.100106,-0.000117095,0.541289,0.541396,0.000107541
1.76004e+09,7448,-0.0998702,-0.100106,-0.00023585,0.541181,0.541396,0.000214913
1.76004e+09,7449,-0.0997498,-0.0998702,-0.000120421,0.541074,0.541181,0.000107214
1.76004e+09,7450,-0.0996277,-0.0997498,-0.000122092,0.540967,0.541074,0.000107069
1.76004e+09,7451,-0.099504,-0.0996277,-0.000123767,0.54086,0.540967,0.000106936
1.76004e+09,7452,-0.0993785,-0.099504,-0.000125448,0.540753,0.54086,0.000106815
1.76004e+09,7453,-0.0992514,-0.0993785,-0.000127134,0.540647,0.540753,0.000106707
1.76004e+09,7454,-0.0991225,-0.0992514,-0.000128825,0.54054,0.540647,0.000106611
1.76004e+09,7455,-0.098992,-0.0991225,-0.000130521,0.540434,0.54054,0.000106528
1.76004e+09,7456,-0.0988598,-0.098992,-0.000132223,0.540327,0.540434,0.000106458
1.76004e+09,7457,-0.0987259,-0.0988598,-0.000133931,0.540221,0.540327,0.000106401
1.76004e+09,7458,-0.0985902,-0.0987259,-0.000135644,0.540114,0.540221,0.000106357
1.76004e+09,7459,-0.0984529,-0.0985902,-0.000137362,0.540008,0.540114,0.000106327
1.76004e+09,7460,-0.0983138,-0.0984529,-0.000139086,0.539902,0.540008,0.00010631
1.76004e+09,7461,-0.098173,-0.0983138,-0.000140816,0.539795,0.539902,0.000106307
1.76004e+09,7462,-0.0980304,-0.098173,-0.000142552,0.539689,0.539795,0.000106317
1.76004e+09,7463,-0.0978861,-0.0980304,-0.000144294,0.539583,0.539689,0.000106342
1.76004e+09,7464,-0.0977401,-0.0980304,-0.000290335,0.539476,0.539689,0.000212722
1.76004e+09,7465,-0.0975923,-0.0977401,-0.000147795,0.53937,0.539476,0.000106433
1.76004e+09,7466,-0.0974427,-0.0975923,-0.000149555,0.539263,0.53937,0.0001065
1.76004e+09,7467,-0.0972914,-0.0974427,-0.000151321,0.539157,0.539263,0.000106582
1.76004e+09,7468,-0.0971383,-0.0974427,-0.000304414,0.53905,0.539263,0.000213261
1.76004e+09,7469,-0.0969834,-0.0971383,-0.000154872,0.538943,0.53905,0.00010679
1.76004e+09,7470,-0.0968268,-0.0969834,-0.000156657,0.538836,0.538943,0.000106917
1.76004e+09,7471,-0.0966683,-0.0968268,-0.000158449,0.538729,0.538836,0.000107059
1.76004e+09,7472,-0.0965081,-0.0966683,-0.000160247,0.538622,0.538729,0.000107216
1.76004e+09,7473,-0.096346,-0.0965081,-0.000162052,0.538515,0.538622,0.000107389
1.76004e+09,7474,-0.0961822,-0.096346,-0.000163863,0.538407,0.538515,0.000107578
1.76004e+09,7475,-0.0960165,-0.0961822,-0.000165682,0.538299,0.538407,0.000107783
1.76004e+09,7476,-0.095849,-0.0960165,-0.000167507,0.538191,0.538299,0.000108004
1.76004e+09,7477,-0.0956796,-0.095849,-0.000169339,0.538083,0.538191,0.000108242
1.76004e+09,7478,-0.0955085,-0.0956796,-0.000171179,0.537975,0.538083,0.000108496
1.76004e+09,7479,-0.0953354,-0.0955085,-0.000173025,0.537866,0.537975,0.000108766
1.76004e+09,7480,-0.0951606,-0.0955085,-0.000347904,0.537757,0.537975,0.000217821
1.76004e+09,7481,-0.0949838,-0.0951606,-0.000176739,0.537647,0.537757,0.000109359
1.76004e+09,7482,-0.0948052,-0.0949838,-0.000178607,0.537538,0.537647,0.000109681
1.76004e+09,7483,-0.0946247,-0.0948052,-0.000180483,0.537428,0.537538,0.000110021
1.76004e+09,7484,-0.0944424,-0.0946247,-0.000182366,0.537317,0.537428,0.000110379
1.76004e+09,7485,-0.0942581,-0.0944424,-0.000184256,0.537207,0.537317,0.000110755
1.76004e+09,7486,-0.094072,-0.0942581,-0.000186155,0.537096,0.537207,0.000111149
1.76004e+09,7487,-0.0938839,-0.094072,-0.00018806,0.536984,0.537096,0.000111561
1.76004e+09,7488,-0.0936939,-0.0938839,-0.000189974,0.536872,0.536984,0.000111992
1.76004e+09,7489,-0.093502,-0.0936939,-0.000191895,0.53676,0.536872,0.000112442
1.76004e+09,7490,-0.0933082,-0.093502,-0.000193825,0.536647,0.53676,0.000112911
1.76004e+09,7491,-0.0931124,-0.0933082,-0.000195762,0.536533,0.536647,0.0001134
1.76004e+09,7492,-0.0929147,-0.0931124,-0.000197707,0.536419,0.536533,0.000113908
1.76004e+09,7493,-0.0927151,-0.0929147,-0.000199661,0.536305,0.536419,0.000114436
1.76004e+09,7494,-0.0925134,-0.0927151,-0.000201622,0.53619,0.536305,0.000114984
1.76004e+09,7495,-0.0923099,-0.0925134,-0.000203592,0.536074,0.53619,0.000115552
1.76004e+09,7496,-0.0921043,-0.0923099,-0.00020557,0.535958,0.536074,0.000116141
1.76004e+09,7497,-0.0918967,-0.0921043,-0.000207557,0.535841,0.535958,0.000116751
1.76004e+09,7498,-0.0916872,-0.0918967,-0.000209552,0.535724,0.535841,0.000117382
1.76004e+09,7499,-0.0914756,-0.0918967,-0.000421108,0.535606,0.535841,0.000235415
1.76004e+09,7500,-0.0912621,-0.0916872,-0.000425124,0.535487,0.535724,0.000236741
1.76004e+09,7501,-0.0910465,-0.0914756,-0.000429158,0.535368,0.535606,0.000238111
1.76004e+09,7502,-0.0908288,-0.0912621,-0.00043321,0.535248,0.535487,0.000239525
1.76004e+09,7503,-0.0906092,-0.0910465,-0.000437279,0.535127,0.535368,0.000240983
1.76004e+09,7504,-0.0903875,-0.0908288,-0.000441366,0.535005,0.535248,0.000242486
1.76004e+09,7505,-0.0901637,-0.0906092,-0.000445472,0.534883,0.535127,0.000244035
1.76004e+09,7506,-0.0899379,-0.0903875,-0.000449597,0.53476,0.535005,0.000245631
1.76004e+09,7507,-0.08971,-0.0901637,-0.00045374,0.534636,0.534883,0.000247273
1.76004e+09,7508,-0.08948,-0.08971,-0.000229995,0.534511,0.534636,0.00012491
1.76004e+09,7509,-0.0892479,-0.08971,-0.000462086,0.534385,0.534636,0.000250702
1.76004e+09,7510,-0.0890137,-0.08948,-0.000466288,0.534258,0.534511,0.000252489
1.76004e+09,7511,-0.0887774,-0.0892479,-0.000470512,0.534131,0.534385,0.000254325
1.76004e+09,7512,-0.0885389,-0.0890137,-0.000474756,0.534002,0.534258,0.000256212
1.76004e+09,7513,-0.0882984,-0.0887774,-0.000479021,0.533872,0.534131,0.00025815
1.76004e+09,7514,-0.0880556,-0.0885389,-0.000483309,0.533742,0.534002,0.000260139
1.76004e+09,7515,-0.0878107,-0.0882984,-0.000487619,0.53361,0.533872,0.000262181
1.76004e+09,7516,-0.0875637,-0.0880556,-0.000491953,0.533478,0.533742,0.000264275
1.76004e+09,7517,-0.0873144,-0.0878107,-0.00049631,0.533344,0.53361,0.000266423
1.76004e+09,7518,-0.087063,-0.0875637,-0.000500691,0.533209,0.533478,0.000268627
1.76004e+09,7519,-0.0868093,-0.087063,-0.000253654,0.533073,0.533209,0.000136014
1.76004e+09,7520,-0.0865535,-0.0868093,-0.000255876,0.532936,0.533073,0.000137186
1.76004e+09,7521,-0.0862953,-0.0865535,-0.000258112,0.532797,0.532936,0.000138386
1.76004e+09,7522,-0.086035,-0.0862953,-0.000260362,0.532658,0.532797,0.000139615
1.76004e+09,7523,-0.0857724,-0.086035,-0.000262625,0.532517,0.532658,0.000140875
1.76004e+09,7524,-0.0855074,-0.086035,-0.000527528,0.532375,0.532658,0.000283038
1.76004e+09,7525,-0.0852403,-0.0857724,-0.000532098,0.532231,0.532517,0.000285647
1.76004e+09,7526,-0.0849708,-0.0855074,-0.000536696,0.532086,0.532375,0.000288318
1.76004e+09,7527,-0.0846989,-0.0852403,-0.000541323,0.53194,0.532231,0.000291051
1.76004e+09,7528,-0.0844248,-0.0849708,-0.000545978,0.531793,0.532086,0.000293848
1.76004e+09,7529,-0.0841483,-0.0846989,-0.000550662,0.531643,0.53194,0.000296708
1.76004e+09,7530,-0.0838694,-0.0844248,-0.000555375,0.531493,0.531793,0.000299634
1.76004e+09,7531,-0.0835882,-0.0841483,-0.000560114,0.531341,0.531643,0.000302626
1.76004e+09,7532,-0.0833045,-0.0838694,-0.000564879,0.531187,0.531493,0.000305684
1.76004e+09,7533,-0.0830185,-0.0835882,-0.000569668,0.531032,0.531341,0.000308809
1.76004e+09,7534,-0.08273,-0.0833045,-0.00057448,0.530875,0.531187,0.000312002
1.76004e+09,7535,-0.0824392,-0.0830185,-0.00057931,0.530717,0.531032,0.000315263
1.76004e+09,7536,-0.0821459,-0.08273,-0.000584157,0.530557,0.530875,0.000318593
1.76004e+09,7537,-0.0818502,-0.0824392,-0.000589017,0.530395,0.530717,0.000321991
1.76004e+09,7538,-0.081552,-0.0821459,-0.000593884,0.530231,0.530557,0.000325458
1.76004e+09,7539,-0.0812514,-0.0818502,-0.000598753,0.530066,0.530395,0.000328993
1.76004e+09,7540,-0.0809484,-0.081552,-0.000603619,0.529899,0.530231,0.000332596
1.76004e+09,7541,-0.0806429,-0.0812514,-0.000608475,0.52973,0.530066,0.000336265
1.76004e+09,7542,-0.0803351,-0.0809484,-0.000613313,0.529559,0.529899,0.000340001
1.76004e+09,7543,-0.0800248,-0.0806429,-0.000618125,0.529386,0.52973,0.000343801
1.76004e+09,7544,-0.0797122,-0.0803351,-0.000622903,0.529211,0.529559,0.000347664
1.76004e+09,7545,-0.0793972,-0.0800248,-0.000627639,0.529034,0.529386,0.000351588
1.76004e+09,7546,-0.0790798,-0.0797122,-0.000632323,0.528855,0.529211,0.000355572
1.76004e+09,7547,-0.0787602,-0.0793972,-0.000636945,0.528675,0.529034,0.000359612
1.76004e+09,7548,-0.0784383,-0.0787602,-0.000321877,0.528492,0.528675,0.000182883
1.76004e+09,7549,-0.0781143,-0.0784383,-0.00032409,0.528307,0.528492,0.000184968
1.76004e+09,7550,-0.077788,-0.0781143,-0.000326255,0.52812,0.528307,0.000187077
1.76004e+09,7551,-0.0774596,-0.077788,-0.000328366,0.52793,0.52812,0.000189206
1.76004e+09,7552,-0.0771292,-0.0774596,-0.000330418,0.527739,0.52793,0.000191355
1.76004e+09,7553,-0.0767968,-0.0771292,-0.000332406,0.527546,0.527739,0.000193521
1.76004e+09,7554,-0.0764625,-0.0767968,-0.000334323,0.52735,0.527546,0.000195702
1.76004e+09,7555,-0.0761263,-0.0764625,-0.000336166,0.527152,0.52735,0.000197895
1.76004e+09,7556,-0.0757884,-0.0764625,-0.000674095,0.526952,0.52735,0.000397995
1.76004e+09,7557,-0.0754488,-0.0757884,-0.000339607,0.52675,0.526952,0.000202311
1.76004e+09,7558,-0.0751076,-0.0754488,-0.000341195,0.526545,0.52675,0.000204527
1.76004e+09,7559,-0.0747649,-0.0751076,-0.000342688,0.526338,0.526545,0.000206746
1.76004e+09,7560,-0.0744208,-0.0747649,-0.000344083,0.526129,0.526338,0.000208965
1.76004e+09,7561,-0.0740754,-0.0744208,-0.000345376,0.525918,0.526129,0.00021118
1.76004e+09,7562,-0.0737289,-0.0744208,-0.000691938,0.525705,0.526129,0.000424569
1.76004e+09,7563,-0.0733812,-0.0740754,-0.0006942,0.525489,0.525918,0.00042898
1.76004e+09,7564,-0.0730326,-0.0737289,-0.00069624,0.525271,0.525705,0.000433369
1.76004e+09,7565,-0.0726832,-0.0730326,-0.000349449,0.525051,0.525271,0.000219954
1.76004e+09,7566,-0.072333,-0.0726832,-0.000350177,0.524829,0.525051,0.000222111
1.76004e+09,7567,-0.0719822,-0.0726832,-0.000700963,0.524605,0.525051,0.000446359
1.76004e+09,7568,-0.071631,-0.072333,-0.000702057,0.524379,0.524829,0.00045061
1.76004e+09,7569,-0.0712793,-0.0719822,-0.000702904,0.52415,0.524605,0.000454813
1.76004e+09,7570,-0.0709275,-0.071631,-0.000703502,0.52392,0.524379,0.000458963
1.76004e+09,7571,-0.0705755,-0.0712793,-0.000703848,0.523687,0.52415,0.000463053
1.76004e+09,7572,-0.0702235,-0.0709275,-0.000703943,0.523453,0.52392,0.00046708
1.76004e+09,7573,-0.0698717,-0.0705755,-0.000703785,0.523216,0.523687,0.000471038
1.76004e+09,7574,-0.0695201,-0.0702235,-0.000703375,0.522978,0.523453,0.000474923
1.76004e+09,7575,-0.069169,-0.0698717,-0.000702713,0.522737,0.523216,0.00047873
1.76004e+09,7576,-0.0688183,-0.0695201,-0.000701802,0.522495,0.522978,0.000482456
1.76004e+09,7577,-0.0684683,-0.069169,-0.000700643,0.522251,0.522737,0.000486097
1.76004e+09,7578,-0.0681191,-0.0688183,-0.000699241,0.522006,0.522495,0.000489649
1.76004e+09,7579,-0.0677707,-0.0684683,-0.0006976,0.521758,0.522251,0.00049311
1.76004e+09,7580,-0.0674234,-0.0681191,-0.000695723,0.521509,0.522006,0.000496476
1.76004e+09,7581,-0.0670771,-0.0674234,-0.000346253,0.521258,0.521509,0.000250678
1.76004e+09,7582,-0.0667321,-0.0670771,-0.000345033,0.521006,0.521258,0.000252239
1.76004e+09,7583,-0.0663884,-0.0667321,-0.000343706,0.520752,0.521006,0.00025375
1.76004e+09,7584,-0.0660461,-0.0663884,-0.000342276,0.520497,0.520752,0.00025521
1.76004e+09,7585,-0.0657054,-0.0660461,-0.000340748,0.520241,0.520497,0.000256619
1.76004e+09,7586,-0.0653662,-0.0660461,-0.000679873,0.519983,0.520497,0.000514596
1.76004e+09,7587,-0.0650288,-0.0653662,-0.000337412,0.519723,0.519983,0.000259284
1.76004e+09,7588,-0.0646932,-0.0650288,-0.000335615,0.519463,0.519723,0.000260542
1.76004e+09,7589,-0.0643595,-0.0646932,-0.000333738,0.519201,0.519463,0.000261749
1.76004e+09,7590,-0.0640277,-0.0646932,-0.000665524,0.518938,0.519463,0.000524658
1.76004e+09,7591,-0.0636979,-0.0643595,-0.000661552,0.518674,0.519201,0.000526928
1.76004e+09,7592,-0.0633702,-0.0640277,-0.000657446,0.518409,0.518938,0.000529104
1.76004e+09,7593,-0.0630447,-0.0636979,-0.000653219,0.518143,0.518674,0.000531189
1.76004e+09,7594,-0.0627214,-0.0633702,-0.00064888,0.517876,0.518409,0.000533184
1.76004e+09,7595,-0.0624003,-0.0630447,-0.000644441,0.517608,0.518143,0.000535094
1.76004e+09,7596,-0.0620814,-0.0627214,-0.000639912,0.517339,0.517876,0.000536922
1.76004e+09,7597,-0.0617649,-0.0624003,-0.000635305,0.517069,0.517608,0.00053867
1.76004e+09,7598,-0.0614508,-0.0620814,-0.000630628,0.516799,0.517339,0.000540343
1.76004e+09,7599,-0.0611391,-0.0617649,-0.000625892,0.516527,0.517069,0.000541944
1.76004e+09,7600,-0.0609369,-0.0614508,-0.000513881,0.529031,0.516799,-0.0122329
1.76004e+09,7601,-0.0607365,-0.0609369,-0.000200412,0.541264,0.529031,-0.0122323
1.76004e+09,7602,-0.0605378,-0.0607365,-0.000198683,0.553241,0.541264,-0.0119773
1.76004e+09,7603,-0.0603409,-0.0605378,-0.000196943,0.564979,0.553241,-0.0117377
1.76004e+09,7604,-0.0601457,-0.0605378,-0.000392138,0.576491,0.553241,-0.0232495
1.76004e+09,7605,-0.0599523,-0.0603409,-0.000388636,0.587789,0.564979,-0.02281
1.76004e+09,7606,-0.0597606,-0.0599523,-0.000191686,0.598885,0.587789,-0.0110959
1.76004e+09,7607,-0.0595706,-0.0597606,-0.000189931,0.609788,0.598885,-0.0109037
1.76004e+09,7608,-0.0593825,-0.0595706,-0.000188178,0.620509,0.609788,-0.0107207
1.76004e+09,7609,-0.059196,-0.0593825,-0.00018643,0.631055,0.620509,-0.0105462
1.76004e+09,7610,-0.0590113,-0.059196,-0.000184687,0.641435,0.631055,-0.0103795
1.76004e+09,7611,-0.0588284,-0.059196,-0.00036764,0.651655,0.631055,-0.0205993
1.76004e+09,7612,-0.0586472,-0.0588284,-0.000181227,0.661721,0.651655,-0.0100668
1.76004e+09,7613,-0.0584677,-0.0586472,-0.000179511,0.671641,0.661721,-0.00991982
1.76004e+09,7614,-0.0582899,-0.0584677,-0.000177805,0.68142,0.671641,-0.00977843
1.76004e+09,7615,-0.0581137,-0.0582899,-0.000176111,0.691062,0.68142,-0.00964224
1.76004e+09,7616,-0.0579393,-0.0582899,-0.000350539,0.700573,0.68142,-0.0191531
1.76004e+09,7617,-0.0577666,-0.0579393,-0.000172758,0.709957,0.700573,-0.00938399
1.76004e+09,7618,-0.0575955,-0.0577666,-0.0001711,0.719218,0.709957,-0.00926129
1.76004e+09,7619,-0.057426,-0.0575955,-0.000169454,0.728361,0.719218,-0.00914249
1.76004e+09,7620,-0.0572582,-0.057426,-0.00016782,0.737388,0.728361,-0.00902735
1.76004e+09,7621,-0.057092,-0.0572582,-0.000166199,0.746304,0.737388,-0.00891562
1.76004e+09,7622,-0.0569274,-0.057092,-0.00016459,0.755111,0.746304,-0.00880709
1.76004e+09,7623,-0.0567644,-0.0569274,-0.000162993,0.763812,0.755111,-0.00870157
1.76004e+09,7624,-0.056603,-0.0567644,-0.000161407,0.772411,0.763812,-0.00859887
1.76004e+09,7625,-0.0564432,-0.056603,-0.000159833,0.78091,0.772411,-0.00849883
1.76004e+09,7626,-0.0562849,-0.056603,-0.000318104,0.789311,0.772411,-0.0169001
1.76004e+09,7627,-0.0561282,-0.0562849,-0.000156719,0.797617,0.789311,-0.00830611
1.76004e+09,7628,-0.055973,-0.0561282,-0.000155178,0.80583,0.797617,-0.00821315
1.76004e+09,7629,-0.0558193,-0.055973,-0.000153647,0.813953,0.80583,-0.00812229
1.76004e+09,7630,-0.0556672,-0.0558193,-0.000152126,0.821986,0.813953,-0.00803342
1.76004e+09,7631,-0.0555166,-0.0556672,-0.000150616,0.829933,0.821986,-0.00794643
1.76004e+09,7632,-0.0553675,-0.0555166,-0.000149114,0.837794,0.829933,-0.00786121
1.76004e+09,7633,-0.0552199,-0.0553675,-0.000147623,0.845571,0.837794,-0.00777768
1.76004e+09,7634,-0.0550737,-0.0552199,-0.00014614,0.853267,0.845571,-0.00769575
1.76004e+09,7635,-0.0549291,-0.0550737,-0.000144666,0.860883,0.853267,-0.00761533
1.76004e+09,7636,-0.0547859,-0.0549291,-0.000143201,0.868419,0.860883,-0.00753636
1.76004e+09,7637,-0.0546441,-0.0547859,-0.000141744,0.875878,0.868419,-0.00745875
1.76004e+09,7638,-0.0545038,-0.0547859,-0.000282039,0.88326,0.868419,-0.0148412
1.76004e+09,7639,-0.054365,-0.0545038,-0.000138855,0.890567,0.88326,-0.00730736
1.76004e+09,7640,-0.0542275,-0.0545038,-0.000276277,0.897801,0.88326,-0.0145408
1.76004e+09,7641,-0.0540915,-0.0542275,-0.000135998,0.904962,0.897801,-0.00716067
1.76004e+09,7642,-0.053957,-0.0540915,-0.000134581,0.912051,0.904962,-0.00708895
1.76004e+09,7643,-0.0538238,-0.0540915,-0.000267752,0.919069,0.904962,-0.0141072
1.76004e+09,7644,-0.053692,-0.0538238,-0.000131769,0.926017,0.919069,-0.00694851
1.76004e+09,7645,-0.0535616,-0.053692,-0.000130374,0.932897,0.926017,-0.0068797
1.76004e+09,7646,-0.0534327,-0.0535616,-0.000128986,0.939709,0.932897,-0.00681176
1.76004e+09,7647,-0.0533051,-0.0534327,-0.000127605,0.946453,0.939709,-0.00674467
1.76004e+09,7648,-0.0531788,-0.0533051,-0.000126232,0.953132,0.946453,-0.00667838
1.76004e+09,7649,-0.053054,-0.0531788,-0.000124865,0.959745,0.953132,-0.00661285
1.76004e+09,7650,-0.0529305,-0.053054,-0.000123505,0.966293,0.959745,-0.00654805
1.76004e+09,7651,-0.0528083,-0.053054,-0.000245656,0.972777,0.959745,-0.013032
1.76004e+09,7652,-0.0526875,-0.0528083,-0.000120804,0.979197,0.972777,-0.00642051
1.76004e+09,7653,-0.052568,-0.0526875,-0.000119464,0.985555,0.979197,-0.00635771
1.76004e+09,7654,-0.0524499,-0.052568,-0.00011813,0.99185,0.985555,-0.00629552
1.76004e+09,7655,-0.0523331,-0.0524499,-0.000116803,0.998084,0.99185,-0.00623391
1.76004e+09,7656,-0.0522176,-0.0523331,-0.000115481,1.00426,0.998084,-0.00617285
1.76004e+09,7657,-0.0521035,-0.0522176,-0.000114166,1.01037,1.00426,-0.00611233
1.76004e+09,7658,-0.0519906,-0.0522176,-0.000227024,1.01642,1.00426,-0.0121647
1.76004e+09,7659,-0.051879,-0.0521035,-0.000224412,1.02241,1.01037,-0.0120451
1.76004e+09,7660,-0.0517688,-0.051879,-0.000110258,1.02835,1.02241,-0.00593373
1.76004e+09,7661,-0.0516598,-0.0517688,-0.000108967,1.03422,1.02835,-0.00587511
1.76004e+09,7662,-0.0515521,-0.0516598,-0.000107682,1.04004,1.03422,-0.00581692
1.76004e+09,7663,-0.0514457,-0.0515521,-0.000106403,1.0458,1.04004,-0.00575914
1.76004e+09,7664,-0.0513406,-0.0514457,-0.00010513,1.0515,1.0458,-0.00570174
1.76004e+09,7665,-0.0512367,-0.0513406,-0.000103862,1.05715,1.0515,-0.00564472
1.76004e+09,7666,-0.0511341,-0.0512367,-0.0001026,1.06273,1.05715,-0.00558805
1.76004e+09,7667,-0.0510328,-0.0511341,-0.000101343,1.06827,1.06273,-0.00553173
1.76004e+09,7668,-0.0509327,-0.0510328,-0.000100091,1.07374,1.06827,-0.00547572
1.76004e+09,7669,-0.0508339,-0.0509327,-9.88455e-05,1.07916,1.07374,-0.00542004
1.76004e+09,7670,-0.0507363,-0.0509327,-0.00019645,1.08453,1.07374,-0.0107847
1.76004e+09,7671,-0.0506399,-0.0507363,-9.63693e-05,1.08984,1.08453,-0.00530954
1.76004e+09,7672,-0.0505448,-0.0506399,-9.51389e-05,1.09509,1.08984,-0.0052547
1.76004e+09,7673,-0.0504508,-0.0505448,-9.39136e-05,1.10029,1.09509,-0.00520013
1.76004e+09,7674,-0.0503581,-0.0505448,-0.000186607,1.10544,1.09509,-0.0103459
1.76004e+09,7675,-0.0502667,-0.0504508,-0.000184171,1.11053,1.10029,-0.0102375
1.76004e+09,7676,-0.0501764,-0.0502667,-9.02674e-05,1.11557,1.11053,-0.00503785
1.76004e+09,7677,-0.0500873,-0.0501764,-8.90617e-05,1.12055,1.11557,-0.0049842
1.76004e+09,7678,-0.0499995,-0.0500873,-8.78608e-05,1.12548,1.12055,-0.00493076
1.76004e+09,7679,-0.0499128,-0.0499995,-8.66644e-05,1.13036,1.12548,-0.00487751
1.76004e+09,7680,-0.0498273,-0.0499128,-8.54727e-05,1.13518,1.13036,-0.00482446
1.76004e+09,7681,-0.0497431,-0.0498273,-8.42855e-05,1.13995,1.13518,-0.00477158
1.76004e+09,7682,-0.04966,-0.0497431,-8.31028e-05,1.14467,1.13995,-0.00471887
1.76004e+09,7683,-0.049578,-0.04966,-8.19244e-05,1.14934,1.14467,-0.00466633
1.76004e+09,7684,-0.0494973,-0.049578,-8.07504e-05,1.15395,1.14934,-0.00461393
1.76004e+09,7685,-0.0494177,-0.0494973,-7.95806e-05,1.15852,1.15395,-0.00456169
1.76004e+09,7686,-0.0493393,-0.0494177,-7.84151e-05,1.16302,1.15852,-0.00450959
1.76004e+09,7687,-0.049262,-0.0493393,-7.72537e-05,1.16748,1.16302,-0.00445761
1.76004e+09,7688,-0.0491859,-0.049262,-7.60964e-05,1.17189,1.16748,-0.00440577
1.76004e+09,7689,-0.049111,-0.0491859,-7.49431e-05,1.17624,1.17189,-0.00435404
1.76004e+09,7690,-0.0490372,-0.049111,-7.37937e-05,1.18054,1.17624,-0.00430243
1.76004e+09,7691,-0.0489645,-0.0490372,-7.26483e-05,1.1848,1.18054,-0.00425092
1.76004e+09,7692,-0.048893,-0.0489645,-7.15067e-05,1.189,1.1848,-0.00419952
1.76004e+09,7693,-0.0488227,-0.0489645,-0.000141876,1.19314,1.1848,-0.00834773
1.76004e+09,7694,-0.0487534,-0.0488227,-6.92347e-05,1.19724,1.19314,-0.00409699
1.76004e+09,7695,-0.0486853,-0.0487534,-6.81043e-05,1.20129,1.19724,-0.00404586
1.76004e+09,7696,-0.0486184,-0.0486853,-6.69775e-05,1.20528,1.20129,-0.00399481
1.76004e+09,7697,-0.0485525,-0.0486184,-6.58542e-05,1.20922,1.20528,-0.00394383
1.76004e+09,7698,-0.0484878,-0.0485525,-6.47344e-05,1.21312,1.20922,-0.00389293
1.76004e+09,7699,-0.0484241,-0.0484878,-6.36181e-05,1.21696,1.21312,-0.00384209
1.76004e+09,7700,-0.0483616,-0.0484241,-6.25051e-05,1.22075,1.21696,-0.00379131
1.76004e+09,7701,-0.0483002,-0.0483616,-6.13955e-05,1.22449,1.22075,-0.00374059
1.76004e+09,7702,-0.04824,-0.0483002,-6.02891e-05,1.22818,1.22449,-0.00368993
1.76004e+09,7703,-0.0481808,-0.04824,-5.9186e-05,1.23182,1.22818,-0.00363932
1.76004e+09,7704,-0.0481227,-0.0481808,-5.8086e-05,1.23541,1.23182,-0.00358875
1.76004e+09,7705,-0.0480657,-0.0481227,-5.69892e-05,1.23895,1.23541,-0.00353823
1.76004e+09,7706,-0.0480098,-0.0480657,-5.58954e-05,1.24244,1.23895,-0.00348774
1.76004e+09,7707,-0.047955,-0.0480098,-5.48047e-05,1.24587,1.24244,-0.0034373
1.76004e+09,7708,-0.0479013,-0.047955,-5.37169e-05,1.24926,1.24587,-0.00338688
1.76004e+09,7709,-0.0478486,-0.0479013,-5.2632e-05,1.2526,1.24926,-0.0033365
1.76004e+09,7710,-0.0477971,-0.0478486,-5.155e-05,1.25588,1.2526,-0.00328615
1.76004e+09,7711,-0.0477466,-0.0478486,-0.000102021,1.25912,1.2526,-0.00652197
1.76004e+09,7712,-0.0476972,-0.0477466,-4.93943e-05,1.2623,1.25912,-0.00318551
1.76004e+09,7713,-0.0476489,-0.0476972,-4.83206e-05,1.26544,1.2623,-0.00313522
1.76004e+09,7714,-0.0476017,-0.0476489,-4.72496e-05,1.26852,1.26544,-0.00308495
1.76004e+09,7715,-0.0475555,-0.0476017,-4.61812e-05,1.27156,1.26852,-0.0030347
1.76004e+09,7716,-0.0475104,-0.0475555,-4.51153e-05,1.27454,1.27156,-0.00298445
1.76004e+09,7717,-0.0474663,-0.0475104,-4.4052e-05,1.27748,1.27454,-0.00293422
1.76004e+09,7718,-0.0474233,-0.0474663,-4.29912e-05,1.28036,1.27748,-0.00288399
1.76004e+09,7719,-0.0473814,-0.0474233,-4.19328e-05,1.2832,1.28036,-0.00283378
1.76004e+09,7720,-0.0473405,-0.0473814,-4.08768e-05,1.28598,1.2832,-0.00278356
1.76004e+09,7721,-0.0473007,-0.0473405,-3.98231e-05,1.28871,1.28598,-0.00273335
1.76004e+09,7722,-0.0472619,-0.0473007,-3.87718e-05,1.2914,1.28871,-0.00268314
1.76004e+09,7723,-0.0472242,-0.0472619,-3.77227e-05,1.29403,1.2914,-0.00263293
1.76004e+09,7724,-0.0471875,-0.0472242,-3.66758e-05,1.29661,1.29403,-0.00258272
1.76004e+09,7725,-0.0471519,-0.0471875,-3.56311e-05,1.29914,1.29661,-0.0025325
1.76004e+09,7726,-0.0471173,-0.0471875,-7.02195e-05,1.30163,1.29661,-0.00501478
1.76004e+09,7727,-0.0470838,-0.0471173,-3.35479e-05,1.30406,1.30163,-0.00243205
1.76004e+09,7728,-0.0470512,-0.0470838,-3.25095e-05,1.30644,1.30406,-0.00238182
1.76004e+09,7729,-0.0470198,-0.0470512,-3.1473e-05,1.30877,1.30644,-0.00233157
1.76004e+09,7730,-0.0469893,-0.0470198,-3.04384e-05,1.31105,1.30877,-0.00228132
1.76004e+09,7731,-0.0469599,-0.0469893,-2.94058e-05,1.31328,1.31105,-0.00223105
1.76004e+09,7732,-0.0469315,-0.0469599,-2.83751e-05,1.31546,1.31328,-0.00218078
1.76004e+09,7733,-0.0469042,-0.0469315,-2.73461e-05,1.31759,1.31546,-0.00213048
1.76004e+09,7734,-0.0468779,-0.0469042,-2.6319e-05,1.31967,1.31759,-0.00208018
1.76004e+09,7735,-0.0468526,-0.0469042,-5.16126e-05,1.3217,1.31759,-0.00411004
1.76004e+09,7736,-0.0468283,-0.0468526,-2.42699e-05,1.32368,1.3217,-0.00197952
1.76004e+09,7737,-0.0468051,-0.0468283,-2.32478e-05,1.32561,1.32368,-0.00192917
1.76004e+09,7738,-0.0467828,-0.0468051,-2.22274e-05,1.32749,1.32561,-0.0018788
1.76004e+09,7739,-0.0467616,-0.0467828,-2.12086e-05,1.32932,1.32749,-0.00182842
1.76004e+09,7740,-0.0467414,-0.0467616,-2.01913e-05,1.3311,1.32932,-0.00177801
1.76004e+09,7741,-0.0467223,-0.0467414,-1.91755e-05,1.33283,1.3311,-0.00172759
1.76004e+09,7742,-0.0467041,-0.0467223,-1.81612e-05,1.3345,1.33283,-0.00167715
1.76004e+09,7743,-0.046687,-0.0467041,-1.71483e-05,1.33613,1.3345,-0.00162668
1.76004e+09,7744,-0.0466708,-0.046687,-1.61367e-05,1.33771,1.33613,-0.0015762
1.76004e+09,7745,-0.0466557,-0.0466708,-1.51265e-05,1.33923,1.33771,-0.0015257
1.76004e+09,7746,-0.0466416,-0.0466557,-1.41177e-05,1.34071,1.33923,-0.00147518
1.76004e+09,7747,-0.0466285,-0.0466416,-1.311e-05,1.34213,1.34071,-0.00142463
1.76004e+09,7748,-0.0466164,-0.0466285,-1.21036e-05,1.34351,1.34213,-0.00137406
1.76004e+09,7749,-0.0466053,-0.0466164,-1.10984e-05,1.34483,1.34351,-0.00132348
1.76004e+09,7750,-0.0465952,-0.0466053,-1.00944e-05,1.3461,1.34483,-0.00127287
1.76004e+09,7751,-0.0465861,-0.0465952,-9.09141e-06,1.34732,1.3461,-0.00122224
1.76004e+09,7752,-0.046578,-0.0465861,-8.08952e-06,1.3485,1.34732,-0.00117158
1.76004e+09,7753,-0.0465709,-0.046578,-7.08866e-06,1.34962,1.3485,-0.00112091
1.76004e+09,7754,-0.0465648,-0.0465709,-6.08879e-06,1.35069,1.34962,-0.00107021
1.76004e+09,7755,-0.0465597,-0.0465648,-5.08987e-06,1.35171,1.35069,-0.00101949
1.76004e+09,7756,-0.0465556,-0.0465597,-4.09186e-06,1.35268,1.35171,-0.000968754
1.76004e+09,7757,-0.0465525,-0.0465556,-3.09473e-06,1.35359,1.35268,-0.000917991
1.76004e+09,7758,-0.0465504,-0.0465525,-2.09844e-06,1.35446,1.35359,-0.000867206
1.76004e+09,7759,-0.0465493,-0.0465504,-1.10294e-06,1.35528,1.35446,-0.0008164
1.76004e+09,7760,-0.0465492,-0.0465504,-1.21115e-06,1.35604,1.35446,-0.00158197
1.76004e+09,7761,-0.0465501,-0.0465492,8.85818e-07,1.35676,1.35604,-0.000714722
1.76004e+09,7762,-0.046552,-0.0465501,1.87916e-06,1.35742,1.35676,-0.000663851
1.76004e+09,7763,-0.0465549,-0.046552,2.87186e-06,1.35803,1.35742,-0.000612959
1.76004e+09,7764,-0.0465587,-0.0465549,3.86396e-06,1.3586,1.35803,-0.000562046
1.76004e+09,7765,-0.0465636,-0.0465587,4.85549e-06,1.35911,1.3586,-0.000511112
1.76004e+09,7766,-0.0465694,-0.0465636,5.8465e-06,1.35957,1.35911,-0.000460158
1.76004e+09,7767,-0.0465763,-0.0465694,6.83703e-06,1.35998,1.35957,-0.000409183
1.76004e+09,7768,-0.0465841,-0.0465763,7.82712e-06,1.36033,1.35998,-0.000358188
1.76004e+09,7769,-0.0465929,-0.0465841,8.8168e-06,1.36064,1.36033,-0.000307173
1.76004e+09,7770,-0.0466027,-0.0465929,9.80611e-06,1.3609,1.36064,-0.000256139
1.76004e+09,7771,-0.0466135,-0.0466027,1.07951e-05,1.3611,1.3609,-0.000205085
1.76004e+09,7772,-0.0466253,-0.0466135,1.17838e-05,1.36126,1.3611,-0.000154013
1.76004e+09,7773,-0.0466381,-0.0466253,1.27723e-05,1.36136,1.36126,-0.000102922
1.76004e+09,7774,-0.0466518,-0.0466381,1.37605e-05,1.36141,1.36136,-5.1812e-05
1.76004e+09,7775,-0.0466666,-0.0466518,1.47486e-05,1.36141,1.36141,-6.84454e-07
1.76004e+09,7776,-0.0466823,-0.0466666,1.57366e-05,1.36136,1.36141,5.04609e-05
1.76004e+09,7777,-0.046699,-0.0466823,1.67245e-05,1.36126,1.36136,0.000101624
1.76004e+09,7778,-0.0467168,-0.046699,1.77123e-05,1.36111,1.36126,0.000152803
1.76004e+09,7779,-0.0467355,-0.0467168,1.87002e-05,1.3609,1.36111,0.000204
1.76004e+09,7780,-0.0467551,-0.0467355,1.9688e-05,1.36065,1.3609,0.000255213
1.76004e+09,7781,-0.0467758,-0.0467551,2.0676e-05,1.36034,1.36065,0.000306443
1.76004e+09,7782,-0.0467975,-0.0467758,2.16641e-05,1.35998,1.36034,0.000357688
1.76004e+09,7783,-0.0468201,-0.0467975,2.26524e-05,1.35958,1.35998,0.000408948
1.76004e+09,7784,-0.0468438,-0.0468201,2.36409e-05,1.35912,1.35958,0.000460224
1.76004e+09,7785,-0.0468684,-0.0468438,2.46296e-05,1.3586,1.35912,0.000511515
1.76004e+09,7786,-0.046894,-0.0468684,2.56186e-05,1.35804,1.3586,0.000562821
1.76004e+09,7787,-0.0469206,-0.046894,2.6608e-05,1.35743,1.35804,0.000614141
1.76004e+09,7788,-0.0469482,-0.0469206,2.75978e-05,1.35676,1.35743,0.000665475
1.76004e+09,7789,-0.0469768,-0.0469482,2.85879e-05,1.35604,1.35676,0.000716824
1.76004e+09,7790,-0.0470064,-0.0469768,2.95786e-05,1.35528,1.35604,0.000768186
1.76004e+09,7791,-0.047037,-0.0470064,3.05698e-05,1.35446,1.35528,0.000819561
1.76004e+09,7792,-0.0470685,-0.047037,3.15615e-05,1.35359,1.35446,0.00087095
1.76004e+09,7793,-0.0471011,-0.0470685,3.25539e-05,1.35266,1.35359,0.000922352
1.76004e+09,7794,-0.0471346,-0.0471011,3.35469e-05,1.35169,1.35266,0.000973767
1.76004e+09,7795,-0.0471692,-0.0471346,3.45406e-05,1.35066,1.35169,0.00102519
1.76004e+09,7796,-0.0472047,-0.0471692,3.5535e-05,1.34959,1.35066,0.00107664
1.76004e+09,7797,-0.0472412,-0.0472047,3.65303e-05,1.34846,1.34959,0.00112809
1.76004e+09,7798,-0.0472788,-0.0472412,3.75264e-05,1.34728,1.34846,0.00117955
1.76004e+09,7799,-0.0473173,-0.0472788,3.85233e-05,1.34605,1.34728,0.00123103
1.76004e+09,7800,-0.0473568,-0.0473173,3.95213e-05,1.34477,1.34605,0.00128252
1.76004e+09,7801,-0.0473973,-0.0473568,4.05202e-05,1.34343,1.34477,0.00133403
1.76004e+09,7802,-0.0474388,-0.0473973,4.15201e-05,1.34205,1.34343,0.00138555
1.76004e+09,7803,-0.0474814,-0.0474388,4.25211e-05,1.34061,1.34205,0.00143707
1.76004e+09,7804,-0.0475249,-0.0474814,4.35232e-05,1.33912,1.34061,0.00148862
1.76004e+09,7805,-0.0475694,-0.0475249,4.45266e-05,1.33758,1.33912,0.00154017
1.76004e+09,7806,-0.0476149,-0.0475694,4.55311e-05,1.33599,1.33758,0.00159174
1.76004e+09,7807,-0.0476615,-0.0476149,4.6537e-05,1.33435,1.33599,0.00164332
1.76004e+09,7808,-0.047709,-0.0476615,4.75442e-05,1.33265,1.33435,0.00169492
1.76004e+09,7809,-0.0477576,-0.0476615,9.60969e-05,1.3309,1.33435,0.00344145
1.76004e+09,7810,-0.0478071,-0.0477576,4.95627e-05,1.32911,1.3309,0.00179816
1.76004e+09,7811,-0.0478577,-0.0478071,5.05742e-05,1.32726,1.32911,0.0018498
1.76004e+09,7812,-0.0479093,-0.0478577,5.15872e-05,1.32536,1.32726,0.00190145
1.76004e+09,7813,-0.0479619,-0.0479093,5.26019e-05,1.3234,1.32536,0.00195313
1.76004e+09,7814,-0.0480155,-0.0479619,5.36182e-05,1.3214,1.3234,0.00200482
1.76004e+09,7815,-0.0480702,-0.0479619,0.000108254,1.31934,1.3234,0.00406134
1.76004e+09,7816,-0.0481258,-0.0480702,5.56559e-05,1.31723,1.31934,0.00210825
1.76004e+09,7817,-0.0481825,-0.0481258,5.66775e-05,1.31507,1.31723,0.00215999
1.76004e+09,7818,-0.0482402,-0.0481825,5.77009e-05,1.31286,1.31507,0.00221175
1.76004e+09,7819,-0.0482989,-0.0482402,5.87262e-05,1.3106,1.31286,0.00226354
1.76004e+09,7820,-0.0483587,-0.0482989,5.97536e-05,1.30828,1.3106,0.00231534
1.76004e+09,7821,-0.0484195,-0.0483587,6.0783e-05,1.30591,1.30828,0.00236717
1.76004e+09,7822,-0.0484813,-0.0483587,0.000122597,1.3035,1.30828,0.0047862
1.76004e+09,7823,-0.0485441,-0.0484813,6.28481e-05,1.30102,1.3035,0.0024709
1.76004e+09,7824,-0.048608,-0.0485441,6.38839e-05,1.2985,1.30102,0.0025228
1.76004e+09,7825,-0.0486729,-0.048608,6.4922e-05,1.29593,1.2985,0.00257473
1.76004e+09,7826,-0.0487389,-0.0486729,6.59625e-05,1.2933,1.29593,0.00262669
1.76004e+09,7827,-0.0488059,-0.0487389,6.70053e-05,1.29062,1.2933,0.00267868
1.76004e+09,7828,-0.0488739,-0.0488059,6.80506e-05,1.28789,1.29062,0.00273071
1.76004e+09,7829,-0.048943,-0.0488739,6.90984e-05,1.28511,1.28789,0.00278276
1.76004e+09,7830,-0.0490132,-0.048943,7.01488e-05,1.28227,1.28511,0.00283485
1.76004e+09,7831,-0.0490844,-0.0490132,7.12018e-05,1.27939,1.28227,0.00288698
1.76004e+09,7832,-0.0491567,-0.0490844,7.22575e-05,1.27645,1.27939,0.00293915
1.76004e+09,7833,-0.04923,-0.0491567,7.3316e-05,1.27346,1.27645,0.00299136
1.76004e+09,7834,-0.0493043,-0.04923,7.43773e-05,1.27041,1.27346,0.00304361
1.76004e+09,7835,-0.0493798,-0.0493043,7.54415e-05,1.26732,1.27041,0.00309591
1.76004e+09,7836,-0.0494563,-0.0493798,7.65087e-05,1.26417,1.26732,0.00314826
1.76004e+09,7837,-0.0495339,-0.0494563,7.75788e-05,1.26097,1.26417,0.00320065
1.76004e+09,7838,-0.0496125,-0.0495339,7.86521e-05,1.25771,1.26097,0.00325311
1.76004e+09,7839,-0.0496923,-0.0496125,7.97285e-05,1.25441,1.25771,0.00330561
1.76004e+09,7840,-0.0497731,-0.0496923,8.08081e-05,1.25105,1.25441,0.00335818
1.76004e+09,7841,-0.049855,-0.0497731,8.1891e-05,1.24764,1.25105,0.00341081
1.76004e+09,7842,-0.0499379,-0.049855,8.29772e-05,1.24418,1.24764,0.0034635
1.76004e+09,7843,-0.050022,-0.0499379,8.40669e-05,1.24066,1.24418,0.00351626
1.76004e+09,7844,-0.0501072,-0.050022,8.51601e-05,1.23709,1.24066,0.0035691
1.76004e+09,7845,-0.0501934,-0.0501072,8.62568e-05,1.23347,1.23709,0.00362201
1.76004e+09,7846,-0.0502808,-0.0501934,8.73571e-05,1.22979,1.23347,0.003675
1.76004e+09,7847,-0.0503692,-0.0502808,8.84611e-05,1.22607,1.22979,0.00372807
1.76004e+09,7848,-0.0504588,-0.0503692,8.95689e-05,1.22228,1.22607,0.00378123
1.76004e+09,7849,-0.0505495,-0.0504588,9.06806e-05,1.21845,1.22228,0.00383449
1.76004e+09,7850,-0.0506413,-0.0505495,9.17961e-05,1.21456,1.21845,0.00388784
1.76004e+09,7851,-0.0507342,-0.0506413,9.29157e-05,1.21062,1.21456,0.00394129
1.76004e+09,7852,-0.0508282,-0.0507342,9.40393e-05,1.20663,1.21062,0.00399484
1.76004e+09,7853,-0.0509234,-0.0508282,9.5167e-05,1.20258,1.20663,0.00404851
1.76004e+09,7854,-0.0510197,-0.0509234,9.62989e-05,1.19848,1.20258,0.00410229
1.76004e+09,7855,-0.0511171,-0.0510197,9.74351e-05,1.19432,1.19848,0.0041562
1.76004e+09,7856,-0.0512157,-0.0511171,9.85757e-05,1.19011,1.19432,0.00421023
1.76004e+09,7857,-0.0513154,-0.0512157,9.97207e-05,1.18584,1.19011,0.0042644
1.76004e+09,7858,-0.0514163,-0.0513154,0.00010087,1.18153,1.18584,0.0043187
1.76004e+09,7859,-0.0515183,-0.0514163,0.000102024,1.17715,1.18153,0.00437315
1.76004e+09,7860,-0.0516215,-0.0515183,0.000103183,1.17273,1.17715,0.00442776
1.76004e+09,7861,-0.0517259,-0.0516215,0.000104347,1.16824,1.17273,0.00448252
1.76004e+09,7862,-0.0518314,-0.0516215,0.000209861,1.16371,1.17273,0.00901998
1.76004e+09,7863,-0.0519381,-0.0518314,0.000106688,1.15911,1.16371,0.00459256
1.76004e+09,7864,-0.0520459,-0.0518314,0.000214554,1.15446,1.16371,0.00924042
1.76004e+09,7865,-0.052155,-0.0520459,0.000109049,1.14976,1.15446,0.00470333
1.76004e+09,7866,-0.0522652,-0.052155,0.000110238,1.145,1.14976,0.00475902
1.76004e+09,7867,-0.0523766,-0.0522652,0.000111431,1.14019,1.145,0.0048149
1.76004e+09,7868,-0.0524893,-0.0523766,0.00011263,1.13532,1.14019,0.00487101
1.76004e+09,7869,-0.0526031,-0.0524893,0.000113835,1.13039,1.13532,0.00492735
1.76004e+09,7870,-0.0527182,-0.0526031,0.000115044,1.12541,1.13039,0.00498392
1.76004e+09,7871,-0.0528344,-0.0527182,0.00011626,1.12036,1.12541,0.00504074
1.76004e+09,7872,-0.0529519,-0.0528344,0.000117481,1.11527,1.12036,0.00509783
1.76004e+09,7873,-0.0530706,-0.0529519,0.000118707,1.11011,1.11527,0.00515518
1.76004e+09,7874,-0.0531905,-0.0530706,0.00011994,1.1049,1.11011,0.00521281
1.76004e+09,7875,-0.0533117,-0.0531905,0.000121178,1.09963,1.1049,0.00527075
1.76004e+09,7876,-0.0534341,-0.0531905,0.000243601,1.0943,1.1049,0.0105997
1.76004e+09,7877,-0.0535578,-0.0533117,0.000246096,1.08891,1.09963,0.0107165
1.76004e+09,7878,-0.0536827,-0.0535578,0.00012493,1.08346,1.08891,0.00544645
1.76004e+09,7879,-0.0538089,-0.0536827,0.000126192,1.07796,1.08346,0.0055057
1.76004e+09,7880,-0.0539364,-0.0538089,0.000127461,1.07239,1.07796,0.00556531
1.76004e+09,7881,-0.0540651,-0.0539364,0.000128737,1.06677,1.07239,0.00562531
1.76004e+09,7882,-0.0541952,-0.0540651,0.000130019,1.06108,1.06677,0.00568571
1.76004e+09,7883,-0.0543265,-0.0541952,0.000131307,1.05534,1.06108,0.00574653
1.76004e+09,7884,-0.0544591,-0.0543265,0.000132603,1.04953,1.05534,0.00580778
1.76004e+09,7885,-0.054593,-0.0544591,0.000133905,1.04366,1.04953,0.00586949
1.76004e+09,7886,-0.0547282,-0.054593,0.000135213,1.03773,1.04366,0.00593167
1.76004e+09,7887,-0.0548647,-0.0547282,0.000136529,1.03173,1.03773,0.00599435
1.76004e+09,7888,-0.0550026,-0.0548647,0.000137852,1.02568,1.03173,0.00605755
1.76004e+09,7889,-0.0551417,-0.0550026,0.000139181,1.01955,1.02568,0.00612129
1.76004e+09,7890,-0.0552823,-0.0551417,0.000140518,1.01337,1.01955,0.0061856
1.76004e+09,7891,-0.0554241,-0.0552823,0.000141862,1.00712,1.01337,0.0062505
1.76004e+09,7892,-0.0555673,-0.0554241,0.000143214,1.0008,1.00712,0.00631602
1.76004e+09,7893,-0.0557119,-0.0555673,0.000144573,0.99442,1.0008,0.00638218
1.76004e+09,7894,-0.0558578,-0.0555673,0.000290512,0.987971,1.0008,0.0128312
1.76004e+09,7895,-0.0560052,-0.0558578,0.000147313,0.981454,0.987971,0.00651657
1.76004e+09,7896,-0.0561539,-0.0560052,0.000148695,0.974869,0.981454,0.00658486
1.76004e+09,7897,-0.0563039,-0.0561539,0.000150084,0.968215,0.974869,0.00665392
1.76004e+09,7898,-0.0564554,-0.0563039,0.000151482,0.961492,0.968215,0.0067238
1.76004e+09,7899,-0.0566083,-0.0564554,0.000152887,0.954697,0.961492,0.00679452
1.76004e+09,7900,-0.0567626,-0.0566083,0.000154301,0.947831,0.954697,0.00686613
1.76004e+09,7901,-0.0569183,-0.0567626,0.000155722,0.940892,0.947831,0.00693867
1.76004e+09,7902,-0.0570755,-0.0569183,0.000157152,0.93388,0.940892,0.00701219
1.76004e+09,7903,-0.0572341,-0.0570755,0.000158591,0.926793,0.93388,0.00708673
1.76004e+09,7904,-0.0573941,-0.0572341,0.000160038,0.919631,0.926793,0.00716235
1.76004e+09,7905,-0.0575556,-0.0573941,0.000161495,0.912392,0.919631,0.00723909
1.76004e+09,7906,-0.0577186,-0.0575556,0.00016296,0.905075,0.912392,0.00731701
1.76004e+09,7907,-0.057883,-0.0577186,0.000164434,0.897679,0.905075,0.00739618
1.76004e+09,7908,-0.0580489,-0.057883,0.000165918,0.890202,0.897679,0.00747665
1.76004e+09,7909,-0.0582163,-0.0580489,0.000167411,0.882644,0.890202,0.00755849
1.76004e+09,7910,-0.0583852,-0.0582163,0.000168914,0.875002,0.882644,0.00764178
1.76004e+09,7911,-0.0585557,-0.0583852,0.000170427,0.867275,0.875002,0.00772659
1.76004e+09,7912,-0.0587276,-0.0583852,0.000342378,0.859462,0.875002,0.0155396
1.76004e+09,7913,-0.0589011,-0.0587276,0.000173485,0.851561,0.859462,0.00790108
1.76004e+09,7914,-0.0590761,-0.0589011,0.00017503,0.84357,0.851561,0.00799095
1.76004e+09,7915,-0.0592527,-0.0590761,0.000176586,0.835488,0.84357,0.00808269
1.76004e+09,7916,-0.0594309,-0.0592527,0.000178154,0.827311,0.835488,0.00817642
1.76004e+09,7917,-0.0596106,-0.0592527,0.000357887,0.819039,0.835488,0.0164487
1.76004e+09,7918,-0.0597919,-0.0596106,0.000181325,0.810669,0.819039,0.00837027
1.76004e+09,7919,-0.0599749,-0.0596106,0.000364255,0.802198,0.819039,0.0168409
1.76004e+09,7920,-0.0601594,-0.0599749,0.000184547,0.793624,0.802198,0.00857351
1.76004e+09,7921,-0.0603456,-0.0601594,0.000186178,0.784945,0.793624,0.00867901
1.76004e+09,7922,-0.0605334,-0.0603456,0.000187822,0.776158,0.784945,0.0087873
1.76004e+09,7923,-0.0607229,-0.0605334,0.00018948,0.76726,0.776158,0.00889857
1.76004e+09,7924,-0.060914,-0.0607229,0.000191152,0.758247,0.76726,0.00901301
1.76004e+09,7925,-0.0611069,-0.060914,0.000192838,0.749116,0.758247,0.00913081
1.76004e+09,7926,-0.0613014,-0.060914,0.000387377,0.739864,0.758247,0.018383
1.76004e+09,7927,-0.0614977,-0.0611069,0.000390793,0.730486,0.749116,0.0186296
1.76004e+09,7928,-0.0616957,-0.0614977,0.000197984,0.720979,0.730486,0.00950678
1.76004e+09,7929,-0.0618954,-0.0616957,0.000199727,0.711339,0.720979,0.00964051
1.76004e+09,7930,-0.0620969,-0.0618954,0.000201485,0.70156,0.711339,0.00977896
1.76004e+09,7931,-0.0623001,-0.0620969,0.000203255,0.691637,0.70156,0.00992248
1.76004e+09,7932,-0.0625052,-0.0620969,0.000408294,0.681566,0.70156,0.0199939
1.76004e+09,7933,-0.062712,-0.0623001,0.000411872,0.67134,0.691637,0.0202978
1.76004e+09,7934,-0.0629206,-0.0625052,0.000415472,0.660952,0.681566,0.0206138
1.76004e+09,7935,-0.0631311,-0.062712,0.000419092,0.650397,0.67134,0.0209431
1.76004e+09,7936,-0.0633434,-0.0629206,0.000422729,0.639665,0.660952,0.0212867
1.76004e+09,7937,-0.0635575,-0.0633434,0.000214102,0.628751,0.639665,0.0109148
1.76004e+09,7938,-0.0637734,-0.0635575,0.000215932,0.617643,0.628751,0.0111073
1.76004e+09,7939,-0.0639912,-0.0637734,0.000217762,0.606334,0.617643,0.0113095
1.76004e+09,7940,-0.0643237,-0.0637734,0.000550304,0.606117,0.617643,0.0115264
1.76004e+09,7941,-0.0646588,-0.0639912,0.000667668,0.605897,0.606334,0.000436611
1.76004e+09,7942,-0.0649965,-0.0646588,0.000337699,0.605674,0.605897,0.000222684
1.76004e+09,7943,-0.0653368,-0.0646588,0.000677958,0.605449,0.605897,0.000448317
1.76004e+09,7944,-0.0656796,-0.0649965,0.000683058,0.60522,0.605674,0.000454232
1.76004e+09,7945,-0.0660249,-0.0653368,0.000688115,0.604989,0.605449,0.000460182
1.76004e+09,7946,-0.0663727,-0.0660249,0.000347806,0.604754,0.604989,0.000234579
1.76004e+09,7947,-0.066723,-0.0663727,0.000350263,0.604516,0.604754,0.000237584
1.76004e+09,7948,-0.0670757,-0.066723,0.000352682,0.604276,0.604516,0.000240596
1.76004e+09,7949,-0.0674307,-0.0670757,0.000355058,0.604032,0.604276,0.00024361
1.76004e+09,7950,-0.0677881,-0.0674307,0.000357387,0.603786,0.604032,0.000246623
1.76004e+09,7951,-0.0681478,-0.0674307,0.000717048,0.603536,0.604032,0.000496253
1.76004e+09,7952,-0.0685096,-0.0677881,0.000721539,0.603283,0.603786,0.000502259
1.76004e+09,7953,-0.0688737,-0.0685096,0.00036403,0.603028,0.603283,0.000255612
1.76004e+09,7954,-0.0692398,-0.0688737,0.000366113,0.602769,0.603028,0.000258579
1.76004e+09,7955,-0.0696079,-0.0692398,0.000368121,0.602508,0.602769,0.000261522
1.76004e+09,7956,-0.069978,-0.0696079,0.00037005,0.602243,0.602508,0.000264438
1.76004e+09,7957,-0.0703498,-0.0696079,0.000741946,0.601976,0.602508,0.000531762
1.76004e+09,7958,-0.0707235,-0.0703498,0.000373651,0.601706,0.601976,0.000270172
1.76004e+09,7959,-0.0710988,-0.0707235,0.000375313,0.601433,0.601706,0.000272981
1.76004e+09,7960,-0.0714757,-0.0710988,0.000376877,0.601157,0.601433,0.000275744
1.76004e+09,7961,-0.071854,-0.0714757,0.00037834,0.600879,0.601157,0.000278458
1.76004e+09,7962,-0.0722337,-0.071854,0.000379696,0.600597,0.600879,0.000281119
1.76004e+09,7963,-0.0726147,-0.0722337,0.000380944,0.600314,0.600597,0.000283722
1.76004e+09,7964,-0.0729967,-0.0726147,0.00038208,0.600027,0.600314,0.000286263
1.76004e+09,7965,-0.0733798,-0.0729967,0.000383101,0.599739,0.600027,0.000288738
1.76004e+09,7966,-0.0737639,-0.0733798,0.000384004,0.599448,0.599739,0.000291144
1.76004e+09,7967,-0.0741486,-0.0737639,0.000384788,0.599154,0.599448,0.000293477
1.76004e+09,7968,-0.0745341,-0.0741486,0.00038545,0.598858,0.599154,0.000295733
1.76004e+09,7969,-0.0749201,-0.0745341,0.00038599,0.59856,0.598858,0.00029791
1.76004e+09,7970,-0.0753065,-0.0749201,0.000386406,0.59826,0.59856,0.000300004
1.76004e+09,7971,-0.0756932,-0.0753065,0.000386697,0.597958,0.59826,0.000302012
1.76004e+09,7972,-0.07608,-0.0756932,0.000386863,0.597654,0.597958,0.000303933
1.76004e+09,7973,-0.076467,-0.07608,0.000386905,0.597349,0.597654,0.000305764
1.76004e+09,7974,-0.0768538,-0.076467,0.000386822,0.597041,0.597349,0.000307502
1.76004e+09,7975,-0.0772404,-0.076467,0.000773437,0.596732,0.597349,0.000616649
1.76004e+09,7976,-0.0776267,-0.0772404,0.000386286,0.596421,0.596732,0.000310697
1.76004e+09,7977,-0.0780125,-0.0776267,0.000385836,0.596109,0.596421,0.00031215
1.76004e+09,7978,-0.0783978,-0.0780125,0.000385267,0.595796,0.596109,0.000313507
1.76004e+09,7979,-0.0787824,-0.0783978,0.000384581,0.595481,0.595796,0.000314766
1.76004e+09,7980,-0.0791661,-0.0787824,0.00038378,0.595165,0.595481,0.000315927
1.76004e+09,7981,-0.079549,-0.0791661,0.000382868,0.594848,0.595165,0.000316992
1.76004e+09,7982,-0.0799309,-0.0791661,0.000764717,0.59453,0.595165,0.000634951
1.76004e+09,7983,-0.0803116,-0.0799309,0.000380724,0.594211,0.59453,0.000318831
1.76004e+09,7984,-0.0806911,-0.0803116,0.000379498,0.593892,0.594211,0.000319607
1.76004e+09,7985,-0.0810693,-0.0806911,0.000378176,0.593571,0.593892,0.000320291
1.76004e+09,7986,-0.081446,-0.0810693,0.000376762,0.59325,0.593571,0.000320884
1.76004e+09,7987,-0.0818213,-0.081446,0.000375261,0.592929,0.59325,0.000321387
1.76004e+09,7988,-0.082195,-0.0818213,0.000373677,0.592607,0.592929,0.000321804
1.76004e+09,7989,-0.082567,-0.0818213,0.000745693,0.592285,0.592929,0.000643941
1.76004e+09,7990,-0.0829373,-0.082195,0.000742298,0.591963,0.592607,0.000644526
1.76004e+09,7991,-0.0833057,-0.0829373,0.000368482,0.59164,0.591963,0.000322564
1.76004e+09,7992,-0.0836724,-0.0833057,0.00036662,0.591318,0.59164,0.000322664
1.76004e+09,7993,-0.0840371,-0.0836724,0.000364702,0.590995,0.591318,0.000322694
1.76004e+09,7994,-0.0843998,-0.0840371,0.000362734,0.590672,0.590995,0.000322657
1.76004e+09,7995,-0.0847605,-0.0840371,0.000723455,0.59035,0.590995,0.000645214
1.76004e+09,7996,-0.0851192,-0.0847605,0.000358668,0.590027,0.59035,0.000322398
1.76004e+09,7997,-0.0854758,-0.0851192,0.000356581,0.589705,0.590027,0.000322183
1.76004e+09,7998,-0.0858302,-0.0854758,0.000354464,0.589383,0.589705,0.000321917
1.76004e+09,7999,-0.0861825,-0.0858302,0.000352323,0.589062,0.589383,0.000321603
